solid OpenSCAD_Model
  facet normal -0.887012 -0.461745 0
    outer loop
      vertex 9.54072 8.71845 0
      vertex 9.47224 8.85 13
      vertex 9.47224 8.85 0
    endloop
  endfacet
  facet normal -0.887012 -0.461745 0
    outer loop
      vertex 9.47224 8.85 13
      vertex 9.54072 8.71845 0
      vertex 9.54072 8.71845 13
    endloop
  endfacet
  facet normal -0.30067 -0.953728 0
    outer loop
      vertex 8.43999 9.64207 0
      vertex 8.58143 9.59748 13
      vertex 8.43999 9.64207 13
    endloop
  endfacet
  facet normal -0.30067 -0.953728 -0
    outer loop
      vertex 8.58143 9.59748 13
      vertex 8.43999 9.64207 0
      vertex 8.58143 9.59748 0
    endloop
  endfacet
  facet normal 0.382709 -0.923869 0
    outer loop
      vertex 7.28155 9.54072 0
      vertex 7.41857 9.59748 13
      vertex 7.28155 9.54072 13
    endloop
  endfacet
  facet normal 0.382709 -0.923869 0
    outer loop
      vertex 7.41857 9.59748 13
      vertex 7.28155 9.54072 0
      vertex 7.41857 9.59748 0
    endloop
  endfacet
  facet normal 0.953728 -0.30067 0
    outer loop
      vertex 6.35793 8.43999 13
      vertex 6.40252 8.58143 0
      vertex 6.40252 8.58143 13
    endloop
  endfacet
  facet normal 0.953728 -0.30067 0
    outer loop
      vertex 6.40252 8.58143 0
      vertex 6.35793 8.43999 13
      vertex 6.35793 8.43999 0
    endloop
  endfacet
  facet normal -0.999048 0.0436245 0
    outer loop
      vertex 9.69353 7.85183 0
      vertex 9.7 8 13
      vertex 9.7 8 0
    endloop
  endfacet
  facet normal -0.999048 0.0436245 0
    outer loop
      vertex 9.7 8 13
      vertex 9.69353 7.85183 0
      vertex 9.69353 7.85183 13
    endloop
  endfacet
  facet normal -0.0436274 -0.999048 0
    outer loop
      vertex 8 9.7 0
      vertex 8.14816 9.69353 13
      vertex 8 9.7 13
    endloop
  endfacet
  facet normal -0.0436274 -0.999048 -0
    outer loop
      vertex 8.14816 9.69353 13
      vertex 8 9.7 0
      vertex 8.14816 9.69353 0
    endloop
  endfacet
  facet normal -0.461745 -0.887012 0
    outer loop
      vertex 8.71845 9.54072 0
      vertex 8.85 9.47224 13
      vertex 8.71845 9.54072 13
    endloop
  endfacet
  facet normal -0.461745 -0.887012 -0
    outer loop
      vertex 8.85 9.47224 13
      vertex 8.71845 9.54072 0
      vertex 8.85 9.47224 0
    endloop
  endfacet
  facet normal 0.999048 -0.0436274 0
    outer loop
      vertex 6.3 8 13
      vertex 6.30647 8.14816 0
      vertex 6.30647 8.14816 13
    endloop
  endfacet
  facet normal 0.999048 -0.0436274 0
    outer loop
      vertex 6.30647 8.14816 0
      vertex 6.3 8 13
      vertex 6.3 8 0
    endloop
  endfacet
  facet normal 0.793365 -0.608746 0
    outer loop
      vertex 6.60744 8.97508 13
      vertex 6.69772 9.09274 0
      vertex 6.69772 9.09274 13
    endloop
  endfacet
  facet normal 0.793365 -0.608746 0
    outer loop
      vertex 6.69772 9.09274 0
      vertex 6.60744 8.97508 13
      vertex 6.60744 8.97508 0
    endloop
  endfacet
  facet normal 0.216445 -0.976295 0
    outer loop
      vertex 7.56001 9.64207 0
      vertex 7.7048 9.67417 13
      vertex 7.56001 9.64207 13
    endloop
  endfacet
  facet normal 0.216445 -0.976295 0
    outer loop
      vertex 7.7048 9.67417 13
      vertex 7.56001 9.64207 0
      vertex 7.7048 9.67417 0
    endloop
  endfacet
  facet normal -0.991443 -0.130538 0
    outer loop
      vertex 9.69353 8.14816 0
      vertex 9.67417 8.2952 13
      vertex 9.67417 8.2952 0
    endloop
  endfacet
  facet normal -0.991443 -0.130538 0
    outer loop
      vertex 9.67417 8.2952 13
      vertex 9.69353 8.14816 0
      vertex 9.69353 8.14816 13
    endloop
  endfacet
  facet normal -0.843406 -0.537277 0
    outer loop
      vertex 9.47224 8.85 0
      vertex 9.39256 8.97508 13
      vertex 9.39256 8.97508 0
    endloop
  endfacet
  facet normal -0.843406 -0.537277 0
    outer loop
      vertex 9.39256 8.97508 13
      vertex 9.47224 8.85 0
      vertex 9.47224 8.85 13
    endloop
  endfacet
  facet normal -0.675584 -0.737283 0
    outer loop
      vertex 9.09274 9.30227 0
      vertex 9.20208 9.20208 13
      vertex 9.09274 9.30227 13
    endloop
  endfacet
  facet normal -0.675584 -0.737283 -0
    outer loop
      vertex 9.20208 9.20208 13
      vertex 9.09274 9.30227 0
      vertex 9.20208 9.20208 0
    endloop
  endfacet
  facet normal 0.0436245 -0.999048 0
    outer loop
      vertex 7.85183 9.69353 0
      vertex 8 9.7 13
      vertex 7.85183 9.69353 13
    endloop
  endfacet
  facet normal 0.0436245 -0.999048 0
    outer loop
      vertex 8 9.7 13
      vertex 7.85183 9.69353 0
      vertex 8 9.7 0
    endloop
  endfacet
  facet normal -0.216445 -0.976295 0
    outer loop
      vertex 8.2952 9.67417 0
      vertex 8.43999 9.64207 13
      vertex 8.2952 9.67417 13
    endloop
  endfacet
  facet normal -0.216445 -0.976295 -0
    outer loop
      vertex 8.43999 9.64207 13
      vertex 8.2952 9.67417 0
      vertex 8.43999 9.64207 0
    endloop
  endfacet
  facet normal -0.130538 -0.991443 0
    outer loop
      vertex 8.14816 9.69353 0
      vertex 8.2952 9.67417 13
      vertex 8.14816 9.69353 13
    endloop
  endfacet
  facet normal -0.130538 -0.991443 -0
    outer loop
      vertex 8.2952 9.67417 13
      vertex 8.14816 9.69353 0
      vertex 8.2952 9.67417 0
    endloop
  endfacet
  facet normal -0.382709 -0.923869 0
    outer loop
      vertex 8.58143 9.59748 0
      vertex 8.71845 9.54072 13
      vertex 8.58143 9.59748 13
    endloop
  endfacet
  facet normal -0.382709 -0.923869 -0
    outer loop
      vertex 8.71845 9.54072 13
      vertex 8.58143 9.59748 0
      vertex 8.71845 9.54072 0
    endloop
  endfacet
  facet normal -0.608788 -0.793333 0
    outer loop
      vertex 8.97508 9.39256 0
      vertex 9.09274 9.30227 13
      vertex 8.97508 9.39256 13
    endloop
  endfacet
  facet normal -0.608788 -0.793333 -0
    outer loop
      vertex 9.09274 9.30227 13
      vertex 8.97508 9.39256 0
      vertex 9.09274 9.30227 0
    endloop
  endfacet
  facet normal 0.976295 -0.216445 0
    outer loop
      vertex 6.32583 8.2952 13
      vertex 6.35793 8.43999 0
      vertex 6.35793 8.43999 13
    endloop
  endfacet
  facet normal 0.976295 -0.216445 0
    outer loop
      vertex 6.35793 8.43999 0
      vertex 6.32583 8.2952 13
      vertex 6.32583 8.2952 0
    endloop
  endfacet
  facet normal 0.991443 -0.130538 0
    outer loop
      vertex 6.30647 8.14816 13
      vertex 6.32583 8.2952 0
      vertex 6.32583 8.2952 13
    endloop
  endfacet
  facet normal 0.991443 -0.130538 0
    outer loop
      vertex 6.32583 8.2952 0
      vertex 6.30647 8.14816 13
      vertex 6.30647 8.14816 0
    endloop
  endfacet
  facet normal 0.923869 -0.382709 0
    outer loop
      vertex 6.40252 8.58143 13
      vertex 6.45928 8.71845 0
      vertex 6.45928 8.71845 13
    endloop
  endfacet
  facet normal 0.923869 -0.382709 0
    outer loop
      vertex 6.45928 8.71845 0
      vertex 6.40252 8.58143 13
      vertex 6.40252 8.58143 0
    endloop
  endfacet
  facet normal 0.887012 -0.461745 0
    outer loop
      vertex 6.45928 8.71845 13
      vertex 6.52776 8.85 0
      vertex 6.52776 8.85 13
    endloop
  endfacet
  facet normal 0.887012 -0.461745 0
    outer loop
      vertex 6.52776 8.85 0
      vertex 6.45928 8.71845 13
      vertex 6.45928 8.71845 0
    endloop
  endfacet
  facet normal 0.30067 -0.953728 0
    outer loop
      vertex 7.41857 9.59748 0
      vertex 7.56001 9.64207 13
      vertex 7.41857 9.59748 13
    endloop
  endfacet
  facet normal 0.30067 -0.953728 0
    outer loop
      vertex 7.56001 9.64207 13
      vertex 7.41857 9.59748 0
      vertex 7.56001 9.64207 0
    endloop
  endfacet
  facet normal 0.130547 -0.991442 0
    outer loop
      vertex 7.7048 9.67417 0
      vertex 7.85183 9.69353 13
      vertex 7.7048 9.67417 13
    endloop
  endfacet
  facet normal 0.130547 -0.991442 0
    outer loop
      vertex 7.85183 9.69353 13
      vertex 7.7048 9.67417 0
      vertex 7.85183 9.69353 0
    endloop
  endfacet
  facet normal 0.537277 -0.843406 0
    outer loop
      vertex 7.02492 9.39256 0
      vertex 7.15 9.47224 13
      vertex 7.02492 9.39256 13
    endloop
  endfacet
  facet normal 0.537277 -0.843406 0
    outer loop
      vertex 7.15 9.47224 13
      vertex 7.02492 9.39256 0
      vertex 7.15 9.47224 0
    endloop
  endfacet
  facet normal 0.461745 -0.887012 0
    outer loop
      vertex 7.15 9.47224 0
      vertex 7.28155 9.54072 13
      vertex 7.15 9.47224 13
    endloop
  endfacet
  facet normal 0.461745 -0.887012 0
    outer loop
      vertex 7.28155 9.54072 13
      vertex 7.15 9.47224 0
      vertex 7.28155 9.54072 0
    endloop
  endfacet
  facet normal 0.737249 -0.675621 0
    outer loop
      vertex 6.69772 9.09274 13
      vertex 6.79792 9.20208 0
      vertex 6.79792 9.20208 13
    endloop
  endfacet
  facet normal 0.737249 -0.675621 0
    outer loop
      vertex 6.79792 9.20208 0
      vertex 6.69772 9.09274 13
      vertex 6.69772 9.09274 0
    endloop
  endfacet
  facet normal -0.999048 -0.0436274 0
    outer loop
      vertex 9.7 8 0
      vertex 9.69353 8.14816 13
      vertex 9.69353 8.14816 0
    endloop
  endfacet
  facet normal -0.999048 -0.0436274 0
    outer loop
      vertex 9.69353 8.14816 13
      vertex 9.7 8 0
      vertex 9.7 8 13
    endloop
  endfacet
  facet normal -0.991442 0.130547 0
    outer loop
      vertex 9.67417 7.7048 0
      vertex 9.69353 7.85183 13
      vertex 9.69353 7.85183 0
    endloop
  endfacet
  facet normal -0.991442 0.130547 0
    outer loop
      vertex 9.69353 7.85183 13
      vertex 9.67417 7.7048 0
      vertex 9.67417 7.7048 13
    endloop
  endfacet
  facet normal -0.130538 0.991443 0
    outer loop
      vertex 8.2952 6.32583 0
      vertex 8.14816 6.30647 13
      vertex 8.2952 6.32583 13
    endloop
  endfacet
  facet normal -0.130538 0.991443 0
    outer loop
      vertex 8.14816 6.30647 13
      vertex 8.2952 6.32583 0
      vertex 8.14816 6.30647 0
    endloop
  endfacet
  facet normal -0.216445 0.976295 0
    outer loop
      vertex 8.43999 6.35793 0
      vertex 8.2952 6.32583 13
      vertex 8.43999 6.35793 13
    endloop
  endfacet
  facet normal -0.216445 0.976295 0
    outer loop
      vertex 8.2952 6.32583 13
      vertex 8.43999 6.35793 0
      vertex 8.2952 6.32583 0
    endloop
  endfacet
  facet normal -0.923869 -0.382709 0
    outer loop
      vertex 9.59748 8.58143 0
      vertex 9.54072 8.71845 13
      vertex 9.54072 8.71845 0
    endloop
  endfacet
  facet normal -0.923869 -0.382709 0
    outer loop
      vertex 9.54072 8.71845 13
      vertex 9.59748 8.58143 0
      vertex 9.59748 8.58143 13
    endloop
  endfacet
  facet normal -0.953728 -0.30067 0
    outer loop
      vertex 9.64207 8.43999 0
      vertex 9.59748 8.58143 13
      vertex 9.59748 8.58143 0
    endloop
  endfacet
  facet normal -0.953728 -0.30067 0
    outer loop
      vertex 9.59748 8.58143 13
      vertex 9.64207 8.43999 0
      vertex 9.64207 8.43999 13
    endloop
  endfacet
  facet normal -0.976295 -0.216445 0
    outer loop
      vertex 9.67417 8.2952 0
      vertex 9.64207 8.43999 13
      vertex 9.64207 8.43999 0
    endloop
  endfacet
  facet normal -0.976295 -0.216445 0
    outer loop
      vertex 9.64207 8.43999 13
      vertex 9.67417 8.2952 0
      vertex 9.67417 8.2952 13
    endloop
  endfacet
  facet normal -0.793333 -0.608788 0
    outer loop
      vertex 9.39256 8.97508 0
      vertex 9.30227 9.09274 13
      vertex 9.30227 9.09274 0
    endloop
  endfacet
  facet normal -0.793333 -0.608788 0
    outer loop
      vertex 9.30227 9.09274 13
      vertex 9.39256 8.97508 0
      vertex 9.39256 8.97508 13
    endloop
  endfacet
  facet normal -0.737283 -0.675584 0
    outer loop
      vertex 9.30227 9.09274 0
      vertex 9.20208 9.20208 13
      vertex 9.20208 9.20208 0
    endloop
  endfacet
  facet normal -0.737283 -0.675584 0
    outer loop
      vertex 9.20208 9.20208 13
      vertex 9.30227 9.09274 0
      vertex 9.30227 9.09274 13
    endloop
  endfacet
  facet normal -0.537277 -0.843406 0
    outer loop
      vertex 8.85 9.47224 0
      vertex 8.97508 9.39256 13
      vertex 8.85 9.47224 13
    endloop
  endfacet
  facet normal -0.537277 -0.843406 -0
    outer loop
      vertex 8.97508 9.39256 13
      vertex 8.85 9.47224 0
      vertex 8.97508 9.39256 0
    endloop
  endfacet
  facet normal 0.999048 0.0436245 0
    outer loop
      vertex 6.30647 7.85183 13
      vertex 6.3 8 0
      vertex 6.3 8 13
    endloop
  endfacet
  facet normal 0.999048 0.0436245 0
    outer loop
      vertex 6.3 8 0
      vertex 6.30647 7.85183 13
      vertex 6.30647 7.85183 0
    endloop
  endfacet
  facet normal 0.843406 -0.537277 0
    outer loop
      vertex 6.52776 8.85 13
      vertex 6.60744 8.97508 0
      vertex 6.60744 8.97508 13
    endloop
  endfacet
  facet normal 0.843406 -0.537277 0
    outer loop
      vertex 6.60744 8.97508 0
      vertex 6.52776 8.85 13
      vertex 6.52776 8.85 0
    endloop
  endfacet
  facet normal 0.675584 -0.737283 0
    outer loop
      vertex 6.79792 9.20208 0
      vertex 6.90726 9.30227 13
      vertex 6.79792 9.20208 13
    endloop
  endfacet
  facet normal 0.675584 -0.737283 0
    outer loop
      vertex 6.90726 9.30227 13
      vertex 6.79792 9.20208 0
      vertex 6.90726 9.30227 0
    endloop
  endfacet
  facet normal 0.608788 -0.793333 0
    outer loop
      vertex 6.90726 9.30227 0
      vertex 7.02492 9.39256 13
      vertex 6.90726 9.30227 13
    endloop
  endfacet
  facet normal 0.608788 -0.793333 0
    outer loop
      vertex 7.02492 9.39256 13
      vertex 6.90726 9.30227 0
      vertex 7.02492 9.39256 0
    endloop
  endfacet
  facet normal -0.923869 0.382709 0
    outer loop
      vertex 9.54072 7.28155 0
      vertex 9.59748 7.41857 13
      vertex 9.59748 7.41857 0
    endloop
  endfacet
  facet normal -0.923869 0.382709 0
    outer loop
      vertex 9.59748 7.41857 13
      vertex 9.54072 7.28155 0
      vertex 9.54072 7.28155 13
    endloop
  endfacet
  facet normal -0.976295 0.216445 0
    outer loop
      vertex 9.64207 7.56001 0
      vertex 9.67417 7.7048 13
      vertex 9.67417 7.7048 0
    endloop
  endfacet
  facet normal -0.976295 0.216445 0
    outer loop
      vertex 9.67417 7.7048 13
      vertex 9.64207 7.56001 0
      vertex 9.64207 7.56001 13
    endloop
  endfacet
  facet normal -0.843406 0.537277 0
    outer loop
      vertex 9.39256 7.02492 0
      vertex 9.47224 7.15 13
      vertex 9.47224 7.15 0
    endloop
  endfacet
  facet normal -0.843406 0.537277 0
    outer loop
      vertex 9.47224 7.15 13
      vertex 9.39256 7.02492 0
      vertex 9.39256 7.02492 13
    endloop
  endfacet
  facet normal -0.953728 0.30067 0
    outer loop
      vertex 9.59748 7.41857 0
      vertex 9.64207 7.56001 13
      vertex 9.64207 7.56001 0
    endloop
  endfacet
  facet normal -0.953728 0.30067 0
    outer loop
      vertex 9.64207 7.56001 13
      vertex 9.59748 7.41857 0
      vertex 9.59748 7.41857 13
    endloop
  endfacet
  facet normal 0.0436245 0.999048 -0
    outer loop
      vertex 8 6.3 0
      vertex 7.85183 6.30647 13
      vertex 8 6.3 13
    endloop
  endfacet
  facet normal 0.0436245 0.999048 0
    outer loop
      vertex 7.85183 6.30647 13
      vertex 8 6.3 0
      vertex 7.85183 6.30647 0
    endloop
  endfacet
  facet normal 0.991442 0.130547 0
    outer loop
      vertex 6.32583 7.7048 13
      vertex 6.30647 7.85183 0
      vertex 6.30647 7.85183 13
    endloop
  endfacet
  facet normal 0.991442 0.130547 0
    outer loop
      vertex 6.30647 7.85183 0
      vertex 6.32583 7.7048 13
      vertex 6.32583 7.7048 0
    endloop
  endfacet
  facet normal 0.953728 0.30067 0
    outer loop
      vertex 6.40252 7.41857 13
      vertex 6.35793 7.56001 0
      vertex 6.35793 7.56001 13
    endloop
  endfacet
  facet normal 0.953728 0.30067 0
    outer loop
      vertex 6.35793 7.56001 0
      vertex 6.40252 7.41857 13
      vertex 6.40252 7.41857 0
    endloop
  endfacet
  facet normal -0.382709 0.923869 0
    outer loop
      vertex 8.71845 6.45928 0
      vertex 8.58143 6.40252 13
      vertex 8.71845 6.45928 13
    endloop
  endfacet
  facet normal -0.382709 0.923869 0
    outer loop
      vertex 8.58143 6.40252 13
      vertex 8.71845 6.45928 0
      vertex 8.58143 6.40252 0
    endloop
  endfacet
  facet normal -0.461745 0.887012 0
    outer loop
      vertex 8.85 6.52776 0
      vertex 8.71845 6.45928 13
      vertex 8.85 6.52776 13
    endloop
  endfacet
  facet normal -0.461745 0.887012 0
    outer loop
      vertex 8.71845 6.45928 13
      vertex 8.85 6.52776 0
      vertex 8.71845 6.45928 0
    endloop
  endfacet
  facet normal -0.608746 0.793365 0
    outer loop
      vertex 9.09274 6.69772 0
      vertex 8.97508 6.60744 13
      vertex 9.09274 6.69772 13
    endloop
  endfacet
  facet normal -0.608746 0.793365 0
    outer loop
      vertex 8.97508 6.60744 13
      vertex 9.09274 6.69772 0
      vertex 8.97508 6.60744 0
    endloop
  endfacet
  facet normal -0.793333 0.608788 0
    outer loop
      vertex 9.30227 6.90726 0
      vertex 9.39256 7.02492 13
      vertex 9.39256 7.02492 0
    endloop
  endfacet
  facet normal -0.793333 0.608788 0
    outer loop
      vertex 9.39256 7.02492 13
      vertex 9.30227 6.90726 0
      vertex 9.30227 6.90726 13
    endloop
  endfacet
  facet normal 0.382709 0.923869 -0
    outer loop
      vertex 7.41857 6.40252 0
      vertex 7.28155 6.45928 13
      vertex 7.41857 6.40252 13
    endloop
  endfacet
  facet normal 0.382709 0.923869 0
    outer loop
      vertex 7.28155 6.45928 13
      vertex 7.41857 6.40252 0
      vertex 7.28155 6.45928 0
    endloop
  endfacet
  facet normal -0.0436274 0.999048 0
    outer loop
      vertex 8.14816 6.30647 0
      vertex 8 6.3 13
      vertex 8.14816 6.30647 13
    endloop
  endfacet
  facet normal -0.0436274 0.999048 0
    outer loop
      vertex 8 6.3 13
      vertex 8.14816 6.30647 0
      vertex 8 6.3 0
    endloop
  endfacet
  facet normal 0.887012 0.461745 0
    outer loop
      vertex 6.52776 7.15 13
      vertex 6.45928 7.28155 0
      vertex 6.45928 7.28155 13
    endloop
  endfacet
  facet normal 0.887012 0.461745 0
    outer loop
      vertex 6.45928 7.28155 0
      vertex 6.52776 7.15 13
      vertex 6.52776 7.15 0
    endloop
  endfacet
  facet normal 0.675621 0.737249 -0
    outer loop
      vertex 6.90726 6.69772 0
      vertex 6.79792 6.79792 13
      vertex 6.90726 6.69772 13
    endloop
  endfacet
  facet normal 0.675621 0.737249 0
    outer loop
      vertex 6.79792 6.79792 13
      vertex 6.90726 6.69772 0
      vertex 6.79792 6.79792 0
    endloop
  endfacet
  facet normal 0.976295 0.216445 0
    outer loop
      vertex 6.35793 7.56001 13
      vertex 6.32583 7.7048 0
      vertex 6.32583 7.7048 13
    endloop
  endfacet
  facet normal 0.976295 0.216445 0
    outer loop
      vertex 6.32583 7.7048 0
      vertex 6.35793 7.56001 13
      vertex 6.35793 7.56001 0
    endloop
  endfacet
  facet normal 0.923869 0.382709 0
    outer loop
      vertex 6.45928 7.28155 13
      vertex 6.40252 7.41857 0
      vertex 6.40252 7.41857 13
    endloop
  endfacet
  facet normal 0.923869 0.382709 0
    outer loop
      vertex 6.40252 7.41857 0
      vertex 6.45928 7.28155 13
      vertex 6.45928 7.28155 0
    endloop
  endfacet
  facet normal -0.30067 0.953728 0
    outer loop
      vertex 8.58143 6.40252 0
      vertex 8.43999 6.35793 13
      vertex 8.58143 6.40252 13
    endloop
  endfacet
  facet normal -0.30067 0.953728 0
    outer loop
      vertex 8.43999 6.35793 13
      vertex 8.58143 6.40252 0
      vertex 8.43999 6.35793 0
    endloop
  endfacet
  facet normal -0.537277 0.843406 0
    outer loop
      vertex 8.97508 6.60744 0
      vertex 8.85 6.52776 13
      vertex 8.97508 6.60744 13
    endloop
  endfacet
  facet normal -0.537277 0.843406 0
    outer loop
      vertex 8.85 6.52776 13
      vertex 8.97508 6.60744 0
      vertex 8.85 6.52776 0
    endloop
  endfacet
  facet normal -0.737283 0.675584 0
    outer loop
      vertex 9.20208 6.79792 0
      vertex 9.30227 6.90726 13
      vertex 9.30227 6.90726 0
    endloop
  endfacet
  facet normal -0.737283 0.675584 0
    outer loop
      vertex 9.30227 6.90726 13
      vertex 9.20208 6.79792 0
      vertex 9.20208 6.79792 13
    endloop
  endfacet
  facet normal -0.887012 0.461745 0
    outer loop
      vertex 9.47224 7.15 0
      vertex 9.54072 7.28155 13
      vertex 9.54072 7.28155 0
    endloop
  endfacet
  facet normal -0.887012 0.461745 0
    outer loop
      vertex 9.54072 7.28155 13
      vertex 9.47224 7.15 0
      vertex 9.47224 7.15 13
    endloop
  endfacet
  facet normal 0.608746 0.793365 -0
    outer loop
      vertex 7.02492 6.60744 0
      vertex 6.90726 6.69772 13
      vertex 7.02492 6.60744 13
    endloop
  endfacet
  facet normal 0.608746 0.793365 0
    outer loop
      vertex 6.90726 6.69772 13
      vertex 7.02492 6.60744 0
      vertex 6.90726 6.69772 0
    endloop
  endfacet
  facet normal 0.216445 0.976295 -0
    outer loop
      vertex 7.7048 6.32583 0
      vertex 7.56001 6.35793 13
      vertex 7.7048 6.32583 13
    endloop
  endfacet
  facet normal 0.216445 0.976295 0
    outer loop
      vertex 7.56001 6.35793 13
      vertex 7.7048 6.32583 0
      vertex 7.56001 6.35793 0
    endloop
  endfacet
  facet normal 0.130547 0.991442 -0
    outer loop
      vertex 7.85183 6.30647 0
      vertex 7.7048 6.32583 13
      vertex 7.85183 6.30647 13
    endloop
  endfacet
  facet normal 0.130547 0.991442 0
    outer loop
      vertex 7.7048 6.32583 13
      vertex 7.85183 6.30647 0
      vertex 7.7048 6.32583 0
    endloop
  endfacet
  facet normal 0.843406 0.537277 0
    outer loop
      vertex 6.60744 7.02492 13
      vertex 6.52776 7.15 0
      vertex 6.52776 7.15 13
    endloop
  endfacet
  facet normal 0.843406 0.537277 0
    outer loop
      vertex 6.52776 7.15 0
      vertex 6.60744 7.02492 13
      vertex 6.60744 7.02492 0
    endloop
  endfacet
  facet normal -0.675621 0.737249 0
    outer loop
      vertex 9.20208 6.79792 0
      vertex 9.09274 6.69772 13
      vertex 9.20208 6.79792 13
    endloop
  endfacet
  facet normal -0.675621 0.737249 0
    outer loop
      vertex 9.09274 6.69772 13
      vertex 9.20208 6.79792 0
      vertex 9.09274 6.69772 0
    endloop
  endfacet
  facet normal 0.461745 0.887012 -0
    outer loop
      vertex 7.28155 6.45928 0
      vertex 7.15 6.52776 13
      vertex 7.28155 6.45928 13
    endloop
  endfacet
  facet normal 0.461745 0.887012 0
    outer loop
      vertex 7.15 6.52776 13
      vertex 7.28155 6.45928 0
      vertex 7.15 6.52776 0
    endloop
  endfacet
  facet normal 0.537277 0.843406 -0
    outer loop
      vertex 7.15 6.52776 0
      vertex 7.02492 6.60744 13
      vertex 7.15 6.52776 13
    endloop
  endfacet
  facet normal 0.537277 0.843406 0
    outer loop
      vertex 7.02492 6.60744 13
      vertex 7.15 6.52776 0
      vertex 7.02492 6.60744 0
    endloop
  endfacet
  facet normal 0.30067 0.953728 -0
    outer loop
      vertex 7.56001 6.35793 0
      vertex 7.41857 6.40252 13
      vertex 7.56001 6.35793 13
    endloop
  endfacet
  facet normal 0.30067 0.953728 0
    outer loop
      vertex 7.41857 6.40252 13
      vertex 7.56001 6.35793 0
      vertex 7.41857 6.40252 0
    endloop
  endfacet
  facet normal 0.737249 0.675621 0
    outer loop
      vertex 6.79792 6.79792 13
      vertex 6.69772 6.90726 0
      vertex 6.69772 6.90726 13
    endloop
  endfacet
  facet normal 0.737249 0.675621 0
    outer loop
      vertex 6.69772 6.90726 0
      vertex 6.79792 6.79792 13
      vertex 6.79792 6.79792 0
    endloop
  endfacet
  facet normal 0.793365 0.608746 0
    outer loop
      vertex 6.69772 6.90726 13
      vertex 6.60744 7.02492 0
      vertex 6.60744 7.02492 13
    endloop
  endfacet
  facet normal 0.793365 0.608746 0
    outer loop
      vertex 6.60744 7.02492 0
      vertex 6.69772 6.90726 13
      vertex 6.69772 6.90726 0
    endloop
  endfacet
  facet normal -0.999048 -0.0436157 0
    outer loop
      vertex 9.7 82 0
      vertex 9.69353 82.1482 13
      vertex 9.69353 82.1482 0
    endloop
  endfacet
  facet normal -0.999048 -0.0436157 0
    outer loop
      vertex 9.69353 82.1482 13
      vertex 9.7 82 0
      vertex 9.7 82 13
    endloop
  endfacet
  facet normal 0.0438264 -0.999039 0
    outer loop
      vertex 7.85183 83.6935 0
      vertex 8 83.7 13
      vertex 7.85183 83.6935 13
    endloop
  endfacet
  facet normal 0.0438264 -0.999039 0
    outer loop
      vertex 8 83.7 13
      vertex 7.85183 83.6935 0
      vertex 8 83.7 0
    endloop
  endfacet
  facet normal -0.675621 -0.737249 0
    outer loop
      vertex 9.09274 83.3023 0
      vertex 9.20208 83.2021 13
      vertex 9.09274 83.3023 13
    endloop
  endfacet
  facet normal -0.675621 -0.737249 -0
    outer loop
      vertex 9.20208 83.2021 13
      vertex 9.09274 83.3023 0
      vertex 9.20208 83.2021 0
    endloop
  endfacet
  facet normal 0.737434 -0.675419 0
    outer loop
      vertex 6.69772 83.0927 13
      vertex 6.79792 83.2021 0
      vertex 6.79792 83.2021 13
    endloop
  endfacet
  facet normal 0.737434 -0.675419 0
    outer loop
      vertex 6.79792 83.2021 0
      vertex 6.69772 83.0927 13
      vertex 6.69772 83.0927 0
    endloop
  endfacet
  facet normal 0.382939 -0.923774 0
    outer loop
      vertex 7.28155 83.5407 0
      vertex 7.41857 83.5975 13
      vertex 7.28155 83.5407 13
    endloop
  endfacet
  facet normal 0.382939 -0.923774 0
    outer loop
      vertex 7.41857 83.5975 13
      vertex 7.28155 83.5407 0
      vertex 7.41857 83.5975 0
    endloop
  endfacet
  facet normal -0.923948 -0.382518 0
    outer loop
      vertex 9.59748 82.5814 0
      vertex 9.54072 82.7185 13
      vertex 9.54072 82.7185 0
    endloop
  endfacet
  facet normal -0.923948 -0.382518 0
    outer loop
      vertex 9.54072 82.7185 13
      vertex 9.59748 82.5814 0
      vertex 9.59748 82.5814 13
    endloop
  endfacet
  facet normal -0.300731 -0.953709 0
    outer loop
      vertex 8.43999 83.6421 0
      vertex 8.58143 83.5975 13
      vertex 8.43999 83.6421 13
    endloop
  endfacet
  facet normal -0.300731 -0.953709 -0
    outer loop
      vertex 8.58143 83.5975 13
      vertex 8.43999 83.6421 0
      vertex 8.58143 83.5975 0
    endloop
  endfacet
  facet normal 0.923948 -0.382518 0
    outer loop
      vertex 6.40252 82.5814 13
      vertex 6.45928 82.7185 0
      vertex 6.45928 82.7185 13
    endloop
  endfacet
  facet normal 0.923948 -0.382518 0
    outer loop
      vertex 6.45928 82.7185 0
      vertex 6.40252 82.5814 13
      vertex 6.40252 82.5814 0
    endloop
  endfacet
  facet normal 0.999048 0.0436157 0
    outer loop
      vertex 6.30647 81.8518 13
      vertex 6.3 82 0
      vertex 6.3 82 13
    endloop
  endfacet
  facet normal 0.999048 0.0436157 0
    outer loop
      vertex 6.3 82 0
      vertex 6.30647 81.8518 13
      vertex 6.30647 81.8518 0
    endloop
  endfacet
  facet normal 0.0438264 0.999039 -0
    outer loop
      vertex 8 80.3 0
      vertex 7.85183 80.3065 13
      vertex 8 80.3 13
    endloop
  endfacet
  facet normal 0.0438264 0.999039 0
    outer loop
      vertex 7.85183 80.3065 13
      vertex 8 80.3 0
      vertex 7.85183 80.3065 0
    endloop
  endfacet
  facet normal -0.976298 -0.216431 0
    outer loop
      vertex 9.67417 82.2952 0
      vertex 9.64207 82.44 13
      vertex 9.64207 82.44 0
    endloop
  endfacet
  facet normal -0.976298 -0.216431 0
    outer loop
      vertex 9.64207 82.44 13
      vertex 9.67417 82.2952 0
      vertex 9.67417 82.2952 13
    endloop
  endfacet
  facet normal -0.991439 -0.130573 0
    outer loop
      vertex 9.69353 82.1482 0
      vertex 9.67417 82.2952 13
      vertex 9.67417 82.2952 0
    endloop
  endfacet
  facet normal -0.991439 -0.130573 0
    outer loop
      vertex 9.67417 82.2952 13
      vertex 9.69353 82.1482 0
      vertex 9.69353 82.1482 13
    endloop
  endfacet
  facet normal -0.953704 -0.300747 0
    outer loop
      vertex 9.64207 82.44 0
      vertex 9.59748 82.5814 13
      vertex 9.59748 82.5814 0
    endloop
  endfacet
  facet normal -0.953704 -0.300747 0
    outer loop
      vertex 9.59748 82.5814 13
      vertex 9.64207 82.44 0
      vertex 9.64207 82.44 13
    endloop
  endfacet
  facet normal -0.843445 -0.537216 0
    outer loop
      vertex 9.47224 82.85 0
      vertex 9.39256 82.9751 13
      vertex 9.39256 82.9751 0
    endloop
  endfacet
  facet normal -0.843445 -0.537216 0
    outer loop
      vertex 9.39256 82.9751 13
      vertex 9.47224 82.85 0
      vertex 9.47224 82.85 13
    endloop
  endfacet
  facet normal -0.737467 -0.675383 0
    outer loop
      vertex 9.30227 83.0927 0
      vertex 9.20208 83.2021 13
      vertex 9.20208 83.2021 0
    endloop
  endfacet
  facet normal -0.737467 -0.675383 0
    outer loop
      vertex 9.20208 83.2021 13
      vertex 9.30227 83.0927 0
      vertex 9.30227 83.0927 13
    endloop
  endfacet
  facet normal -0.130141 -0.991496 0
    outer loop
      vertex 8.14816 83.6935 0
      vertex 8.2952 83.6742 13
      vertex 8.14816 83.6935 13
    endloop
  endfacet
  facet normal -0.130141 -0.991496 -0
    outer loop
      vertex 8.2952 83.6742 13
      vertex 8.14816 83.6935 0
      vertex 8.2952 83.6742 0
    endloop
  endfacet
  facet normal -0.608831 -0.7933 0
    outer loop
      vertex 8.97508 83.3926 0
      vertex 9.09274 83.3023 13
      vertex 8.97508 83.3926 13
    endloop
  endfacet
  facet normal -0.608831 -0.7933 -0
    outer loop
      vertex 9.09274 83.3023 13
      vertex 8.97508 83.3926 0
      vertex 9.09274 83.3023 0
    endloop
  endfacet
  facet normal 0.793215 -0.608941 0
    outer loop
      vertex 6.60744 82.9751 13
      vertex 6.69772 83.0927 0
      vertex 6.69772 83.0927 13
    endloop
  endfacet
  facet normal 0.793215 -0.608941 0
    outer loop
      vertex 6.69772 83.0927 0
      vertex 6.60744 82.9751 13
      vertex 6.60744 82.9751 0
    endloop
  endfacet
  facet normal 0.953704 -0.300747 0
    outer loop
      vertex 6.35793 82.44 13
      vertex 6.40252 82.5814 0
      vertex 6.40252 82.5814 13
    endloop
  endfacet
  facet normal 0.953704 -0.300747 0
    outer loop
      vertex 6.40252 82.5814 0
      vertex 6.35793 82.44 13
      vertex 6.35793 82.44 0
    endloop
  endfacet
  facet normal 0.991439 -0.130573 0
    outer loop
      vertex 6.30647 82.1482 13
      vertex 6.32583 82.2952 0
      vertex 6.32583 82.2952 13
    endloop
  endfacet
  facet normal 0.991439 -0.130573 0
    outer loop
      vertex 6.32583 82.2952 0
      vertex 6.30647 82.1482 13
      vertex 6.30647 82.1482 0
    endloop
  endfacet
  facet normal 0.536893 -0.84365 0
    outer loop
      vertex 7.02492 83.3926 0
      vertex 7.15 83.4722 13
      vertex 7.02492 83.3926 13
    endloop
  endfacet
  facet normal 0.536893 -0.84365 0
    outer loop
      vertex 7.15 83.4722 13
      vertex 7.02492 83.3926 0
      vertex 7.15 83.4722 0
    endloop
  endfacet
  facet normal 0.675621 -0.737249 0
    outer loop
      vertex 6.79792 83.2021 0
      vertex 6.90726 83.3023 13
      vertex 6.79792 83.2021 13
    endloop
  endfacet
  facet normal 0.675621 -0.737249 0
    outer loop
      vertex 6.90726 83.3023 13
      vertex 6.79792 83.2021 0
      vertex 6.90726 83.3023 0
    endloop
  endfacet
  facet normal 0.130149 -0.991494 0
    outer loop
      vertex 7.7048 83.6742 0
      vertex 7.85183 83.6935 13
      vertex 7.7048 83.6742 13
    endloop
  endfacet
  facet normal 0.130149 -0.991494 0
    outer loop
      vertex 7.85183 83.6935 13
      vertex 7.7048 83.6742 0
      vertex 7.85183 83.6935 0
    endloop
  endfacet
  facet normal 0.216445 -0.976295 0
    outer loop
      vertex 7.56001 83.6421 0
      vertex 7.7048 83.6742 13
      vertex 7.56001 83.6421 13
    endloop
  endfacet
  facet normal 0.216445 -0.976295 0
    outer loop
      vertex 7.7048 83.6742 13
      vertex 7.56001 83.6421 0
      vertex 7.7048 83.6742 0
    endloop
  endfacet
  facet normal -0.999048 0.0436157 0
    outer loop
      vertex 9.69353 81.8518 0
      vertex 9.7 82 13
      vertex 9.7 82 0
    endloop
  endfacet
  facet normal -0.999048 0.0436157 0
    outer loop
      vertex 9.7 82 13
      vertex 9.69353 81.8518 0
      vertex 9.69353 81.8518 13
    endloop
  endfacet
  facet normal 0.923948 0.382518 0
    outer loop
      vertex 6.45928 81.2815 13
      vertex 6.40252 81.4186 0
      vertex 6.40252 81.4186 13
    endloop
  endfacet
  facet normal 0.923948 0.382518 0
    outer loop
      vertex 6.40252 81.4186 0
      vertex 6.45928 81.2815 13
      vertex 6.45928 81.2815 0
    endloop
  endfacet
  facet normal -0.382939 0.923774 0
    outer loop
      vertex 8.71845 80.4593 0
      vertex 8.58143 80.4025 13
      vertex 8.71845 80.4593 13
    endloop
  endfacet
  facet normal -0.382939 0.923774 0
    outer loop
      vertex 8.58143 80.4025 13
      vertex 8.71845 80.4593 0
      vertex 8.58143 80.4025 0
    endloop
  endfacet
  facet normal -0.793183 -0.608984 0
    outer loop
      vertex 9.39256 82.9751 0
      vertex 9.30227 83.0927 13
      vertex 9.30227 83.0927 0
    endloop
  endfacet
  facet normal -0.793183 -0.608984 0
    outer loop
      vertex 9.30227 83.0927 13
      vertex 9.39256 82.9751 0
      vertex 9.39256 82.9751 13
    endloop
  endfacet
  facet normal -0.886941 -0.461884 0
    outer loop
      vertex 9.54072 82.7185 0
      vertex 9.47224 82.85 13
      vertex 9.47224 82.85 0
    endloop
  endfacet
  facet normal -0.886941 -0.461884 0
    outer loop
      vertex 9.47224 82.85 13
      vertex 9.54072 82.7185 0
      vertex 9.54072 82.7185 13
    endloop
  endfacet
  facet normal -0.0438293 -0.999039 0
    outer loop
      vertex 8 83.7 0
      vertex 8.14816 83.6935 13
      vertex 8 83.7 13
    endloop
  endfacet
  facet normal -0.0438293 -0.999039 -0
    outer loop
      vertex 8.14816 83.6935 13
      vertex 8 83.7 0
      vertex 8.14816 83.6935 0
    endloop
  endfacet
  facet normal -0.216445 -0.976295 0
    outer loop
      vertex 8.2952 83.6742 0
      vertex 8.43999 83.6421 13
      vertex 8.2952 83.6742 13
    endloop
  endfacet
  facet normal -0.216445 -0.976295 -0
    outer loop
      vertex 8.43999 83.6421 13
      vertex 8.2952 83.6742 0
      vertex 8.43999 83.6421 0
    endloop
  endfacet
  facet normal -0.382939 -0.923774 0
    outer loop
      vertex 8.58143 83.5975 0
      vertex 8.71845 83.5407 13
      vertex 8.58143 83.5975 13
    endloop
  endfacet
  facet normal -0.382939 -0.923774 -0
    outer loop
      vertex 8.71845 83.5407 13
      vertex 8.58143 83.5975 0
      vertex 8.71845 83.5407 0
    endloop
  endfacet
  facet normal -0.536893 -0.84365 0
    outer loop
      vertex 8.85 83.4722 0
      vertex 8.97508 83.3926 13
      vertex 8.85 83.4722 13
    endloop
  endfacet
  facet normal -0.536893 -0.84365 -0
    outer loop
      vertex 8.97508 83.3926 13
      vertex 8.85 83.4722 0
      vertex 8.97508 83.3926 0
    endloop
  endfacet
  facet normal -0.461852 -0.886957 0
    outer loop
      vertex 8.71845 83.5407 0
      vertex 8.85 83.4722 13
      vertex 8.71845 83.5407 13
    endloop
  endfacet
  facet normal -0.461852 -0.886957 -0
    outer loop
      vertex 8.85 83.4722 13
      vertex 8.71845 83.5407 0
      vertex 8.85 83.4722 0
    endloop
  endfacet
  facet normal 0.999048 -0.0436157 0
    outer loop
      vertex 6.3 82 13
      vertex 6.30647 82.1482 0
      vertex 6.30647 82.1482 13
    endloop
  endfacet
  facet normal 0.999048 -0.0436157 0
    outer loop
      vertex 6.30647 82.1482 0
      vertex 6.3 82 13
      vertex 6.3 82 0
    endloop
  endfacet
  facet normal 0.976298 -0.216431 0
    outer loop
      vertex 6.32583 82.2952 13
      vertex 6.35793 82.44 0
      vertex 6.35793 82.44 13
    endloop
  endfacet
  facet normal 0.976298 -0.216431 0
    outer loop
      vertex 6.35793 82.44 0
      vertex 6.32583 82.2952 13
      vertex 6.32583 82.2952 0
    endloop
  endfacet
  facet normal 0.461852 -0.886957 0
    outer loop
      vertex 7.15 83.4722 0
      vertex 7.28155 83.5407 13
      vertex 7.15 83.4722 13
    endloop
  endfacet
  facet normal 0.461852 -0.886957 0
    outer loop
      vertex 7.28155 83.5407 13
      vertex 7.15 83.4722 0
      vertex 7.28155 83.5407 0
    endloop
  endfacet
  facet normal 0.608831 -0.7933 0
    outer loop
      vertex 6.90726 83.3023 0
      vertex 7.02492 83.3926 13
      vertex 6.90726 83.3023 13
    endloop
  endfacet
  facet normal 0.608831 -0.7933 0
    outer loop
      vertex 7.02492 83.3926 13
      vertex 6.90726 83.3023 0
      vertex 7.02492 83.3926 0
    endloop
  endfacet
  facet normal 0.300731 -0.953709 0
    outer loop
      vertex 7.41857 83.5975 0
      vertex 7.56001 83.6421 13
      vertex 7.41857 83.5975 13
    endloop
  endfacet
  facet normal 0.300731 -0.953709 0
    outer loop
      vertex 7.56001 83.6421 13
      vertex 7.41857 83.5975 0
      vertex 7.56001 83.6421 0
    endloop
  endfacet
  facet normal -0.976298 0.216431 0
    outer loop
      vertex 9.64207 81.56 0
      vertex 9.67417 81.7048 13
      vertex 9.67417 81.7048 0
    endloop
  endfacet
  facet normal -0.976298 0.216431 0
    outer loop
      vertex 9.67417 81.7048 13
      vertex 9.64207 81.56 0
      vertex 9.64207 81.56 13
    endloop
  endfacet
  facet normal -0.991439 0.130573 0
    outer loop
      vertex 9.67417 81.7048 0
      vertex 9.69353 81.8518 13
      vertex 9.69353 81.8518 0
    endloop
  endfacet
  facet normal -0.991439 0.130573 0
    outer loop
      vertex 9.69353 81.8518 13
      vertex 9.67417 81.7048 0
      vertex 9.67417 81.7048 13
    endloop
  endfacet
  facet normal -0.923948 0.382518 0
    outer loop
      vertex 9.54072 81.2815 0
      vertex 9.59748 81.4186 13
      vertex 9.59748 81.4186 0
    endloop
  endfacet
  facet normal -0.923948 0.382518 0
    outer loop
      vertex 9.59748 81.4186 13
      vertex 9.54072 81.2815 0
      vertex 9.54072 81.2815 13
    endloop
  endfacet
  facet normal 0.953704 0.300747 0
    outer loop
      vertex 6.40252 81.4186 13
      vertex 6.35793 81.56 0
      vertex 6.35793 81.56 13
    endloop
  endfacet
  facet normal 0.953704 0.300747 0
    outer loop
      vertex 6.35793 81.56 0
      vertex 6.40252 81.4186 13
      vertex 6.40252 81.4186 0
    endloop
  endfacet
  facet normal 0.991439 0.130573 0
    outer loop
      vertex 6.32583 81.7048 13
      vertex 6.30647 81.8518 0
      vertex 6.30647 81.8518 13
    endloop
  endfacet
  facet normal 0.991439 0.130573 0
    outer loop
      vertex 6.30647 81.8518 0
      vertex 6.32583 81.7048 13
      vertex 6.32583 81.7048 0
    endloop
  endfacet
  facet normal -0.130141 0.991496 0
    outer loop
      vertex 8.2952 80.3258 0
      vertex 8.14816 80.3065 13
      vertex 8.2952 80.3258 13
    endloop
  endfacet
  facet normal -0.130141 0.991496 0
    outer loop
      vertex 8.14816 80.3065 13
      vertex 8.2952 80.3258 0
      vertex 8.14816 80.3065 0
    endloop
  endfacet
  facet normal -0.300731 0.953709 0
    outer loop
      vertex 8.58143 80.4025 0
      vertex 8.43999 80.3579 13
      vertex 8.58143 80.4025 13
    endloop
  endfacet
  facet normal -0.300731 0.953709 0
    outer loop
      vertex 8.43999 80.3579 13
      vertex 8.58143 80.4025 0
      vertex 8.43999 80.3579 0
    endloop
  endfacet
  facet normal 0.886941 -0.461884 0
    outer loop
      vertex 6.45928 82.7185 13
      vertex 6.52776 82.85 0
      vertex 6.52776 82.85 13
    endloop
  endfacet
  facet normal 0.886941 -0.461884 0
    outer loop
      vertex 6.52776 82.85 0
      vertex 6.45928 82.7185 13
      vertex 6.45928 82.7185 0
    endloop
  endfacet
  facet normal 0.843445 -0.537216 0
    outer loop
      vertex 6.52776 82.85 13
      vertex 6.60744 82.9751 0
      vertex 6.60744 82.9751 13
    endloop
  endfacet
  facet normal 0.843445 -0.537216 0
    outer loop
      vertex 6.60744 82.9751 0
      vertex 6.52776 82.85 13
      vertex 6.52776 82.85 0
    endloop
  endfacet
  facet normal -0.793183 0.608984 0
    outer loop
      vertex 9.30227 80.9073 0
      vertex 9.39256 81.0249 13
      vertex 9.39256 81.0249 0
    endloop
  endfacet
  facet normal -0.793183 0.608984 0
    outer loop
      vertex 9.39256 81.0249 13
      vertex 9.30227 80.9073 0
      vertex 9.30227 80.9073 13
    endloop
  endfacet
  facet normal -0.843445 0.537216 0
    outer loop
      vertex 9.39256 81.0249 0
      vertex 9.47224 81.15 13
      vertex 9.47224 81.15 0
    endloop
  endfacet
  facet normal -0.843445 0.537216 0
    outer loop
      vertex 9.47224 81.15 13
      vertex 9.39256 81.0249 0
      vertex 9.39256 81.0249 13
    endloop
  endfacet
  facet normal -0.886941 0.461884 0
    outer loop
      vertex 9.47224 81.15 0
      vertex 9.54072 81.2815 13
      vertex 9.54072 81.2815 0
    endloop
  endfacet
  facet normal -0.886941 0.461884 0
    outer loop
      vertex 9.54072 81.2815 13
      vertex 9.47224 81.15 0
      vertex 9.47224 81.15 13
    endloop
  endfacet
  facet normal -0.461852 0.886957 0
    outer loop
      vertex 8.85 80.5278 0
      vertex 8.71845 80.4593 13
      vertex 8.85 80.5278 13
    endloop
  endfacet
  facet normal -0.461852 0.886957 0
    outer loop
      vertex 8.71845 80.4593 13
      vertex 8.85 80.5278 0
      vertex 8.71845 80.4593 0
    endloop
  endfacet
  facet normal -0.608831 0.7933 0
    outer loop
      vertex 9.09274 80.6977 0
      vertex 8.97508 80.6074 13
      vertex 9.09274 80.6977 13
    endloop
  endfacet
  facet normal -0.608831 0.7933 0
    outer loop
      vertex 8.97508 80.6074 13
      vertex 9.09274 80.6977 0
      vertex 8.97508 80.6074 0
    endloop
  endfacet
  facet normal -0.953704 0.300747 0
    outer loop
      vertex 9.59748 81.4186 0
      vertex 9.64207 81.56 13
      vertex 9.64207 81.56 0
    endloop
  endfacet
  facet normal -0.953704 0.300747 0
    outer loop
      vertex 9.64207 81.56 13
      vertex 9.59748 81.4186 0
      vertex 9.59748 81.4186 13
    endloop
  endfacet
  facet normal -0.0438293 0.999039 0
    outer loop
      vertex 8.14816 80.3065 0
      vertex 8 80.3 13
      vertex 8.14816 80.3065 13
    endloop
  endfacet
  facet normal -0.0438293 0.999039 0
    outer loop
      vertex 8 80.3 13
      vertex 8.14816 80.3065 0
      vertex 8 80.3 0
    endloop
  endfacet
  facet normal 0.216445 0.976295 -0
    outer loop
      vertex 7.7048 80.3258 0
      vertex 7.56001 80.3579 13
      vertex 7.7048 80.3258 13
    endloop
  endfacet
  facet normal 0.216445 0.976295 0
    outer loop
      vertex 7.56001 80.3579 13
      vertex 7.7048 80.3258 0
      vertex 7.56001 80.3579 0
    endloop
  endfacet
  facet normal 0.675621 0.737249 -0
    outer loop
      vertex 6.90726 80.6977 0
      vertex 6.79792 80.7979 13
      vertex 6.90726 80.6977 13
    endloop
  endfacet
  facet normal 0.675621 0.737249 0
    outer loop
      vertex 6.79792 80.7979 13
      vertex 6.90726 80.6977 0
      vertex 6.79792 80.7979 0
    endloop
  endfacet
  facet normal 0.886941 0.461884 0
    outer loop
      vertex 6.52776 81.15 13
      vertex 6.45928 81.2815 0
      vertex 6.45928 81.2815 13
    endloop
  endfacet
  facet normal 0.886941 0.461884 0
    outer loop
      vertex 6.45928 81.2815 0
      vertex 6.52776 81.15 13
      vertex 6.52776 81.15 0
    endloop
  endfacet
  facet normal 0.976298 0.216431 0
    outer loop
      vertex 6.35793 81.56 13
      vertex 6.32583 81.7048 0
      vertex 6.32583 81.7048 13
    endloop
  endfacet
  facet normal 0.976298 0.216431 0
    outer loop
      vertex 6.32583 81.7048 0
      vertex 6.35793 81.56 13
      vertex 6.35793 81.56 0
    endloop
  endfacet
  facet normal -0.216445 0.976295 0
    outer loop
      vertex 8.43999 80.3579 0
      vertex 8.2952 80.3258 13
      vertex 8.43999 80.3579 13
    endloop
  endfacet
  facet normal -0.216445 0.976295 0
    outer loop
      vertex 8.2952 80.3258 13
      vertex 8.43999 80.3579 0
      vertex 8.2952 80.3258 0
    endloop
  endfacet
  facet normal -0.536893 0.84365 0
    outer loop
      vertex 8.97508 80.6074 0
      vertex 8.85 80.5278 13
      vertex 8.97508 80.6074 13
    endloop
  endfacet
  facet normal -0.536893 0.84365 0
    outer loop
      vertex 8.85 80.5278 13
      vertex 8.97508 80.6074 0
      vertex 8.85 80.5278 0
    endloop
  endfacet
  facet normal 0.130149 0.991494 -0
    outer loop
      vertex 7.85183 80.3065 0
      vertex 7.7048 80.3258 13
      vertex 7.85183 80.3065 13
    endloop
  endfacet
  facet normal 0.130149 0.991494 0
    outer loop
      vertex 7.7048 80.3258 13
      vertex 7.85183 80.3065 0
      vertex 7.7048 80.3258 0
    endloop
  endfacet
  facet normal 0.608831 0.7933 -0
    outer loop
      vertex 7.02492 80.6074 0
      vertex 6.90726 80.6977 13
      vertex 7.02492 80.6074 13
    endloop
  endfacet
  facet normal 0.608831 0.7933 0
    outer loop
      vertex 6.90726 80.6977 13
      vertex 7.02492 80.6074 0
      vertex 6.90726 80.6977 0
    endloop
  endfacet
  facet normal 0.382939 0.923774 -0
    outer loop
      vertex 7.41857 80.4025 0
      vertex 7.28155 80.4593 13
      vertex 7.41857 80.4025 13
    endloop
  endfacet
  facet normal 0.382939 0.923774 0
    outer loop
      vertex 7.28155 80.4593 13
      vertex 7.41857 80.4025 0
      vertex 7.28155 80.4593 0
    endloop
  endfacet
  facet normal 0.461852 0.886957 -0
    outer loop
      vertex 7.28155 80.4593 0
      vertex 7.15 80.5278 13
      vertex 7.28155 80.4593 13
    endloop
  endfacet
  facet normal 0.461852 0.886957 0
    outer loop
      vertex 7.15 80.5278 13
      vertex 7.28155 80.4593 0
      vertex 7.15 80.5278 0
    endloop
  endfacet
  facet normal 0.793215 0.608941 0
    outer loop
      vertex 6.69772 80.9073 13
      vertex 6.60744 81.0249 0
      vertex 6.60744 81.0249 13
    endloop
  endfacet
  facet normal 0.793215 0.608941 0
    outer loop
      vertex 6.60744 81.0249 0
      vertex 6.69772 80.9073 13
      vertex 6.69772 80.9073 0
    endloop
  endfacet
  facet normal 0.843445 0.537216 0
    outer loop
      vertex 6.60744 81.0249 13
      vertex 6.52776 81.15 0
      vertex 6.52776 81.15 13
    endloop
  endfacet
  facet normal 0.843445 0.537216 0
    outer loop
      vertex 6.52776 81.15 0
      vertex 6.60744 81.0249 13
      vertex 6.60744 81.0249 0
    endloop
  endfacet
  facet normal -0.675621 0.737249 0
    outer loop
      vertex 9.20208 80.7979 0
      vertex 9.09274 80.6977 13
      vertex 9.20208 80.7979 13
    endloop
  endfacet
  facet normal -0.675621 0.737249 0
    outer loop
      vertex 9.09274 80.6977 13
      vertex 9.20208 80.7979 0
      vertex 9.09274 80.6977 0
    endloop
  endfacet
  facet normal -0.737467 0.675383 0
    outer loop
      vertex 9.20208 80.7979 0
      vertex 9.30227 80.9073 13
      vertex 9.30227 80.9073 0
    endloop
  endfacet
  facet normal -0.737467 0.675383 0
    outer loop
      vertex 9.30227 80.9073 13
      vertex 9.20208 80.7979 0
      vertex 9.20208 80.7979 13
    endloop
  endfacet
  facet normal 0.300731 0.953709 -0
    outer loop
      vertex 7.56001 80.3579 0
      vertex 7.41857 80.4025 13
      vertex 7.56001 80.3579 13
    endloop
  endfacet
  facet normal 0.300731 0.953709 0
    outer loop
      vertex 7.41857 80.4025 13
      vertex 7.56001 80.3579 0
      vertex 7.41857 80.4025 0
    endloop
  endfacet
  facet normal 0.536893 0.84365 -0
    outer loop
      vertex 7.15 80.5278 0
      vertex 7.02492 80.6074 13
      vertex 7.15 80.5278 13
    endloop
  endfacet
  facet normal 0.536893 0.84365 0
    outer loop
      vertex 7.02492 80.6074 13
      vertex 7.15 80.5278 0
      vertex 7.02492 80.6074 0
    endloop
  endfacet
  facet normal 0.737434 0.675419 0
    outer loop
      vertex 6.79792 80.7979 13
      vertex 6.69772 80.9073 0
      vertex 6.69772 80.9073 13
    endloop
  endfacet
  facet normal 0.737434 0.675419 0
    outer loop
      vertex 6.69772 80.9073 0
      vertex 6.79792 80.7979 13
      vertex 6.79792 80.7979 0
    endloop
  endfacet
  facet normal -0.886957 -0.461852 0
    outer loop
      vertex 83.5407 8.71845 0
      vertex 83.4722 8.85 13
      vertex 83.4722 8.85 0
    endloop
  endfacet
  facet normal -0.886957 -0.461852 0
    outer loop
      vertex 83.4722 8.85 13
      vertex 83.5407 8.71845 0
      vertex 83.5407 8.71845 13
    endloop
  endfacet
  facet normal -0.300747 -0.953704 0
    outer loop
      vertex 82.44 9.64207 0
      vertex 82.5814 9.59748 13
      vertex 82.44 9.64207 13
    endloop
  endfacet
  facet normal -0.300747 -0.953704 -0
    outer loop
      vertex 82.5814 9.59748 13
      vertex 82.44 9.64207 0
      vertex 82.5814 9.59748 0
    endloop
  endfacet
  facet normal 0.382518 -0.923948 0
    outer loop
      vertex 81.2815 9.54072 0
      vertex 81.4186 9.59748 13
      vertex 81.2815 9.54072 13
    endloop
  endfacet
  facet normal 0.382518 -0.923948 0
    outer loop
      vertex 81.4186 9.59748 13
      vertex 81.2815 9.54072 0
      vertex 81.4186 9.59748 0
    endloop
  endfacet
  facet normal 0.953709 -0.300731 0
    outer loop
      vertex 80.3579 8.43999 13
      vertex 80.4025 8.58143 0
      vertex 80.4025 8.58143 13
    endloop
  endfacet
  facet normal 0.953709 -0.300731 0
    outer loop
      vertex 80.4025 8.58143 0
      vertex 80.3579 8.43999 13
      vertex 80.3579 8.43999 0
    endloop
  endfacet
  facet normal -0.999039 0.0438264 0
    outer loop
      vertex 83.6935 7.85183 0
      vertex 83.7 8 13
      vertex 83.7 8 0
    endloop
  endfacet
  facet normal -0.999039 0.0438264 0
    outer loop
      vertex 83.7 8 13
      vertex 83.6935 7.85183 0
      vertex 83.6935 7.85183 13
    endloop
  endfacet
  facet normal -0.461884 -0.886941 0
    outer loop
      vertex 82.7185 9.54072 0
      vertex 82.85 9.47224 13
      vertex 82.7185 9.54072 13
    endloop
  endfacet
  facet normal -0.461884 -0.886941 -0
    outer loop
      vertex 82.85 9.47224 13
      vertex 82.7185 9.54072 0
      vertex 82.85 9.47224 0
    endloop
  endfacet
  facet normal 0.7933 -0.608831 0
    outer loop
      vertex 80.6074 8.97508 13
      vertex 80.6977 9.09274 0
      vertex 80.6977 9.09274 13
    endloop
  endfacet
  facet normal 0.7933 -0.608831 0
    outer loop
      vertex 80.6977 9.09274 0
      vertex 80.6074 8.97508 13
      vertex 80.6074 8.97508 0
    endloop
  endfacet
  facet normal 0.216431 -0.976298 0
    outer loop
      vertex 81.56 9.64207 0
      vertex 81.7048 9.67417 13
      vertex 81.56 9.64207 13
    endloop
  endfacet
  facet normal 0.216431 -0.976298 0
    outer loop
      vertex 81.7048 9.67417 13
      vertex 81.56 9.64207 0
      vertex 81.7048 9.67417 0
    endloop
  endfacet
  facet normal -0.991496 -0.130141 0
    outer loop
      vertex 83.6935 8.14816 0
      vertex 83.6742 8.2952 13
      vertex 83.6742 8.2952 0
    endloop
  endfacet
  facet normal -0.991496 -0.130141 0
    outer loop
      vertex 83.6742 8.2952 13
      vertex 83.6935 8.14816 0
      vertex 83.6935 8.14816 13
    endloop
  endfacet
  facet normal -0.84365 -0.536893 0
    outer loop
      vertex 83.4722 8.85 0
      vertex 83.3926 8.97508 13
      vertex 83.3926 8.97508 0
    endloop
  endfacet
  facet normal -0.84365 -0.536893 0
    outer loop
      vertex 83.3926 8.97508 13
      vertex 83.4722 8.85 0
      vertex 83.4722 8.85 13
    endloop
  endfacet
  facet normal -0.675383 -0.737467 0
    outer loop
      vertex 83.0927 9.30227 0
      vertex 83.2021 9.20208 13
      vertex 83.0927 9.30227 13
    endloop
  endfacet
  facet normal -0.675383 -0.737467 -0
    outer loop
      vertex 83.2021 9.20208 13
      vertex 83.0927 9.30227 0
      vertex 83.2021 9.20208 0
    endloop
  endfacet
  facet normal 0.0436157 -0.999048 0
    outer loop
      vertex 81.8518 9.69353 0
      vertex 82 9.7 13
      vertex 81.8518 9.69353 13
    endloop
  endfacet
  facet normal 0.0436157 -0.999048 0
    outer loop
      vertex 82 9.7 13
      vertex 81.8518 9.69353 0
      vertex 82 9.7 0
    endloop
  endfacet
  facet normal -0.216431 -0.976298 0
    outer loop
      vertex 82.2952 9.67417 0
      vertex 82.44 9.64207 13
      vertex 82.2952 9.67417 13
    endloop
  endfacet
  facet normal -0.216431 -0.976298 -0
    outer loop
      vertex 82.44 9.64207 13
      vertex 82.2952 9.67417 0
      vertex 82.44 9.64207 0
    endloop
  endfacet
  facet normal -0.130573 -0.991439 0
    outer loop
      vertex 82.1482 9.69353 0
      vertex 82.2952 9.67417 13
      vertex 82.1482 9.69353 13
    endloop
  endfacet
  facet normal -0.130573 -0.991439 -0
    outer loop
      vertex 82.2952 9.67417 13
      vertex 82.1482 9.69353 0
      vertex 82.2952 9.67417 0
    endloop
  endfacet
  facet normal -0.382518 -0.923948 0
    outer loop
      vertex 82.5814 9.59748 0
      vertex 82.7185 9.54072 13
      vertex 82.5814 9.59748 13
    endloop
  endfacet
  facet normal -0.382518 -0.923948 -0
    outer loop
      vertex 82.7185 9.54072 13
      vertex 82.5814 9.59748 0
      vertex 82.7185 9.54072 0
    endloop
  endfacet
  facet normal -0.608984 -0.793183 0
    outer loop
      vertex 82.9751 9.39256 0
      vertex 83.0927 9.30227 13
      vertex 82.9751 9.39256 13
    endloop
  endfacet
  facet normal -0.608984 -0.793183 -0
    outer loop
      vertex 83.0927 9.30227 13
      vertex 82.9751 9.39256 0
      vertex 83.0927 9.30227 0
    endloop
  endfacet
  facet normal 0.999039 0.0438264 0
    outer loop
      vertex 80.3065 7.85183 13
      vertex 80.3 8 0
      vertex 80.3 8 13
    endloop
  endfacet
  facet normal 0.999039 0.0438264 0
    outer loop
      vertex 80.3 8 0
      vertex 80.3065 7.85183 13
      vertex 80.3065 7.85183 0
    endloop
  endfacet
  facet normal 0.976295 -0.216445 0
    outer loop
      vertex 80.3258 8.2952 13
      vertex 80.3579 8.43999 0
      vertex 80.3579 8.43999 13
    endloop
  endfacet
  facet normal 0.976295 -0.216445 0
    outer loop
      vertex 80.3579 8.43999 0
      vertex 80.3258 8.2952 13
      vertex 80.3258 8.2952 0
    endloop
  endfacet
  facet normal 0.991496 -0.130141 0
    outer loop
      vertex 80.3065 8.14816 13
      vertex 80.3258 8.2952 0
      vertex 80.3258 8.2952 13
    endloop
  endfacet
  facet normal 0.991496 -0.130141 0
    outer loop
      vertex 80.3258 8.2952 0
      vertex 80.3065 8.14816 13
      vertex 80.3065 8.14816 0
    endloop
  endfacet
  facet normal 0.923774 -0.382939 0
    outer loop
      vertex 80.4025 8.58143 13
      vertex 80.4593 8.71845 0
      vertex 80.4593 8.71845 13
    endloop
  endfacet
  facet normal 0.923774 -0.382939 0
    outer loop
      vertex 80.4593 8.71845 0
      vertex 80.4025 8.58143 13
      vertex 80.4025 8.58143 0
    endloop
  endfacet
  facet normal 0.886957 -0.461852 0
    outer loop
      vertex 80.4593 8.71845 13
      vertex 80.5278 8.85 0
      vertex 80.5278 8.85 13
    endloop
  endfacet
  facet normal 0.886957 -0.461852 0
    outer loop
      vertex 80.5278 8.85 0
      vertex 80.4593 8.71845 13
      vertex 80.4593 8.71845 0
    endloop
  endfacet
  facet normal 0.300747 -0.953704 0
    outer loop
      vertex 81.4186 9.59748 0
      vertex 81.56 9.64207 13
      vertex 81.4186 9.59748 13
    endloop
  endfacet
  facet normal 0.300747 -0.953704 0
    outer loop
      vertex 81.56 9.64207 13
      vertex 81.4186 9.59748 0
      vertex 81.56 9.64207 0
    endloop
  endfacet
  facet normal 0.130573 -0.991439 0
    outer loop
      vertex 81.7048 9.67417 0
      vertex 81.8518 9.69353 13
      vertex 81.7048 9.67417 13
    endloop
  endfacet
  facet normal 0.130573 -0.991439 0
    outer loop
      vertex 81.8518 9.69353 13
      vertex 81.7048 9.67417 0
      vertex 81.8518 9.69353 0
    endloop
  endfacet
  facet normal 0.537216 -0.843445 0
    outer loop
      vertex 81.0249 9.39256 0
      vertex 81.15 9.47224 13
      vertex 81.0249 9.39256 13
    endloop
  endfacet
  facet normal 0.537216 -0.843445 0
    outer loop
      vertex 81.15 9.47224 13
      vertex 81.0249 9.39256 0
      vertex 81.15 9.47224 0
    endloop
  endfacet
  facet normal 0.461884 -0.886941 0
    outer loop
      vertex 81.15 9.47224 0
      vertex 81.2815 9.54072 13
      vertex 81.15 9.47224 13
    endloop
  endfacet
  facet normal 0.461884 -0.886941 0
    outer loop
      vertex 81.2815 9.54072 13
      vertex 81.15 9.47224 0
      vertex 81.2815 9.54072 0
    endloop
  endfacet
  facet normal 0.737249 -0.675621 0
    outer loop
      vertex 80.6977 9.09274 13
      vertex 80.7979 9.20208 0
      vertex 80.7979 9.20208 13
    endloop
  endfacet
  facet normal 0.737249 -0.675621 0
    outer loop
      vertex 80.7979 9.20208 0
      vertex 80.6977 9.09274 13
      vertex 80.6977 9.09274 0
    endloop
  endfacet
  facet normal -0.999039 -0.0438293 0
    outer loop
      vertex 83.7 8 0
      vertex 83.6935 8.14816 13
      vertex 83.6935 8.14816 0
    endloop
  endfacet
  facet normal -0.999039 -0.0438293 0
    outer loop
      vertex 83.6935 8.14816 13
      vertex 83.7 8 0
      vertex 83.7 8 13
    endloop
  endfacet
  facet normal -0.991494 0.130149 0
    outer loop
      vertex 83.6742 7.7048 0
      vertex 83.6935 7.85183 13
      vertex 83.6935 7.85183 0
    endloop
  endfacet
  facet normal -0.991494 0.130149 0
    outer loop
      vertex 83.6935 7.85183 13
      vertex 83.6742 7.7048 0
      vertex 83.6742 7.7048 13
    endloop
  endfacet
  facet normal 0.84365 0.536893 0
    outer loop
      vertex 80.6074 7.02492 13
      vertex 80.5278 7.15 0
      vertex 80.5278 7.15 13
    endloop
  endfacet
  facet normal 0.84365 0.536893 0
    outer loop
      vertex 80.5278 7.15 0
      vertex 80.6074 7.02492 13
      vertex 80.6074 7.02492 0
    endloop
  endfacet
  facet normal -0.923774 -0.382939 0
    outer loop
      vertex 83.5975 8.58143 0
      vertex 83.5407 8.71845 13
      vertex 83.5407 8.71845 0
    endloop
  endfacet
  facet normal -0.923774 -0.382939 0
    outer loop
      vertex 83.5407 8.71845 13
      vertex 83.5975 8.58143 0
      vertex 83.5975 8.58143 13
    endloop
  endfacet
  facet normal -0.953709 -0.300731 0
    outer loop
      vertex 83.6421 8.43999 0
      vertex 83.5975 8.58143 13
      vertex 83.5975 8.58143 0
    endloop
  endfacet
  facet normal -0.953709 -0.300731 0
    outer loop
      vertex 83.5975 8.58143 13
      vertex 83.6421 8.43999 0
      vertex 83.6421 8.43999 13
    endloop
  endfacet
  facet normal -0.976295 -0.216445 0
    outer loop
      vertex 83.6742 8.2952 0
      vertex 83.6421 8.43999 13
      vertex 83.6421 8.43999 0
    endloop
  endfacet
  facet normal -0.976295 -0.216445 0
    outer loop
      vertex 83.6421 8.43999 13
      vertex 83.6742 8.2952 0
      vertex 83.6742 8.2952 13
    endloop
  endfacet
  facet normal -0.7933 -0.608831 0
    outer loop
      vertex 83.3926 8.97508 0
      vertex 83.3023 9.09274 13
      vertex 83.3023 9.09274 0
    endloop
  endfacet
  facet normal -0.7933 -0.608831 0
    outer loop
      vertex 83.3023 9.09274 13
      vertex 83.3926 8.97508 0
      vertex 83.3926 8.97508 13
    endloop
  endfacet
  facet normal -0.737249 -0.675621 0
    outer loop
      vertex 83.3023 9.09274 0
      vertex 83.2021 9.20208 13
      vertex 83.2021 9.20208 0
    endloop
  endfacet
  facet normal -0.737249 -0.675621 0
    outer loop
      vertex 83.2021 9.20208 13
      vertex 83.3023 9.09274 0
      vertex 83.3023 9.09274 13
    endloop
  endfacet
  facet normal -0.0436157 -0.999048 0
    outer loop
      vertex 82 9.7 0
      vertex 82.1482 9.69353 13
      vertex 82 9.7 13
    endloop
  endfacet
  facet normal -0.0436157 -0.999048 -0
    outer loop
      vertex 82.1482 9.69353 13
      vertex 82 9.7 0
      vertex 82.1482 9.69353 0
    endloop
  endfacet
  facet normal -0.537216 -0.843445 0
    outer loop
      vertex 82.85 9.47224 0
      vertex 82.9751 9.39256 13
      vertex 82.85 9.47224 13
    endloop
  endfacet
  facet normal -0.537216 -0.843445 -0
    outer loop
      vertex 82.9751 9.39256 13
      vertex 82.85 9.47224 0
      vertex 82.9751 9.39256 0
    endloop
  endfacet
  facet normal 0.999039 -0.0438293 0
    outer loop
      vertex 80.3 8 13
      vertex 80.3065 8.14816 0
      vertex 80.3065 8.14816 13
    endloop
  endfacet
  facet normal 0.999039 -0.0438293 0
    outer loop
      vertex 80.3065 8.14816 0
      vertex 80.3 8 13
      vertex 80.3 8 0
    endloop
  endfacet
  facet normal 0.84365 -0.536893 0
    outer loop
      vertex 80.5278 8.85 13
      vertex 80.6074 8.97508 0
      vertex 80.6074 8.97508 13
    endloop
  endfacet
  facet normal 0.84365 -0.536893 0
    outer loop
      vertex 80.6074 8.97508 0
      vertex 80.5278 8.85 13
      vertex 80.5278 8.85 0
    endloop
  endfacet
  facet normal 0.675383 -0.737467 0
    outer loop
      vertex 80.7979 9.20208 0
      vertex 80.9073 9.30227 13
      vertex 80.7979 9.20208 13
    endloop
  endfacet
  facet normal 0.675383 -0.737467 0
    outer loop
      vertex 80.9073 9.30227 13
      vertex 80.7979 9.20208 0
      vertex 80.9073 9.30227 0
    endloop
  endfacet
  facet normal -0.923774 0.382939 0
    outer loop
      vertex 83.5407 7.28155 0
      vertex 83.5975 7.41857 13
      vertex 83.5975 7.41857 0
    endloop
  endfacet
  facet normal -0.923774 0.382939 0
    outer loop
      vertex 83.5975 7.41857 13
      vertex 83.5407 7.28155 0
      vertex 83.5407 7.28155 13
    endloop
  endfacet
  facet normal -0.976295 0.216445 0
    outer loop
      vertex 83.6421 7.56001 0
      vertex 83.6742 7.7048 13
      vertex 83.6742 7.7048 0
    endloop
  endfacet
  facet normal -0.976295 0.216445 0
    outer loop
      vertex 83.6742 7.7048 13
      vertex 83.6421 7.56001 0
      vertex 83.6421 7.56001 13
    endloop
  endfacet
  facet normal -0.953709 0.300731 0
    outer loop
      vertex 83.5975 7.41857 0
      vertex 83.6421 7.56001 13
      vertex 83.6421 7.56001 0
    endloop
  endfacet
  facet normal -0.953709 0.300731 0
    outer loop
      vertex 83.6421 7.56001 13
      vertex 83.5975 7.41857 0
      vertex 83.5975 7.41857 13
    endloop
  endfacet
  facet normal 0.0436157 0.999048 -0
    outer loop
      vertex 82 6.3 0
      vertex 81.8518 6.30647 13
      vertex 82 6.3 13
    endloop
  endfacet
  facet normal 0.0436157 0.999048 0
    outer loop
      vertex 81.8518 6.30647 13
      vertex 82 6.3 0
      vertex 81.8518 6.30647 0
    endloop
  endfacet
  facet normal 0.991494 0.130149 0
    outer loop
      vertex 80.3258 7.7048 13
      vertex 80.3065 7.85183 0
      vertex 80.3065 7.85183 13
    endloop
  endfacet
  facet normal 0.991494 0.130149 0
    outer loop
      vertex 80.3065 7.85183 0
      vertex 80.3258 7.7048 13
      vertex 80.3258 7.7048 0
    endloop
  endfacet
  facet normal 0.953709 0.300731 0
    outer loop
      vertex 80.4025 7.41857 13
      vertex 80.3579 7.56001 0
      vertex 80.3579 7.56001 13
    endloop
  endfacet
  facet normal 0.953709 0.300731 0
    outer loop
      vertex 80.3579 7.56001 0
      vertex 80.4025 7.41857 13
      vertex 80.4025 7.41857 0
    endloop
  endfacet
  facet normal -0.130573 0.991439 0
    outer loop
      vertex 82.2952 6.32583 0
      vertex 82.1482 6.30647 13
      vertex 82.2952 6.32583 13
    endloop
  endfacet
  facet normal -0.130573 0.991439 0
    outer loop
      vertex 82.1482 6.30647 13
      vertex 82.2952 6.32583 0
      vertex 82.1482 6.30647 0
    endloop
  endfacet
  facet normal -0.382518 0.923948 0
    outer loop
      vertex 82.7185 6.45928 0
      vertex 82.5814 6.40252 13
      vertex 82.7185 6.45928 13
    endloop
  endfacet
  facet normal -0.382518 0.923948 0
    outer loop
      vertex 82.5814 6.40252 13
      vertex 82.7185 6.45928 0
      vertex 82.5814 6.40252 0
    endloop
  endfacet
  facet normal 0.608984 -0.793183 0
    outer loop
      vertex 80.9073 9.30227 0
      vertex 81.0249 9.39256 13
      vertex 80.9073 9.30227 13
    endloop
  endfacet
  facet normal 0.608984 -0.793183 0
    outer loop
      vertex 81.0249 9.39256 13
      vertex 80.9073 9.30227 0
      vertex 81.0249 9.39256 0
    endloop
  endfacet
  facet normal -0.461884 0.886941 0
    outer loop
      vertex 82.85 6.52776 0
      vertex 82.7185 6.45928 13
      vertex 82.85 6.52776 13
    endloop
  endfacet
  facet normal -0.461884 0.886941 0
    outer loop
      vertex 82.7185 6.45928 13
      vertex 82.85 6.52776 0
      vertex 82.7185 6.45928 0
    endloop
  endfacet
  facet normal -0.7933 0.608831 0
    outer loop
      vertex 83.3023 6.90726 0
      vertex 83.3926 7.02492 13
      vertex 83.3926 7.02492 0
    endloop
  endfacet
  facet normal -0.7933 0.608831 0
    outer loop
      vertex 83.3926 7.02492 13
      vertex 83.3023 6.90726 0
      vertex 83.3023 6.90726 13
    endloop
  endfacet
  facet normal 0.382518 0.923948 -0
    outer loop
      vertex 81.4186 6.40252 0
      vertex 81.2815 6.45928 13
      vertex 81.4186 6.40252 13
    endloop
  endfacet
  facet normal 0.382518 0.923948 0
    outer loop
      vertex 81.2815 6.45928 13
      vertex 81.4186 6.40252 0
      vertex 81.2815 6.45928 0
    endloop
  endfacet
  facet normal -0.0436157 0.999048 0
    outer loop
      vertex 82.1482 6.30647 0
      vertex 82 6.3 13
      vertex 82.1482 6.30647 13
    endloop
  endfacet
  facet normal -0.0436157 0.999048 0
    outer loop
      vertex 82 6.3 13
      vertex 82.1482 6.30647 0
      vertex 82 6.3 0
    endloop
  endfacet
  facet normal 0.886957 0.461852 0
    outer loop
      vertex 80.5278 7.15 13
      vertex 80.4593 7.28155 0
      vertex 80.4593 7.28155 13
    endloop
  endfacet
  facet normal 0.886957 0.461852 0
    outer loop
      vertex 80.4593 7.28155 0
      vertex 80.5278 7.15 13
      vertex 80.5278 7.15 0
    endloop
  endfacet
  facet normal 0.675419 0.737434 -0
    outer loop
      vertex 80.9073 6.69772 0
      vertex 80.7979 6.79792 13
      vertex 80.9073 6.69772 13
    endloop
  endfacet
  facet normal 0.675419 0.737434 0
    outer loop
      vertex 80.7979 6.79792 13
      vertex 80.9073 6.69772 0
      vertex 80.7979 6.79792 0
    endloop
  endfacet
  facet normal 0.976295 0.216445 0
    outer loop
      vertex 80.3579 7.56001 13
      vertex 80.3258 7.7048 0
      vertex 80.3258 7.7048 13
    endloop
  endfacet
  facet normal 0.976295 0.216445 0
    outer loop
      vertex 80.3258 7.7048 0
      vertex 80.3579 7.56001 13
      vertex 80.3579 7.56001 0
    endloop
  endfacet
  facet normal 0.923774 0.382939 0
    outer loop
      vertex 80.4593 7.28155 13
      vertex 80.4025 7.41857 0
      vertex 80.4025 7.41857 13
    endloop
  endfacet
  facet normal 0.923774 0.382939 0
    outer loop
      vertex 80.4025 7.41857 0
      vertex 80.4593 7.28155 13
      vertex 80.4593 7.28155 0
    endloop
  endfacet
  facet normal -0.300747 0.953704 0
    outer loop
      vertex 82.5814 6.40252 0
      vertex 82.44 6.35793 13
      vertex 82.5814 6.40252 13
    endloop
  endfacet
  facet normal -0.300747 0.953704 0
    outer loop
      vertex 82.44 6.35793 13
      vertex 82.5814 6.40252 0
      vertex 82.44 6.35793 0
    endloop
  endfacet
  facet normal -0.216431 0.976298 0
    outer loop
      vertex 82.44 6.35793 0
      vertex 82.2952 6.32583 13
      vertex 82.44 6.35793 13
    endloop
  endfacet
  facet normal -0.216431 0.976298 0
    outer loop
      vertex 82.2952 6.32583 13
      vertex 82.44 6.35793 0
      vertex 82.2952 6.32583 0
    endloop
  endfacet
  facet normal -0.537216 0.843445 0
    outer loop
      vertex 82.9751 6.60744 0
      vertex 82.85 6.52776 13
      vertex 82.9751 6.60744 13
    endloop
  endfacet
  facet normal -0.537216 0.843445 0
    outer loop
      vertex 82.85 6.52776 13
      vertex 82.9751 6.60744 0
      vertex 82.85 6.52776 0
    endloop
  endfacet
  facet normal -0.737249 0.675621 0
    outer loop
      vertex 83.2021 6.79792 0
      vertex 83.3023 6.90726 13
      vertex 83.3023 6.90726 0
    endloop
  endfacet
  facet normal -0.737249 0.675621 0
    outer loop
      vertex 83.3023 6.90726 13
      vertex 83.2021 6.79792 0
      vertex 83.2021 6.79792 13
    endloop
  endfacet
  facet normal -0.886957 0.461852 0
    outer loop
      vertex 83.4722 7.15 0
      vertex 83.5407 7.28155 13
      vertex 83.5407 7.28155 0
    endloop
  endfacet
  facet normal -0.886957 0.461852 0
    outer loop
      vertex 83.5407 7.28155 13
      vertex 83.4722 7.15 0
      vertex 83.4722 7.15 13
    endloop
  endfacet
  facet normal -0.84365 0.536893 0
    outer loop
      vertex 83.3926 7.02492 0
      vertex 83.4722 7.15 13
      vertex 83.4722 7.15 0
    endloop
  endfacet
  facet normal -0.84365 0.536893 0
    outer loop
      vertex 83.4722 7.15 13
      vertex 83.3926 7.02492 0
      vertex 83.3926 7.02492 13
    endloop
  endfacet
  facet normal 0.608941 0.793215 -0
    outer loop
      vertex 81.0249 6.60744 0
      vertex 80.9073 6.69772 13
      vertex 81.0249 6.60744 13
    endloop
  endfacet
  facet normal 0.608941 0.793215 0
    outer loop
      vertex 80.9073 6.69772 13
      vertex 81.0249 6.60744 0
      vertex 80.9073 6.69772 0
    endloop
  endfacet
  facet normal 0.216431 0.976298 -0
    outer loop
      vertex 81.7048 6.32583 0
      vertex 81.56 6.35793 13
      vertex 81.7048 6.32583 13
    endloop
  endfacet
  facet normal 0.216431 0.976298 0
    outer loop
      vertex 81.56 6.35793 13
      vertex 81.7048 6.32583 0
      vertex 81.56 6.35793 0
    endloop
  endfacet
  facet normal 0.130573 0.991439 -0
    outer loop
      vertex 81.8518 6.30647 0
      vertex 81.7048 6.32583 13
      vertex 81.8518 6.30647 13
    endloop
  endfacet
  facet normal 0.130573 0.991439 0
    outer loop
      vertex 81.7048 6.32583 13
      vertex 81.8518 6.30647 0
      vertex 81.7048 6.32583 0
    endloop
  endfacet
  facet normal 0.7933 0.608831 0
    outer loop
      vertex 80.6977 6.90726 13
      vertex 80.6074 7.02492 0
      vertex 80.6074 7.02492 13
    endloop
  endfacet
  facet normal 0.7933 0.608831 0
    outer loop
      vertex 80.6074 7.02492 0
      vertex 80.6977 6.90726 13
      vertex 80.6977 6.90726 0
    endloop
  endfacet
  facet normal -0.675419 0.737434 0
    outer loop
      vertex 83.2021 6.79792 0
      vertex 83.0927 6.69772 13
      vertex 83.2021 6.79792 13
    endloop
  endfacet
  facet normal -0.675419 0.737434 0
    outer loop
      vertex 83.0927 6.69772 13
      vertex 83.2021 6.79792 0
      vertex 83.0927 6.69772 0
    endloop
  endfacet
  facet normal -0.608941 0.793215 0
    outer loop
      vertex 83.0927 6.69772 0
      vertex 82.9751 6.60744 13
      vertex 83.0927 6.69772 13
    endloop
  endfacet
  facet normal -0.608941 0.793215 0
    outer loop
      vertex 82.9751 6.60744 13
      vertex 83.0927 6.69772 0
      vertex 82.9751 6.60744 0
    endloop
  endfacet
  facet normal 0.461884 0.886941 -0
    outer loop
      vertex 81.2815 6.45928 0
      vertex 81.15 6.52776 13
      vertex 81.2815 6.45928 13
    endloop
  endfacet
  facet normal 0.461884 0.886941 0
    outer loop
      vertex 81.15 6.52776 13
      vertex 81.2815 6.45928 0
      vertex 81.15 6.52776 0
    endloop
  endfacet
  facet normal 0.537216 0.843445 -0
    outer loop
      vertex 81.15 6.52776 0
      vertex 81.0249 6.60744 13
      vertex 81.15 6.52776 13
    endloop
  endfacet
  facet normal 0.537216 0.843445 0
    outer loop
      vertex 81.0249 6.60744 13
      vertex 81.15 6.52776 0
      vertex 81.0249 6.60744 0
    endloop
  endfacet
  facet normal 0.300747 0.953704 -0
    outer loop
      vertex 81.56 6.35793 0
      vertex 81.4186 6.40252 13
      vertex 81.56 6.35793 13
    endloop
  endfacet
  facet normal 0.300747 0.953704 0
    outer loop
      vertex 81.4186 6.40252 13
      vertex 81.56 6.35793 0
      vertex 81.4186 6.40252 0
    endloop
  endfacet
  facet normal 0.737249 0.675621 0
    outer loop
      vertex 80.7979 6.79792 13
      vertex 80.6977 6.90726 0
      vertex 80.6977 6.90726 13
    endloop
  endfacet
  facet normal 0.737249 0.675621 0
    outer loop
      vertex 80.6977 6.90726 0
      vertex 80.7979 6.79792 13
      vertex 80.7979 6.79792 0
    endloop
  endfacet
  facet normal -0.886885 -0.46199 0
    outer loop
      vertex 83.5407 82.7185 0
      vertex 83.4722 82.85 13
      vertex 83.4722 82.85 0
    endloop
  endfacet
  facet normal -0.886885 -0.46199 0
    outer loop
      vertex 83.4722 82.85 13
      vertex 83.5407 82.7185 0
      vertex 83.5407 82.7185 13
    endloop
  endfacet
  facet normal -0.300809 -0.953685 0
    outer loop
      vertex 82.44 83.6421 0
      vertex 82.5814 83.5975 13
      vertex 82.44 83.6421 13
    endloop
  endfacet
  facet normal -0.300809 -0.953685 -0
    outer loop
      vertex 82.5814 83.5975 13
      vertex 82.44 83.6421 0
      vertex 82.5814 83.5975 0
    endloop
  endfacet
  facet normal 0.382749 -0.923853 0
    outer loop
      vertex 81.2815 83.5407 0
      vertex 81.4186 83.5975 13
      vertex 81.2815 83.5407 13
    endloop
  endfacet
  facet normal 0.382749 -0.923853 0
    outer loop
      vertex 81.4186 83.5975 13
      vertex 81.2815 83.5407 0
      vertex 81.4186 83.5975 0
    endloop
  endfacet
  facet normal 0.953685 -0.300809 0
    outer loop
      vertex 80.3579 82.44 13
      vertex 80.4025 82.5814 0
      vertex 80.4025 82.5814 13
    endloop
  endfacet
  facet normal 0.953685 -0.300809 0
    outer loop
      vertex 80.4025 82.5814 0
      vertex 80.3579 82.44 13
      vertex 80.3579 82.44 0
    endloop
  endfacet
  facet normal -0.99904 0.0438175 0
    outer loop
      vertex 83.6935 81.8518 0
      vertex 83.7 82 13
      vertex 83.7 82 0
    endloop
  endfacet
  facet normal -0.99904 0.0438175 0
    outer loop
      vertex 83.7 82 13
      vertex 83.6935 81.8518 0
      vertex 83.6935 81.8518 13
    endloop
  endfacet
  facet normal -0.382749 0.923853 0
    outer loop
      vertex 82.7185 80.4593 0
      vertex 82.5814 80.4025 13
      vertex 82.7185 80.4593 13
    endloop
  endfacet
  facet normal -0.382749 0.923853 0
    outer loop
      vertex 82.5814 80.4025 13
      vertex 82.7185 80.4593 0
      vertex 82.5814 80.4025 0
    endloop
  endfacet
  facet normal 0.99904 0.0438175 0
    outer loop
      vertex 80.3065 81.8518 13
      vertex 80.3 82 0
      vertex 80.3 82 13
    endloop
  endfacet
  facet normal 0.99904 0.0438175 0
    outer loop
      vertex 80.3 82 0
      vertex 80.3065 81.8518 13
      vertex 80.3065 81.8518 0
    endloop
  endfacet
  facet normal 0.609026 -0.79315 0
    outer loop
      vertex 80.9073 83.3023 0
      vertex 81.0249 83.3926 13
      vertex 80.9073 83.3023 13
    endloop
  endfacet
  facet normal 0.609026 -0.79315 0
    outer loop
      vertex 81.0249 83.3926 13
      vertex 80.9073 83.3023 0
      vertex 81.0249 83.3926 0
    endloop
  endfacet
  facet normal -0.991491 -0.130175 0
    outer loop
      vertex 83.6935 82.1482 0
      vertex 83.6742 82.2952 13
      vertex 83.6742 82.2952 0
    endloop
  endfacet
  facet normal -0.991491 -0.130175 0
    outer loop
      vertex 83.6742 82.2952 13
      vertex 83.6935 82.1482 0
      vertex 83.6935 82.1482 13
    endloop
  endfacet
  facet normal -0.843689 -0.536832 0
    outer loop
      vertex 83.4722 82.85 0
      vertex 83.3926 82.9751 13
      vertex 83.3926 82.9751 0
    endloop
  endfacet
  facet normal -0.843689 -0.536832 0
    outer loop
      vertex 83.3926 82.9751 13
      vertex 83.4722 82.85 0
      vertex 83.4722 82.85 13
    endloop
  endfacet
  facet normal -0.675419 -0.737434 0
    outer loop
      vertex 83.0927 83.3023 0
      vertex 83.2021 83.2021 13
      vertex 83.0927 83.3023 13
    endloop
  endfacet
  facet normal -0.675419 -0.737434 -0
    outer loop
      vertex 83.2021 83.2021 13
      vertex 83.0927 83.3023 0
      vertex 83.2021 83.2021 0
    endloop
  endfacet
  facet normal -0.737434 -0.675419 0
    outer loop
      vertex 83.3023 83.0927 0
      vertex 83.2021 83.2021 13
      vertex 83.2021 83.2021 0
    endloop
  endfacet
  facet normal -0.737434 -0.675419 0
    outer loop
      vertex 83.2021 83.2021 13
      vertex 83.3023 83.0927 0
      vertex 83.3023 83.0927 13
    endloop
  endfacet
  facet normal 0.0438175 -0.99904 0
    outer loop
      vertex 81.8518 83.6935 0
      vertex 82 83.7 13
      vertex 81.8518 83.6935 13
    endloop
  endfacet
  facet normal 0.0438175 -0.99904 0
    outer loop
      vertex 82 83.7 13
      vertex 81.8518 83.6935 0
      vertex 82 83.7 0
    endloop
  endfacet
  facet normal -0.216431 -0.976298 0
    outer loop
      vertex 82.2952 83.6742 0
      vertex 82.44 83.6421 13
      vertex 82.2952 83.6742 13
    endloop
  endfacet
  facet normal -0.216431 -0.976298 -0
    outer loop
      vertex 82.44 83.6421 13
      vertex 82.2952 83.6742 0
      vertex 82.44 83.6421 0
    endloop
  endfacet
  facet normal -0.130175 -0.991491 0
    outer loop
      vertex 82.1482 83.6935 0
      vertex 82.2952 83.6742 13
      vertex 82.1482 83.6935 13
    endloop
  endfacet
  facet normal -0.130175 -0.991491 -0
    outer loop
      vertex 82.2952 83.6742 13
      vertex 82.1482 83.6935 0
      vertex 82.2952 83.6742 0
    endloop
  endfacet
  facet normal -0.609026 -0.79315 0
    outer loop
      vertex 82.9751 83.3926 0
      vertex 83.0927 83.3023 13
      vertex 82.9751 83.3926 13
    endloop
  endfacet
  facet normal -0.609026 -0.79315 -0
    outer loop
      vertex 83.0927 83.3023 13
      vertex 82.9751 83.3926 0
      vertex 83.0927 83.3023 0
    endloop
  endfacet
  facet normal -0.382749 -0.923853 0
    outer loop
      vertex 82.5814 83.5975 0
      vertex 82.7185 83.5407 13
      vertex 82.5814 83.5975 13
    endloop
  endfacet
  facet normal -0.382749 -0.923853 -0
    outer loop
      vertex 82.7185 83.5407 13
      vertex 82.5814 83.5975 0
      vertex 82.7185 83.5407 0
    endloop
  endfacet
  facet normal 0.976298 -0.216431 0
    outer loop
      vertex 80.3258 82.2952 13
      vertex 80.3579 82.44 0
      vertex 80.3579 82.44 13
    endloop
  endfacet
  facet normal 0.976298 -0.216431 0
    outer loop
      vertex 80.3579 82.44 0
      vertex 80.3258 82.2952 13
      vertex 80.3258 82.2952 0
    endloop
  endfacet
  facet normal 0.991491 -0.130175 0
    outer loop
      vertex 80.3065 82.1482 13
      vertex 80.3258 82.2952 0
      vertex 80.3258 82.2952 13
    endloop
  endfacet
  facet normal 0.991491 -0.130175 0
    outer loop
      vertex 80.3258 82.2952 0
      vertex 80.3065 82.1482 13
      vertex 80.3065 82.1482 0
    endloop
  endfacet
  facet normal 0.79315 -0.609026 0
    outer loop
      vertex 80.6074 82.9751 13
      vertex 80.6977 83.0927 0
      vertex 80.6977 83.0927 13
    endloop
  endfacet
  facet normal 0.79315 -0.609026 0
    outer loop
      vertex 80.6977 83.0927 0
      vertex 80.6074 82.9751 13
      vertex 80.6074 82.9751 0
    endloop
  endfacet
  facet normal 0.923853 -0.382749 0
    outer loop
      vertex 80.4025 82.5814 13
      vertex 80.4593 82.7185 0
      vertex 80.4593 82.7185 13
    endloop
  endfacet
  facet normal 0.923853 -0.382749 0
    outer loop
      vertex 80.4593 82.7185 0
      vertex 80.4025 82.5814 13
      vertex 80.4025 82.5814 0
    endloop
  endfacet
  facet normal 0.130175 -0.991491 0
    outer loop
      vertex 81.7048 83.6742 0
      vertex 81.8518 83.6935 13
      vertex 81.7048 83.6742 13
    endloop
  endfacet
  facet normal 0.130175 -0.991491 0
    outer loop
      vertex 81.8518 83.6935 13
      vertex 81.7048 83.6742 0
      vertex 81.8518 83.6935 0
    endloop
  endfacet
  facet normal 0.300809 -0.953685 0
    outer loop
      vertex 81.4186 83.5975 0
      vertex 81.56 83.6421 13
      vertex 81.4186 83.5975 13
    endloop
  endfacet
  facet normal 0.300809 -0.953685 0
    outer loop
      vertex 81.56 83.6421 13
      vertex 81.4186 83.5975 0
      vertex 81.56 83.6421 0
    endloop
  endfacet
  facet normal 0.216431 -0.976298 0
    outer loop
      vertex 81.56 83.6421 0
      vertex 81.7048 83.6742 13
      vertex 81.56 83.6421 13
    endloop
  endfacet
  facet normal 0.216431 -0.976298 0
    outer loop
      vertex 81.7048 83.6742 13
      vertex 81.56 83.6421 0
      vertex 81.7048 83.6742 0
    endloop
  endfacet
  facet normal 0.46199 -0.886885 0
    outer loop
      vertex 81.15 83.4722 0
      vertex 81.2815 83.5407 13
      vertex 81.15 83.4722 13
    endloop
  endfacet
  facet normal 0.46199 -0.886885 0
    outer loop
      vertex 81.2815 83.5407 13
      vertex 81.15 83.4722 0
      vertex 81.2815 83.5407 0
    endloop
  endfacet
  facet normal 0.536832 -0.843689 0
    outer loop
      vertex 81.0249 83.3926 0
      vertex 81.15 83.4722 13
      vertex 81.0249 83.3926 13
    endloop
  endfacet
  facet normal 0.536832 -0.843689 0
    outer loop
      vertex 81.15 83.4722 13
      vertex 81.0249 83.3926 0
      vertex 81.15 83.4722 0
    endloop
  endfacet
  facet normal 0.737434 -0.675419 0
    outer loop
      vertex 80.6977 83.0927 13
      vertex 80.7979 83.2021 0
      vertex 80.7979 83.2021 13
    endloop
  endfacet
  facet normal 0.737434 -0.675419 0
    outer loop
      vertex 80.7979 83.2021 0
      vertex 80.6977 83.0927 13
      vertex 80.6977 83.0927 0
    endloop
  endfacet
  facet normal -0.99904 -0.0438175 0
    outer loop
      vertex 83.7 82 0
      vertex 83.6935 82.1482 13
      vertex 83.6935 82.1482 0
    endloop
  endfacet
  facet normal -0.99904 -0.0438175 0
    outer loop
      vertex 83.6935 82.1482 13
      vertex 83.7 82 0
      vertex 83.7 82 13
    endloop
  endfacet
  facet normal 0.953685 0.300809 0
    outer loop
      vertex 80.4025 81.4186 13
      vertex 80.3579 81.56 0
      vertex 80.3579 81.56 13
    endloop
  endfacet
  facet normal 0.953685 0.300809 0
    outer loop
      vertex 80.3579 81.56 0
      vertex 80.4025 81.4186 13
      vertex 80.4025 81.4186 0
    endloop
  endfacet
  facet normal -0.923853 -0.382749 0
    outer loop
      vertex 83.5975 82.5814 0
      vertex 83.5407 82.7185 13
      vertex 83.5407 82.7185 0
    endloop
  endfacet
  facet normal -0.923853 -0.382749 0
    outer loop
      vertex 83.5407 82.7185 13
      vertex 83.5975 82.5814 0
      vertex 83.5975 82.5814 13
    endloop
  endfacet
  facet normal -0.953685 -0.300809 0
    outer loop
      vertex 83.6421 82.44 0
      vertex 83.5975 82.5814 13
      vertex 83.5975 82.5814 0
    endloop
  endfacet
  facet normal -0.953685 -0.300809 0
    outer loop
      vertex 83.5975 82.5814 13
      vertex 83.6421 82.44 0
      vertex 83.6421 82.44 13
    endloop
  endfacet
  facet normal -0.976298 -0.216431 0
    outer loop
      vertex 83.6742 82.2952 0
      vertex 83.6421 82.44 13
      vertex 83.6421 82.44 0
    endloop
  endfacet
  facet normal -0.976298 -0.216431 0
    outer loop
      vertex 83.6421 82.44 13
      vertex 83.6742 82.2952 0
      vertex 83.6742 82.2952 13
    endloop
  endfacet
  facet normal -0.79315 -0.609026 0
    outer loop
      vertex 83.3926 82.9751 0
      vertex 83.3023 83.0927 13
      vertex 83.3023 83.0927 0
    endloop
  endfacet
  facet normal -0.79315 -0.609026 0
    outer loop
      vertex 83.3023 83.0927 13
      vertex 83.3926 82.9751 0
      vertex 83.3926 82.9751 13
    endloop
  endfacet
  facet normal -0.0438175 -0.99904 0
    outer loop
      vertex 82 83.7 0
      vertex 82.1482 83.6935 13
      vertex 82 83.7 13
    endloop
  endfacet
  facet normal -0.0438175 -0.99904 -0
    outer loop
      vertex 82.1482 83.6935 13
      vertex 82 83.7 0
      vertex 82.1482 83.6935 0
    endloop
  endfacet
  facet normal -0.536832 -0.843689 0
    outer loop
      vertex 82.85 83.4722 0
      vertex 82.9751 83.3926 13
      vertex 82.85 83.4722 13
    endloop
  endfacet
  facet normal -0.536832 -0.843689 -0
    outer loop
      vertex 82.9751 83.3926 13
      vertex 82.85 83.4722 0
      vertex 82.9751 83.3926 0
    endloop
  endfacet
  facet normal -0.46199 -0.886885 0
    outer loop
      vertex 82.7185 83.5407 0
      vertex 82.85 83.4722 13
      vertex 82.7185 83.5407 13
    endloop
  endfacet
  facet normal -0.46199 -0.886885 -0
    outer loop
      vertex 82.85 83.4722 13
      vertex 82.7185 83.5407 0
      vertex 82.85 83.4722 0
    endloop
  endfacet
  facet normal 0.99904 -0.0438175 0
    outer loop
      vertex 80.3 82 13
      vertex 80.3065 82.1482 0
      vertex 80.3065 82.1482 13
    endloop
  endfacet
  facet normal 0.99904 -0.0438175 0
    outer loop
      vertex 80.3065 82.1482 0
      vertex 80.3 82 13
      vertex 80.3 82 0
    endloop
  endfacet
  facet normal 0.843689 -0.536832 0
    outer loop
      vertex 80.5278 82.85 13
      vertex 80.6074 82.9751 0
      vertex 80.6074 82.9751 13
    endloop
  endfacet
  facet normal 0.843689 -0.536832 0
    outer loop
      vertex 80.6074 82.9751 0
      vertex 80.5278 82.85 13
      vertex 80.5278 82.85 0
    endloop
  endfacet
  facet normal 0.886885 -0.46199 0
    outer loop
      vertex 80.4593 82.7185 13
      vertex 80.5278 82.85 0
      vertex 80.5278 82.85 13
    endloop
  endfacet
  facet normal 0.886885 -0.46199 0
    outer loop
      vertex 80.5278 82.85 0
      vertex 80.4593 82.7185 13
      vertex 80.4593 82.7185 0
    endloop
  endfacet
  facet normal 0.675419 -0.737434 0
    outer loop
      vertex 80.7979 83.2021 0
      vertex 80.9073 83.3023 13
      vertex 80.7979 83.2021 13
    endloop
  endfacet
  facet normal 0.675419 -0.737434 0
    outer loop
      vertex 80.9073 83.3023 13
      vertex 80.7979 83.2021 0
      vertex 80.9073 83.3023 0
    endloop
  endfacet
  facet normal -0.991491 0.130175 0
    outer loop
      vertex 83.6742 81.7048 0
      vertex 83.6935 81.8518 13
      vertex 83.6935 81.8518 0
    endloop
  endfacet
  facet normal -0.991491 0.130175 0
    outer loop
      vertex 83.6935 81.8518 13
      vertex 83.6742 81.7048 0
      vertex 83.6742 81.7048 13
    endloop
  endfacet
  facet normal -0.976298 0.216431 0
    outer loop
      vertex 83.6421 81.56 0
      vertex 83.6742 81.7048 13
      vertex 83.6742 81.7048 0
    endloop
  endfacet
  facet normal -0.976298 0.216431 0
    outer loop
      vertex 83.6742 81.7048 13
      vertex 83.6421 81.56 0
      vertex 83.6421 81.56 13
    endloop
  endfacet
  facet normal -0.923853 0.382749 0
    outer loop
      vertex 83.5407 81.2815 0
      vertex 83.5975 81.4186 13
      vertex 83.5975 81.4186 0
    endloop
  endfacet
  facet normal -0.923853 0.382749 0
    outer loop
      vertex 83.5975 81.4186 13
      vertex 83.5407 81.2815 0
      vertex 83.5407 81.2815 13
    endloop
  endfacet
  facet normal 0.0438175 0.99904 -0
    outer loop
      vertex 82 80.3 0
      vertex 81.8518 80.3065 13
      vertex 82 80.3 13
    endloop
  endfacet
  facet normal 0.0438175 0.99904 0
    outer loop
      vertex 81.8518 80.3065 13
      vertex 82 80.3 0
      vertex 81.8518 80.3065 0
    endloop
  endfacet
  facet normal 0.991491 0.130175 0
    outer loop
      vertex 80.3258 81.7048 13
      vertex 80.3065 81.8518 0
      vertex 80.3065 81.8518 13
    endloop
  endfacet
  facet normal 0.991491 0.130175 0
    outer loop
      vertex 80.3065 81.8518 0
      vertex 80.3258 81.7048 13
      vertex 80.3258 81.7048 0
    endloop
  endfacet
  facet normal 0.923853 0.382749 0
    outer loop
      vertex 80.4593 81.2815 13
      vertex 80.4025 81.4186 0
      vertex 80.4025 81.4186 13
    endloop
  endfacet
  facet normal 0.923853 0.382749 0
    outer loop
      vertex 80.4025 81.4186 0
      vertex 80.4593 81.2815 13
      vertex 80.4593 81.2815 0
    endloop
  endfacet
  facet normal -0.130175 0.991491 0
    outer loop
      vertex 82.2952 80.3258 0
      vertex 82.1482 80.3065 13
      vertex 82.2952 80.3258 13
    endloop
  endfacet
  facet normal -0.130175 0.991491 0
    outer loop
      vertex 82.1482 80.3065 13
      vertex 82.2952 80.3258 0
      vertex 82.1482 80.3065 0
    endloop
  endfacet
  facet normal -0.300809 0.953685 0
    outer loop
      vertex 82.5814 80.4025 0
      vertex 82.44 80.3579 13
      vertex 82.5814 80.4025 13
    endloop
  endfacet
  facet normal -0.300809 0.953685 0
    outer loop
      vertex 82.44 80.3579 13
      vertex 82.5814 80.4025 0
      vertex 82.44 80.3579 0
    endloop
  endfacet
  facet normal -0.216431 0.976298 0
    outer loop
      vertex 82.44 80.3579 0
      vertex 82.2952 80.3258 13
      vertex 82.44 80.3579 13
    endloop
  endfacet
  facet normal -0.216431 0.976298 0
    outer loop
      vertex 82.2952 80.3258 13
      vertex 82.44 80.3579 0
      vertex 82.2952 80.3258 0
    endloop
  endfacet
  facet normal -0.46199 0.886885 0
    outer loop
      vertex 82.85 80.5278 0
      vertex 82.7185 80.4593 13
      vertex 82.85 80.5278 13
    endloop
  endfacet
  facet normal -0.46199 0.886885 0
    outer loop
      vertex 82.7185 80.4593 13
      vertex 82.85 80.5278 0
      vertex 82.7185 80.4593 0
    endloop
  endfacet
  facet normal -0.609026 0.79315 0
    outer loop
      vertex 83.0927 80.6977 0
      vertex 82.9751 80.6074 13
      vertex 83.0927 80.6977 13
    endloop
  endfacet
  facet normal -0.609026 0.79315 0
    outer loop
      vertex 82.9751 80.6074 13
      vertex 83.0927 80.6977 0
      vertex 82.9751 80.6074 0
    endloop
  endfacet
  facet normal -0.79315 0.609026 0
    outer loop
      vertex 83.3023 80.9073 0
      vertex 83.3926 81.0249 13
      vertex 83.3926 81.0249 0
    endloop
  endfacet
  facet normal -0.79315 0.609026 0
    outer loop
      vertex 83.3926 81.0249 13
      vertex 83.3023 80.9073 0
      vertex 83.3023 80.9073 13
    endloop
  endfacet
  facet normal -0.843689 0.536832 0
    outer loop
      vertex 83.3926 81.0249 0
      vertex 83.4722 81.15 13
      vertex 83.4722 81.15 0
    endloop
  endfacet
  facet normal -0.843689 0.536832 0
    outer loop
      vertex 83.4722 81.15 13
      vertex 83.3926 81.0249 0
      vertex 83.3926 81.0249 13
    endloop
  endfacet
  facet normal -0.886885 0.46199 0
    outer loop
      vertex 83.4722 81.15 0
      vertex 83.5407 81.2815 13
      vertex 83.5407 81.2815 0
    endloop
  endfacet
  facet normal -0.886885 0.46199 0
    outer loop
      vertex 83.5407 81.2815 13
      vertex 83.4722 81.15 0
      vertex 83.4722 81.15 13
    endloop
  endfacet
  facet normal -0.953685 0.300809 0
    outer loop
      vertex 83.5975 81.4186 0
      vertex 83.6421 81.56 13
      vertex 83.6421 81.56 0
    endloop
  endfacet
  facet normal -0.953685 0.300809 0
    outer loop
      vertex 83.6421 81.56 13
      vertex 83.5975 81.4186 0
      vertex 83.5975 81.4186 13
    endloop
  endfacet
  facet normal -0.0438175 0.99904 0
    outer loop
      vertex 82.1482 80.3065 0
      vertex 82 80.3 13
      vertex 82.1482 80.3065 13
    endloop
  endfacet
  facet normal -0.0438175 0.99904 0
    outer loop
      vertex 82 80.3 13
      vertex 82.1482 80.3065 0
      vertex 82 80.3 0
    endloop
  endfacet
  facet normal 0.976298 0.216431 0
    outer loop
      vertex 80.3579 81.56 13
      vertex 80.3258 81.7048 0
      vertex 80.3258 81.7048 13
    endloop
  endfacet
  facet normal 0.976298 0.216431 0
    outer loop
      vertex 80.3258 81.7048 0
      vertex 80.3579 81.56 13
      vertex 80.3579 81.56 0
    endloop
  endfacet
  facet normal 0.675419 0.737434 -0
    outer loop
      vertex 80.9073 80.6977 0
      vertex 80.7979 80.7979 13
      vertex 80.9073 80.6977 13
    endloop
  endfacet
  facet normal 0.675419 0.737434 0
    outer loop
      vertex 80.7979 80.7979 13
      vertex 80.9073 80.6977 0
      vertex 80.7979 80.7979 0
    endloop
  endfacet
  facet normal 0.886885 0.46199 0
    outer loop
      vertex 80.5278 81.15 13
      vertex 80.4593 81.2815 0
      vertex 80.4593 81.2815 13
    endloop
  endfacet
  facet normal 0.886885 0.46199 0
    outer loop
      vertex 80.4593 81.2815 0
      vertex 80.5278 81.15 13
      vertex 80.5278 81.15 0
    endloop
  endfacet
  facet normal -0.536832 0.843689 0
    outer loop
      vertex 82.9751 80.6074 0
      vertex 82.85 80.5278 13
      vertex 82.9751 80.6074 13
    endloop
  endfacet
  facet normal -0.536832 0.843689 0
    outer loop
      vertex 82.85 80.5278 13
      vertex 82.9751 80.6074 0
      vertex 82.85 80.5278 0
    endloop
  endfacet
  facet normal 0.216431 0.976298 -0
    outer loop
      vertex 81.7048 80.3258 0
      vertex 81.56 80.3579 13
      vertex 81.7048 80.3258 13
    endloop
  endfacet
  facet normal 0.216431 0.976298 0
    outer loop
      vertex 81.56 80.3579 13
      vertex 81.7048 80.3258 0
      vertex 81.56 80.3579 0
    endloop
  endfacet
  facet normal 0.382749 0.923853 -0
    outer loop
      vertex 81.4186 80.4025 0
      vertex 81.2815 80.4593 13
      vertex 81.4186 80.4025 13
    endloop
  endfacet
  facet normal 0.382749 0.923853 0
    outer loop
      vertex 81.2815 80.4593 13
      vertex 81.4186 80.4025 0
      vertex 81.2815 80.4593 0
    endloop
  endfacet
  facet normal 0.300809 0.953685 -0
    outer loop
      vertex 81.56 80.3579 0
      vertex 81.4186 80.4025 13
      vertex 81.56 80.3579 13
    endloop
  endfacet
  facet normal 0.300809 0.953685 0
    outer loop
      vertex 81.4186 80.4025 13
      vertex 81.56 80.3579 0
      vertex 81.4186 80.4025 0
    endloop
  endfacet
  facet normal 0.609026 0.79315 -0
    outer loop
      vertex 81.0249 80.6074 0
      vertex 80.9073 80.6977 13
      vertex 81.0249 80.6074 13
    endloop
  endfacet
  facet normal 0.609026 0.79315 0
    outer loop
      vertex 80.9073 80.6977 13
      vertex 81.0249 80.6074 0
      vertex 80.9073 80.6977 0
    endloop
  endfacet
  facet normal 0.46199 0.886885 -0
    outer loop
      vertex 81.2815 80.4593 0
      vertex 81.15 80.5278 13
      vertex 81.2815 80.4593 13
    endloop
  endfacet
  facet normal 0.46199 0.886885 0
    outer loop
      vertex 81.15 80.5278 13
      vertex 81.2815 80.4593 0
      vertex 81.15 80.5278 0
    endloop
  endfacet
  facet normal 0.79315 0.609026 0
    outer loop
      vertex 80.6977 80.9073 13
      vertex 80.6074 81.0249 0
      vertex 80.6074 81.0249 13
    endloop
  endfacet
  facet normal 0.79315 0.609026 0
    outer loop
      vertex 80.6074 81.0249 0
      vertex 80.6977 80.9073 13
      vertex 80.6977 80.9073 0
    endloop
  endfacet
  facet normal 0.843689 0.536832 0
    outer loop
      vertex 80.6074 81.0249 13
      vertex 80.5278 81.15 0
      vertex 80.5278 81.15 13
    endloop
  endfacet
  facet normal 0.843689 0.536832 0
    outer loop
      vertex 80.5278 81.15 0
      vertex 80.6074 81.0249 13
      vertex 80.6074 81.0249 0
    endloop
  endfacet
  facet normal -0.675419 0.737434 0
    outer loop
      vertex 83.2021 80.7979 0
      vertex 83.0927 80.6977 13
      vertex 83.2021 80.7979 13
    endloop
  endfacet
  facet normal -0.675419 0.737434 0
    outer loop
      vertex 83.0927 80.6977 13
      vertex 83.2021 80.7979 0
      vertex 83.0927 80.6977 0
    endloop
  endfacet
  facet normal -0.737434 0.675419 0
    outer loop
      vertex 83.2021 80.7979 0
      vertex 83.3023 80.9073 13
      vertex 83.3023 80.9073 0
    endloop
  endfacet
  facet normal -0.737434 0.675419 0
    outer loop
      vertex 83.3023 80.9073 13
      vertex 83.2021 80.7979 0
      vertex 83.2021 80.7979 13
    endloop
  endfacet
  facet normal 0.130175 0.991491 -0
    outer loop
      vertex 81.8518 80.3065 0
      vertex 81.7048 80.3258 13
      vertex 81.8518 80.3065 13
    endloop
  endfacet
  facet normal 0.130175 0.991491 0
    outer loop
      vertex 81.7048 80.3258 13
      vertex 81.8518 80.3065 0
      vertex 81.7048 80.3258 0
    endloop
  endfacet
  facet normal 0.536832 0.843689 -0
    outer loop
      vertex 81.15 80.5278 0
      vertex 81.0249 80.6074 13
      vertex 81.15 80.5278 13
    endloop
  endfacet
  facet normal 0.536832 0.843689 0
    outer loop
      vertex 81.0249 80.6074 13
      vertex 81.15 80.5278 0
      vertex 81.0249 80.6074 0
    endloop
  endfacet
  facet normal 0.737434 0.675419 0
    outer loop
      vertex 80.7979 80.7979 13
      vertex 80.6977 80.9073 0
      vertex 80.6977 80.9073 13
    endloop
  endfacet
  facet normal 0.737434 0.675419 0
    outer loop
      vertex 80.6977 80.9073 0
      vertex 80.7979 80.7979 13
      vertex 80.7979 80.7979 0
    endloop
  endfacet
  facet normal -0.991446 0.130514 0
    outer loop
      vertex 0.0152206 86.3486 0
      vertex 0.0607681 86.6946 13
      vertex 0.0607681 86.6946 0
    endloop
  endfacet
  facet normal -0.991446 0.130514 0
    outer loop
      vertex 0.0607681 86.6946 13
      vertex 0.0152206 86.3486 0
      vertex 0.0152206 86.3486 13
    endloop
  endfacet
  facet normal 0.923817 -0.382834 0
    outer loop
      vertex 89.6252 2.30953 13
      vertex 89.7588 2.63192 0
      vertex 89.7588 2.63192 13
    endloop
  endfacet
  facet normal 0.923817 -0.382834 0
    outer loop
      vertex 89.7588 2.63192 0
      vertex 89.6252 2.30953 13
      vertex 89.6252 2.30953 0
    endloop
  endfacet
  facet normal 0.999051 0.0435616 0
    outer loop
      vertex 90 86 13
      vertex 89.9848 86.3486 0
      vertex 89.9848 86.3486 13
    endloop
  endfacet
  facet normal 0.999051 0.0435616 0
    outer loop
      vertex 89.9848 86.3486 0
      vertex 90 86 13
      vertex 90 86 0
    endloop
  endfacet
  facet normal -0 0 1
    outer loop
      vertex 8.97508 80.6074 13
      vertex 23.0443 66.9557 13
      vertex 9.09274 80.6977 13
    endloop
  endfacet
  facet normal 0 0 1
    outer loop
      vertex 13.95 45 13
      vertex 9.69353 8.14816 13
      vertex 9.7 8 13
    endloop
  endfacet
  facet normal 0 0 1
    outer loop
      vertex 23.0443 66.9557 13
      vertex 8.97508 80.6074 13
      vertex 21.2143 64.9586 13
    endloop
  endfacet
  facet normal 0 0 1
    outer loop
      vertex 13.95 45 13
      vertex 9.67417 8.2952 13
      vertex 9.69353 8.14816 13
    endloop
  endfacet
  facet normal -0 0 1
    outer loop
      vertex 8.85 80.5278 13
      vertex 21.2143 64.9586 13
      vertex 8.97508 80.6074 13
    endloop
  endfacet
  facet normal 0 0 1
    outer loop
      vertex 13.95 45 13
      vertex 9.64207 8.43999 13
      vertex 9.67417 8.2952 13
    endloop
  endfacet
  facet normal -0 0 1
    outer loop
      vertex 8.71845 80.4593 13
      vertex 21.2143 64.9586 13
      vertex 8.85 80.5278 13
    endloop
  endfacet
  facet normal 0 0 1
    outer loop
      vertex 13.95 45 13
      vertex 9.59748 8.58143 13
      vertex 9.64207 8.43999 13
    endloop
  endfacet
  facet normal -0 0 1
    outer loop
      vertex 8.58143 80.4025 13
      vertex 21.2143 64.9586 13
      vertex 8.71845 80.4593 13
    endloop
  endfacet
  facet normal 0 0 1
    outer loop
      vertex 13.95 45 13
      vertex 9.54072 8.71845 13
      vertex 9.59748 8.58143 13
    endloop
  endfacet
  facet normal 0 0 1
    outer loop
      vertex 21.2143 64.9586 13
      vertex 8.58143 80.4025 13
      vertex 19.5653 62.8095 13
    endloop
  endfacet
  facet normal 0 0 1
    outer loop
      vertex 13.95 45 13
      vertex 9.47224 8.85 13
      vertex 9.54072 8.71845 13
    endloop
  endfacet
  facet normal -0 0 1
    outer loop
      vertex 8.43999 80.3579 13
      vertex 19.5653 62.8095 13
      vertex 8.58143 80.4025 13
    endloop
  endfacet
  facet normal 0 0 1
    outer loop
      vertex 13.95 45 13
      vertex 9.39256 8.97508 13
      vertex 9.47224 8.85 13
    endloop
  endfacet
  facet normal -0 0 1
    outer loop
      vertex 8.2952 80.3258 13
      vertex 19.5653 62.8095 13
      vertex 8.43999 80.3579 13
    endloop
  endfacet
  facet normal 0 0 1
    outer loop
      vertex 13.95 45 13
      vertex 9.30227 9.09274 13
      vertex 9.39256 8.97508 13
    endloop
  endfacet
  facet normal -0 0 1
    outer loop
      vertex 8.14816 80.3065 13
      vertex 19.5653 62.8095 13
      vertex 8.2952 80.3258 13
    endloop
  endfacet
  facet normal 0 0 1
    outer loop
      vertex 13.95 45 13
      vertex 9.20208 9.20208 13
      vertex 9.30227 9.09274 13
    endloop
  endfacet
  facet normal 0 0 1
    outer loop
      vertex 19.5653 62.8095 13
      vertex 8.14816 80.3065 13
      vertex 18.1099 60.525 13
    endloop
  endfacet
  facet normal 0 0 1
    outer loop
      vertex 13.95 45 13
      vertex 9.09274 9.30227 13
      vertex 9.20208 9.20208 13
    endloop
  endfacet
  facet normal -0 0 1
    outer loop
      vertex 8 80.3 13
      vertex 18.1099 60.525 13
      vertex 8.14816 80.3065 13
    endloop
  endfacet
  facet normal 0 0 1
    outer loop
      vertex 13.95 45 13
      vertex 8.97508 9.39256 13
      vertex 9.09274 9.30227 13
    endloop
  endfacet
  facet normal 0 0 1
    outer loop
      vertex 7.85183 80.3065 13
      vertex 18.1099 60.525 13
      vertex 8 80.3 13
    endloop
  endfacet
  facet normal 0 0 1
    outer loop
      vertex 13.95 45 13
      vertex 8.85 9.47224 13
      vertex 8.97508 9.39256 13
    endloop
  endfacet
  facet normal 0 0 1
    outer loop
      vertex 7.7048 80.3258 13
      vertex 18.1099 60.525 13
      vertex 7.85183 80.3065 13
    endloop
  endfacet
  facet normal 0 0 1
    outer loop
      vertex 13.95 45 13
      vertex 8.71845 9.54072 13
      vertex 8.85 9.47224 13
    endloop
  endfacet
  facet normal 0 0 1
    outer loop
      vertex 18.1099 60.525 13
      vertex 7.7048 80.3258 13
      vertex 16.8591 58.1223 13
    endloop
  endfacet
  facet normal 0 0 1
    outer loop
      vertex 13.95 45 13
      vertex 8.58143 9.59748 13
      vertex 8.71845 9.54072 13
    endloop
  endfacet
  facet normal 0 0 1
    outer loop
      vertex 7.56001 80.3579 13
      vertex 16.8591 58.1223 13
      vertex 7.7048 80.3258 13
    endloop
  endfacet
  facet normal 0 0 1
    outer loop
      vertex 13.95 45 13
      vertex 8.43999 9.64207 13
      vertex 8.58143 9.59748 13
    endloop
  endfacet
  facet normal 0 0 1
    outer loop
      vertex 7.41857 80.4025 13
      vertex 16.8591 58.1223 13
      vertex 7.56001 80.3579 13
    endloop
  endfacet
  facet normal 0 0 1
    outer loop
      vertex 13.95 45 13
      vertex 8.2952 9.67417 13
      vertex 8.43999 9.64207 13
    endloop
  endfacet
  facet normal 0 0 1
    outer loop
      vertex 7.28155 80.4593 13
      vertex 16.8591 58.1223 13
      vertex 7.41857 80.4025 13
    endloop
  endfacet
  facet normal 0 0 1
    outer loop
      vertex 13.95 45 13
      vertex 8.14816 9.69353 13
      vertex 8.2952 9.67417 13
    endloop
  endfacet
  facet normal 0 0 1
    outer loop
      vertex 16.8591 58.1223 13
      vertex 7.28155 80.4593 13
      vertex 15.8225 55.6197 13
    endloop
  endfacet
  facet normal 0 0 1
    outer loop
      vertex 13.95 45 13
      vertex 8 9.7 13
      vertex 8.14816 9.69353 13
    endloop
  endfacet
  facet normal 0 0 1
    outer loop
      vertex 7.15 80.5278 13
      vertex 15.8225 55.6197 13
      vertex 7.28155 80.4593 13
    endloop
  endfacet
  facet normal 0 0 1
    outer loop
      vertex 13.95 45 13
      vertex 7.85183 9.69353 13
      vertex 8 9.7 13
    endloop
  endfacet
  facet normal 0 0 1
    outer loop
      vertex 7.02492 80.6074 13
      vertex 15.8225 55.6197 13
      vertex 7.15 80.5278 13
    endloop
  endfacet
  facet normal 0 0 1
    outer loop
      vertex 13.95 45 13
      vertex 7.7048 9.67417 13
      vertex 7.85183 9.69353 13
    endloop
  endfacet
  facet normal 0 0 1
    outer loop
      vertex 15.8225 55.6197 13
      vertex 7.02492 80.6074 13
      vertex 15.008 53.0363 13
    endloop
  endfacet
  facet normal 0 0 1
    outer loop
      vertex 13.95 45 13
      vertex 7.56001 9.64207 13
      vertex 7.7048 9.67417 13
    endloop
  endfacet
  facet normal 0 0 1
    outer loop
      vertex 6.90726 80.6977 13
      vertex 15.008 53.0363 13
      vertex 7.02492 80.6074 13
    endloop
  endfacet
  facet normal 0 0 1
    outer loop
      vertex 13.95 45 13
      vertex 7.41857 9.59748 13
      vertex 7.56001 9.64207 13
    endloop
  endfacet
  facet normal 0 0 1
    outer loop
      vertex 6.79792 80.7979 13
      vertex 15.008 53.0363 13
      vertex 6.90726 80.6977 13
    endloop
  endfacet
  facet normal 0 0 1
    outer loop
      vertex 13.95 45 13
      vertex 7.28155 9.54072 13
      vertex 7.41857 9.59748 13
    endloop
  endfacet
  facet normal 0 0 1
    outer loop
      vertex 0 86 13
      vertex 15.008 53.0363 13
      vertex 6.79792 80.7979 13
    endloop
  endfacet
  facet normal 0 0 1
    outer loop
      vertex 13.95 45 13
      vertex 7.15 9.47224 13
      vertex 7.28155 9.54072 13
    endloop
  endfacet
  facet normal 0 0 1
    outer loop
      vertex 15.008 53.0363 13
      vertex 0 86 13
      vertex 14.4217 50.3918 13
    endloop
  endfacet
  facet normal 0 0 1
    outer loop
      vertex 13.95 45 13
      vertex 7.02492 9.39256 13
      vertex 7.15 9.47224 13
    endloop
  endfacet
  facet normal 0 0 1
    outer loop
      vertex 14.4217 50.3918 13
      vertex 0 86 13
      vertex 14.0682 47.7062 13
    endloop
  endfacet
  facet normal 0 0 1
    outer loop
      vertex 13.95 45 13
      vertex 6.90726 9.30227 13
      vertex 7.02492 9.39256 13
    endloop
  endfacet
  facet normal 0 0 1
    outer loop
      vertex 14.0682 47.7062 13
      vertex 0 86 13
      vertex 13.95 45 13
    endloop
  endfacet
  facet normal 0 0 1
    outer loop
      vertex 13.95 45 13
      vertex 6.79792 9.20208 13
      vertex 6.90726 9.30227 13
    endloop
  endfacet
  facet normal 0 0 1
    outer loop
      vertex 0 86 13
      vertex 6.79792 80.7979 13
      vertex 6.69772 80.9073 13
    endloop
  endfacet
  facet normal 0 0 1
    outer loop
      vertex 0 4 13
      vertex 13.95 45 13
      vertex 0 86 13
    endloop
  endfacet
  facet normal 0 0 1
    outer loop
      vertex 0 86 13
      vertex 6.69772 80.9073 13
      vertex 6.60744 81.0249 13
    endloop
  endfacet
  facet normal 0 0 1
    outer loop
      vertex 13.95 45 13
      vertex 0 4 13
      vertex 6.79792 9.20208 13
    endloop
  endfacet
  facet normal 0 0 1
    outer loop
      vertex 0 86 13
      vertex 6.60744 81.0249 13
      vertex 6.52776 81.15 13
    endloop
  endfacet
  facet normal 0 0 1
    outer loop
      vertex 6.79792 9.20208 13
      vertex 0 4 13
      vertex 6.69772 9.09274 13
    endloop
  endfacet
  facet normal 0 0 1
    outer loop
      vertex 0 86 13
      vertex 6.52776 81.15 13
      vertex 6.45928 81.2815 13
    endloop
  endfacet
  facet normal 0 0 1
    outer loop
      vertex 6.69772 9.09274 13
      vertex 0 4 13
      vertex 6.60744 8.97508 13
    endloop
  endfacet
  facet normal 0 0 1
    outer loop
      vertex 0 86 13
      vertex 6.45928 81.2815 13
      vertex 6.40252 81.4186 13
    endloop
  endfacet
  facet normal 0 0 1
    outer loop
      vertex 6.60744 8.97508 13
      vertex 0 4 13
      vertex 6.52776 8.85 13
    endloop
  endfacet
  facet normal 0 0 1
    outer loop
      vertex 0 86 13
      vertex 6.40252 81.4186 13
      vertex 6.35793 81.56 13
    endloop
  endfacet
  facet normal 0 0 1
    outer loop
      vertex 6.52776 8.85 13
      vertex 0 4 13
      vertex 6.45928 8.71845 13
    endloop
  endfacet
  facet normal 0 0 1
    outer loop
      vertex 0 86 13
      vertex 6.35793 81.56 13
      vertex 6.32583 81.7048 13
    endloop
  endfacet
  facet normal 0 0 1
    outer loop
      vertex 6.45928 8.71845 13
      vertex 0 4 13
      vertex 6.40252 8.58143 13
    endloop
  endfacet
  facet normal 0 0 1
    outer loop
      vertex 0 86 13
      vertex 6.32583 81.7048 13
      vertex 6.30647 81.8518 13
    endloop
  endfacet
  facet normal 0 0 1
    outer loop
      vertex 6.40252 8.58143 13
      vertex 0 4 13
      vertex 6.35793 8.43999 13
    endloop
  endfacet
  facet normal 0 0 1
    outer loop
      vertex 0 86 13
      vertex 6.30647 81.8518 13
      vertex 6.3 82 13
    endloop
  endfacet
  facet normal 0 0 1
    outer loop
      vertex 6.35793 8.43999 13
      vertex 0 4 13
      vertex 6.32583 8.2952 13
    endloop
  endfacet
  facet normal 0 0 1
    outer loop
      vertex 83.6421 81.56 13
      vertex 90 86 13
      vertex 83.6742 81.7048 13
    endloop
  endfacet
  facet normal 0 0 1
    outer loop
      vertex 90 4 13
      vertex 83.6935 8.14816 13
      vertex 83.7 8 13
    endloop
  endfacet
  facet normal 0 0 1
    outer loop
      vertex 83.5975 81.4186 13
      vertex 90 86 13
      vertex 83.6421 81.56 13
    endloop
  endfacet
  facet normal 0 0 1
    outer loop
      vertex 90 4 13
      vertex 83.6742 8.2952 13
      vertex 83.6935 8.14816 13
    endloop
  endfacet
  facet normal 0 0 1
    outer loop
      vertex 83.5407 81.2815 13
      vertex 90 86 13
      vertex 83.5975 81.4186 13
    endloop
  endfacet
  facet normal 0 0 1
    outer loop
      vertex 90 4 13
      vertex 83.6421 8.43999 13
      vertex 83.6742 8.2952 13
    endloop
  endfacet
  facet normal 0 0 1
    outer loop
      vertex 83.4722 81.15 13
      vertex 90 86 13
      vertex 83.5407 81.2815 13
    endloop
  endfacet
  facet normal 0 0 1
    outer loop
      vertex 90 4 13
      vertex 83.5975 8.58143 13
      vertex 83.6421 8.43999 13
    endloop
  endfacet
  facet normal 0 0 1
    outer loop
      vertex 90 86 13
      vertex 76.05 45 13
      vertex 90 4 13
    endloop
  endfacet
  facet normal 0 0 1
    outer loop
      vertex 90 4 13
      vertex 83.5407 8.71845 13
      vertex 83.5975 8.58143 13
    endloop
  endfacet
  facet normal 0 0 1
    outer loop
      vertex 83.3926 81.0249 13
      vertex 90 86 13
      vertex 83.4722 81.15 13
    endloop
  endfacet
  facet normal -0 0 1
    outer loop
      vertex 75.9318 42.2938 13
      vertex 90 4 13
      vertex 76.05 45 13
    endloop
  endfacet
  facet normal 0 0 1
    outer loop
      vertex 83.3023 80.9073 13
      vertex 90 86 13
      vertex 83.3926 81.0249 13
    endloop
  endfacet
  facet normal -0 0 1
    outer loop
      vertex 75.5783 39.6082 13
      vertex 90 4 13
      vertex 75.9318 42.2938 13
    endloop
  endfacet
  facet normal 0 0 1
    outer loop
      vertex 83.2021 80.7979 13
      vertex 90 86 13
      vertex 83.3023 80.9073 13
    endloop
  endfacet
  facet normal 0 0 1
    outer loop
      vertex 90 4 13
      vertex 83.4722 8.85 13
      vertex 83.5407 8.71845 13
    endloop
  endfacet
  facet normal 0 0 1
    outer loop
      vertex 74.992 53.0363 13
      vertex 90 86 13
      vertex 83.2021 80.7979 13
    endloop
  endfacet
  facet normal 0 0 1
    outer loop
      vertex 90 4 13
      vertex 83.3926 8.97508 13
      vertex 83.4722 8.85 13
    endloop
  endfacet
  facet normal 0 0 1
    outer loop
      vertex 74.992 53.0363 13
      vertex 83.2021 80.7979 13
      vertex 83.0927 80.6977 13
    endloop
  endfacet
  facet normal -0 0 1
    outer loop
      vertex 74.992 36.9637 13
      vertex 90 4 13
      vertex 75.5783 39.6082 13
    endloop
  endfacet
  facet normal 0 0 1
    outer loop
      vertex 74.992 53.0363 13
      vertex 83.0927 80.6977 13
      vertex 82.9751 80.6074 13
    endloop
  endfacet
  facet normal 0 0 1
    outer loop
      vertex 90 4 13
      vertex 83.3023 9.09274 13
      vertex 83.3926 8.97508 13
    endloop
  endfacet
  facet normal 0 0 1
    outer loop
      vertex 74.1775 55.6197 13
      vertex 82.9751 80.6074 13
      vertex 82.85 80.5278 13
    endloop
  endfacet
  facet normal 0 0 1
    outer loop
      vertex 90 4 13
      vertex 83.2021 9.20208 13
      vertex 83.3023 9.09274 13
    endloop
  endfacet
  facet normal 0 0 1
    outer loop
      vertex 74.1775 55.6197 13
      vertex 82.85 80.5278 13
      vertex 82.7185 80.4593 13
    endloop
  endfacet
  facet normal 0 0 1
    outer loop
      vertex 90 4 13
      vertex 74.992 36.9637 13
      vertex 83.2021 9.20208 13
    endloop
  endfacet
  facet normal 0 0 1
    outer loop
      vertex 73.1409 58.1223 13
      vertex 82.7185 80.4593 13
      vertex 82.5814 80.4025 13
    endloop
  endfacet
  facet normal 0 0 1
    outer loop
      vertex 83.2021 9.20208 13
      vertex 74.992 36.9637 13
      vertex 83.0927 9.30227 13
    endloop
  endfacet
  facet normal 0 0 1
    outer loop
      vertex 73.1409 58.1223 13
      vertex 82.5814 80.4025 13
      vertex 82.44 80.3579 13
    endloop
  endfacet
  facet normal 0 0 1
    outer loop
      vertex 83.0927 9.30227 13
      vertex 74.992 36.9637 13
      vertex 82.9751 9.39256 13
    endloop
  endfacet
  facet normal 0 0 1
    outer loop
      vertex 73.1409 58.1223 13
      vertex 82.44 80.3579 13
      vertex 82.2952 80.3258 13
    endloop
  endfacet
  facet normal -0 0 1
    outer loop
      vertex 74.1775 34.3803 13
      vertex 82.9751 9.39256 13
      vertex 74.992 36.9637 13
    endloop
  endfacet
  facet normal 0 0 1
    outer loop
      vertex 71.8901 60.525 13
      vertex 82.2952 80.3258 13
      vertex 82.1482 80.3065 13
    endloop
  endfacet
  facet normal 0 0 1
    outer loop
      vertex 82.9751 9.39256 13
      vertex 74.1775 34.3803 13
      vertex 82.85 9.47224 13
    endloop
  endfacet
  facet normal 0 0 1
    outer loop
      vertex 71.8901 60.525 13
      vertex 82.1482 80.3065 13
      vertex 82 80.3 13
    endloop
  endfacet
  facet normal 0 0 1
    outer loop
      vertex 82.85 9.47224 13
      vertex 74.1775 34.3803 13
      vertex 82.7185 9.54072 13
    endloop
  endfacet
  facet normal 0 0 1
    outer loop
      vertex 71.8901 60.525 13
      vertex 82 80.3 13
      vertex 81.8518 80.3065 13
    endloop
  endfacet
  facet normal -0 0 1
    outer loop
      vertex 73.1409 31.8777 13
      vertex 82.7185 9.54072 13
      vertex 74.1775 34.3803 13
    endloop
  endfacet
  facet normal 0 0 1
    outer loop
      vertex 70.4347 62.8095 13
      vertex 81.8518 80.3065 13
      vertex 81.7048 80.3258 13
    endloop
  endfacet
  facet normal 0 0 1
    outer loop
      vertex 82.7185 9.54072 13
      vertex 73.1409 31.8777 13
      vertex 82.5814 9.59748 13
    endloop
  endfacet
  facet normal 0 0 1
    outer loop
      vertex 70.4347 62.8095 13
      vertex 81.7048 80.3258 13
      vertex 81.56 80.3579 13
    endloop
  endfacet
  facet normal 0 0 1
    outer loop
      vertex 82.5814 9.59748 13
      vertex 73.1409 31.8777 13
      vertex 82.44 9.64207 13
    endloop
  endfacet
  facet normal 0 0 1
    outer loop
      vertex 70.4347 62.8095 13
      vertex 81.56 80.3579 13
      vertex 81.4186 80.4025 13
    endloop
  endfacet
  facet normal 0 0 1
    outer loop
      vertex 82.44 9.64207 13
      vertex 73.1409 31.8777 13
      vertex 82.2952 9.67417 13
    endloop
  endfacet
  facet normal 0 0 1
    outer loop
      vertex 68.7857 64.9586 13
      vertex 81.4186 80.4025 13
      vertex 81.2815 80.4593 13
    endloop
  endfacet
  facet normal -0 0 1
    outer loop
      vertex 71.8901 29.475 13
      vertex 82.2952 9.67417 13
      vertex 73.1409 31.8777 13
    endloop
  endfacet
  facet normal 0 0 1
    outer loop
      vertex 68.7857 64.9586 13
      vertex 81.2815 80.4593 13
      vertex 81.15 80.5278 13
    endloop
  endfacet
  facet normal 0 0 1
    outer loop
      vertex 82.2952 9.67417 13
      vertex 71.8901 29.475 13
      vertex 82.1482 9.69353 13
    endloop
  endfacet
  facet normal 0 0 1
    outer loop
      vertex 68.7857 64.9586 13
      vertex 81.15 80.5278 13
      vertex 81.0249 80.6074 13
    endloop
  endfacet
  facet normal 0 0 1
    outer loop
      vertex 82.1482 9.69353 13
      vertex 71.8901 29.475 13
      vertex 82 9.7 13
    endloop
  endfacet
  facet normal 0 0 1
    outer loop
      vertex 66.9557 66.9557 13
      vertex 81.0249 80.6074 13
      vertex 80.9073 80.6977 13
    endloop
  endfacet
  facet normal 0 0 1
    outer loop
      vertex 82 9.7 13
      vertex 71.8901 29.475 13
      vertex 81.8518 9.69353 13
    endloop
  endfacet
  facet normal 0 0 1
    outer loop
      vertex 66.9557 66.9557 13
      vertex 80.9073 80.6977 13
      vertex 80.7979 80.7979 13
    endloop
  endfacet
  facet normal -0 0 1
    outer loop
      vertex 70.4347 27.1905 13
      vertex 81.8518 9.69353 13
      vertex 71.8901 29.475 13
    endloop
  endfacet
  facet normal 0 0 1
    outer loop
      vertex 66.9557 66.9557 13
      vertex 80.7979 80.7979 13
      vertex 80.6977 80.9073 13
    endloop
  endfacet
  facet normal 0 0 1
    outer loop
      vertex 81.8518 9.69353 13
      vertex 70.4347 27.1905 13
      vertex 81.7048 9.67417 13
    endloop
  endfacet
  facet normal 0 0 1
    outer loop
      vertex 66.9557 66.9557 13
      vertex 80.6977 80.9073 13
      vertex 80.6074 81.0249 13
    endloop
  endfacet
  facet normal 0 0 1
    outer loop
      vertex 81.7048 9.67417 13
      vertex 70.4347 27.1905 13
      vertex 81.56 9.64207 13
    endloop
  endfacet
  facet normal 0 0 1
    outer loop
      vertex 64.9586 68.7857 13
      vertex 80.6074 81.0249 13
      vertex 80.5278 81.15 13
    endloop
  endfacet
  facet normal 0 0 1
    outer loop
      vertex 81.56 9.64207 13
      vertex 70.4347 27.1905 13
      vertex 81.4186 9.59748 13
    endloop
  endfacet
  facet normal 0 0 1
    outer loop
      vertex 64.9586 68.7857 13
      vertex 80.5278 81.15 13
      vertex 80.4593 81.2815 13
    endloop
  endfacet
  facet normal -0 0 1
    outer loop
      vertex 68.7857 25.0414 13
      vertex 81.4186 9.59748 13
      vertex 70.4347 27.1905 13
    endloop
  endfacet
  facet normal 0 0 1
    outer loop
      vertex 64.9586 68.7857 13
      vertex 80.4593 81.2815 13
      vertex 80.4025 81.4186 13
    endloop
  endfacet
  facet normal 0 0 1
    outer loop
      vertex 81.4186 9.59748 13
      vertex 68.7857 25.0414 13
      vertex 81.2815 9.54072 13
    endloop
  endfacet
  facet normal 0 0 1
    outer loop
      vertex 62.8095 70.4347 13
      vertex 80.4025 81.4186 13
      vertex 80.3579 81.56 13
    endloop
  endfacet
  facet normal 0 0 1
    outer loop
      vertex 81.2815 9.54072 13
      vertex 68.7857 25.0414 13
      vertex 81.15 9.47224 13
    endloop
  endfacet
  facet normal 0 0 1
    outer loop
      vertex 62.8095 70.4347 13
      vertex 80.3579 81.56 13
      vertex 80.3258 81.7048 13
    endloop
  endfacet
  facet normal 0 0 1
    outer loop
      vertex 81.15 9.47224 13
      vertex 68.7857 25.0414 13
      vertex 81.0249 9.39256 13
    endloop
  endfacet
  facet normal 0 0 1
    outer loop
      vertex 62.8095 70.4347 13
      vertex 80.3258 81.7048 13
      vertex 80.3065 81.8518 13
    endloop
  endfacet
  facet normal -0 0 1
    outer loop
      vertex 66.9557 23.0443 13
      vertex 81.0249 9.39256 13
      vertex 68.7857 25.0414 13
    endloop
  endfacet
  facet normal 0 0 1
    outer loop
      vertex 62.8095 70.4347 13
      vertex 80.3065 81.8518 13
      vertex 80.3 82 13
    endloop
  endfacet
  facet normal 0 0 1
    outer loop
      vertex 81.0249 9.39256 13
      vertex 66.9557 23.0443 13
      vertex 80.9073 9.30227 13
    endloop
  endfacet
  facet normal 0 0 1
    outer loop
      vertex 83.2021 83.2021 13
      vertex 90 86 13
      vertex 89.9848 86.3486 13
    endloop
  endfacet
  facet normal 0 0 1
    outer loop
      vertex 83.6935 81.8518 13
      vertex 90 86 13
      vertex 83.7 82 13
    endloop
  endfacet
  facet normal 0 0 1
    outer loop
      vertex 83.2021 83.2021 13
      vertex 89.9848 86.3486 13
      vertex 89.9392 86.6946 13
    endloop
  endfacet
  facet normal 0 0 1
    outer loop
      vertex 83.6742 81.7048 13
      vertex 90 86 13
      vertex 83.6935 81.8518 13
    endloop
  endfacet
  facet normal 0 0 1
    outer loop
      vertex 83.2021 83.2021 13
      vertex 89.9392 86.6946 13
      vertex 89.8637 87.0353 13
    endloop
  endfacet
  facet normal -0 0 1
    outer loop
      vertex 83.6935 7.85183 13
      vertex 90 4 13
      vertex 83.7 8 13
    endloop
  endfacet
  facet normal 0 0 1
    outer loop
      vertex 83.2021 83.2021 13
      vertex 89.8637 87.0353 13
      vertex 89.7588 87.3681 13
    endloop
  endfacet
  facet normal -0 0 1
    outer loop
      vertex 83.6742 7.7048 13
      vertex 90 4 13
      vertex 83.6935 7.85183 13
    endloop
  endfacet
  facet normal 0 0 1
    outer loop
      vertex 83.2021 83.2021 13
      vertex 89.7588 87.3681 13
      vertex 89.6252 87.6905 13
    endloop
  endfacet
  facet normal -0 0 1
    outer loop
      vertex 83.6421 7.56001 13
      vertex 90 4 13
      vertex 83.6742 7.7048 13
    endloop
  endfacet
  facet normal 0 0 1
    outer loop
      vertex 83.2021 83.2021 13
      vertex 89.6252 87.6905 13
      vertex 89.4641 88 13
    endloop
  endfacet
  facet normal -0 0 1
    outer loop
      vertex 83.5975 7.41857 13
      vertex 90 4 13
      vertex 83.6421 7.56001 13
    endloop
  endfacet
  facet normal 0 0 1
    outer loop
      vertex 83.2021 83.2021 13
      vertex 89.4641 88 13
      vertex 89.2766 88.2943 13
    endloop
  endfacet
  facet normal -0 0 1
    outer loop
      vertex 83.5407 7.28155 13
      vertex 90 4 13
      vertex 83.5975 7.41857 13
    endloop
  endfacet
  facet normal 0 0 1
    outer loop
      vertex 83.2021 83.2021 13
      vertex 89.2766 88.2943 13
      vertex 89.0642 88.5712 13
    endloop
  endfacet
  facet normal -0 0 1
    outer loop
      vertex 83.4722 7.15 13
      vertex 90 4 13
      vertex 83.5407 7.28155 13
    endloop
  endfacet
  facet normal 0 0 1
    outer loop
      vertex 83.2021 83.2021 13
      vertex 89.0642 88.5712 13
      vertex 88.8284 88.8284 13
    endloop
  endfacet
  facet normal -0 0 1
    outer loop
      vertex 83.3926 7.02492 13
      vertex 90 4 13
      vertex 83.4722 7.15 13
    endloop
  endfacet
  facet normal 0 0 1
    outer loop
      vertex 83.2021 83.2021 13
      vertex 88.8284 88.8284 13
      vertex 88.5712 89.0642 13
    endloop
  endfacet
  facet normal -0 0 1
    outer loop
      vertex 83.3023 6.90726 13
      vertex 90 4 13
      vertex 83.3926 7.02492 13
    endloop
  endfacet
  facet normal 0 0 1
    outer loop
      vertex 83.2021 83.2021 13
      vertex 88.5712 89.0642 13
      vertex 88.2943 89.2766 13
    endloop
  endfacet
  facet normal -0 0 1
    outer loop
      vertex 83.2021 6.79792 13
      vertex 90 4 13
      vertex 83.3023 6.90726 13
    endloop
  endfacet
  facet normal 0 0 1
    outer loop
      vertex 83.2021 83.2021 13
      vertex 88.2943 89.2766 13
      vertex 88 89.4641 13
    endloop
  endfacet
  facet normal 0 0 1
    outer loop
      vertex 90 4 13
      vertex 83.2021 6.79792 13
      vertex 89.9848 3.65138 13
    endloop
  endfacet
  facet normal 0 0 1
    outer loop
      vertex 83.2021 83.2021 13
      vertex 88 89.4641 13
      vertex 87.6905 89.6252 13
    endloop
  endfacet
  facet normal 0 0 1
    outer loop
      vertex 89.9848 3.65138 13
      vertex 83.2021 6.79792 13
      vertex 89.9392 3.30541 13
    endloop
  endfacet
  facet normal 0 0 1
    outer loop
      vertex 83.2021 83.2021 13
      vertex 87.6905 89.6252 13
      vertex 87.3681 89.7588 13
    endloop
  endfacet
  facet normal 0 0 1
    outer loop
      vertex 89.9392 3.30541 13
      vertex 83.2021 6.79792 13
      vertex 89.8637 2.96472 13
    endloop
  endfacet
  facet normal 0 0 1
    outer loop
      vertex 83.2021 83.2021 13
      vertex 87.3681 89.7588 13
      vertex 87.0353 89.8637 13
    endloop
  endfacet
  facet normal 0 0 1
    outer loop
      vertex 89.8637 2.96472 13
      vertex 83.2021 6.79792 13
      vertex 89.7588 2.63192 13
    endloop
  endfacet
  facet normal 0 0 1
    outer loop
      vertex 83.2021 83.2021 13
      vertex 87.0353 89.8637 13
      vertex 86.6946 89.9392 13
    endloop
  endfacet
  facet normal 0 0 1
    outer loop
      vertex 89.7588 2.63192 13
      vertex 83.2021 6.79792 13
      vertex 89.6252 2.30953 13
    endloop
  endfacet
  facet normal 0 0 1
    outer loop
      vertex 83.2021 83.2021 13
      vertex 86.6946 89.9392 13
      vertex 86.3486 89.9848 13
    endloop
  endfacet
  facet normal 0 0 1
    outer loop
      vertex 89.6252 2.30953 13
      vertex 83.2021 6.79792 13
      vertex 89.4641 2 13
    endloop
  endfacet
  facet normal 0 0 1
    outer loop
      vertex 83.2021 83.2021 13
      vertex 86.3486 89.9848 13
      vertex 86 90 13
    endloop
  endfacet
  facet normal 0 0 1
    outer loop
      vertex 89.4641 2 13
      vertex 83.2021 6.79792 13
      vertex 89.2766 1.70569 13
    endloop
  endfacet
  facet normal 0 0 1
    outer loop
      vertex 89.2766 1.70569 13
      vertex 83.2021 6.79792 13
      vertex 89.0642 1.42885 13
    endloop
  endfacet
  facet normal 0 0 1
    outer loop
      vertex 90 86 13
      vertex 83.6935 82.1482 13
      vertex 83.7 82 13
    endloop
  endfacet
  facet normal 0 0 1
    outer loop
      vertex 90 86 13
      vertex 83.6742 82.2952 13
      vertex 83.6935 82.1482 13
    endloop
  endfacet
  facet normal 0 0 1
    outer loop
      vertex 90 86 13
      vertex 83.6421 82.44 13
      vertex 83.6742 82.2952 13
    endloop
  endfacet
  facet normal 0 0 1
    outer loop
      vertex 90 86 13
      vertex 83.5975 82.5814 13
      vertex 83.6421 82.44 13
    endloop
  endfacet
  facet normal 0 0 1
    outer loop
      vertex 90 86 13
      vertex 83.5407 82.7185 13
      vertex 83.5975 82.5814 13
    endloop
  endfacet
  facet normal 0 0 1
    outer loop
      vertex 90 86 13
      vertex 83.4722 82.85 13
      vertex 83.5407 82.7185 13
    endloop
  endfacet
  facet normal 0 0 1
    outer loop
      vertex 90 86 13
      vertex 83.3926 82.9751 13
      vertex 83.4722 82.85 13
    endloop
  endfacet
  facet normal 0 0 1
    outer loop
      vertex 90 86 13
      vertex 83.3023 83.0927 13
      vertex 83.3926 82.9751 13
    endloop
  endfacet
  facet normal 0 0 1
    outer loop
      vertex 90 86 13
      vertex 83.2021 83.2021 13
      vertex 83.3023 83.0927 13
    endloop
  endfacet
  facet normal 0 0 1
    outer loop
      vertex 86 90 13
      vertex 83.0927 83.3023 13
      vertex 83.2021 83.2021 13
    endloop
  endfacet
  facet normal 0 0 1
    outer loop
      vertex 86 90 13
      vertex 82.9751 83.3926 13
      vertex 83.0927 83.3023 13
    endloop
  endfacet
  facet normal 0 0 1
    outer loop
      vertex 86 90 13
      vertex 82.85 83.4722 13
      vertex 82.9751 83.3926 13
    endloop
  endfacet
  facet normal 0 0 1
    outer loop
      vertex 86 90 13
      vertex 82.7185 83.5407 13
      vertex 82.85 83.4722 13
    endloop
  endfacet
  facet normal 0 0 1
    outer loop
      vertex 86 90 13
      vertex 82.5814 83.5975 13
      vertex 82.7185 83.5407 13
    endloop
  endfacet
  facet normal 0 0 1
    outer loop
      vertex 86 90 13
      vertex 82.44 83.6421 13
      vertex 82.5814 83.5975 13
    endloop
  endfacet
  facet normal 0 0 1
    outer loop
      vertex 86 90 13
      vertex 82.2952 83.6742 13
      vertex 82.44 83.6421 13
    endloop
  endfacet
  facet normal 0 0 1
    outer loop
      vertex 86 90 13
      vertex 82.1482 83.6935 13
      vertex 82.2952 83.6742 13
    endloop
  endfacet
  facet normal 0 0 1
    outer loop
      vertex 86 90 13
      vertex 82 83.7 13
      vertex 82.1482 83.6935 13
    endloop
  endfacet
  facet normal 0 0 1
    outer loop
      vertex 86 90 13
      vertex 81.8518 83.6935 13
      vertex 82 83.7 13
    endloop
  endfacet
  facet normal 0 0 1
    outer loop
      vertex 86 90 13
      vertex 81.7048 83.6742 13
      vertex 81.8518 83.6935 13
    endloop
  endfacet
  facet normal 0 0 1
    outer loop
      vertex 86 90 13
      vertex 81.56 83.6421 13
      vertex 81.7048 83.6742 13
    endloop
  endfacet
  facet normal 0 0 1
    outer loop
      vertex 86 90 13
      vertex 81.4186 83.5975 13
      vertex 81.56 83.6421 13
    endloop
  endfacet
  facet normal 0 0 1
    outer loop
      vertex 86 90 13
      vertex 81.2815 83.5407 13
      vertex 81.4186 83.5975 13
    endloop
  endfacet
  facet normal 0 0 1
    outer loop
      vertex 86 90 13
      vertex 81.15 83.4722 13
      vertex 81.2815 83.5407 13
    endloop
  endfacet
  facet normal 0 0 1
    outer loop
      vertex 86 90 13
      vertex 81.0249 83.3926 13
      vertex 81.15 83.4722 13
    endloop
  endfacet
  facet normal 0 0 1
    outer loop
      vertex 86 90 13
      vertex 80.9073 83.3023 13
      vertex 81.0249 83.3926 13
    endloop
  endfacet
  facet normal 0 0 1
    outer loop
      vertex 86 90 13
      vertex 80.7979 83.2021 13
      vertex 80.9073 83.3023 13
    endloop
  endfacet
  facet normal 0 0 1
    outer loop
      vertex 53.0363 74.992 13
      vertex 80.7979 83.2021 13
      vertex 86 90 13
    endloop
  endfacet
  facet normal 0 0 1
    outer loop
      vertex 80.9073 9.30227 13
      vertex 66.9557 23.0443 13
      vertex 80.7979 9.20208 13
    endloop
  endfacet
  facet normal 0 0 1
    outer loop
      vertex 60.525 71.8901 13
      vertex 80.3 82 13
      vertex 80.3065 82.1482 13
    endloop
  endfacet
  facet normal 0 0 1
    outer loop
      vertex 90 86 13
      vertex 75.9318 47.7062 13
      vertex 76.05 45 13
    endloop
  endfacet
  facet normal 0 0 1
    outer loop
      vertex 90 86 13
      vertex 75.5783 50.3918 13
      vertex 75.9318 47.7062 13
    endloop
  endfacet
  facet normal 0 0 1
    outer loop
      vertex 60.525 71.8901 13
      vertex 80.3065 82.1482 13
      vertex 80.3258 82.2952 13
    endloop
  endfacet
  facet normal 0 0 1
    outer loop
      vertex 90 86 13
      vertex 74.992 53.0363 13
      vertex 75.5783 50.3918 13
    endloop
  endfacet
  facet normal 0 0 1
    outer loop
      vertex 82.9751 80.6074 13
      vertex 74.1775 55.6197 13
      vertex 74.992 53.0363 13
    endloop
  endfacet
  facet normal 0 0 1
    outer loop
      vertex 60.525 71.8901 13
      vertex 80.3258 82.2952 13
      vertex 80.3579 82.44 13
    endloop
  endfacet
  facet normal 0 0 1
    outer loop
      vertex 82.7185 80.4593 13
      vertex 73.1409 58.1223 13
      vertex 74.1775 55.6197 13
    endloop
  endfacet
  facet normal 0 0 1
    outer loop
      vertex 82.2952 80.3258 13
      vertex 71.8901 60.525 13
      vertex 73.1409 58.1223 13
    endloop
  endfacet
  facet normal 0 0 1
    outer loop
      vertex 58.1223 73.1409 13
      vertex 80.3579 82.44 13
      vertex 80.4025 82.5814 13
    endloop
  endfacet
  facet normal 0 0 1
    outer loop
      vertex 81.8518 80.3065 13
      vertex 70.4347 62.8095 13
      vertex 71.8901 60.525 13
    endloop
  endfacet
  facet normal 0 0 1
    outer loop
      vertex 58.1223 73.1409 13
      vertex 80.4025 82.5814 13
      vertex 80.4593 82.7185 13
    endloop
  endfacet
  facet normal 0 0 1
    outer loop
      vertex 81.4186 80.4025 13
      vertex 68.7857 64.9586 13
      vertex 70.4347 62.8095 13
    endloop
  endfacet
  facet normal 0 0 1
    outer loop
      vertex 55.6197 74.1775 13
      vertex 80.4593 82.7185 13
      vertex 80.5278 82.85 13
    endloop
  endfacet
  facet normal 0 0 1
    outer loop
      vertex 55.6197 74.1775 13
      vertex 80.5278 82.85 13
      vertex 80.6074 82.9751 13
    endloop
  endfacet
  facet normal 0 0 1
    outer loop
      vertex 81.0249 80.6074 13
      vertex 66.9557 66.9557 13
      vertex 68.7857 64.9586 13
    endloop
  endfacet
  facet normal 0 0 1
    outer loop
      vertex 53.0363 74.992 13
      vertex 80.6074 82.9751 13
      vertex 80.6977 83.0927 13
    endloop
  endfacet
  facet normal 0 0 1
    outer loop
      vertex 80.7979 83.2021 13
      vertex 53.0363 74.992 13
      vertex 80.6977 83.0927 13
    endloop
  endfacet
  facet normal 0 0 1
    outer loop
      vertex 80.6074 81.0249 13
      vertex 64.9586 68.7857 13
      vertex 66.9557 66.9557 13
    endloop
  endfacet
  facet normal 0 0 1
    outer loop
      vertex 80.4025 81.4186 13
      vertex 62.8095 70.4347 13
      vertex 64.9586 68.7857 13
    endloop
  endfacet
  facet normal 0 0 1
    outer loop
      vertex 80.3 82 13
      vertex 60.525 71.8901 13
      vertex 62.8095 70.4347 13
    endloop
  endfacet
  facet normal 0 0 1
    outer loop
      vertex 80.3579 82.44 13
      vertex 58.1223 73.1409 13
      vertex 60.525 71.8901 13
    endloop
  endfacet
  facet normal 0 0 1
    outer loop
      vertex 80.4593 82.7185 13
      vertex 55.6197 74.1775 13
      vertex 58.1223 73.1409 13
    endloop
  endfacet
  facet normal 0 0 1
    outer loop
      vertex 80.6074 82.9751 13
      vertex 53.0363 74.992 13
      vertex 55.6197 74.1775 13
    endloop
  endfacet
  facet normal 0 0 1
    outer loop
      vertex 86 90 13
      vertex 50.3918 75.5783 13
      vertex 53.0363 74.992 13
    endloop
  endfacet
  facet normal 0 0 1
    outer loop
      vertex 86 90 13
      vertex 47.7062 75.9318 13
      vertex 50.3918 75.5783 13
    endloop
  endfacet
  facet normal 0 0 1
    outer loop
      vertex 86 90 13
      vertex 45 76.05 13
      vertex 47.7062 75.9318 13
    endloop
  endfacet
  facet normal -0 0 1
    outer loop
      vertex 4 90 13
      vertex 45 76.05 13
      vertex 86 90 13
    endloop
  endfacet
  facet normal 0 0 1
    outer loop
      vertex 45 76.05 13
      vertex 4 90 13
      vertex 42.2938 75.9318 13
    endloop
  endfacet
  facet normal 0 0 1
    outer loop
      vertex 42.2938 75.9318 13
      vertex 4 90 13
      vertex 39.6082 75.5783 13
    endloop
  endfacet
  facet normal -0 0 1
    outer loop
      vertex 9.20208 80.7979 13
      vertex 23.0443 66.9557 13
      vertex 9.30227 80.9073 13
    endloop
  endfacet
  facet normal -0 0 1
    outer loop
      vertex 9.30227 80.9073 13
      vertex 23.0443 66.9557 13
      vertex 9.39256 81.0249 13
    endloop
  endfacet
  facet normal 0 0 1
    outer loop
      vertex 25.0414 68.7857 13
      vertex 9.39256 81.0249 13
      vertex 23.0443 66.9557 13
    endloop
  endfacet
  facet normal -0 0 1
    outer loop
      vertex 9.39256 81.0249 13
      vertex 25.0414 68.7857 13
      vertex 9.47224 81.15 13
    endloop
  endfacet
  facet normal -0 0 1
    outer loop
      vertex 9.47224 81.15 13
      vertex 25.0414 68.7857 13
      vertex 9.54072 81.2815 13
    endloop
  endfacet
  facet normal -0 0 1
    outer loop
      vertex 9.54072 81.2815 13
      vertex 25.0414 68.7857 13
      vertex 9.59748 81.4186 13
    endloop
  endfacet
  facet normal 0 0 1
    outer loop
      vertex 27.1905 70.4347 13
      vertex 9.59748 81.4186 13
      vertex 25.0414 68.7857 13
    endloop
  endfacet
  facet normal -0 0 1
    outer loop
      vertex 9.59748 81.4186 13
      vertex 27.1905 70.4347 13
      vertex 9.64207 81.56 13
    endloop
  endfacet
  facet normal -0 0 1
    outer loop
      vertex 9.64207 81.56 13
      vertex 27.1905 70.4347 13
      vertex 9.67417 81.7048 13
    endloop
  endfacet
  facet normal -0 0 1
    outer loop
      vertex 9.67417 81.7048 13
      vertex 27.1905 70.4347 13
      vertex 9.69353 81.8518 13
    endloop
  endfacet
  facet normal -0 0 1
    outer loop
      vertex 9.69353 81.8518 13
      vertex 27.1905 70.4347 13
      vertex 9.7 82 13
    endloop
  endfacet
  facet normal 0 0 1
    outer loop
      vertex 29.475 71.8901 13
      vertex 9.7 82 13
      vertex 27.1905 70.4347 13
    endloop
  endfacet
  facet normal 0 0 1
    outer loop
      vertex 9.67417 82.2952 13
      vertex 29.475 71.8901 13
      vertex 31.8777 73.1409 13
    endloop
  endfacet
  facet normal 0 0 1
    outer loop
      vertex 9.54072 82.7185 13
      vertex 31.8777 73.1409 13
      vertex 34.3803 74.1775 13
    endloop
  endfacet
  facet normal 0 0 1
    outer loop
      vertex 9.39256 82.9751 13
      vertex 34.3803 74.1775 13
      vertex 36.9637 74.992 13
    endloop
  endfacet
  facet normal 0 0 1
    outer loop
      vertex 39.6082 75.5783 13
      vertex 4 90 13
      vertex 36.9637 74.992 13
    endloop
  endfacet
  facet normal 0 0 1
    outer loop
      vertex 29.475 71.8901 13
      vertex 9.69353 82.1482 13
      vertex 9.7 82 13
    endloop
  endfacet
  facet normal 0 0 1
    outer loop
      vertex 29.475 71.8901 13
      vertex 9.67417 82.2952 13
      vertex 9.69353 82.1482 13
    endloop
  endfacet
  facet normal 0 0 1
    outer loop
      vertex 31.8777 73.1409 13
      vertex 9.64207 82.44 13
      vertex 9.67417 82.2952 13
    endloop
  endfacet
  facet normal 0 0 1
    outer loop
      vertex 31.8777 73.1409 13
      vertex 9.59748 82.5814 13
      vertex 9.64207 82.44 13
    endloop
  endfacet
  facet normal 0 0 1
    outer loop
      vertex 31.8777 73.1409 13
      vertex 9.54072 82.7185 13
      vertex 9.59748 82.5814 13
    endloop
  endfacet
  facet normal 0 0 1
    outer loop
      vertex 34.3803 74.1775 13
      vertex 9.47224 82.85 13
      vertex 9.54072 82.7185 13
    endloop
  endfacet
  facet normal 0 0 1
    outer loop
      vertex 34.3803 74.1775 13
      vertex 9.39256 82.9751 13
      vertex 9.47224 82.85 13
    endloop
  endfacet
  facet normal 0 0 1
    outer loop
      vertex 36.9637 74.992 13
      vertex 9.30227 83.0927 13
      vertex 9.39256 82.9751 13
    endloop
  endfacet
  facet normal 0 0 1
    outer loop
      vertex 36.9637 74.992 13
      vertex 9.20208 83.2021 13
      vertex 9.30227 83.0927 13
    endloop
  endfacet
  facet normal 0 0 1
    outer loop
      vertex 36.9637 74.992 13
      vertex 4 90 13
      vertex 9.20208 83.2021 13
    endloop
  endfacet
  facet normal 0 0 1
    outer loop
      vertex 9.20208 83.2021 13
      vertex 4 90 13
      vertex 9.09274 83.3023 13
    endloop
  endfacet
  facet normal 0 0 1
    outer loop
      vertex 9.09274 83.3023 13
      vertex 4 90 13
      vertex 8.97508 83.3926 13
    endloop
  endfacet
  facet normal 0 0 1
    outer loop
      vertex 8.97508 83.3926 13
      vertex 4 90 13
      vertex 8.85 83.4722 13
    endloop
  endfacet
  facet normal 0 0 1
    outer loop
      vertex 8.85 83.4722 13
      vertex 4 90 13
      vertex 8.71845 83.5407 13
    endloop
  endfacet
  facet normal 0 0 1
    outer loop
      vertex 8.71845 83.5407 13
      vertex 4 90 13
      vertex 8.58143 83.5975 13
    endloop
  endfacet
  facet normal 0 0 1
    outer loop
      vertex 8.58143 83.5975 13
      vertex 4 90 13
      vertex 8.43999 83.6421 13
    endloop
  endfacet
  facet normal 0 0 1
    outer loop
      vertex 8.43999 83.6421 13
      vertex 4 90 13
      vertex 8.2952 83.6742 13
    endloop
  endfacet
  facet normal 0 0 1
    outer loop
      vertex 8.2952 83.6742 13
      vertex 4 90 13
      vertex 8.14816 83.6935 13
    endloop
  endfacet
  facet normal 0 0 1
    outer loop
      vertex 8.14816 83.6935 13
      vertex 4 90 13
      vertex 8 83.7 13
    endloop
  endfacet
  facet normal 0 0 1
    outer loop
      vertex 6.30647 82.1482 13
      vertex 0 86 13
      vertex 6.3 82 13
    endloop
  endfacet
  facet normal 0 0 1
    outer loop
      vertex 6.32583 82.2952 13
      vertex 0 86 13
      vertex 6.30647 82.1482 13
    endloop
  endfacet
  facet normal 0 0 1
    outer loop
      vertex 6.35793 82.44 13
      vertex 0 86 13
      vertex 6.32583 82.2952 13
    endloop
  endfacet
  facet normal 0 0 1
    outer loop
      vertex 6.40252 82.5814 13
      vertex 0 86 13
      vertex 6.35793 82.44 13
    endloop
  endfacet
  facet normal 0 0 1
    outer loop
      vertex 6.45928 82.7185 13
      vertex 0 86 13
      vertex 6.40252 82.5814 13
    endloop
  endfacet
  facet normal 0 0 1
    outer loop
      vertex 6.52776 82.85 13
      vertex 0 86 13
      vertex 6.45928 82.7185 13
    endloop
  endfacet
  facet normal 0 0 1
    outer loop
      vertex 6.60744 82.9751 13
      vertex 0 86 13
      vertex 6.52776 82.85 13
    endloop
  endfacet
  facet normal 0 0 1
    outer loop
      vertex 6.69772 83.0927 13
      vertex 0 86 13
      vertex 6.60744 82.9751 13
    endloop
  endfacet
  facet normal 0 0 1
    outer loop
      vertex 6.79792 83.2021 13
      vertex 0 86 13
      vertex 6.69772 83.0927 13
    endloop
  endfacet
  facet normal -0 0 1
    outer loop
      vertex 0 86 13
      vertex 6.79792 83.2021 13
      vertex 4 90 13
    endloop
  endfacet
  facet normal 0 0 1
    outer loop
      vertex 6.90726 83.3023 13
      vertex 4 90 13
      vertex 6.79792 83.2021 13
    endloop
  endfacet
  facet normal 0 0 1
    outer loop
      vertex 7.02492 83.3926 13
      vertex 4 90 13
      vertex 6.90726 83.3023 13
    endloop
  endfacet
  facet normal 0 0 1
    outer loop
      vertex 7.15 83.4722 13
      vertex 4 90 13
      vertex 7.02492 83.3926 13
    endloop
  endfacet
  facet normal 0 0 1
    outer loop
      vertex 7.28155 83.5407 13
      vertex 4 90 13
      vertex 7.15 83.4722 13
    endloop
  endfacet
  facet normal 0 0 1
    outer loop
      vertex 7.41857 83.5975 13
      vertex 4 90 13
      vertex 7.28155 83.5407 13
    endloop
  endfacet
  facet normal 0 0 1
    outer loop
      vertex 7.56001 83.6421 13
      vertex 4 90 13
      vertex 7.41857 83.5975 13
    endloop
  endfacet
  facet normal 0 0 1
    outer loop
      vertex 7.7048 83.6742 13
      vertex 4 90 13
      vertex 7.56001 83.6421 13
    endloop
  endfacet
  facet normal 0 0 1
    outer loop
      vertex 7.85183 83.6935 13
      vertex 4 90 13
      vertex 7.7048 83.6742 13
    endloop
  endfacet
  facet normal 0 0 1
    outer loop
      vertex 8 83.7 13
      vertex 4 90 13
      vertex 7.85183 83.6935 13
    endloop
  endfacet
  facet normal 0 0 1
    outer loop
      vertex 89.0642 1.42885 13
      vertex 83.2021 6.79792 13
      vertex 88.8284 1.17157 13
    endloop
  endfacet
  facet normal 0 0 1
    outer loop
      vertex 88.8284 1.17157 13
      vertex 83.2021 6.79792 13
      vertex 88.5712 0.935822 13
    endloop
  endfacet
  facet normal 0 0 1
    outer loop
      vertex 88.5712 0.935822 13
      vertex 83.2021 6.79792 13
      vertex 88.2943 0.723392 13
    endloop
  endfacet
  facet normal 0 0 1
    outer loop
      vertex 88.2943 0.723392 13
      vertex 83.2021 6.79792 13
      vertex 88 0.535898 13
    endloop
  endfacet
  facet normal 0 0 1
    outer loop
      vertex 88 0.535898 13
      vertex 83.2021 6.79792 13
      vertex 87.6905 0.374768 13
    endloop
  endfacet
  facet normal 0 0 1
    outer loop
      vertex 87.6905 0.374768 13
      vertex 83.2021 6.79792 13
      vertex 87.3681 0.241229 13
    endloop
  endfacet
  facet normal 0 0 1
    outer loop
      vertex 87.3681 0.241229 13
      vertex 83.2021 6.79792 13
      vertex 87.0353 0.136296 13
    endloop
  endfacet
  facet normal 0 0 1
    outer loop
      vertex 87.0353 0.136296 13
      vertex 83.2021 6.79792 13
      vertex 86.6946 0.0607681 13
    endloop
  endfacet
  facet normal 0 0 1
    outer loop
      vertex 86.6946 0.0607681 13
      vertex 83.2021 6.79792 13
      vertex 86.3486 0.0152206 13
    endloop
  endfacet
  facet normal 0 0 1
    outer loop
      vertex 86.3486 0.0152206 13
      vertex 83.2021 6.79792 13
      vertex 86 0 13
    endloop
  endfacet
  facet normal -0 0 1
    outer loop
      vertex 83.0927 6.69772 13
      vertex 86 0 13
      vertex 83.2021 6.79792 13
    endloop
  endfacet
  facet normal -0 0 1
    outer loop
      vertex 82.9751 6.60744 13
      vertex 86 0 13
      vertex 83.0927 6.69772 13
    endloop
  endfacet
  facet normal -0 0 1
    outer loop
      vertex 82.85 6.52776 13
      vertex 86 0 13
      vertex 82.9751 6.60744 13
    endloop
  endfacet
  facet normal -0 0 1
    outer loop
      vertex 82.7185 6.45928 13
      vertex 86 0 13
      vertex 82.85 6.52776 13
    endloop
  endfacet
  facet normal -0 0 1
    outer loop
      vertex 82.5814 6.40252 13
      vertex 86 0 13
      vertex 82.7185 6.45928 13
    endloop
  endfacet
  facet normal -0 0 1
    outer loop
      vertex 82.44 6.35793 13
      vertex 86 0 13
      vertex 82.5814 6.40252 13
    endloop
  endfacet
  facet normal -0 0 1
    outer loop
      vertex 82.2952 6.32583 13
      vertex 86 0 13
      vertex 82.44 6.35793 13
    endloop
  endfacet
  facet normal -0 0 1
    outer loop
      vertex 82.1482 6.30647 13
      vertex 86 0 13
      vertex 82.2952 6.32583 13
    endloop
  endfacet
  facet normal -0 0 1
    outer loop
      vertex 82 6.3 13
      vertex 86 0 13
      vertex 82.1482 6.30647 13
    endloop
  endfacet
  facet normal 0 0 1
    outer loop
      vertex 81.8518 6.30647 13
      vertex 86 0 13
      vertex 82 6.3 13
    endloop
  endfacet
  facet normal 0 0 1
    outer loop
      vertex 81.7048 6.32583 13
      vertex 86 0 13
      vertex 81.8518 6.30647 13
    endloop
  endfacet
  facet normal 0 0 1
    outer loop
      vertex 81.56 6.35793 13
      vertex 86 0 13
      vertex 81.7048 6.32583 13
    endloop
  endfacet
  facet normal 0 0 1
    outer loop
      vertex 81.4186 6.40252 13
      vertex 86 0 13
      vertex 81.56 6.35793 13
    endloop
  endfacet
  facet normal 0 0 1
    outer loop
      vertex 81.2815 6.45928 13
      vertex 86 0 13
      vertex 81.4186 6.40252 13
    endloop
  endfacet
  facet normal 0 0 1
    outer loop
      vertex 81.15 6.52776 13
      vertex 86 0 13
      vertex 81.2815 6.45928 13
    endloop
  endfacet
  facet normal 0 0 1
    outer loop
      vertex 81.0249 6.60744 13
      vertex 86 0 13
      vertex 81.15 6.52776 13
    endloop
  endfacet
  facet normal 0 0 1
    outer loop
      vertex 80.9073 6.69772 13
      vertex 86 0 13
      vertex 81.0249 6.60744 13
    endloop
  endfacet
  facet normal 0 0 1
    outer loop
      vertex 80.7979 6.79792 13
      vertex 86 0 13
      vertex 80.9073 6.69772 13
    endloop
  endfacet
  facet normal 0 0 1
    outer loop
      vertex 53.0363 15.008 13
      vertex 80.7979 6.79792 13
      vertex 80.6977 6.90726 13
    endloop
  endfacet
  facet normal 0 0 1
    outer loop
      vertex 80.7979 9.20208 13
      vertex 66.9557 23.0443 13
      vertex 80.6977 9.09274 13
    endloop
  endfacet
  facet normal 0 0 1
    outer loop
      vertex 80.6977 9.09274 13
      vertex 66.9557 23.0443 13
      vertex 80.6074 8.97508 13
    endloop
  endfacet
  facet normal -0 0 1
    outer loop
      vertex 64.9586 21.2143 13
      vertex 80.6074 8.97508 13
      vertex 66.9557 23.0443 13
    endloop
  endfacet
  facet normal 0 0 1
    outer loop
      vertex 80.6074 8.97508 13
      vertex 64.9586 21.2143 13
      vertex 80.5278 8.85 13
    endloop
  endfacet
  facet normal 0 0 1
    outer loop
      vertex 80.5278 8.85 13
      vertex 64.9586 21.2143 13
      vertex 80.4593 8.71845 13
    endloop
  endfacet
  facet normal 0 0 1
    outer loop
      vertex 80.4593 8.71845 13
      vertex 64.9586 21.2143 13
      vertex 80.4025 8.58143 13
    endloop
  endfacet
  facet normal -0 0 1
    outer loop
      vertex 62.8095 19.5653 13
      vertex 80.4025 8.58143 13
      vertex 64.9586 21.2143 13
    endloop
  endfacet
  facet normal 0 0 1
    outer loop
      vertex 80.4025 8.58143 13
      vertex 62.8095 19.5653 13
      vertex 80.3579 8.43999 13
    endloop
  endfacet
  facet normal 0 0 1
    outer loop
      vertex 80.3579 8.43999 13
      vertex 62.8095 19.5653 13
      vertex 80.3258 8.2952 13
    endloop
  endfacet
  facet normal 0 0 1
    outer loop
      vertex 80.3258 8.2952 13
      vertex 62.8095 19.5653 13
      vertex 80.3065 8.14816 13
    endloop
  endfacet
  facet normal 0 0 1
    outer loop
      vertex 80.3065 8.14816 13
      vertex 62.8095 19.5653 13
      vertex 80.3 8 13
    endloop
  endfacet
  facet normal -0 0 1
    outer loop
      vertex 60.525 18.1099 13
      vertex 80.3 8 13
      vertex 62.8095 19.5653 13
    endloop
  endfacet
  facet normal 0 0 1
    outer loop
      vertex 80.3 8 13
      vertex 60.525 18.1099 13
      vertex 80.3065 7.85183 13
    endloop
  endfacet
  facet normal 0 0 1
    outer loop
      vertex 80.3065 7.85183 13
      vertex 60.525 18.1099 13
      vertex 80.3258 7.7048 13
    endloop
  endfacet
  facet normal 0 0 1
    outer loop
      vertex 80.3258 7.7048 13
      vertex 60.525 18.1099 13
      vertex 80.3579 7.56001 13
    endloop
  endfacet
  facet normal -0 0 1
    outer loop
      vertex 58.1223 16.8591 13
      vertex 80.3579 7.56001 13
      vertex 60.525 18.1099 13
    endloop
  endfacet
  facet normal 0 0 1
    outer loop
      vertex 80.3579 7.56001 13
      vertex 58.1223 16.8591 13
      vertex 80.4025 7.41857 13
    endloop
  endfacet
  facet normal 0 0 1
    outer loop
      vertex 80.4025 7.41857 13
      vertex 58.1223 16.8591 13
      vertex 80.4593 7.28155 13
    endloop
  endfacet
  facet normal -0 0 1
    outer loop
      vertex 55.6197 15.8225 13
      vertex 80.4593 7.28155 13
      vertex 58.1223 16.8591 13
    endloop
  endfacet
  facet normal 0 0 1
    outer loop
      vertex 80.4593 7.28155 13
      vertex 55.6197 15.8225 13
      vertex 80.5278 7.15 13
    endloop
  endfacet
  facet normal 0 0 1
    outer loop
      vertex 80.5278 7.15 13
      vertex 55.6197 15.8225 13
      vertex 80.6074 7.02492 13
    endloop
  endfacet
  facet normal -0 0 1
    outer loop
      vertex 53.0363 15.008 13
      vertex 80.6074 7.02492 13
      vertex 55.6197 15.8225 13
    endloop
  endfacet
  facet normal 0 0 1
    outer loop
      vertex 80.6074 7.02492 13
      vertex 53.0363 15.008 13
      vertex 80.6977 6.90726 13
    endloop
  endfacet
  facet normal 0 0 1
    outer loop
      vertex 80.7979 6.79792 13
      vertex 53.0363 15.008 13
      vertex 86 0 13
    endloop
  endfacet
  facet normal -0 0 1
    outer loop
      vertex 50.3918 14.4217 13
      vertex 86 0 13
      vertex 53.0363 15.008 13
    endloop
  endfacet
  facet normal -0 0 1
    outer loop
      vertex 47.7062 14.0682 13
      vertex 86 0 13
      vertex 50.3918 14.4217 13
    endloop
  endfacet
  facet normal -0 0 1
    outer loop
      vertex 45 13.95 13
      vertex 86 0 13
      vertex 47.7062 14.0682 13
    endloop
  endfacet
  facet normal 0 0 1
    outer loop
      vertex 4 0 13
      vertex 45 13.95 13
      vertex 42.2938 14.0682 13
    endloop
  endfacet
  facet normal 0 0 1
    outer loop
      vertex 4 0 13
      vertex 42.2938 14.0682 13
      vertex 39.6082 14.4217 13
    endloop
  endfacet
  facet normal 0 0 1
    outer loop
      vertex 4 0 13
      vertex 39.6082 14.4217 13
      vertex 36.9637 15.008 13
    endloop
  endfacet
  facet normal -0 0 1
    outer loop
      vertex 9.09274 80.6977 13
      vertex 23.0443 66.9557 13
      vertex 9.20208 80.7979 13
    endloop
  endfacet
  facet normal 0 0 1
    outer loop
      vertex 13.95 45 13
      vertex 9.7 8 13
      vertex 14.0682 42.2938 13
    endloop
  endfacet
  facet normal 0 0 1
    outer loop
      vertex 9.7 8 13
      vertex 14.4217 39.6082 13
      vertex 14.0682 42.2938 13
    endloop
  endfacet
  facet normal 0 0 1
    outer loop
      vertex 9.7 8 13
      vertex 15.008 36.9637 13
      vertex 14.4217 39.6082 13
    endloop
  endfacet
  facet normal 0 0 1
    outer loop
      vertex 9.7 8 13
      vertex 15.8225 34.3803 13
      vertex 15.008 36.9637 13
    endloop
  endfacet
  facet normal 0 0 1
    outer loop
      vertex 9.7 8 13
      vertex 16.8591 31.8777 13
      vertex 15.8225 34.3803 13
    endloop
  endfacet
  facet normal 0 0 1
    outer loop
      vertex 9.7 8 13
      vertex 18.1099 29.475 13
      vertex 16.8591 31.8777 13
    endloop
  endfacet
  facet normal 0 0 1
    outer loop
      vertex 9.7 8 13
      vertex 19.5653 27.1905 13
      vertex 18.1099 29.475 13
    endloop
  endfacet
  facet normal 0 0 1
    outer loop
      vertex 9.7 8 13
      vertex 21.2143 25.0414 13
      vertex 19.5653 27.1905 13
    endloop
  endfacet
  facet normal 0 0 1
    outer loop
      vertex 9.7 8 13
      vertex 23.0443 23.0443 13
      vertex 21.2143 25.0414 13
    endloop
  endfacet
  facet normal 0 0 1
    outer loop
      vertex 9.7 8 13
      vertex 25.0414 21.2143 13
      vertex 23.0443 23.0443 13
    endloop
  endfacet
  facet normal 0 0 1
    outer loop
      vertex 9.7 8 13
      vertex 27.1905 19.5653 13
      vertex 25.0414 21.2143 13
    endloop
  endfacet
  facet normal 0 0 1
    outer loop
      vertex 9.7 8 13
      vertex 29.475 18.1099 13
      vertex 27.1905 19.5653 13
    endloop
  endfacet
  facet normal 0 0 1
    outer loop
      vertex 9.69353 7.85183 13
      vertex 29.475 18.1099 13
      vertex 9.7 8 13
    endloop
  endfacet
  facet normal 0 0 1
    outer loop
      vertex 9.67417 7.7048 13
      vertex 29.475 18.1099 13
      vertex 9.69353 7.85183 13
    endloop
  endfacet
  facet normal 0 0 1
    outer loop
      vertex 29.475 18.1099 13
      vertex 9.67417 7.7048 13
      vertex 31.8777 16.8591 13
    endloop
  endfacet
  facet normal 0 0 1
    outer loop
      vertex 9.64207 7.56001 13
      vertex 31.8777 16.8591 13
      vertex 9.67417 7.7048 13
    endloop
  endfacet
  facet normal 0 0 1
    outer loop
      vertex 9.59748 7.41857 13
      vertex 31.8777 16.8591 13
      vertex 9.64207 7.56001 13
    endloop
  endfacet
  facet normal 0 0 1
    outer loop
      vertex 9.54072 7.28155 13
      vertex 31.8777 16.8591 13
      vertex 9.59748 7.41857 13
    endloop
  endfacet
  facet normal 0 0 1
    outer loop
      vertex 31.8777 16.8591 13
      vertex 9.54072 7.28155 13
      vertex 34.3803 15.8225 13
    endloop
  endfacet
  facet normal 0 0 1
    outer loop
      vertex 9.47224 7.15 13
      vertex 34.3803 15.8225 13
      vertex 9.54072 7.28155 13
    endloop
  endfacet
  facet normal 0 0 1
    outer loop
      vertex 9.39256 7.02492 13
      vertex 34.3803 15.8225 13
      vertex 9.47224 7.15 13
    endloop
  endfacet
  facet normal 0 0 1
    outer loop
      vertex 34.3803 15.8225 13
      vertex 9.39256 7.02492 13
      vertex 36.9637 15.008 13
    endloop
  endfacet
  facet normal 0 0 1
    outer loop
      vertex 9.30227 6.90726 13
      vertex 36.9637 15.008 13
      vertex 9.39256 7.02492 13
    endloop
  endfacet
  facet normal 0 0 1
    outer loop
      vertex 9.20208 6.79792 13
      vertex 36.9637 15.008 13
      vertex 9.30227 6.90726 13
    endloop
  endfacet
  facet normal 0 0 1
    outer loop
      vertex 4 0 13
      vertex 36.9637 15.008 13
      vertex 9.20208 6.79792 13
    endloop
  endfacet
  facet normal 0 0 1
    outer loop
      vertex 4 0 13
      vertex 9.20208 6.79792 13
      vertex 9.09274 6.69772 13
    endloop
  endfacet
  facet normal 0 0 1
    outer loop
      vertex 4 0 13
      vertex 9.09274 6.69772 13
      vertex 8.97508 6.60744 13
    endloop
  endfacet
  facet normal 0 0 1
    outer loop
      vertex 4 0 13
      vertex 8.97508 6.60744 13
      vertex 8.85 6.52776 13
    endloop
  endfacet
  facet normal 0 0 1
    outer loop
      vertex 4 0 13
      vertex 8.85 6.52776 13
      vertex 8.71845 6.45928 13
    endloop
  endfacet
  facet normal 0 0 1
    outer loop
      vertex 4 0 13
      vertex 8.71845 6.45928 13
      vertex 8.58143 6.40252 13
    endloop
  endfacet
  facet normal 0 0 1
    outer loop
      vertex 4 0 13
      vertex 8.58143 6.40252 13
      vertex 8.43999 6.35793 13
    endloop
  endfacet
  facet normal 0 0 1
    outer loop
      vertex 4 0 13
      vertex 8.43999 6.35793 13
      vertex 8.2952 6.32583 13
    endloop
  endfacet
  facet normal 0 0 1
    outer loop
      vertex 4 0 13
      vertex 8.2952 6.32583 13
      vertex 8.14816 6.30647 13
    endloop
  endfacet
  facet normal 0 0 1
    outer loop
      vertex 4 0 13
      vertex 8.14816 6.30647 13
      vertex 8 6.3 13
    endloop
  endfacet
  facet normal 0 0 1
    outer loop
      vertex 4 0 13
      vertex 8 6.3 13
      vertex 7.85183 6.30647 13
    endloop
  endfacet
  facet normal 0 0 1
    outer loop
      vertex 45 13.95 13
      vertex 4 0 13
      vertex 86 0 13
    endloop
  endfacet
  facet normal 0 0 1
    outer loop
      vertex 7.7048 6.32583 13
      vertex 4 0 13
      vertex 7.85183 6.30647 13
    endloop
  endfacet
  facet normal 0 0 1
    outer loop
      vertex 7.56001 6.35793 13
      vertex 4 0 13
      vertex 7.7048 6.32583 13
    endloop
  endfacet
  facet normal 0 0 1
    outer loop
      vertex 7.41857 6.40252 13
      vertex 4 0 13
      vertex 7.56001 6.35793 13
    endloop
  endfacet
  facet normal 0 0 1
    outer loop
      vertex 7.28155 6.45928 13
      vertex 4 0 13
      vertex 7.41857 6.40252 13
    endloop
  endfacet
  facet normal 0 0 1
    outer loop
      vertex 7.15 6.52776 13
      vertex 4 0 13
      vertex 7.28155 6.45928 13
    endloop
  endfacet
  facet normal 0 0 1
    outer loop
      vertex 7.02492 6.60744 13
      vertex 4 0 13
      vertex 7.15 6.52776 13
    endloop
  endfacet
  facet normal 0 0 1
    outer loop
      vertex 6.90726 6.69772 13
      vertex 4 0 13
      vertex 7.02492 6.60744 13
    endloop
  endfacet
  facet normal 0 0 1
    outer loop
      vertex 6.79792 6.79792 13
      vertex 4 0 13
      vertex 6.90726 6.69772 13
    endloop
  endfacet
  facet normal 0 0 1
    outer loop
      vertex 0 4 13
      vertex 6.79792 6.79792 13
      vertex 6.69772 6.90726 13
    endloop
  endfacet
  facet normal 0 0 1
    outer loop
      vertex 0 4 13
      vertex 6.69772 6.90726 13
      vertex 6.60744 7.02492 13
    endloop
  endfacet
  facet normal 0 0 1
    outer loop
      vertex 0 4 13
      vertex 6.60744 7.02492 13
      vertex 6.52776 7.15 13
    endloop
  endfacet
  facet normal 0 0 1
    outer loop
      vertex 0 4 13
      vertex 6.52776 7.15 13
      vertex 6.45928 7.28155 13
    endloop
  endfacet
  facet normal 0 0 1
    outer loop
      vertex 0 4 13
      vertex 6.45928 7.28155 13
      vertex 6.40252 7.41857 13
    endloop
  endfacet
  facet normal 0 0 1
    outer loop
      vertex 0 4 13
      vertex 6.40252 7.41857 13
      vertex 6.35793 7.56001 13
    endloop
  endfacet
  facet normal 0 0 1
    outer loop
      vertex 0 4 13
      vertex 6.35793 7.56001 13
      vertex 6.32583 7.7048 13
    endloop
  endfacet
  facet normal 0 0 1
    outer loop
      vertex 0 4 13
      vertex 6.32583 7.7048 13
      vertex 6.30647 7.85183 13
    endloop
  endfacet
  facet normal 0 0 1
    outer loop
      vertex 0 4 13
      vertex 6.30647 7.85183 13
      vertex 6.3 8 13
    endloop
  endfacet
  facet normal 0 0 1
    outer loop
      vertex 6.32583 8.2952 13
      vertex 0 4 13
      vertex 6.30647 8.14816 13
    endloop
  endfacet
  facet normal 0 0 1
    outer loop
      vertex 0 86 13
      vertex 4 90 13
      vertex 3.65138 89.9848 13
    endloop
  endfacet
  facet normal 0 0 1
    outer loop
      vertex 6.30647 8.14816 13
      vertex 0 4 13
      vertex 6.3 8 13
    endloop
  endfacet
  facet normal 0 0 1
    outer loop
      vertex 0 86 13
      vertex 3.65138 89.9848 13
      vertex 3.30541 89.9392 13
    endloop
  endfacet
  facet normal 0 0 1
    outer loop
      vertex 6.79792 6.79792 13
      vertex 0 4 13
      vertex 4 0 13
    endloop
  endfacet
  facet normal 0 0 1
    outer loop
      vertex 0 86 13
      vertex 3.30541 89.9392 13
      vertex 2.96472 89.8637 13
    endloop
  endfacet
  facet normal 0 0 1
    outer loop
      vertex 4 0 13
      vertex 0 4 13
      vertex 3.65138 0.0152206 13
    endloop
  endfacet
  facet normal 0 0 1
    outer loop
      vertex 0 86 13
      vertex 2.96472 89.8637 13
      vertex 2.63192 89.7588 13
    endloop
  endfacet
  facet normal 0 0 1
    outer loop
      vertex 3.65138 0.0152206 13
      vertex 0 4 13
      vertex 3.30541 0.0607681 13
    endloop
  endfacet
  facet normal 0 0 1
    outer loop
      vertex 0 86 13
      vertex 2.63192 89.7588 13
      vertex 2.30953 89.6252 13
    endloop
  endfacet
  facet normal 0 0 1
    outer loop
      vertex 3.30541 0.0607681 13
      vertex 0 4 13
      vertex 2.96472 0.136296 13
    endloop
  endfacet
  facet normal 0 0 1
    outer loop
      vertex 0 86 13
      vertex 2.30953 89.6252 13
      vertex 2 89.4641 13
    endloop
  endfacet
  facet normal 0 0 1
    outer loop
      vertex 2.96472 0.136296 13
      vertex 0 4 13
      vertex 2.63192 0.241229 13
    endloop
  endfacet
  facet normal 0 0 1
    outer loop
      vertex 0 86 13
      vertex 2 89.4641 13
      vertex 1.70569 89.2766 13
    endloop
  endfacet
  facet normal 0 0 1
    outer loop
      vertex 2.63192 0.241229 13
      vertex 0 4 13
      vertex 2.30953 0.374768 13
    endloop
  endfacet
  facet normal 0 0 1
    outer loop
      vertex 0 86 13
      vertex 1.70569 89.2766 13
      vertex 1.42885 89.0642 13
    endloop
  endfacet
  facet normal 0 0 1
    outer loop
      vertex 2.30953 0.374768 13
      vertex 0 4 13
      vertex 2 0.535898 13
    endloop
  endfacet
  facet normal 0 0 1
    outer loop
      vertex 0 86 13
      vertex 1.42885 89.0642 13
      vertex 1.17157 88.8284 13
    endloop
  endfacet
  facet normal 0 0 1
    outer loop
      vertex 2 0.535898 13
      vertex 0 4 13
      vertex 1.70569 0.723392 13
    endloop
  endfacet
  facet normal 0 0 1
    outer loop
      vertex 0 86 13
      vertex 1.17157 88.8284 13
      vertex 0.935822 88.5712 13
    endloop
  endfacet
  facet normal 0 0 1
    outer loop
      vertex 1.70569 0.723392 13
      vertex 0 4 13
      vertex 1.42885 0.935822 13
    endloop
  endfacet
  facet normal 0 0 1
    outer loop
      vertex 0 86 13
      vertex 0.935822 88.5712 13
      vertex 0.723392 88.2943 13
    endloop
  endfacet
  facet normal 0 0 1
    outer loop
      vertex 1.42885 0.935822 13
      vertex 0 4 13
      vertex 1.17157 1.17157 13
    endloop
  endfacet
  facet normal 0 0 1
    outer loop
      vertex 0 86 13
      vertex 0.723392 88.2943 13
      vertex 0.535898 88 13
    endloop
  endfacet
  facet normal 0 0 1
    outer loop
      vertex 1.17157 1.17157 13
      vertex 0 4 13
      vertex 0.935822 1.42885 13
    endloop
  endfacet
  facet normal 0 0 1
    outer loop
      vertex 0 86 13
      vertex 0.535898 88 13
      vertex 0.374768 87.6905 13
    endloop
  endfacet
  facet normal 0 0 1
    outer loop
      vertex 0.935822 1.42885 13
      vertex 0 4 13
      vertex 0.723392 1.70569 13
    endloop
  endfacet
  facet normal 0 0 1
    outer loop
      vertex 0 86 13
      vertex 0.374768 87.6905 13
      vertex 0.241229 87.3681 13
    endloop
  endfacet
  facet normal 0 0 1
    outer loop
      vertex 0.723392 1.70569 13
      vertex 0 4 13
      vertex 0.535898 2 13
    endloop
  endfacet
  facet normal 0 0 1
    outer loop
      vertex 0 86 13
      vertex 0.241229 87.3681 13
      vertex 0.136296 87.0353 13
    endloop
  endfacet
  facet normal 0 0 1
    outer loop
      vertex 0.535898 2 13
      vertex 0 4 13
      vertex 0.374768 2.30953 13
    endloop
  endfacet
  facet normal 0 0 1
    outer loop
      vertex 0 86 13
      vertex 0.136296 87.0353 13
      vertex 0.0607681 86.6946 13
    endloop
  endfacet
  facet normal 0 0 1
    outer loop
      vertex 0.374768 2.30953 13
      vertex 0 4 13
      vertex 0.241229 2.63192 13
    endloop
  endfacet
  facet normal 0 0 1
    outer loop
      vertex 0 86 13
      vertex 0.0607681 86.6946 13
      vertex 0.0152206 86.3486 13
    endloop
  endfacet
  facet normal 0 0 1
    outer loop
      vertex 0.241229 2.63192 13
      vertex 0 4 13
      vertex 0.136296 2.96472 13
    endloop
  endfacet
  facet normal 0 0 1
    outer loop
      vertex 0.136296 2.96472 13
      vertex 0 4 13
      vertex 0.0607681 3.30541 13
    endloop
  endfacet
  facet normal 0 0 1
    outer loop
      vertex 0.0607681 3.30541 13
      vertex 0 4 13
      vertex 0.0152206 3.65138 13
    endloop
  endfacet
  facet normal -0.999048 0.0436205 0
    outer loop
      vertex 0 86 0
      vertex 0.0152206 86.3486 13
      vertex 0.0152206 86.3486 0
    endloop
  endfacet
  facet normal -0.999048 0.0436205 0
    outer loop
      vertex 0.0152206 86.3486 13
      vertex 0 86 0
      vertex 0 86 13
    endloop
  endfacet
  facet normal -0.999048 -0.043618 0
    outer loop
      vertex 0.0152206 3.65138 0
      vertex 0 4 13
      vertex 0 4 0
    endloop
  endfacet
  facet normal -0.999048 -0.043618 0
    outer loop
      vertex 0 4 13
      vertex 0.0152206 3.65138 0
      vertex 0.0152206 3.65138 13
    endloop
  endfacet
  facet normal -0.382685 -0.923879 0
    outer loop
      vertex 2.30953 0.374768 0
      vertex 2.63192 0.241229 13
      vertex 2.30953 0.374768 13
    endloop
  endfacet
  facet normal -0.382685 -0.923879 -0
    outer loop
      vertex 2.63192 0.241229 13
      vertex 2.30953 0.374768 0
      vertex 2.63192 0.241229 0
    endloop
  endfacet
  facet normal -0.130525 -0.991445 0
    outer loop
      vertex 3.30541 0.0607681 0
      vertex 3.65138 0.0152206 13
      vertex 3.30541 0.0607681 13
    endloop
  endfacet
  facet normal -0.130525 -0.991445 -0
    outer loop
      vertex 3.65138 0.0152206 13
      vertex 3.30541 0.0607681 0
      vertex 3.65138 0.0152206 0
    endloop
  endfacet
  facet normal 0 1 -0
    outer loop
      vertex 86 90 0
      vertex 4 90 13
      vertex 86 90 13
    endloop
  endfacet
  facet normal 0 1 0
    outer loop
      vertex 4 90 13
      vertex 86 90 0
      vertex 4 90 0
    endloop
  endfacet
  facet normal -0.382834 0.923817 0
    outer loop
      vertex 2.63192 89.7588 0
      vertex 2.30953 89.6252 13
      vertex 2.63192 89.7588 13
    endloop
  endfacet
  facet normal -0.382834 0.923817 0
    outer loop
      vertex 2.30953 89.6252 13
      vertex 2.63192 89.7588 0
      vertex 2.30953 89.6252 0
    endloop
  endfacet
  facet normal 0.737107 0.675777 0
    outer loop
      vertex 89.0642 88.5712 13
      vertex 88.8284 88.8284 0
      vertex 88.8284 88.8284 13
    endloop
  endfacet
  facet normal 0.737107 0.675777 0
    outer loop
      vertex 88.8284 88.8284 0
      vertex 89.0642 88.5712 13
      vertex 89.0642 88.5712 0
    endloop
  endfacet
  facet normal -1 0 0
    outer loop
      vertex 0 4 0
      vertex 0 86 13
      vertex 0 86 0
    endloop
  endfacet
  facet normal -1 -0 0
    outer loop
      vertex 0 86 13
      vertex 0 4 0
      vertex 0 4 13
    endloop
  endfacet
  facet normal -0 0 -1
    outer loop
      vertex 39.9441 40.7576 0
      vertex 8.97508 9.39256 0
      vertex 39.5936 41.2144 0
    endloop
  endfacet
  facet normal 0 0 -1
    outer loop
      vertex 32.3141 58.3827 0
      vertex 9.69353 81.8518 0
      vertex 9.7 82 0
    endloop
  endfacet
  facet normal 0 0 -1
    outer loop
      vertex 8.85 9.47224 0
      vertex 39.5936 41.2144 0
      vertex 8.97508 9.39256 0
    endloop
  endfacet
  facet normal 0 0 -1
    outer loop
      vertex 32.3141 58.3827 0
      vertex 9.67417 81.7048 0
      vertex 9.69353 81.8518 0
    endloop
  endfacet
  facet normal -0 0 -1
    outer loop
      vertex 39.5936 41.2144 0
      vertex 8.85 9.47224 0
      vertex 39.2842 41.7 0
    endloop
  endfacet
  facet normal 0 0 -1
    outer loop
      vertex 32.3141 58.3827 0
      vertex 9.64207 81.56 0
      vertex 9.67417 81.7048 0
    endloop
  endfacet
  facet normal 0 0 -1
    outer loop
      vertex 8.71845 9.54072 0
      vertex 39.2842 41.7 0
      vertex 8.85 9.47224 0
    endloop
  endfacet
  facet normal 0 0 -1
    outer loop
      vertex 32.3141 58.3827 0
      vertex 9.59748 81.4186 0
      vertex 9.64207 81.56 0
    endloop
  endfacet
  facet normal -0 0 -1
    outer loop
      vertex 39.2842 41.7 0
      vertex 8.71845 9.54072 0
      vertex 39.0184 42.2107 0
    endloop
  endfacet
  facet normal 0 0 -1
    outer loop
      vertex 32.3141 58.3827 0
      vertex 9.54072 81.2815 0
      vertex 9.59748 81.4186 0
    endloop
  endfacet
  facet normal 0 0 -1
    outer loop
      vertex 8.58143 9.59748 0
      vertex 39.0184 42.2107 0
      vertex 8.71845 9.54072 0
    endloop
  endfacet
  facet normal 0 0 -1
    outer loop
      vertex 32.3141 58.3827 0
      vertex 9.47224 81.15 0
      vertex 9.54072 81.2815 0
    endloop
  endfacet
  facet normal -0 0 -1
    outer loop
      vertex 39.0184 42.2107 0
      vertex 8.58143 9.59748 0
      vertex 38.798 42.7427 0
    endloop
  endfacet
  facet normal 0 0 -1
    outer loop
      vertex 32.3141 58.3827 0
      vertex 9.39256 81.0249 0
      vertex 9.47224 81.15 0
    endloop
  endfacet
  facet normal 0 0 -1
    outer loop
      vertex 8.43999 9.64207 0
      vertex 38.798 42.7427 0
      vertex 8.58143 9.59748 0
    endloop
  endfacet
  facet normal 0 0 -1
    outer loop
      vertex 32.3141 58.3827 0
      vertex 9.30227 80.9073 0
      vertex 9.39256 81.0249 0
    endloop
  endfacet
  facet normal -0 0 -1
    outer loop
      vertex 38.798 42.7427 0
      vertex 8.43999 9.64207 0
      vertex 38.6249 43.2918 0
    endloop
  endfacet
  facet normal 0 0 -1
    outer loop
      vertex 32.3141 58.3827 0
      vertex 9.20208 80.7979 0
      vertex 9.30227 80.9073 0
    endloop
  endfacet
  facet normal 0 0 -1
    outer loop
      vertex 8.2952 9.67417 0
      vertex 38.6249 43.2918 0
      vertex 8.43999 9.64207 0
    endloop
  endfacet
  facet normal 0 0 -1
    outer loop
      vertex 32.3141 58.3827 0
      vertex 9.09274 80.6977 0
      vertex 9.20208 80.7979 0
    endloop
  endfacet
  facet normal 0 0 -1
    outer loop
      vertex 8.14816 9.69353 0
      vertex 38.6249 43.2918 0
      vertex 8.2952 9.67417 0
    endloop
  endfacet
  facet normal 0 0 -1
    outer loop
      vertex 32.3141 58.3827 0
      vertex 8.97508 80.6074 0
      vertex 9.09274 80.6977 0
    endloop
  endfacet
  facet normal -0 0 -1
    outer loop
      vertex 38.6249 43.2918 0
      vertex 8.14816 9.69353 0
      vertex 38.5003 43.8539 0
    endloop
  endfacet
  facet normal 0 0 -1
    outer loop
      vertex 32.3141 58.3827 0
      vertex 8.85 80.5278 0
      vertex 8.97508 80.6074 0
    endloop
  endfacet
  facet normal -0 0 -1
    outer loop
      vertex 38.5003 43.8539 0
      vertex 8.14816 9.69353 0
      vertex 33.9414 55.2567 0
    endloop
  endfacet
  facet normal 0 0 -1
    outer loop
      vertex 32.3141 58.3827 0
      vertex 8.71845 80.4593 0
      vertex 8.85 80.5278 0
    endloop
  endfacet
  facet normal 0 0 -1
    outer loop
      vertex 8 9.7 0
      vertex 33.9414 55.2567 0
      vertex 8.14816 9.69353 0
    endloop
  endfacet
  facet normal 0 0 -1
    outer loop
      vertex 32.3141 58.3827 0
      vertex 8.58143 80.4025 0
      vertex 8.71845 80.4593 0
    endloop
  endfacet
  facet normal -0 0 -1
    outer loop
      vertex 33.9414 55.2567 0
      vertex 8 9.7 0
      vertex 33.3087 56.25 0
    endloop
  endfacet
  facet normal 0 0 -1
    outer loop
      vertex 32.3141 58.3827 0
      vertex 8.43999 80.3579 0
      vertex 8.58143 80.4025 0
    endloop
  endfacet
  facet normal 0 0 -1
    outer loop
      vertex 7.85183 9.69353 0
      vertex 33.3087 56.25 0
      vertex 8 9.7 0
    endloop
  endfacet
  facet normal 0 0 -1
    outer loop
      vertex 32.3141 58.3827 0
      vertex 8.2952 80.3258 0
      vertex 8.43999 80.3579 0
    endloop
  endfacet
  facet normal -0 0 -1
    outer loop
      vertex 33.3087 56.25 0
      vertex 7.85183 9.69353 0
      vertex 32.7648 57.2947 0
    endloop
  endfacet
  facet normal 0 0 -1
    outer loop
      vertex 32.3141 58.3827 0
      vertex 8.14816 80.3065 0
      vertex 8.2952 80.3258 0
    endloop
  endfacet
  facet normal 0 0 -1
    outer loop
      vertex 7.7048 9.67417 0
      vertex 32.7648 57.2947 0
      vertex 7.85183 9.69353 0
    endloop
  endfacet
  facet normal 0 0 -1
    outer loop
      vertex 32.3141 58.3827 0
      vertex 8 80.3 0
      vertex 8.14816 80.3065 0
    endloop
  endfacet
  facet normal -0 0 -1
    outer loop
      vertex 32.7648 57.2947 0
      vertex 7.7048 9.67417 0
      vertex 32.3141 58.3827 0
    endloop
  endfacet
  facet normal 0 0 -1
    outer loop
      vertex 32.3141 58.3827 0
      vertex 7.85183 80.3065 0
      vertex 8 80.3 0
    endloop
  endfacet
  facet normal 0 0 -1
    outer loop
      vertex 7.56001 9.64207 0
      vertex 32.3141 58.3827 0
      vertex 7.7048 9.67417 0
    endloop
  endfacet
  facet normal 0 0 -1
    outer loop
      vertex 32.3141 58.3827 0
      vertex 7.7048 80.3258 0
      vertex 7.85183 80.3065 0
    endloop
  endfacet
  facet normal 0 0 -1
    outer loop
      vertex 7.56001 80.3579 0
      vertex 32.3141 58.3827 0
      vertex 7.56001 9.64207 0
    endloop
  endfacet
  facet normal 0 0 -1
    outer loop
      vertex 32.3141 58.3827 0
      vertex 7.56001 80.3579 0
      vertex 7.7048 80.3258 0
    endloop
  endfacet
  facet normal 0 0 -1
    outer loop
      vertex 7.41857 9.59748 0
      vertex 7.56001 80.3579 0
      vertex 7.56001 9.64207 0
    endloop
  endfacet
  facet normal 0 0 -1
    outer loop
      vertex 7.41857 9.59748 0
      vertex 7.41857 80.4025 0
      vertex 7.56001 80.3579 0
    endloop
  endfacet
  facet normal 0 0 -1
    outer loop
      vertex 7.28155 9.54072 0
      vertex 7.41857 80.4025 0
      vertex 7.41857 9.59748 0
    endloop
  endfacet
  facet normal 0 0 -1
    outer loop
      vertex 7.28155 9.54072 0
      vertex 7.28155 80.4593 0
      vertex 7.41857 80.4025 0
    endloop
  endfacet
  facet normal 0 0 -1
    outer loop
      vertex 7.15 9.47224 0
      vertex 7.28155 80.4593 0
      vertex 7.28155 9.54072 0
    endloop
  endfacet
  facet normal 0 0 -1
    outer loop
      vertex 7.15 9.47224 0
      vertex 7.15 80.5278 0
      vertex 7.28155 80.4593 0
    endloop
  endfacet
  facet normal 0 0 -1
    outer loop
      vertex 7.02492 9.39256 0
      vertex 7.15 80.5278 0
      vertex 7.15 9.47224 0
    endloop
  endfacet
  facet normal 0 0 -1
    outer loop
      vertex 7.02492 9.39256 0
      vertex 7.02492 80.6074 0
      vertex 7.15 80.5278 0
    endloop
  endfacet
  facet normal 0 0 -1
    outer loop
      vertex 6.90726 9.30227 0
      vertex 7.02492 80.6074 0
      vertex 7.02492 9.39256 0
    endloop
  endfacet
  facet normal 0 0 -1
    outer loop
      vertex 6.90726 9.30227 0
      vertex 6.90726 80.6977 0
      vertex 7.02492 80.6074 0
    endloop
  endfacet
  facet normal 0 0 -1
    outer loop
      vertex 6.79792 9.20208 0
      vertex 6.90726 80.6977 0
      vertex 6.90726 9.30227 0
    endloop
  endfacet
  facet normal 0 0 -1
    outer loop
      vertex 6.79792 9.20208 0
      vertex 6.79792 80.7979 0
      vertex 6.90726 80.6977 0
    endloop
  endfacet
  facet normal 0 0 -1
    outer loop
      vertex 0 4 0
      vertex 6.79792 9.20208 0
      vertex 6.69772 9.09274 0
    endloop
  endfacet
  facet normal -0 0 -1
    outer loop
      vertex 6.79792 9.20208 0
      vertex 0 4 0
      vertex 6.79792 80.7979 0
    endloop
  endfacet
  facet normal 0 0 -1
    outer loop
      vertex 0 4 0
      vertex 6.69772 9.09274 0
      vertex 6.60744 8.97508 0
    endloop
  endfacet
  facet normal 0 0 -1
    outer loop
      vertex 0 86 0
      vertex 6.79792 80.7979 0
      vertex 0 4 0
    endloop
  endfacet
  facet normal 0 0 -1
    outer loop
      vertex 0 4 0
      vertex 6.60744 8.97508 0
      vertex 6.52776 8.85 0
    endloop
  endfacet
  facet normal 0 0 -1
    outer loop
      vertex 6.79792 80.7979 0
      vertex 0 86 0
      vertex 6.69772 80.9073 0
    endloop
  endfacet
  facet normal 0 0 -1
    outer loop
      vertex 0 4 0
      vertex 6.52776 8.85 0
      vertex 6.45928 8.71845 0
    endloop
  endfacet
  facet normal 0 0 -1
    outer loop
      vertex 6.69772 80.9073 0
      vertex 0 86 0
      vertex 6.60744 81.0249 0
    endloop
  endfacet
  facet normal 0 0 -1
    outer loop
      vertex 0 4 0
      vertex 6.45928 8.71845 0
      vertex 6.40252 8.58143 0
    endloop
  endfacet
  facet normal 0 0 -1
    outer loop
      vertex 6.60744 81.0249 0
      vertex 0 86 0
      vertex 6.52776 81.15 0
    endloop
  endfacet
  facet normal 0 0 -1
    outer loop
      vertex 0 4 0
      vertex 6.40252 8.58143 0
      vertex 6.35793 8.43999 0
    endloop
  endfacet
  facet normal 0 0 -1
    outer loop
      vertex 6.52776 81.15 0
      vertex 0 86 0
      vertex 6.45928 81.2815 0
    endloop
  endfacet
  facet normal 0 0 -1
    outer loop
      vertex 0 4 0
      vertex 6.35793 8.43999 0
      vertex 6.32583 8.2952 0
    endloop
  endfacet
  facet normal 0 0 -1
    outer loop
      vertex 6.45928 81.2815 0
      vertex 0 86 0
      vertex 6.40252 81.4186 0
    endloop
  endfacet
  facet normal 0 0 -1
    outer loop
      vertex 0 4 0
      vertex 6.32583 8.2952 0
      vertex 6.30647 8.14816 0
    endloop
  endfacet
  facet normal 0 0 -1
    outer loop
      vertex 6.40252 81.4186 0
      vertex 0 86 0
      vertex 6.35793 81.56 0
    endloop
  endfacet
  facet normal 0 0 -1
    outer loop
      vertex 0 4 0
      vertex 6.30647 8.14816 0
      vertex 6.3 8 0
    endloop
  endfacet
  facet normal 0 0 -1
    outer loop
      vertex 6.35793 81.56 0
      vertex 0 86 0
      vertex 6.32583 81.7048 0
    endloop
  endfacet
  facet normal 0 0 -1
    outer loop
      vertex 83.6421 8.43999 0
      vertex 90 4 0
      vertex 83.6742 8.2952 0
    endloop
  endfacet
  facet normal 0 0 -1
    outer loop
      vertex 90 86 0
      vertex 83.6935 81.8518 0
      vertex 83.7 82 0
    endloop
  endfacet
  facet normal 0 0 -1
    outer loop
      vertex 83.5975 8.58143 0
      vertex 90 4 0
      vertex 83.6421 8.43999 0
    endloop
  endfacet
  facet normal 0 0 -1
    outer loop
      vertex 90 86 0
      vertex 83.6742 81.7048 0
      vertex 83.6935 81.8518 0
    endloop
  endfacet
  facet normal 0 0 -1
    outer loop
      vertex 83.5407 8.71845 0
      vertex 90 4 0
      vertex 83.5975 8.58143 0
    endloop
  endfacet
  facet normal 0 0 -1
    outer loop
      vertex 90 86 0
      vertex 83.6421 81.56 0
      vertex 83.6742 81.7048 0
    endloop
  endfacet
  facet normal 0 0 -1
    outer loop
      vertex 83.4722 8.85 0
      vertex 90 4 0
      vertex 83.5407 8.71845 0
    endloop
  endfacet
  facet normal 0 0 -1
    outer loop
      vertex 90 86 0
      vertex 83.5975 81.4186 0
      vertex 83.6421 81.56 0
    endloop
  endfacet
  facet normal 0 0 -1
    outer loop
      vertex 83.3926 8.97508 0
      vertex 90 4 0
      vertex 83.4722 8.85 0
    endloop
  endfacet
  facet normal 0 0 -1
    outer loop
      vertex 90 86 0
      vertex 83.5407 81.2815 0
      vertex 83.5975 81.4186 0
    endloop
  endfacet
  facet normal 0 0 -1
    outer loop
      vertex 83.3023 9.09274 0
      vertex 90 4 0
      vertex 83.3926 8.97508 0
    endloop
  endfacet
  facet normal 0 0 -1
    outer loop
      vertex 90 86 0
      vertex 83.4722 81.15 0
      vertex 83.5407 81.2815 0
    endloop
  endfacet
  facet normal 0 0 -1
    outer loop
      vertex 83.2021 9.20208 0
      vertex 90 4 0
      vertex 83.3023 9.09274 0
    endloop
  endfacet
  facet normal 0 0 -1
    outer loop
      vertex 90 86 0
      vertex 83.3926 81.0249 0
      vertex 83.4722 81.15 0
    endloop
  endfacet
  facet normal 0 0 -1
    outer loop
      vertex 90 4 0
      vertex 83.2021 9.20208 0
      vertex 90 86 0
    endloop
  endfacet
  facet normal 0 0 -1
    outer loop
      vertex 90 86 0
      vertex 83.3023 80.9073 0
      vertex 83.3926 81.0249 0
    endloop
  endfacet
  facet normal 0 0 -1
    outer loop
      vertex 83.2021 80.7979 0
      vertex 90 86 0
      vertex 83.2021 9.20208 0
    endloop
  endfacet
  facet normal 0 0 -1
    outer loop
      vertex 90 86 0
      vertex 83.2021 80.7979 0
      vertex 83.3023 80.9073 0
    endloop
  endfacet
  facet normal 0 0 -1
    outer loop
      vertex 83.0927 9.30227 0
      vertex 83.2021 80.7979 0
      vertex 83.2021 9.20208 0
    endloop
  endfacet
  facet normal 0 0 -1
    outer loop
      vertex 83.0927 9.30227 0
      vertex 83.0927 80.6977 0
      vertex 83.2021 80.7979 0
    endloop
  endfacet
  facet normal 0 0 -1
    outer loop
      vertex 82.9751 9.39256 0
      vertex 83.0927 80.6977 0
      vertex 83.0927 9.30227 0
    endloop
  endfacet
  facet normal 0 0 -1
    outer loop
      vertex 82.9751 9.39256 0
      vertex 82.9751 80.6074 0
      vertex 83.0927 80.6977 0
    endloop
  endfacet
  facet normal 0 0 -1
    outer loop
      vertex 82.85 9.47224 0
      vertex 82.9751 80.6074 0
      vertex 82.9751 9.39256 0
    endloop
  endfacet
  facet normal 0 0 -1
    outer loop
      vertex 82.85 9.47224 0
      vertex 82.85 80.5278 0
      vertex 82.9751 80.6074 0
    endloop
  endfacet
  facet normal 0 0 -1
    outer loop
      vertex 82.7185 9.54072 0
      vertex 82.85 80.5278 0
      vertex 82.85 9.47224 0
    endloop
  endfacet
  facet normal 0 0 -1
    outer loop
      vertex 82.7185 9.54072 0
      vertex 82.7185 80.4593 0
      vertex 82.85 80.5278 0
    endloop
  endfacet
  facet normal 0 0 -1
    outer loop
      vertex 82.5814 9.59748 0
      vertex 82.7185 80.4593 0
      vertex 82.7185 9.54072 0
    endloop
  endfacet
  facet normal 0 0 -1
    outer loop
      vertex 82.5814 9.59748 0
      vertex 82.5814 80.4025 0
      vertex 82.7185 80.4593 0
    endloop
  endfacet
  facet normal 0 0 -1
    outer loop
      vertex 82.44 9.64207 0
      vertex 82.5814 80.4025 0
      vertex 82.5814 9.59748 0
    endloop
  endfacet
  facet normal 0 0 -1
    outer loop
      vertex 82.44 9.64207 0
      vertex 82.44 80.3579 0
      vertex 82.5814 80.4025 0
    endloop
  endfacet
  facet normal 0 0 -1
    outer loop
      vertex 57.6859 58.3827 0
      vertex 82.44 9.64207 0
      vertex 82.2952 9.67417 0
    endloop
  endfacet
  facet normal 0 0 -1
    outer loop
      vertex 82.44 9.64207 0
      vertex 57.6859 58.3827 0
      vertex 82.44 80.3579 0
    endloop
  endfacet
  facet normal 0 0 -1
    outer loop
      vertex 57.2352 57.2947 0
      vertex 82.2952 9.67417 0
      vertex 82.1482 9.69353 0
    endloop
  endfacet
  facet normal 0 0 -1
    outer loop
      vertex 82.44 80.3579 0
      vertex 57.6859 58.3827 0
      vertex 82.2952 80.3258 0
    endloop
  endfacet
  facet normal 0 0 -1
    outer loop
      vertex 56.6913 56.25 0
      vertex 82.1482 9.69353 0
      vertex 82 9.7 0
    endloop
  endfacet
  facet normal 0 -0 -1
    outer loop
      vertex 58.04 59.5059 0
      vertex 82.2952 80.3258 0
      vertex 57.6859 58.3827 0
    endloop
  endfacet
  facet normal 0 0 -1
    outer loop
      vertex 56.0586 55.2567 0
      vertex 82 9.7 0
      vertex 81.8518 9.69353 0
    endloop
  endfacet
  facet normal 0 0 -1
    outer loop
      vertex 82.2952 80.3258 0
      vertex 58.04 59.5059 0
      vertex 82.1482 80.3065 0
    endloop
  endfacet
  facet normal 0 0 -1
    outer loop
      vertex 51.3751 43.2918 0
      vertex 81.8518 9.69353 0
      vertex 81.7048 9.67417 0
    endloop
  endfacet
  facet normal 0 0 -1
    outer loop
      vertex 82.1482 80.3065 0
      vertex 58.04 59.5059 0
      vertex 82 80.3 0
    endloop
  endfacet
  facet normal 0 0 -1
    outer loop
      vertex 51.3751 43.2918 0
      vertex 81.7048 9.67417 0
      vertex 81.56 9.64207 0
    endloop
  endfacet
  facet normal 0 -0 -1
    outer loop
      vertex 58.2949 60.6558 0
      vertex 82 80.3 0
      vertex 58.04 59.5059 0
    endloop
  endfacet
  facet normal 0 0 -1
    outer loop
      vertex 51.202 42.7427 0
      vertex 81.56 9.64207 0
      vertex 81.4186 9.59748 0
    endloop
  endfacet
  facet normal -0 0 -1
    outer loop
      vertex 82 80.3 0
      vertex 58.2949 60.6558 0
      vertex 81.8518 80.3065 0
    endloop
  endfacet
  facet normal 0 0 -1
    outer loop
      vertex 50.9816 42.2107 0
      vertex 81.4186 9.59748 0
      vertex 81.2815 9.54072 0
    endloop
  endfacet
  facet normal 0 -0 -1
    outer loop
      vertex 58.4486 61.8234 0
      vertex 81.8518 80.3065 0
      vertex 58.2949 60.6558 0
    endloop
  endfacet
  facet normal 0 0 -1
    outer loop
      vertex 50.7158 41.7 0
      vertex 81.2815 9.54072 0
      vertex 81.15 9.47224 0
    endloop
  endfacet
  facet normal -0 0 -1
    outer loop
      vertex 81.8518 80.3065 0
      vertex 58.4486 61.8234 0
      vertex 81.7048 80.3258 0
    endloop
  endfacet
  facet normal 0 0 -1
    outer loop
      vertex 50.4064 41.2144 0
      vertex 81.15 9.47224 0
      vertex 81.0249 9.39256 0
    endloop
  endfacet
  facet normal -0 0 -1
    outer loop
      vertex 81.7048 80.3258 0
      vertex 58.4486 61.8234 0
      vertex 81.56 80.3579 0
    endloop
  endfacet
  facet normal 0 0 -1
    outer loop
      vertex 50.0559 40.7576 0
      vertex 81.0249 9.39256 0
      vertex 80.9073 9.30227 0
    endloop
  endfacet
  facet normal 0 -0 -1
    outer loop
      vertex 58.5 63 0
      vertex 81.56 80.3579 0
      vertex 58.4486 61.8234 0
    endloop
  endfacet
  facet normal 0 0 -1
    outer loop
      vertex 50.0559 40.7576 0
      vertex 80.9073 9.30227 0
      vertex 80.7979 9.20208 0
    endloop
  endfacet
  facet normal -0 0 -1
    outer loop
      vertex 81.56 80.3579 0
      vertex 58.5 63 0
      vertex 81.4186 80.4025 0
    endloop
  endfacet
  facet normal 0 0 -1
    outer loop
      vertex 49.6669 40.3331 0
      vertex 80.7979 9.20208 0
      vertex 80.6977 9.09274 0
    endloop
  endfacet
  facet normal 0 0 -1
    outer loop
      vertex 58.4486 64.1766 0
      vertex 81.4186 80.4025 0
      vertex 58.5 63 0
    endloop
  endfacet
  facet normal 0 0 -1
    outer loop
      vertex 49.2424 39.9441 0
      vertex 80.6977 9.09274 0
      vertex 80.6074 8.97508 0
    endloop
  endfacet
  facet normal -0 0 -1
    outer loop
      vertex 81.4186 80.4025 0
      vertex 58.4486 64.1766 0
      vertex 81.2815 80.4593 0
    endloop
  endfacet
  facet normal 0 0 -1
    outer loop
      vertex 48.7856 39.5936 0
      vertex 80.6074 8.97508 0
      vertex 80.5278 8.85 0
    endloop
  endfacet
  facet normal -0 0 -1
    outer loop
      vertex 81.2815 80.4593 0
      vertex 58.4486 64.1766 0
      vertex 81.15 80.5278 0
    endloop
  endfacet
  facet normal 0 0 -1
    outer loop
      vertex 48.3 39.2842 0
      vertex 80.5278 8.85 0
      vertex 80.4593 8.71845 0
    endloop
  endfacet
  facet normal 0 0 -1
    outer loop
      vertex 58.2949 65.3443 0
      vertex 81.15 80.5278 0
      vertex 58.4486 64.1766 0
    endloop
  endfacet
  facet normal 0 0 -1
    outer loop
      vertex 47.7893 39.0184 0
      vertex 80.4593 8.71845 0
      vertex 80.4025 8.58143 0
    endloop
  endfacet
  facet normal -0 0 -1
    outer loop
      vertex 81.15 80.5278 0
      vertex 58.2949 65.3443 0
      vertex 81.0249 80.6074 0
    endloop
  endfacet
  facet normal 0 0 -1
    outer loop
      vertex 47.7893 39.0184 0
      vertex 80.4025 8.58143 0
      vertex 80.3579 8.43999 0
    endloop
  endfacet
  facet normal 0 0 -1
    outer loop
      vertex 58.04 66.4941 0
      vertex 81.0249 80.6074 0
      vertex 58.2949 65.3443 0
    endloop
  endfacet
  facet normal 0 0 -1
    outer loop
      vertex 47.2573 38.798 0
      vertex 80.3579 8.43999 0
      vertex 80.3258 8.2952 0
    endloop
  endfacet
  facet normal -0 0 -1
    outer loop
      vertex 81.0249 80.6074 0
      vertex 58.04 66.4941 0
      vertex 80.9073 80.6977 0
    endloop
  endfacet
  facet normal 0 0 -1
    outer loop
      vertex 46.7082 38.6249 0
      vertex 80.3258 8.2952 0
      vertex 80.3065 8.14816 0
    endloop
  endfacet
  facet normal -0 0 -1
    outer loop
      vertex 80.9073 80.6977 0
      vertex 58.04 66.4941 0
      vertex 80.7979 80.7979 0
    endloop
  endfacet
  facet normal 0 0 -1
    outer loop
      vertex 46.1461 38.5003 0
      vertex 80.3065 8.14816 0
      vertex 80.3 8 0
    endloop
  endfacet
  facet normal 0 0 -1
    outer loop
      vertex 57.6859 67.6173 0
      vertex 80.7979 80.7979 0
      vertex 58.04 66.4941 0
    endloop
  endfacet
  facet normal 0 0 -1
    outer loop
      vertex 83.2021 6.79792 0
      vertex 90 4 0
      vertex 89.9848 3.65138 0
    endloop
  endfacet
  facet normal 0 0 -1
    outer loop
      vertex 83.6935 8.14816 0
      vertex 90 4 0
      vertex 83.7 8 0
    endloop
  endfacet
  facet normal 0 0 -1
    outer loop
      vertex 83.2021 6.79792 0
      vertex 89.9848 3.65138 0
      vertex 89.9392 3.30541 0
    endloop
  endfacet
  facet normal 0 0 -1
    outer loop
      vertex 83.6742 8.2952 0
      vertex 90 4 0
      vertex 83.6935 8.14816 0
    endloop
  endfacet
  facet normal 0 0 -1
    outer loop
      vertex 83.2021 6.79792 0
      vertex 89.9392 3.30541 0
      vertex 89.8637 2.96472 0
    endloop
  endfacet
  facet normal 0 0 -1
    outer loop
      vertex 83.6935 82.1482 0
      vertex 90 86 0
      vertex 83.7 82 0
    endloop
  endfacet
  facet normal 0 0 -1
    outer loop
      vertex 83.2021 6.79792 0
      vertex 89.8637 2.96472 0
      vertex 89.7588 2.63192 0
    endloop
  endfacet
  facet normal 0 0 -1
    outer loop
      vertex 83.6742 82.2952 0
      vertex 90 86 0
      vertex 83.6935 82.1482 0
    endloop
  endfacet
  facet normal 0 0 -1
    outer loop
      vertex 83.2021 6.79792 0
      vertex 89.7588 2.63192 0
      vertex 89.6252 2.30953 0
    endloop
  endfacet
  facet normal 0 0 -1
    outer loop
      vertex 83.6421 82.44 0
      vertex 90 86 0
      vertex 83.6742 82.2952 0
    endloop
  endfacet
  facet normal 0 0 -1
    outer loop
      vertex 83.2021 6.79792 0
      vertex 89.6252 2.30953 0
      vertex 89.4641 2 0
    endloop
  endfacet
  facet normal 0 0 -1
    outer loop
      vertex 83.5975 82.5814 0
      vertex 90 86 0
      vertex 83.6421 82.44 0
    endloop
  endfacet
  facet normal 0 0 -1
    outer loop
      vertex 83.2021 6.79792 0
      vertex 89.4641 2 0
      vertex 89.2766 1.70569 0
    endloop
  endfacet
  facet normal 0 0 -1
    outer loop
      vertex 83.5407 82.7185 0
      vertex 90 86 0
      vertex 83.5975 82.5814 0
    endloop
  endfacet
  facet normal 0 0 -1
    outer loop
      vertex 83.2021 6.79792 0
      vertex 89.2766 1.70569 0
      vertex 89.0642 1.42885 0
    endloop
  endfacet
  facet normal 0 0 -1
    outer loop
      vertex 83.4722 82.85 0
      vertex 90 86 0
      vertex 83.5407 82.7185 0
    endloop
  endfacet
  facet normal 0 0 -1
    outer loop
      vertex 83.2021 6.79792 0
      vertex 89.0642 1.42885 0
      vertex 88.8284 1.17157 0
    endloop
  endfacet
  facet normal 0 0 -1
    outer loop
      vertex 83.3926 82.9751 0
      vertex 90 86 0
      vertex 83.4722 82.85 0
    endloop
  endfacet
  facet normal 0 0 -1
    outer loop
      vertex 83.2021 6.79792 0
      vertex 88.8284 1.17157 0
      vertex 88.5712 0.935822 0
    endloop
  endfacet
  facet normal 0 0 -1
    outer loop
      vertex 83.3023 83.0927 0
      vertex 90 86 0
      vertex 83.3926 82.9751 0
    endloop
  endfacet
  facet normal 0 0 -1
    outer loop
      vertex 83.2021 6.79792 0
      vertex 88.5712 0.935822 0
      vertex 88.2943 0.723392 0
    endloop
  endfacet
  facet normal 0 0 -1
    outer loop
      vertex 83.2021 83.2021 0
      vertex 90 86 0
      vertex 83.3023 83.0927 0
    endloop
  endfacet
  facet normal 0 0 -1
    outer loop
      vertex 83.2021 6.79792 0
      vertex 88.2943 0.723392 0
      vertex 88 0.535898 0
    endloop
  endfacet
  facet normal -0 0 -1
    outer loop
      vertex 90 86 0
      vertex 83.2021 83.2021 0
      vertex 89.9848 86.3486 0
    endloop
  endfacet
  facet normal 0 0 -1
    outer loop
      vertex 83.2021 6.79792 0
      vertex 88 0.535898 0
      vertex 87.6905 0.374768 0
    endloop
  endfacet
  facet normal -0 0 -1
    outer loop
      vertex 89.9848 86.3486 0
      vertex 83.2021 83.2021 0
      vertex 89.9392 86.6946 0
    endloop
  endfacet
  facet normal 0 0 -1
    outer loop
      vertex 83.2021 6.79792 0
      vertex 87.6905 0.374768 0
      vertex 87.3681 0.241229 0
    endloop
  endfacet
  facet normal -0 0 -1
    outer loop
      vertex 89.9392 86.6946 0
      vertex 83.2021 83.2021 0
      vertex 89.8637 87.0353 0
    endloop
  endfacet
  facet normal 0 0 -1
    outer loop
      vertex 83.2021 6.79792 0
      vertex 87.3681 0.241229 0
      vertex 87.0353 0.136296 0
    endloop
  endfacet
  facet normal -0 0 -1
    outer loop
      vertex 89.8637 87.0353 0
      vertex 83.2021 83.2021 0
      vertex 89.7588 87.3681 0
    endloop
  endfacet
  facet normal 0 0 -1
    outer loop
      vertex 83.2021 6.79792 0
      vertex 87.0353 0.136296 0
      vertex 86.6946 0.0607681 0
    endloop
  endfacet
  facet normal -0 0 -1
    outer loop
      vertex 89.7588 87.3681 0
      vertex 83.2021 83.2021 0
      vertex 89.6252 87.6905 0
    endloop
  endfacet
  facet normal 0 0 -1
    outer loop
      vertex 83.2021 6.79792 0
      vertex 86.6946 0.0607681 0
      vertex 86.3486 0.0152206 0
    endloop
  endfacet
  facet normal -0 0 -1
    outer loop
      vertex 89.6252 87.6905 0
      vertex 83.2021 83.2021 0
      vertex 89.4641 88 0
    endloop
  endfacet
  facet normal 0 0 -1
    outer loop
      vertex 83.2021 6.79792 0
      vertex 86.3486 0.0152206 0
      vertex 86 0 0
    endloop
  endfacet
  facet normal -0 0 -1
    outer loop
      vertex 89.4641 88 0
      vertex 83.2021 83.2021 0
      vertex 89.2766 88.2943 0
    endloop
  endfacet
  facet normal -0 0 -1
    outer loop
      vertex 89.2766 88.2943 0
      vertex 83.2021 83.2021 0
      vertex 89.0642 88.5712 0
    endloop
  endfacet
  facet normal 0 0 -1
    outer loop
      vertex 90 4 0
      vertex 83.6935 7.85183 0
      vertex 83.7 8 0
    endloop
  endfacet
  facet normal 0 0 -1
    outer loop
      vertex 90 4 0
      vertex 83.6742 7.7048 0
      vertex 83.6935 7.85183 0
    endloop
  endfacet
  facet normal 0 0 -1
    outer loop
      vertex 90 4 0
      vertex 83.6421 7.56001 0
      vertex 83.6742 7.7048 0
    endloop
  endfacet
  facet normal 0 0 -1
    outer loop
      vertex 90 4 0
      vertex 83.5975 7.41857 0
      vertex 83.6421 7.56001 0
    endloop
  endfacet
  facet normal 0 0 -1
    outer loop
      vertex 90 4 0
      vertex 83.5407 7.28155 0
      vertex 83.5975 7.41857 0
    endloop
  endfacet
  facet normal 0 0 -1
    outer loop
      vertex 90 4 0
      vertex 83.4722 7.15 0
      vertex 83.5407 7.28155 0
    endloop
  endfacet
  facet normal 0 0 -1
    outer loop
      vertex 90 4 0
      vertex 83.3926 7.02492 0
      vertex 83.4722 7.15 0
    endloop
  endfacet
  facet normal 0 0 -1
    outer loop
      vertex 90 4 0
      vertex 83.3023 6.90726 0
      vertex 83.3926 7.02492 0
    endloop
  endfacet
  facet normal 0 0 -1
    outer loop
      vertex 90 4 0
      vertex 83.2021 6.79792 0
      vertex 83.3023 6.90726 0
    endloop
  endfacet
  facet normal 0 0 -1
    outer loop
      vertex 86 0 0
      vertex 83.0927 6.69772 0
      vertex 83.2021 6.79792 0
    endloop
  endfacet
  facet normal 0 0 -1
    outer loop
      vertex 86 0 0
      vertex 82.9751 6.60744 0
      vertex 83.0927 6.69772 0
    endloop
  endfacet
  facet normal 0 0 -1
    outer loop
      vertex 86 0 0
      vertex 82.85 6.52776 0
      vertex 82.9751 6.60744 0
    endloop
  endfacet
  facet normal 0 0 -1
    outer loop
      vertex 86 0 0
      vertex 82.7185 6.45928 0
      vertex 82.85 6.52776 0
    endloop
  endfacet
  facet normal 0 0 -1
    outer loop
      vertex 86 0 0
      vertex 82.5814 6.40252 0
      vertex 82.7185 6.45928 0
    endloop
  endfacet
  facet normal 0 0 -1
    outer loop
      vertex 86 0 0
      vertex 82.44 6.35793 0
      vertex 82.5814 6.40252 0
    endloop
  endfacet
  facet normal 0 0 -1
    outer loop
      vertex 86 0 0
      vertex 82.2952 6.32583 0
      vertex 82.44 6.35793 0
    endloop
  endfacet
  facet normal 0 0 -1
    outer loop
      vertex 86 0 0
      vertex 82.1482 6.30647 0
      vertex 82.2952 6.32583 0
    endloop
  endfacet
  facet normal 0 0 -1
    outer loop
      vertex 86 0 0
      vertex 82 6.3 0
      vertex 82.1482 6.30647 0
    endloop
  endfacet
  facet normal 0 0 -1
    outer loop
      vertex 86 0 0
      vertex 81.8518 6.30647 0
      vertex 82 6.3 0
    endloop
  endfacet
  facet normal 0 0 -1
    outer loop
      vertex 86 0 0
      vertex 81.7048 6.32583 0
      vertex 81.8518 6.30647 0
    endloop
  endfacet
  facet normal 0 0 -1
    outer loop
      vertex 86 0 0
      vertex 81.56 6.35793 0
      vertex 81.7048 6.32583 0
    endloop
  endfacet
  facet normal 0 0 -1
    outer loop
      vertex 86 0 0
      vertex 81.4186 6.40252 0
      vertex 81.56 6.35793 0
    endloop
  endfacet
  facet normal 0 0 -1
    outer loop
      vertex 86 0 0
      vertex 81.2815 6.45928 0
      vertex 81.4186 6.40252 0
    endloop
  endfacet
  facet normal 0 0 -1
    outer loop
      vertex 86 0 0
      vertex 81.15 6.52776 0
      vertex 81.2815 6.45928 0
    endloop
  endfacet
  facet normal 0 0 -1
    outer loop
      vertex 86 0 0
      vertex 81.0249 6.60744 0
      vertex 81.15 6.52776 0
    endloop
  endfacet
  facet normal 0 0 -1
    outer loop
      vertex 86 0 0
      vertex 80.9073 6.69772 0
      vertex 81.0249 6.60744 0
    endloop
  endfacet
  facet normal 0 0 -1
    outer loop
      vertex 86 0 0
      vertex 80.7979 6.79792 0
      vertex 80.9073 6.69772 0
    endloop
  endfacet
  facet normal 0 0 -1
    outer loop
      vertex 86 0 0
      vertex 80.6977 6.90726 0
      vertex 80.7979 6.79792 0
    endloop
  endfacet
  facet normal -0 0 -1
    outer loop
      vertex 80.7979 80.7979 0
      vertex 57.6859 67.6173 0
      vertex 80.6977 80.9073 0
    endloop
  endfacet
  facet normal 0 0 -1
    outer loop
      vertex 45.5752 38.4251 0
      vertex 80.3 8 0
      vertex 80.3065 7.85183 0
    endloop
  endfacet
  facet normal 0 0 -1
    outer loop
      vertex 45 38.4 0
      vertex 80.3065 7.85183 0
      vertex 80.3258 7.7048 0
    endloop
  endfacet
  facet normal 0 0 -1
    outer loop
      vertex 9.67417 7.7048 0
      vertex 80.3258 7.7048 0
      vertex 80.3579 7.56001 0
    endloop
  endfacet
  facet normal 0 0 -1
    outer loop
      vertex 9.64207 7.56001 0
      vertex 80.3579 7.56001 0
      vertex 80.4025 7.41857 0
    endloop
  endfacet
  facet normal -0 0 -1
    outer loop
      vertex 80.5278 81.15 0
      vertex 57.2352 68.7053 0
      vertex 80.4593 81.2815 0
    endloop
  endfacet
  facet normal -0 0 -1
    outer loop
      vertex 80.6074 81.0249 0
      vertex 57.2352 68.7053 0
      vertex 80.5278 81.15 0
    endloop
  endfacet
  facet normal 0 0 -1
    outer loop
      vertex 9.59748 7.41857 0
      vertex 80.4025 7.41857 0
      vertex 80.4593 7.28155 0
    endloop
  endfacet
  facet normal 0 0 -1
    outer loop
      vertex 57.2352 68.7053 0
      vertex 80.6074 81.0249 0
      vertex 57.6859 67.6173 0
    endloop
  endfacet
  facet normal -0 0 -1
    outer loop
      vertex 80.6977 80.9073 0
      vertex 57.6859 67.6173 0
      vertex 80.6074 81.0249 0
    endloop
  endfacet
  facet normal 0 0 -1
    outer loop
      vertex 82.2952 9.67417 0
      vertex 57.2352 57.2947 0
      vertex 57.6859 58.3827 0
    endloop
  endfacet
  facet normal 0 0 -1
    outer loop
      vertex 82.1482 9.69353 0
      vertex 56.6913 56.25 0
      vertex 57.2352 57.2947 0
    endloop
  endfacet
  facet normal 0 0 -1
    outer loop
      vertex 82 9.7 0
      vertex 56.0586 55.2567 0
      vertex 56.6913 56.25 0
    endloop
  endfacet
  facet normal 0 0 -1
    outer loop
      vertex 81.8518 9.69353 0
      vertex 51.4997 43.8539 0
      vertex 56.0586 55.2567 0
    endloop
  endfacet
  facet normal 0 0 -1
    outer loop
      vertex 9.54072 7.28155 0
      vertex 80.4593 7.28155 0
      vertex 80.5278 7.15 0
    endloop
  endfacet
  facet normal 0 -0 -1
    outer loop
      vertex 51.5749 44.4248 0
      vertex 56.0586 55.2567 0
      vertex 51.4997 43.8539 0
    endloop
  endfacet
  facet normal 0 0 -1
    outer loop
      vertex 56.0586 55.2567 0
      vertex 51.5749 44.4248 0
      vertex 55.3416 54.3224 0
    endloop
  endfacet
  facet normal 0 0 -1
    outer loop
      vertex 55.3416 54.3224 0
      vertex 51.6 45 0
      vertex 54.5459 53.4541 0
    endloop
  endfacet
  facet normal 0 0 -1
    outer loop
      vertex 51.5749 45.5752 0
      vertex 54.5459 53.4541 0
      vertex 51.6 45 0
    endloop
  endfacet
  facet normal 0 0 -1
    outer loop
      vertex 9.47224 7.15 0
      vertex 80.5278 7.15 0
      vertex 80.6074 7.02492 0
    endloop
  endfacet
  facet normal 0 0 -1
    outer loop
      vertex 54.5459 53.4541 0
      vertex 51.4997 46.1461 0
      vertex 53.6776 52.6584 0
    endloop
  endfacet
  facet normal 0 0 -1
    outer loop
      vertex 51.4997 46.1461 0
      vertex 54.5459 53.4541 0
      vertex 51.5749 45.5752 0
    endloop
  endfacet
  facet normal 0 0 -1
    outer loop
      vertex 9.39256 7.02492 0
      vertex 80.6074 7.02492 0
      vertex 80.6977 6.90726 0
    endloop
  endfacet
  facet normal 0 0 -1
    outer loop
      vertex 9.30227 6.90726 0
      vertex 80.6977 6.90726 0
      vertex 86 0 0
    endloop
  endfacet
  facet normal 0 -0 -1
    outer loop
      vertex 51.6 45 0
      vertex 55.3416 54.3224 0
      vertex 51.5749 44.4248 0
    endloop
  endfacet
  facet normal 0 0 -1
    outer loop
      vertex 81.8518 9.69353 0
      vertex 51.3751 43.2918 0
      vertex 51.4997 43.8539 0
    endloop
  endfacet
  facet normal 0 0 -1
    outer loop
      vertex 81.56 9.64207 0
      vertex 51.202 42.7427 0
      vertex 51.3751 43.2918 0
    endloop
  endfacet
  facet normal 0 0 -1
    outer loop
      vertex 81.4186 9.59748 0
      vertex 50.9816 42.2107 0
      vertex 51.202 42.7427 0
    endloop
  endfacet
  facet normal 0 0 -1
    outer loop
      vertex 81.2815 9.54072 0
      vertex 50.7158 41.7 0
      vertex 50.9816 42.2107 0
    endloop
  endfacet
  facet normal 0 0 -1
    outer loop
      vertex 81.15 9.47224 0
      vertex 50.4064 41.2144 0
      vertex 50.7158 41.7 0
    endloop
  endfacet
  facet normal 0 0 -1
    outer loop
      vertex 81.0249 9.39256 0
      vertex 50.0559 40.7576 0
      vertex 50.4064 41.2144 0
    endloop
  endfacet
  facet normal 0 0 -1
    outer loop
      vertex 80.7979 9.20208 0
      vertex 49.6669 40.3331 0
      vertex 50.0559 40.7576 0
    endloop
  endfacet
  facet normal 0 0 -1
    outer loop
      vertex 80.6977 9.09274 0
      vertex 49.2424 39.9441 0
      vertex 49.6669 40.3331 0
    endloop
  endfacet
  facet normal 0 0 -1
    outer loop
      vertex 80.6074 8.97508 0
      vertex 48.7856 39.5936 0
      vertex 49.2424 39.9441 0
    endloop
  endfacet
  facet normal 0 0 -1
    outer loop
      vertex 80.5278 8.85 0
      vertex 48.3 39.2842 0
      vertex 48.7856 39.5936 0
    endloop
  endfacet
  facet normal 0 0 -1
    outer loop
      vertex 80.4593 8.71845 0
      vertex 47.7893 39.0184 0
      vertex 48.3 39.2842 0
    endloop
  endfacet
  facet normal 0 0 -1
    outer loop
      vertex 80.3579 8.43999 0
      vertex 47.2573 38.798 0
      vertex 47.7893 39.0184 0
    endloop
  endfacet
  facet normal 0 0 -1
    outer loop
      vertex 80.3258 8.2952 0
      vertex 46.7082 38.6249 0
      vertex 47.2573 38.798 0
    endloop
  endfacet
  facet normal 0 0 -1
    outer loop
      vertex 80.3065 8.14816 0
      vertex 46.1461 38.5003 0
      vertex 46.7082 38.6249 0
    endloop
  endfacet
  facet normal 0 0 -1
    outer loop
      vertex 80.3 8 0
      vertex 45.5752 38.4251 0
      vertex 46.1461 38.5003 0
    endloop
  endfacet
  facet normal 0 0 -1
    outer loop
      vertex 80.3258 7.7048 0
      vertex 9.67417 7.7048 0
      vertex 45 38.4 0
    endloop
  endfacet
  facet normal 0 0 -1
    outer loop
      vertex 80.3065 7.85183 0
      vertex 45 38.4 0
      vertex 45.5752 38.4251 0
    endloop
  endfacet
  facet normal 0 -0 -1
    outer loop
      vertex 9.69353 7.85183 0
      vertex 45 38.4 0
      vertex 9.67417 7.7048 0
    endloop
  endfacet
  facet normal -0 0 -1
    outer loop
      vertex 45 38.4 0
      vertex 9.69353 7.85183 0
      vertex 44.4248 38.4251 0
    endloop
  endfacet
  facet normal 0 -0 -1
    outer loop
      vertex 9.7 8 0
      vertex 44.4248 38.4251 0
      vertex 9.69353 7.85183 0
    endloop
  endfacet
  facet normal -0 0 -1
    outer loop
      vertex 44.4248 38.4251 0
      vertex 9.7 8 0
      vertex 43.8539 38.5003 0
    endloop
  endfacet
  facet normal 0 0 -1
    outer loop
      vertex 9.69353 8.14816 0
      vertex 43.8539 38.5003 0
      vertex 9.7 8 0
    endloop
  endfacet
  facet normal -0 0 -1
    outer loop
      vertex 43.8539 38.5003 0
      vertex 9.69353 8.14816 0
      vertex 43.2918 38.6249 0
    endloop
  endfacet
  facet normal 0 0 -1
    outer loop
      vertex 9.67417 8.2952 0
      vertex 43.2918 38.6249 0
      vertex 9.69353 8.14816 0
    endloop
  endfacet
  facet normal 0 0 -1
    outer loop
      vertex 39.0184 47.7893 0
      vertex 37.2567 51.9414 0
      vertex 38.25 51.3087 0
    endloop
  endfacet
  facet normal 0 0 -1
    outer loop
      vertex 34.6584 54.3224 0
      vertex 38.4 45 0
      vertex 38.4251 44.4248 0
    endloop
  endfacet
  facet normal 0 0 -1
    outer loop
      vertex 33.9414 55.2567 0
      vertex 38.4251 44.4248 0
      vertex 38.5003 43.8539 0
    endloop
  endfacet
  facet normal 0 0 -1
    outer loop
      vertex 38.4251 45.5752 0
      vertex 36.3224 52.6584 0
      vertex 37.2567 51.9414 0
    endloop
  endfacet
  facet normal 0 0 -1
    outer loop
      vertex 9.30227 9.09274 0
      vertex 40.7576 39.9441 0
      vertex 9.39256 8.97508 0
    endloop
  endfacet
  facet normal 0 0 -1
    outer loop
      vertex 38.4251 45.5752 0
      vertex 35.4541 53.4541 0
      vertex 36.3224 52.6584 0
    endloop
  endfacet
  facet normal 0 0 -1
    outer loop
      vertex 38.4 45 0
      vertex 34.6584 54.3224 0
      vertex 35.4541 53.4541 0
    endloop
  endfacet
  facet normal -0 0 -1
    outer loop
      vertex 41.2144 39.5936 0
      vertex 9.39256 8.97508 0
      vertex 40.7576 39.9441 0
    endloop
  endfacet
  facet normal 0 0 -1
    outer loop
      vertex 38.4251 44.4248 0
      vertex 33.9414 55.2567 0
      vertex 34.6584 54.3224 0
    endloop
  endfacet
  facet normal -0 0 -1
    outer loop
      vertex 40.7576 39.9441 0
      vertex 9.30227 9.09274 0
      vertex 40.3331 40.3331 0
    endloop
  endfacet
  facet normal 0 0 -1
    outer loop
      vertex 9.20208 9.20208 0
      vertex 40.3331 40.3331 0
      vertex 9.30227 9.09274 0
    endloop
  endfacet
  facet normal 0 0 -1
    outer loop
      vertex 9.39256 8.97508 0
      vertex 41.2144 39.5936 0
      vertex 9.47224 8.85 0
    endloop
  endfacet
  facet normal 0 0 -1
    outer loop
      vertex 31.7051 60.6558 0
      vertex 9.7 82 0
      vertex 31.5514 61.8234 0
    endloop
  endfacet
  facet normal 0 0 -1
    outer loop
      vertex 31.96 59.5059 0
      vertex 9.7 82 0
      vertex 31.7051 60.6558 0
    endloop
  endfacet
  facet normal 0 0 -1
    outer loop
      vertex 32.3141 58.3827 0
      vertex 9.7 82 0
      vertex 31.96 59.5059 0
    endloop
  endfacet
  facet normal 0 0 -1
    outer loop
      vertex 8.97508 9.39256 0
      vertex 39.9441 40.7576 0
      vertex 9.09274 9.30227 0
    endloop
  endfacet
  facet normal 0 0 -1
    outer loop
      vertex 9.09274 9.30227 0
      vertex 39.9441 40.7576 0
      vertex 9.20208 9.20208 0
    endloop
  endfacet
  facet normal -0 0 -1
    outer loop
      vertex 40.3331 40.3331 0
      vertex 9.20208 9.20208 0
      vertex 39.9441 40.7576 0
    endloop
  endfacet
  facet normal -0 0 -1
    outer loop
      vertex 41.7 39.2842 0
      vertex 9.47224 8.85 0
      vertex 41.2144 39.5936 0
    endloop
  endfacet
  facet normal 0 0 -1
    outer loop
      vertex 9.47224 8.85 0
      vertex 41.7 39.2842 0
      vertex 9.54072 8.71845 0
    endloop
  endfacet
  facet normal -0 0 -1
    outer loop
      vertex 42.2107 39.0184 0
      vertex 9.54072 8.71845 0
      vertex 41.7 39.2842 0
    endloop
  endfacet
  facet normal 0 0 -1
    outer loop
      vertex 9.54072 8.71845 0
      vertex 42.2107 39.0184 0
      vertex 9.59748 8.58143 0
    endloop
  endfacet
  facet normal 0 0 -1
    outer loop
      vertex 9.59748 8.58143 0
      vertex 42.2107 39.0184 0
      vertex 9.64207 8.43999 0
    endloop
  endfacet
  facet normal -0 0 -1
    outer loop
      vertex 43.2918 38.6249 0
      vertex 9.67417 8.2952 0
      vertex 42.7427 38.798 0
    endloop
  endfacet
  facet normal -0 0 -1
    outer loop
      vertex 42.7427 38.798 0
      vertex 9.64207 8.43999 0
      vertex 42.2107 39.0184 0
    endloop
  endfacet
  facet normal 0 0 -1
    outer loop
      vertex 9.64207 8.43999 0
      vertex 42.7427 38.798 0
      vertex 9.67417 8.2952 0
    endloop
  endfacet
  facet normal 0 0 -1
    outer loop
      vertex 80.3579 7.56001 0
      vertex 9.64207 7.56001 0
      vertex 9.67417 7.7048 0
    endloop
  endfacet
  facet normal 0 0 -1
    outer loop
      vertex 80.4025 7.41857 0
      vertex 9.59748 7.41857 0
      vertex 9.64207 7.56001 0
    endloop
  endfacet
  facet normal 0 0 -1
    outer loop
      vertex 80.4593 7.28155 0
      vertex 9.54072 7.28155 0
      vertex 9.59748 7.41857 0
    endloop
  endfacet
  facet normal 0 0 -1
    outer loop
      vertex 80.5278 7.15 0
      vertex 9.47224 7.15 0
      vertex 9.54072 7.28155 0
    endloop
  endfacet
  facet normal 0 0 -1
    outer loop
      vertex 80.6074 7.02492 0
      vertex 9.39256 7.02492 0
      vertex 9.47224 7.15 0
    endloop
  endfacet
  facet normal 0 0 -1
    outer loop
      vertex 80.6977 6.90726 0
      vertex 9.30227 6.90726 0
      vertex 9.39256 7.02492 0
    endloop
  endfacet
  facet normal 0 0 -1
    outer loop
      vertex 86 0 0
      vertex 9.20208 6.79792 0
      vertex 9.30227 6.90726 0
    endloop
  endfacet
  facet normal 0 0 -1
    outer loop
      vertex 4 0 0
      vertex 9.20208 6.79792 0
      vertex 86 0 0
    endloop
  endfacet
  facet normal 0 0 -1
    outer loop
      vertex 9.20208 6.79792 0
      vertex 4 0 0
      vertex 9.09274 6.69772 0
    endloop
  endfacet
  facet normal 0 0 -1
    outer loop
      vertex 9.09274 6.69772 0
      vertex 4 0 0
      vertex 8.97508 6.60744 0
    endloop
  endfacet
  facet normal 0 0 -1
    outer loop
      vertex 8.97508 6.60744 0
      vertex 4 0 0
      vertex 8.85 6.52776 0
    endloop
  endfacet
  facet normal 0 0 -1
    outer loop
      vertex 8.85 6.52776 0
      vertex 4 0 0
      vertex 8.71845 6.45928 0
    endloop
  endfacet
  facet normal 0 0 -1
    outer loop
      vertex 8.71845 6.45928 0
      vertex 4 0 0
      vertex 8.58143 6.40252 0
    endloop
  endfacet
  facet normal 0 0 -1
    outer loop
      vertex 8.58143 6.40252 0
      vertex 4 0 0
      vertex 8.43999 6.35793 0
    endloop
  endfacet
  facet normal 0 0 -1
    outer loop
      vertex 8.43999 6.35793 0
      vertex 4 0 0
      vertex 8.2952 6.32583 0
    endloop
  endfacet
  facet normal 0 0 -1
    outer loop
      vertex 8.2952 6.32583 0
      vertex 4 0 0
      vertex 8.14816 6.30647 0
    endloop
  endfacet
  facet normal 0 0 -1
    outer loop
      vertex 8.14816 6.30647 0
      vertex 4 0 0
      vertex 8 6.3 0
    endloop
  endfacet
  facet normal -0 0 -1
    outer loop
      vertex 6.30647 7.85183 0
      vertex 0 4 0
      vertex 6.3 8 0
    endloop
  endfacet
  facet normal -0 0 -1
    outer loop
      vertex 6.32583 7.7048 0
      vertex 0 4 0
      vertex 6.30647 7.85183 0
    endloop
  endfacet
  facet normal -0 0 -1
    outer loop
      vertex 6.35793 7.56001 0
      vertex 0 4 0
      vertex 6.32583 7.7048 0
    endloop
  endfacet
  facet normal -0 0 -1
    outer loop
      vertex 6.40252 7.41857 0
      vertex 0 4 0
      vertex 6.35793 7.56001 0
    endloop
  endfacet
  facet normal -0 0 -1
    outer loop
      vertex 6.45928 7.28155 0
      vertex 0 4 0
      vertex 6.40252 7.41857 0
    endloop
  endfacet
  facet normal -0 0 -1
    outer loop
      vertex 6.52776 7.15 0
      vertex 0 4 0
      vertex 6.45928 7.28155 0
    endloop
  endfacet
  facet normal -0 0 -1
    outer loop
      vertex 6.60744 7.02492 0
      vertex 0 4 0
      vertex 6.52776 7.15 0
    endloop
  endfacet
  facet normal -0 0 -1
    outer loop
      vertex 6.69772 6.90726 0
      vertex 0 4 0
      vertex 6.60744 7.02492 0
    endloop
  endfacet
  facet normal -0 0 -1
    outer loop
      vertex 6.79792 6.79792 0
      vertex 0 4 0
      vertex 6.69772 6.90726 0
    endloop
  endfacet
  facet normal 0 0 -1
    outer loop
      vertex 0 4 0
      vertex 6.79792 6.79792 0
      vertex 4 0 0
    endloop
  endfacet
  facet normal -0 0 -1
    outer loop
      vertex 6.90726 6.69772 0
      vertex 4 0 0
      vertex 6.79792 6.79792 0
    endloop
  endfacet
  facet normal -0 0 -1
    outer loop
      vertex 7.02492 6.60744 0
      vertex 4 0 0
      vertex 6.90726 6.69772 0
    endloop
  endfacet
  facet normal -0 0 -1
    outer loop
      vertex 7.15 6.52776 0
      vertex 4 0 0
      vertex 7.02492 6.60744 0
    endloop
  endfacet
  facet normal -0 0 -1
    outer loop
      vertex 7.28155 6.45928 0
      vertex 4 0 0
      vertex 7.15 6.52776 0
    endloop
  endfacet
  facet normal -0 0 -1
    outer loop
      vertex 7.41857 6.40252 0
      vertex 4 0 0
      vertex 7.28155 6.45928 0
    endloop
  endfacet
  facet normal -0 0 -1
    outer loop
      vertex 7.56001 6.35793 0
      vertex 4 0 0
      vertex 7.41857 6.40252 0
    endloop
  endfacet
  facet normal -0 0 -1
    outer loop
      vertex 7.7048 6.32583 0
      vertex 4 0 0
      vertex 7.56001 6.35793 0
    endloop
  endfacet
  facet normal -0 0 -1
    outer loop
      vertex 7.85183 6.30647 0
      vertex 4 0 0
      vertex 7.7048 6.32583 0
    endloop
  endfacet
  facet normal -0 0 -1
    outer loop
      vertex 8 6.3 0
      vertex 4 0 0
      vertex 7.85183 6.30647 0
    endloop
  endfacet
  facet normal -0 0 -1
    outer loop
      vertex 89.0642 88.5712 0
      vertex 83.2021 83.2021 0
      vertex 88.8284 88.8284 0
    endloop
  endfacet
  facet normal -0 0 -1
    outer loop
      vertex 88.8284 88.8284 0
      vertex 83.2021 83.2021 0
      vertex 88.5712 89.0642 0
    endloop
  endfacet
  facet normal -0 0 -1
    outer loop
      vertex 88.5712 89.0642 0
      vertex 83.2021 83.2021 0
      vertex 88.2943 89.2766 0
    endloop
  endfacet
  facet normal -0 0 -1
    outer loop
      vertex 88.2943 89.2766 0
      vertex 83.2021 83.2021 0
      vertex 88 89.4641 0
    endloop
  endfacet
  facet normal -0 0 -1
    outer loop
      vertex 88 89.4641 0
      vertex 83.2021 83.2021 0
      vertex 87.6905 89.6252 0
    endloop
  endfacet
  facet normal -0 0 -1
    outer loop
      vertex 87.6905 89.6252 0
      vertex 83.2021 83.2021 0
      vertex 87.3681 89.7588 0
    endloop
  endfacet
  facet normal -0 0 -1
    outer loop
      vertex 87.3681 89.7588 0
      vertex 83.2021 83.2021 0
      vertex 87.0353 89.8637 0
    endloop
  endfacet
  facet normal -0 0 -1
    outer loop
      vertex 87.0353 89.8637 0
      vertex 83.2021 83.2021 0
      vertex 86.6946 89.9392 0
    endloop
  endfacet
  facet normal -0 0 -1
    outer loop
      vertex 86.6946 89.9392 0
      vertex 83.2021 83.2021 0
      vertex 86.3486 89.9848 0
    endloop
  endfacet
  facet normal -0 0 -1
    outer loop
      vertex 86.3486 89.9848 0
      vertex 83.2021 83.2021 0
      vertex 86 90 0
    endloop
  endfacet
  facet normal 0 0 -1
    outer loop
      vertex 83.0927 83.3023 0
      vertex 86 90 0
      vertex 83.2021 83.2021 0
    endloop
  endfacet
  facet normal 0 0 -1
    outer loop
      vertex 82.9751 83.3926 0
      vertex 86 90 0
      vertex 83.0927 83.3023 0
    endloop
  endfacet
  facet normal 0 0 -1
    outer loop
      vertex 82.85 83.4722 0
      vertex 86 90 0
      vertex 82.9751 83.3926 0
    endloop
  endfacet
  facet normal 0 0 -1
    outer loop
      vertex 82.7185 83.5407 0
      vertex 86 90 0
      vertex 82.85 83.4722 0
    endloop
  endfacet
  facet normal 0 0 -1
    outer loop
      vertex 82.5814 83.5975 0
      vertex 86 90 0
      vertex 82.7185 83.5407 0
    endloop
  endfacet
  facet normal 0 0 -1
    outer loop
      vertex 82.44 83.6421 0
      vertex 86 90 0
      vertex 82.5814 83.5975 0
    endloop
  endfacet
  facet normal 0 0 -1
    outer loop
      vertex 82.2952 83.6742 0
      vertex 86 90 0
      vertex 82.44 83.6421 0
    endloop
  endfacet
  facet normal 0 0 -1
    outer loop
      vertex 82.1482 83.6935 0
      vertex 86 90 0
      vertex 82.2952 83.6742 0
    endloop
  endfacet
  facet normal 0 0 -1
    outer loop
      vertex 82 83.7 0
      vertex 86 90 0
      vertex 82.1482 83.6935 0
    endloop
  endfacet
  facet normal 0 0 -1
    outer loop
      vertex 81.8518 83.6935 0
      vertex 86 90 0
      vertex 82 83.7 0
    endloop
  endfacet
  facet normal 0 0 -1
    outer loop
      vertex 81.7048 83.6742 0
      vertex 86 90 0
      vertex 81.8518 83.6935 0
    endloop
  endfacet
  facet normal 0 0 -1
    outer loop
      vertex 81.56 83.6421 0
      vertex 86 90 0
      vertex 81.7048 83.6742 0
    endloop
  endfacet
  facet normal 0 0 -1
    outer loop
      vertex 81.4186 83.5975 0
      vertex 86 90 0
      vertex 81.56 83.6421 0
    endloop
  endfacet
  facet normal 0 0 -1
    outer loop
      vertex 81.2815 83.5407 0
      vertex 86 90 0
      vertex 81.4186 83.5975 0
    endloop
  endfacet
  facet normal 0 0 -1
    outer loop
      vertex 81.15 83.4722 0
      vertex 86 90 0
      vertex 81.2815 83.5407 0
    endloop
  endfacet
  facet normal 0 0 -1
    outer loop
      vertex 81.0249 83.3926 0
      vertex 86 90 0
      vertex 81.15 83.4722 0
    endloop
  endfacet
  facet normal 0 0 -1
    outer loop
      vertex 80.9073 83.3023 0
      vertex 86 90 0
      vertex 81.0249 83.3926 0
    endloop
  endfacet
  facet normal 0 0 -1
    outer loop
      vertex 80.7979 83.2021 0
      vertex 86 90 0
      vertex 80.9073 83.3023 0
    endloop
  endfacet
  facet normal 0 0 -1
    outer loop
      vertex 49.6173 75.6859 0
      vertex 80.7979 83.2021 0
      vertex 80.6977 83.0927 0
    endloop
  endfacet
  facet normal 0 0 -1
    outer loop
      vertex 56.6913 69.75 0
      vertex 80.4593 81.2815 0
      vertex 57.2352 68.7053 0
    endloop
  endfacet
  facet normal -0 0 -1
    outer loop
      vertex 80.4593 81.2815 0
      vertex 56.6913 69.75 0
      vertex 80.4025 81.4186 0
    endloop
  endfacet
  facet normal -0 0 -1
    outer loop
      vertex 80.4025 81.4186 0
      vertex 56.6913 69.75 0
      vertex 80.3579 81.56 0
    endloop
  endfacet
  facet normal 0 0 -1
    outer loop
      vertex 56.0586 70.7433 0
      vertex 80.3579 81.56 0
      vertex 56.6913 69.75 0
    endloop
  endfacet
  facet normal -0 0 -1
    outer loop
      vertex 80.3579 81.56 0
      vertex 56.0586 70.7433 0
      vertex 80.3258 81.7048 0
    endloop
  endfacet
  facet normal 0 0 -1
    outer loop
      vertex 55.3416 71.6776 0
      vertex 80.3258 81.7048 0
      vertex 56.0586 70.7433 0
    endloop
  endfacet
  facet normal -0 0 -1
    outer loop
      vertex 80.3258 81.7048 0
      vertex 55.3416 71.6776 0
      vertex 80.3065 81.8518 0
    endloop
  endfacet
  facet normal -0 0 -1
    outer loop
      vertex 80.3065 81.8518 0
      vertex 55.3416 71.6776 0
      vertex 80.3 82 0
    endloop
  endfacet
  facet normal 0 0 -1
    outer loop
      vertex 54.5459 72.5459 0
      vertex 80.3 82 0
      vertex 55.3416 71.6776 0
    endloop
  endfacet
  facet normal -0 0 -1
    outer loop
      vertex 80.3 82 0
      vertex 54.5459 72.5459 0
      vertex 80.3065 82.1482 0
    endloop
  endfacet
  facet normal -0 0 -1
    outer loop
      vertex 80.3065 82.1482 0
      vertex 54.5459 72.5459 0
      vertex 80.3258 82.2952 0
    endloop
  endfacet
  facet normal 0 0 -1
    outer loop
      vertex 53.6776 73.3416 0
      vertex 80.3258 82.2952 0
      vertex 54.5459 72.5459 0
    endloop
  endfacet
  facet normal -0 0 -1
    outer loop
      vertex 80.3258 82.2952 0
      vertex 53.6776 73.3416 0
      vertex 80.3579 82.44 0
    endloop
  endfacet
  facet normal 0 0 -1
    outer loop
      vertex 52.7433 74.0585 0
      vertex 80.3579 82.44 0
      vertex 53.6776 73.3416 0
    endloop
  endfacet
  facet normal -0 0 -1
    outer loop
      vertex 80.3579 82.44 0
      vertex 52.7433 74.0585 0
      vertex 80.4025 82.5814 0
    endloop
  endfacet
  facet normal -0 0 -1
    outer loop
      vertex 80.4025 82.5814 0
      vertex 52.7433 74.0585 0
      vertex 80.4593 82.7185 0
    endloop
  endfacet
  facet normal 0 0 -1
    outer loop
      vertex 51.75 74.6913 0
      vertex 80.4593 82.7185 0
      vertex 52.7433 74.0585 0
    endloop
  endfacet
  facet normal -0 0 -1
    outer loop
      vertex 80.4593 82.7185 0
      vertex 51.75 74.6913 0
      vertex 80.5278 82.85 0
    endloop
  endfacet
  facet normal -0 0 -1
    outer loop
      vertex 80.5278 82.85 0
      vertex 51.75 74.6913 0
      vertex 80.6074 82.9751 0
    endloop
  endfacet
  facet normal 0 0 -1
    outer loop
      vertex 50.7053 75.2352 0
      vertex 80.6074 82.9751 0
      vertex 51.75 74.6913 0
    endloop
  endfacet
  facet normal -0 0 -1
    outer loop
      vertex 80.6074 82.9751 0
      vertex 50.7053 75.2352 0
      vertex 80.6977 83.0927 0
    endloop
  endfacet
  facet normal 0 0 -1
    outer loop
      vertex 49.6173 75.6859 0
      vertex 80.6977 83.0927 0
      vertex 50.7053 75.2352 0
    endloop
  endfacet
  facet normal -0 0 -1
    outer loop
      vertex 80.7979 83.2021 0
      vertex 49.6173 75.6859 0
      vertex 86 90 0
    endloop
  endfacet
  facet normal 0 0 -1
    outer loop
      vertex 48.4941 76.04 0
      vertex 86 90 0
      vertex 49.6173 75.6859 0
    endloop
  endfacet
  facet normal 0 0 -1
    outer loop
      vertex 47.3442 76.2949 0
      vertex 86 90 0
      vertex 48.4941 76.04 0
    endloop
  endfacet
  facet normal 0 0 -1
    outer loop
      vertex 46.1766 76.4486 0
      vertex 86 90 0
      vertex 47.3442 76.2949 0
    endloop
  endfacet
  facet normal 0 0 -1
    outer loop
      vertex 45 76.5 0
      vertex 86 90 0
      vertex 46.1766 76.4486 0
    endloop
  endfacet
  facet normal 0 0 -1
    outer loop
      vertex 4 90 0
      vertex 45 76.5 0
      vertex 43.8234 76.4486 0
    endloop
  endfacet
  facet normal 0 0 -1
    outer loop
      vertex 4 90 0
      vertex 43.8234 76.4486 0
      vertex 42.6558 76.2949 0
    endloop
  endfacet
  facet normal 0 0 -1
    outer loop
      vertex 4 90 0
      vertex 42.6558 76.2949 0
      vertex 41.5059 76.04 0
    endloop
  endfacet
  facet normal 0 0 -1
    outer loop
      vertex 31.5514 61.8234 0
      vertex 9.7 82 0
      vertex 31.5 63 0
    endloop
  endfacet
  facet normal 0 0 -1
    outer loop
      vertex 31.5 63 0
      vertex 9.7 82 0
      vertex 31.5514 64.1766 0
    endloop
  endfacet
  facet normal 0 0 -1
    outer loop
      vertex 31.5514 64.1766 0
      vertex 9.7 82 0
      vertex 31.7051 65.3443 0
    endloop
  endfacet
  facet normal 0 0 -1
    outer loop
      vertex 31.7051 65.3443 0
      vertex 9.7 82 0
      vertex 31.96 66.4941 0
    endloop
  endfacet
  facet normal 0 0 -1
    outer loop
      vertex 31.96 66.4941 0
      vertex 9.7 82 0
      vertex 32.3141 67.6173 0
    endloop
  endfacet
  facet normal 0 0 -1
    outer loop
      vertex 9.7 82 0
      vertex 32.7648 68.7053 0
      vertex 32.3141 67.6173 0
    endloop
  endfacet
  facet normal 0 0 -1
    outer loop
      vertex 9.7 82 0
      vertex 33.3087 69.75 0
      vertex 32.7648 68.7053 0
    endloop
  endfacet
  facet normal 0 0 -1
    outer loop
      vertex 9.7 82 0
      vertex 33.9414 70.7433 0
      vertex 33.3087 69.75 0
    endloop
  endfacet
  facet normal 0 0 -1
    outer loop
      vertex 9.7 82 0
      vertex 34.6584 71.6776 0
      vertex 33.9414 70.7433 0
    endloop
  endfacet
  facet normal 0 0 -1
    outer loop
      vertex 9.7 82 0
      vertex 35.4541 72.5459 0
      vertex 34.6584 71.6776 0
    endloop
  endfacet
  facet normal 0 0 -1
    outer loop
      vertex 9.69353 82.1482 0
      vertex 35.4541 72.5459 0
      vertex 9.7 82 0
    endloop
  endfacet
  facet normal 0 0 -1
    outer loop
      vertex 9.67417 82.2952 0
      vertex 35.4541 72.5459 0
      vertex 9.69353 82.1482 0
    endloop
  endfacet
  facet normal 0 0 -1
    outer loop
      vertex 35.4541 72.5459 0
      vertex 9.67417 82.2952 0
      vertex 36.3224 73.3416 0
    endloop
  endfacet
  facet normal 0 0 -1
    outer loop
      vertex 9.64207 82.44 0
      vertex 36.3224 73.3416 0
      vertex 9.67417 82.2952 0
    endloop
  endfacet
  facet normal 0 0 -1
    outer loop
      vertex 36.3224 73.3416 0
      vertex 9.64207 82.44 0
      vertex 37.2567 74.0585 0
    endloop
  endfacet
  facet normal 0 0 -1
    outer loop
      vertex 9.59748 82.5814 0
      vertex 37.2567 74.0585 0
      vertex 9.64207 82.44 0
    endloop
  endfacet
  facet normal 0 0 -1
    outer loop
      vertex 9.54072 82.7185 0
      vertex 37.2567 74.0585 0
      vertex 9.59748 82.5814 0
    endloop
  endfacet
  facet normal 0 0 -1
    outer loop
      vertex 37.2567 74.0585 0
      vertex 9.54072 82.7185 0
      vertex 38.25 74.6913 0
    endloop
  endfacet
  facet normal 0 0 -1
    outer loop
      vertex 9.47224 82.85 0
      vertex 38.25 74.6913 0
      vertex 9.54072 82.7185 0
    endloop
  endfacet
  facet normal 0 0 -1
    outer loop
      vertex 38.25 74.6913 0
      vertex 9.47224 82.85 0
      vertex 39.2947 75.2352 0
    endloop
  endfacet
  facet normal 0 0 -1
    outer loop
      vertex 9.39256 82.9751 0
      vertex 39.2947 75.2352 0
      vertex 9.47224 82.85 0
    endloop
  endfacet
  facet normal 0 0 -1
    outer loop
      vertex 9.30227 83.0927 0
      vertex 39.2947 75.2352 0
      vertex 9.39256 82.9751 0
    endloop
  endfacet
  facet normal 0 0 -1
    outer loop
      vertex 39.2947 75.2352 0
      vertex 9.30227 83.0927 0
      vertex 40.3827 75.6859 0
    endloop
  endfacet
  facet normal 0 0 -1
    outer loop
      vertex 9.20208 83.2021 0
      vertex 40.3827 75.6859 0
      vertex 9.30227 83.0927 0
    endloop
  endfacet
  facet normal 0 0 -1
    outer loop
      vertex 4 90 0
      vertex 40.3827 75.6859 0
      vertex 9.20208 83.2021 0
    endloop
  endfacet
  facet normal 0 0 -1
    outer loop
      vertex 40.3827 75.6859 0
      vertex 4 90 0
      vertex 41.5059 76.04 0
    endloop
  endfacet
  facet normal 0 0 -1
    outer loop
      vertex 4 90 0
      vertex 9.20208 83.2021 0
      vertex 9.09274 83.3023 0
    endloop
  endfacet
  facet normal 0 0 -1
    outer loop
      vertex 4 90 0
      vertex 9.09274 83.3023 0
      vertex 8.97508 83.3926 0
    endloop
  endfacet
  facet normal 0 0 -1
    outer loop
      vertex 4 90 0
      vertex 8.97508 83.3926 0
      vertex 8.85 83.4722 0
    endloop
  endfacet
  facet normal 0 0 -1
    outer loop
      vertex 4 90 0
      vertex 8.85 83.4722 0
      vertex 8.71845 83.5407 0
    endloop
  endfacet
  facet normal 0 0 -1
    outer loop
      vertex 4 90 0
      vertex 8.71845 83.5407 0
      vertex 8.58143 83.5975 0
    endloop
  endfacet
  facet normal 0 0 -1
    outer loop
      vertex 4 90 0
      vertex 8.58143 83.5975 0
      vertex 8.43999 83.6421 0
    endloop
  endfacet
  facet normal 0 0 -1
    outer loop
      vertex 4 90 0
      vertex 8.43999 83.6421 0
      vertex 8.2952 83.6742 0
    endloop
  endfacet
  facet normal 0 0 -1
    outer loop
      vertex 4 90 0
      vertex 8.2952 83.6742 0
      vertex 8.14816 83.6935 0
    endloop
  endfacet
  facet normal 0 0 -1
    outer loop
      vertex 4 90 0
      vertex 8.14816 83.6935 0
      vertex 8 83.7 0
    endloop
  endfacet
  facet normal 0 0 -1
    outer loop
      vertex 4 90 0
      vertex 8 83.7 0
      vertex 7.85183 83.6935 0
    endloop
  endfacet
  facet normal 0 0 -1
    outer loop
      vertex 45 76.5 0
      vertex 4 90 0
      vertex 86 90 0
    endloop
  endfacet
  facet normal 0 0 -1
    outer loop
      vertex 7.7048 83.6742 0
      vertex 4 90 0
      vertex 7.85183 83.6935 0
    endloop
  endfacet
  facet normal 0 0 -1
    outer loop
      vertex 7.56001 83.6421 0
      vertex 4 90 0
      vertex 7.7048 83.6742 0
    endloop
  endfacet
  facet normal 0 0 -1
    outer loop
      vertex 7.41857 83.5975 0
      vertex 4 90 0
      vertex 7.56001 83.6421 0
    endloop
  endfacet
  facet normal 0 0 -1
    outer loop
      vertex 7.28155 83.5407 0
      vertex 4 90 0
      vertex 7.41857 83.5975 0
    endloop
  endfacet
  facet normal 0 0 -1
    outer loop
      vertex 7.15 83.4722 0
      vertex 4 90 0
      vertex 7.28155 83.5407 0
    endloop
  endfacet
  facet normal 0 0 -1
    outer loop
      vertex 7.02492 83.3926 0
      vertex 4 90 0
      vertex 7.15 83.4722 0
    endloop
  endfacet
  facet normal 0 0 -1
    outer loop
      vertex 6.90726 83.3023 0
      vertex 4 90 0
      vertex 7.02492 83.3926 0
    endloop
  endfacet
  facet normal 0 0 -1
    outer loop
      vertex 6.79792 83.2021 0
      vertex 4 90 0
      vertex 6.90726 83.3023 0
    endloop
  endfacet
  facet normal 0 0 -1
    outer loop
      vertex 0 86 0
      vertex 6.79792 83.2021 0
      vertex 6.69772 83.0927 0
    endloop
  endfacet
  facet normal 0 0 -1
    outer loop
      vertex 0 86 0
      vertex 6.69772 83.0927 0
      vertex 6.60744 82.9751 0
    endloop
  endfacet
  facet normal 0 0 -1
    outer loop
      vertex 0 86 0
      vertex 6.60744 82.9751 0
      vertex 6.52776 82.85 0
    endloop
  endfacet
  facet normal 0 0 -1
    outer loop
      vertex 0 86 0
      vertex 6.52776 82.85 0
      vertex 6.45928 82.7185 0
    endloop
  endfacet
  facet normal 0 0 -1
    outer loop
      vertex 0 86 0
      vertex 6.45928 82.7185 0
      vertex 6.40252 82.5814 0
    endloop
  endfacet
  facet normal 0 0 -1
    outer loop
      vertex 0 86 0
      vertex 6.40252 82.5814 0
      vertex 6.35793 82.44 0
    endloop
  endfacet
  facet normal 0 0 -1
    outer loop
      vertex 0 86 0
      vertex 6.35793 82.44 0
      vertex 6.32583 82.2952 0
    endloop
  endfacet
  facet normal 0 0 -1
    outer loop
      vertex 0 86 0
      vertex 6.32583 82.2952 0
      vertex 6.30647 82.1482 0
    endloop
  endfacet
  facet normal 0 0 -1
    outer loop
      vertex 0 86 0
      vertex 6.30647 82.1482 0
      vertex 6.3 82 0
    endloop
  endfacet
  facet normal 0 0 -1
    outer loop
      vertex 6.32583 81.7048 0
      vertex 0 86 0
      vertex 6.30647 81.8518 0
    endloop
  endfacet
  facet normal 0 0 -1
    outer loop
      vertex 0 4 0
      vertex 4 0 0
      vertex 3.65138 0.0152206 0
    endloop
  endfacet
  facet normal 0 0 -1
    outer loop
      vertex 6.30647 81.8518 0
      vertex 0 86 0
      vertex 6.3 82 0
    endloop
  endfacet
  facet normal 0 0 -1
    outer loop
      vertex 0 4 0
      vertex 3.65138 0.0152206 0
      vertex 3.30541 0.0607681 0
    endloop
  endfacet
  facet normal 0 0 -1
    outer loop
      vertex 6.79792 83.2021 0
      vertex 0 86 0
      vertex 4 90 0
    endloop
  endfacet
  facet normal 0 0 -1
    outer loop
      vertex 0 4 0
      vertex 3.30541 0.0607681 0
      vertex 2.96472 0.136296 0
    endloop
  endfacet
  facet normal 0 0 -1
    outer loop
      vertex 4 90 0
      vertex 0 86 0
      vertex 3.65138 89.9848 0
    endloop
  endfacet
  facet normal 0 0 -1
    outer loop
      vertex 0 4 0
      vertex 2.96472 0.136296 0
      vertex 2.63192 0.241229 0
    endloop
  endfacet
  facet normal 0 0 -1
    outer loop
      vertex 3.65138 89.9848 0
      vertex 0 86 0
      vertex 3.30541 89.9392 0
    endloop
  endfacet
  facet normal 0 0 -1
    outer loop
      vertex 0 4 0
      vertex 2.63192 0.241229 0
      vertex 2.30953 0.374768 0
    endloop
  endfacet
  facet normal 0 0 -1
    outer loop
      vertex 3.30541 89.9392 0
      vertex 0 86 0
      vertex 2.96472 89.8637 0
    endloop
  endfacet
  facet normal 0 0 -1
    outer loop
      vertex 0 4 0
      vertex 2.30953 0.374768 0
      vertex 2 0.535898 0
    endloop
  endfacet
  facet normal 0 0 -1
    outer loop
      vertex 2.96472 89.8637 0
      vertex 0 86 0
      vertex 2.63192 89.7588 0
    endloop
  endfacet
  facet normal 0 0 -1
    outer loop
      vertex 0 4 0
      vertex 2 0.535898 0
      vertex 1.70569 0.723392 0
    endloop
  endfacet
  facet normal 0 0 -1
    outer loop
      vertex 2.63192 89.7588 0
      vertex 0 86 0
      vertex 2.30953 89.6252 0
    endloop
  endfacet
  facet normal 0 0 -1
    outer loop
      vertex 0 4 0
      vertex 1.70569 0.723392 0
      vertex 1.42885 0.935822 0
    endloop
  endfacet
  facet normal 0 0 -1
    outer loop
      vertex 2.30953 89.6252 0
      vertex 0 86 0
      vertex 2 89.4641 0
    endloop
  endfacet
  facet normal 0 0 -1
    outer loop
      vertex 0 4 0
      vertex 1.42885 0.935822 0
      vertex 1.17157 1.17157 0
    endloop
  endfacet
  facet normal 0 0 -1
    outer loop
      vertex 2 89.4641 0
      vertex 0 86 0
      vertex 1.70569 89.2766 0
    endloop
  endfacet
  facet normal 0 0 -1
    outer loop
      vertex 0 4 0
      vertex 1.17157 1.17157 0
      vertex 0.935822 1.42885 0
    endloop
  endfacet
  facet normal 0 0 -1
    outer loop
      vertex 1.70569 89.2766 0
      vertex 0 86 0
      vertex 1.42885 89.0642 0
    endloop
  endfacet
  facet normal 0 0 -1
    outer loop
      vertex 0 4 0
      vertex 0.935822 1.42885 0
      vertex 0.723392 1.70569 0
    endloop
  endfacet
  facet normal 0 0 -1
    outer loop
      vertex 1.42885 89.0642 0
      vertex 0 86 0
      vertex 1.17157 88.8284 0
    endloop
  endfacet
  facet normal 0 0 -1
    outer loop
      vertex 0 4 0
      vertex 0.723392 1.70569 0
      vertex 0.535898 2 0
    endloop
  endfacet
  facet normal 0 0 -1
    outer loop
      vertex 1.17157 88.8284 0
      vertex 0 86 0
      vertex 0.935822 88.5712 0
    endloop
  endfacet
  facet normal 0 0 -1
    outer loop
      vertex 0 4 0
      vertex 0.535898 2 0
      vertex 0.374768 2.30953 0
    endloop
  endfacet
  facet normal 0 0 -1
    outer loop
      vertex 0.935822 88.5712 0
      vertex 0 86 0
      vertex 0.723392 88.2943 0
    endloop
  endfacet
  facet normal 0 0 -1
    outer loop
      vertex 0 4 0
      vertex 0.374768 2.30953 0
      vertex 0.241229 2.63192 0
    endloop
  endfacet
  facet normal 0 0 -1
    outer loop
      vertex 0.723392 88.2943 0
      vertex 0 86 0
      vertex 0.535898 88 0
    endloop
  endfacet
  facet normal 0 0 -1
    outer loop
      vertex 0 4 0
      vertex 0.241229 2.63192 0
      vertex 0.136296 2.96472 0
    endloop
  endfacet
  facet normal 0 0 -1
    outer loop
      vertex 0.535898 88 0
      vertex 0 86 0
      vertex 0.374768 87.6905 0
    endloop
  endfacet
  facet normal 0 0 -1
    outer loop
      vertex 0 4 0
      vertex 0.136296 2.96472 0
      vertex 0.0607681 3.30541 0
    endloop
  endfacet
  facet normal 0 0 -1
    outer loop
      vertex 0.374768 87.6905 0
      vertex 0 86 0
      vertex 0.241229 87.3681 0
    endloop
  endfacet
  facet normal 0 0 -1
    outer loop
      vertex 0 4 0
      vertex 0.0607681 3.30541 0
      vertex 0.0152206 3.65138 0
    endloop
  endfacet
  facet normal 0 0 -1
    outer loop
      vertex 0.241229 87.3681 0
      vertex 0 86 0
      vertex 0.136296 87.0353 0
    endloop
  endfacet
  facet normal 0 0 -1
    outer loop
      vertex 0.136296 87.0353 0
      vertex 0 86 0
      vertex 0.0607681 86.6946 0
    endloop
  endfacet
  facet normal 0 0 -1
    outer loop
      vertex 0.0607681 86.6946 0
      vertex 0 86 0
      vertex 0.0152206 86.3486 0
    endloop
  endfacet
  facet normal 0 0 -1
    outer loop
      vertex 51.3751 46.7082 0
      vertex 53.6776 52.6584 0
      vertex 51.4997 46.1461 0
    endloop
  endfacet
  facet normal 0 0 -1
    outer loop
      vertex 53.6776 52.6584 0
      vertex 51.3751 46.7082 0
      vertex 52.7433 51.9414 0
    endloop
  endfacet
  facet normal 0 0 -1
    outer loop
      vertex 51.202 47.2573 0
      vertex 52.7433 51.9414 0
      vertex 51.3751 46.7082 0
    endloop
  endfacet
  facet normal 0 0 -1
    outer loop
      vertex 50.9816 47.7893 0
      vertex 52.7433 51.9414 0
      vertex 51.202 47.2573 0
    endloop
  endfacet
  facet normal 0 0 -1
    outer loop
      vertex 52.7433 51.9414 0
      vertex 50.9816 47.7893 0
      vertex 51.75 51.3087 0
    endloop
  endfacet
  facet normal 0 0 -1
    outer loop
      vertex 50.7158 48.3 0
      vertex 51.75 51.3087 0
      vertex 50.9816 47.7893 0
    endloop
  endfacet
  facet normal 0 0 -1
    outer loop
      vertex 50.4064 48.7856 0
      vertex 51.75 51.3087 0
      vertex 50.7158 48.3 0
    endloop
  endfacet
  facet normal 0 0 -1
    outer loop
      vertex 51.75 51.3087 0
      vertex 50.4064 48.7856 0
      vertex 50.7053 50.7648 0
    endloop
  endfacet
  facet normal 0 0 -1
    outer loop
      vertex 50.0559 49.2424 0
      vertex 50.7053 50.7648 0
      vertex 50.4064 48.7856 0
    endloop
  endfacet
  facet normal 0 0 -1
    outer loop
      vertex 49.6669 49.6669 0
      vertex 50.7053 50.7648 0
      vertex 50.0559 49.2424 0
    endloop
  endfacet
  facet normal 0 0 -1
    outer loop
      vertex 49.6669 49.6669 0
      vertex 49.6173 50.3141 0
      vertex 50.7053 50.7648 0
    endloop
  endfacet
  facet normal 0 0 -1
    outer loop
      vertex 49.2424 50.0559 0
      vertex 49.6173 50.3141 0
      vertex 49.6669 49.6669 0
    endloop
  endfacet
  facet normal 0 0 -1
    outer loop
      vertex 49.6173 50.3141 0
      vertex 49.2424 50.0559 0
      vertex 49.113 50.1552 0
    endloop
  endfacet
  facet normal 0 0 -1
    outer loop
      vertex 40.7576 50.0559 0
      vertex 40.3827 50.3141 0
      vertex 40.887 50.1552 0
    endloop
  endfacet
  facet normal 0 0 -1
    outer loop
      vertex 40.3331 49.6669 0
      vertex 40.3827 50.3141 0
      vertex 40.7576 50.0559 0
    endloop
  endfacet
  facet normal 0 0 -1
    outer loop
      vertex 39.2947 50.7648 0
      vertex 40.3331 49.6669 0
      vertex 39.9441 49.2424 0
    endloop
  endfacet
  facet normal 0 0 -1
    outer loop
      vertex 39.2947 50.7648 0
      vertex 39.9441 49.2424 0
      vertex 39.5936 48.7856 0
    endloop
  endfacet
  facet normal 0 0 -1
    outer loop
      vertex 40.3331 49.6669 0
      vertex 39.2947 50.7648 0
      vertex 40.3827 50.3141 0
    endloop
  endfacet
  facet normal 0 0 -1
    outer loop
      vertex 38.25 51.3087 0
      vertex 39.5936 48.7856 0
      vertex 39.2842 48.3 0
    endloop
  endfacet
  facet normal 0 0 -1
    outer loop
      vertex 38.25 51.3087 0
      vertex 39.2842 48.3 0
      vertex 39.0184 47.7893 0
    endloop
  endfacet
  facet normal 0 0 -1
    outer loop
      vertex 37.2567 51.9414 0
      vertex 39.0184 47.7893 0
      vertex 38.798 47.2573 0
    endloop
  endfacet
  facet normal 0 0 -1
    outer loop
      vertex 37.2567 51.9414 0
      vertex 38.798 47.2573 0
      vertex 38.6249 46.7082 0
    endloop
  endfacet
  facet normal 0 0 -1
    outer loop
      vertex 37.2567 51.9414 0
      vertex 38.6249 46.7082 0
      vertex 38.5003 46.1461 0
    endloop
  endfacet
  facet normal 0 0 -1
    outer loop
      vertex 39.5936 48.7856 0
      vertex 38.25 51.3087 0
      vertex 39.2947 50.7648 0
    endloop
  endfacet
  facet normal 0 0 -1
    outer loop
      vertex 37.2567 51.9414 0
      vertex 38.5003 46.1461 0
      vertex 38.4251 45.5752 0
    endloop
  endfacet
  facet normal 0 0 -1
    outer loop
      vertex 35.4541 53.4541 0
      vertex 38.4251 45.5752 0
      vertex 38.4 45 0
    endloop
  endfacet
  facet normal -0.675662 0.737211 0
    outer loop
      vertex 1.42885 89.0642 0
      vertex 1.17157 88.8284 13
      vertex 1.42885 89.0642 13
    endloop
  endfacet
  facet normal -0.675662 0.737211 0
    outer loop
      vertex 1.17157 88.8284 13
      vertex 1.42885 89.0642 0
      vertex 1.17157 88.8284 0
    endloop
  endfacet
  facet normal 0 -1 0
    outer loop
      vertex 4 0 0
      vertex 86 0 13
      vertex 4 0 13
    endloop
  endfacet
  facet normal 0 -1 -0
    outer loop
      vertex 86 0 13
      vertex 4 0 0
      vertex 86 0 0
    endloop
  endfacet
  facet normal 1 -0 0
    outer loop
      vertex 90 4 13
      vertex 90 86 0
      vertex 90 86 13
    endloop
  endfacet
  facet normal 1 0 0
    outer loop
      vertex 90 86 0
      vertex 90 4 13
      vertex 90 4 0
    endloop
  endfacet
  facet normal 0.923821 0.382824 0
    outer loop
      vertex 89.7588 87.3681 13
      vertex 89.6252 87.6905 0
      vertex 89.6252 87.6905 13
    endloop
  endfacet
  facet normal 0.923821 0.382824 0
    outer loop
      vertex 89.6252 87.6905 0
      vertex 89.7588 87.3681 13
      vertex 89.7588 87.3681 0
    endloop
  endfacet
  facet normal -0.043618 -0.999048 0
    outer loop
      vertex 3.65138 0.0152206 0
      vertex 4 0 13
      vertex 3.65138 0.0152206 13
    endloop
  endfacet
  facet normal -0.043618 -0.999048 -0
    outer loop
      vertex 4 0 13
      vertex 3.65138 0.0152206 0
      vertex 4 0 0
    endloop
  endfacet
  facet normal -0.793349 -0.608767 0
    outer loop
      vertex 0.935822 1.42885 0
      vertex 0.723392 1.70569 13
      vertex 0.723392 1.70569 0
    endloop
  endfacet
  facet normal -0.793349 -0.608767 0
    outer loop
      vertex 0.723392 1.70569 13
      vertex 0.935822 1.42885 0
      vertex 0.935822 1.42885 13
    endloop
  endfacet
  facet normal 0.0436205 -0.999048 0
    outer loop
      vertex 86 0 0
      vertex 86.3486 0.0152206 13
      vertex 86 0 13
    endloop
  endfacet
  facet normal 0.0436205 -0.999048 0
    outer loop
      vertex 86.3486 0.0152206 13
      vertex 86 0 0
      vertex 86.3486 0.0152206 0
    endloop
  endfacet
  facet normal -0.843386 0.537308 0
    outer loop
      vertex 0.535898 88 0
      vertex 0.723392 88.2943 13
      vertex 0.723392 88.2943 0
    endloop
  endfacet
  facet normal -0.843386 0.537308 0
    outer loop
      vertex 0.723392 88.2943 13
      vertex 0.535898 88 0
      vertex 0.535898 88 13
    endloop
  endfacet
  facet normal -0.21636 0.976314 0
    outer loop
      vertex 3.30541 89.9392 0
      vertex 2.96472 89.8637 13
      vertex 3.30541 89.9392 13
    endloop
  endfacet
  facet normal -0.21636 0.976314 0
    outer loop
      vertex 2.96472 89.8637 13
      vertex 3.30541 89.9392 0
      vertex 2.96472 89.8637 0
    endloop
  endfacet
  facet normal -0.0435591 0.999051 0
    outer loop
      vertex 4 90 0
      vertex 3.65138 89.9848 13
      vertex 4 90 13
    endloop
  endfacet
  facet normal -0.0435591 0.999051 0
    outer loop
      vertex 3.65138 89.9848 13
      vertex 4 90 0
      vertex 3.65138 89.9848 0
    endloop
  endfacet
  facet normal 0.991427 0.130662 0
    outer loop
      vertex 89.9848 86.3486 13
      vertex 89.9392 86.6946 0
      vertex 89.9392 86.6946 13
    endloop
  endfacet
  facet normal 0.991427 0.130662 0
    outer loop
      vertex 89.9392 86.6946 0
      vertex 89.9848 86.3486 13
      vertex 89.9848 86.3486 0
    endloop
  endfacet
  facet normal 0.843378 0.53732 0
    outer loop
      vertex 89.4641 88 13
      vertex 89.2766 88.2943 0
      vertex 89.2766 88.2943 13
    endloop
  endfacet
  facet normal 0.843378 0.53732 0
    outer loop
      vertex 89.2766 88.2943 0
      vertex 89.4641 88 13
      vertex 89.4641 88 0
    endloop
  endfacet
  facet normal 0.887029 0.461714 0
    outer loop
      vertex 89.6252 87.6905 13
      vertex 89.4641 88 0
      vertex 89.4641 88 13
    endloop
  endfacet
  facet normal 0.887029 0.461714 0
    outer loop
      vertex 89.4641 88 0
      vertex 89.6252 87.6905 13
      vertex 89.6252 87.6905 0
    endloop
  endfacet
  facet normal 0.793454 0.60863 0
    outer loop
      vertex 89.2766 88.2943 13
      vertex 89.0642 88.5712 0
      vertex 89.0642 88.5712 13
    endloop
  endfacet
  facet normal 0.793454 0.60863 0
    outer loop
      vertex 89.0642 88.5712 0
      vertex 89.2766 88.2943 13
      vertex 89.2766 88.2943 0
    endloop
  endfacet
  facet normal -0.30071 -0.953716 0
    outer loop
      vertex 2.63192 0.241229 0
      vertex 2.96472 0.136296 13
      vertex 2.63192 0.241229 13
    endloop
  endfacet
  facet normal -0.30071 -0.953716 -0
    outer loop
      vertex 2.96472 0.136296 13
      vertex 2.63192 0.241229 0
      vertex 2.96472 0.136296 0
    endloop
  endfacet
  facet normal -0.216436 -0.976297 0
    outer loop
      vertex 2.96472 0.136296 0
      vertex 3.30541 0.0607681 13
      vertex 2.96472 0.136296 13
    endloop
  endfacet
  facet normal -0.216436 -0.976297 -0
    outer loop
      vertex 3.30541 0.0607681 13
      vertex 2.96472 0.136296 0
      vertex 3.30541 0.0607681 0
    endloop
  endfacet
  facet normal 0.675696 -0.737181 0
    outer loop
      vertex 88.5712 0.935822 0
      vertex 88.8284 1.17157 13
      vertex 88.5712 0.935822 13
    endloop
  endfacet
  facet normal 0.675696 -0.737181 0
    outer loop
      vertex 88.8284 1.17157 13
      vertex 88.5712 0.935822 0
      vertex 88.8284 1.17157 0
    endloop
  endfacet
  facet normal 0.991425 -0.130673 0
    outer loop
      vertex 89.9392 3.30541 13
      vertex 89.9848 3.65138 0
      vertex 89.9848 3.65138 13
    endloop
  endfacet
  facet normal 0.991425 -0.130673 0
    outer loop
      vertex 89.9848 3.65138 0
      vertex 89.9392 3.30541 13
      vertex 89.9392 3.30541 0
    endloop
  endfacet
  facet normal 0.999051 -0.0435591 0
    outer loop
      vertex 89.9848 3.65138 13
      vertex 90 4 0
      vertex 90 4 13
    endloop
  endfacet
  facet normal 0.999051 -0.0435591 0
    outer loop
      vertex 90 4 0
      vertex 89.9848 3.65138 13
      vertex 89.9848 3.65138 0
    endloop
  endfacet
  facet normal -0.976298 0.21643 0
    outer loop
      vertex 0.0607681 86.6946 0
      vertex 0.136296 87.0353 13
      vertex 0.136296 87.0353 0
    endloop
  endfacet
  facet normal -0.976298 0.21643 0
    outer loop
      vertex 0.136296 87.0353 13
      vertex 0.0607681 86.6946 0
      vertex 0.0607681 86.6946 13
    endloop
  endfacet
  facet normal -0.793413 0.608684 0
    outer loop
      vertex 0.723392 88.2943 0
      vertex 0.935822 88.5712 13
      vertex 0.935822 88.5712 0
    endloop
  endfacet
  facet normal -0.793413 0.608684 0
    outer loop
      vertex 0.935822 88.5712 13
      vertex 0.723392 88.2943 0
      vertex 0.723392 88.2943 13
    endloop
  endfacet
  facet normal -0.886994 0.461781 0
    outer loop
      vertex 0.374768 87.6905 0
      vertex 0.535898 88 13
      vertex 0.535898 88 0
    endloop
  endfacet
  facet normal -0.886994 0.461781 0
    outer loop
      vertex 0.535898 88 13
      vertex 0.374768 87.6905 0
      vertex 0.374768 87.6905 13
    endloop
  endfacet
  facet normal 0.0435616 0.999051 -0
    outer loop
      vertex 86.3486 89.9848 0
      vertex 86 90 13
      vertex 86.3486 89.9848 13
    endloop
  endfacet
  facet normal 0.0435616 0.999051 0
    outer loop
      vertex 86 90 13
      vertex 86.3486 89.9848 0
      vertex 86 90 0
    endloop
  endfacet
  facet normal 0.461714 0.887029 -0
    outer loop
      vertex 88 89.4641 0
      vertex 87.6905 89.6252 13
      vertex 88 89.4641 13
    endloop
  endfacet
  facet normal 0.461714 0.887029 0
    outer loop
      vertex 87.6905 89.6252 13
      vertex 88 89.4641 0
      vertex 87.6905 89.6252 0
    endloop
  endfacet
  facet normal -0.300624 0.953743 0
    outer loop
      vertex 2.96472 89.8637 0
      vertex 2.63192 89.7588 13
      vertex 2.96472 89.8637 13
    endloop
  endfacet
  facet normal -0.300624 0.953743 0
    outer loop
      vertex 2.63192 89.7588 13
      vertex 2.96472 89.8637 0
      vertex 2.63192 89.7588 0
    endloop
  endfacet
  facet normal -0.130673 0.991425 0
    outer loop
      vertex 3.65138 89.9848 0
      vertex 3.30541 89.9392 13
      vertex 3.65138 89.9848 13
    endloop
  endfacet
  facet normal -0.130673 0.991425 0
    outer loop
      vertex 3.30541 89.9392 13
      vertex 3.65138 89.9848 0
      vertex 3.30541 89.9392 0
    endloop
  endfacet
  facet normal 0.976315 0.216354 0
    outer loop
      vertex 89.9392 86.6946 13
      vertex 89.8637 87.0353 0
      vertex 89.8637 87.0353 13
    endloop
  endfacet
  facet normal 0.976315 0.216354 0
    outer loop
      vertex 89.8637 87.0353 0
      vertex 89.9392 86.6946 13
      vertex 89.9392 86.6946 0
    endloop
  endfacet
  facet normal 0.953743 0.300624 0
    outer loop
      vertex 89.8637 87.0353 13
      vertex 89.7588 87.3681 0
      vertex 89.7588 87.3681 13
    endloop
  endfacet
  facet normal 0.953743 0.300624 0
    outer loop
      vertex 89.7588 87.3681 0
      vertex 89.8637 87.0353 13
      vertex 89.8637 87.0353 0
    endloop
  endfacet
  facet normal -0.737285 -0.675581 0
    outer loop
      vertex 1.17157 1.17157 0
      vertex 0.935822 1.42885 13
      vertex 0.935822 1.42885 0
    endloop
  endfacet
  facet normal -0.737285 -0.675581 0
    outer loop
      vertex 0.935822 1.42885 13
      vertex 1.17157 1.17157 0
      vertex 1.17157 1.17157 13
    endloop
  endfacet
  facet normal -0.608767 -0.793349 0
    outer loop
      vertex 1.42885 0.935822 0
      vertex 1.70569 0.723392 13
      vertex 1.42885 0.935822 13
    endloop
  endfacet
  facet normal -0.608767 -0.793349 -0
    outer loop
      vertex 1.70569 0.723392 13
      vertex 1.42885 0.935822 0
      vertex 1.70569 0.723392 0
    endloop
  endfacet
  facet normal -0.953716 -0.30071 0
    outer loop
      vertex 0.241229 2.63192 0
      vertex 0.136296 2.96472 13
      vertex 0.136296 2.96472 0
    endloop
  endfacet
  facet normal -0.953716 -0.30071 0
    outer loop
      vertex 0.136296 2.96472 13
      vertex 0.241229 2.63192 0
      vertex 0.241229 2.63192 13
    endloop
  endfacet
  facet normal -0.843394 -0.537295 0
    outer loop
      vertex 0.723392 1.70569 0
      vertex 0.535898 2 13
      vertex 0.535898 2 0
    endloop
  endfacet
  facet normal -0.843394 -0.537295 0
    outer loop
      vertex 0.535898 2 13
      vertex 0.723392 1.70569 0
      vertex 0.723392 1.70569 13
    endloop
  endfacet
  facet normal 0.887047 -0.461678 0
    outer loop
      vertex 89.4641 2 13
      vertex 89.6252 2.30953 0
      vertex 89.6252 2.30953 13
    endloop
  endfacet
  facet normal 0.887047 -0.461678 0
    outer loop
      vertex 89.6252 2.30953 0
      vertex 89.4641 2 13
      vertex 89.4641 2 0
    endloop
  endfacet
  facet normal 0.79339 -0.608713 0
    outer loop
      vertex 89.0642 1.42885 13
      vertex 89.2766 1.70569 0
      vertex 89.2766 1.70569 13
    endloop
  endfacet
  facet normal 0.79339 -0.608713 0
    outer loop
      vertex 89.2766 1.70569 0
      vertex 89.0642 1.42885 13
      vertex 89.0642 1.42885 0
    endloop
  endfacet
  facet normal 0.843386 -0.537307 0
    outer loop
      vertex 89.2766 1.70569 13
      vertex 89.4641 2 0
      vertex 89.4641 2 13
    endloop
  endfacet
  facet normal 0.843386 -0.537307 0
    outer loop
      vertex 89.4641 2 0
      vertex 89.2766 1.70569 13
      vertex 89.2766 1.70569 0
    endloop
  endfacet
  facet normal 0.461781 -0.886994 0
    outer loop
      vertex 87.6905 0.374768 0
      vertex 88 0.535898 13
      vertex 87.6905 0.374768 13
    endloop
  endfacet
  facet normal 0.461781 -0.886994 0
    outer loop
      vertex 88 0.535898 13
      vertex 87.6905 0.374768 0
      vertex 88 0.535898 0
    endloop
  endfacet
  facet normal 0.737211 -0.675662 0
    outer loop
      vertex 88.8284 1.17157 13
      vertex 89.0642 1.42885 0
      vertex 89.0642 1.42885 13
    endloop
  endfacet
  facet normal 0.737211 -0.675662 0
    outer loop
      vertex 89.0642 1.42885 0
      vertex 88.8284 1.17157 13
      vertex 88.8284 1.17157 0
    endloop
  endfacet
  facet normal 0.976314 -0.21636 0
    outer loop
      vertex 89.8637 2.96472 13
      vertex 89.9392 3.30541 0
      vertex 89.9392 3.30541 13
    endloop
  endfacet
  facet normal 0.976314 -0.21636 0
    outer loop
      vertex 89.9392 3.30541 0
      vertex 89.8637 2.96472 13
      vertex 89.8637 2.96472 0
    endloop
  endfacet
  facet normal 0.953743 -0.300624 0
    outer loop
      vertex 89.7588 2.63192 13
      vertex 89.8637 2.96472 0
      vertex 89.8637 2.96472 13
    endloop
  endfacet
  facet normal 0.953743 -0.300624 0
    outer loop
      vertex 89.8637 2.96472 0
      vertex 89.7588 2.63192 13
      vertex 89.7588 2.63192 0
    endloop
  endfacet
  facet normal -0.953716 0.30071 0
    outer loop
      vertex 0.136296 87.0353 0
      vertex 0.241229 87.3681 13
      vertex 0.241229 87.3681 0
    endloop
  endfacet
  facet normal -0.953716 0.30071 0
    outer loop
      vertex 0.241229 87.3681 13
      vertex 0.136296 87.0353 0
      vertex 0.136296 87.0353 13
    endloop
  endfacet
  facet normal -0.923883 0.382675 0
    outer loop
      vertex 0.241229 87.3681 0
      vertex 0.374768 87.6905 13
      vertex 0.374768 87.6905 0
    endloop
  endfacet
  facet normal -0.923883 0.382675 0
    outer loop
      vertex 0.374768 87.6905 13
      vertex 0.241229 87.3681 0
      vertex 0.241229 87.3681 13
    endloop
  endfacet
  facet normal -0.737181 0.675696 0
    outer loop
      vertex 0.935822 88.5712 0
      vertex 1.17157 88.8284 13
      vertex 1.17157 88.8284 0
    endloop
  endfacet
  facet normal -0.737181 0.675696 0
    outer loop
      vertex 1.17157 88.8284 13
      vertex 0.935822 88.5712 0
      vertex 0.935822 88.5712 13
    endloop
  endfacet
  facet normal 0.382824 0.923821 -0
    outer loop
      vertex 87.6905 89.6252 0
      vertex 87.3681 89.7588 13
      vertex 87.6905 89.6252 13
    endloop
  endfacet
  facet normal 0.382824 0.923821 0
    outer loop
      vertex 87.3681 89.7588 13
      vertex 87.6905 89.6252 0
      vertex 87.3681 89.7588 0
    endloop
  endfacet
  facet normal 0.300624 0.953743 -0
    outer loop
      vertex 87.3681 89.7588 0
      vertex 87.0353 89.8637 13
      vertex 87.3681 89.7588 13
    endloop
  endfacet
  facet normal 0.300624 0.953743 0
    outer loop
      vertex 87.0353 89.8637 13
      vertex 87.3681 89.7588 0
      vertex 87.0353 89.8637 0
    endloop
  endfacet
  facet normal 0.130662 0.991427 -0
    outer loop
      vertex 86.6946 89.9392 0
      vertex 86.3486 89.9848 13
      vertex 86.6946 89.9392 13
    endloop
  endfacet
  facet normal 0.130662 0.991427 0
    outer loop
      vertex 86.3486 89.9848 13
      vertex 86.6946 89.9392 0
      vertex 86.3486 89.9848 0
    endloop
  endfacet
  facet normal 0.53732 0.843378 -0
    outer loop
      vertex 88.2943 89.2766 0
      vertex 88 89.4641 13
      vertex 88.2943 89.2766 13
    endloop
  endfacet
  facet normal 0.53732 0.843378 0
    outer loop
      vertex 88 89.4641 13
      vertex 88.2943 89.2766 0
      vertex 88 89.4641 0
    endloop
  endfacet
  facet normal 0.60863 0.793454 -0
    outer loop
      vertex 88.5712 89.0642 0
      vertex 88.2943 89.2766 13
      vertex 88.5712 89.0642 13
    endloop
  endfacet
  facet normal 0.60863 0.793454 0
    outer loop
      vertex 88.2943 89.2766 13
      vertex 88.5712 89.0642 0
      vertex 88.2943 89.2766 0
    endloop
  endfacet
  facet normal 0.675777 0.737107 -0
    outer loop
      vertex 88.8284 88.8284 0
      vertex 88.5712 89.0642 13
      vertex 88.8284 88.8284 13
    endloop
  endfacet
  facet normal 0.675777 0.737107 0
    outer loop
      vertex 88.5712 89.0642 13
      vertex 88.8284 88.8284 0
      vertex 88.5712 89.0642 0
    endloop
  endfacet
  facet normal -0.675581 -0.737285 0
    outer loop
      vertex 1.17157 1.17157 0
      vertex 1.42885 0.935822 13
      vertex 1.17157 1.17157 13
    endloop
  endfacet
  facet normal -0.675581 -0.737285 -0
    outer loop
      vertex 1.42885 0.935822 13
      vertex 1.17157 1.17157 0
      vertex 1.42885 0.935822 0
    endloop
  endfacet
  facet normal -0.537295 -0.843394 0
    outer loop
      vertex 1.70569 0.723392 0
      vertex 2 0.535898 13
      vertex 1.70569 0.723392 13
    endloop
  endfacet
  facet normal -0.537295 -0.843394 -0
    outer loop
      vertex 2 0.535898 13
      vertex 1.70569 0.723392 0
      vertex 2 0.535898 0
    endloop
  endfacet
  facet normal -0.461746 -0.887012 0
    outer loop
      vertex 2 0.535898 0
      vertex 2.30953 0.374768 13
      vertex 2 0.535898 13
    endloop
  endfacet
  facet normal -0.461746 -0.887012 -0
    outer loop
      vertex 2.30953 0.374768 13
      vertex 2 0.535898 0
      vertex 2.30953 0.374768 0
    endloop
  endfacet
  facet normal -0.923879 -0.382685 0
    outer loop
      vertex 0.374768 2.30953 0
      vertex 0.241229 2.63192 13
      vertex 0.241229 2.63192 0
    endloop
  endfacet
  facet normal -0.923879 -0.382685 0
    outer loop
      vertex 0.241229 2.63192 13
      vertex 0.374768 2.30953 0
      vertex 0.374768 2.30953 13
    endloop
  endfacet
  facet normal -0.887012 -0.461746 0
    outer loop
      vertex 0.535898 2 0
      vertex 0.374768 2.30953 13
      vertex 0.374768 2.30953 0
    endloop
  endfacet
  facet normal -0.887012 -0.461746 0
    outer loop
      vertex 0.374768 2.30953 13
      vertex 0.535898 2 0
      vertex 0.535898 2 13
    endloop
  endfacet
  facet normal 0.537308 -0.843386 0
    outer loop
      vertex 88 0.535898 0
      vertex 88.2943 0.723392 13
      vertex 88 0.535898 13
    endloop
  endfacet
  facet normal 0.537308 -0.843386 0
    outer loop
      vertex 88.2943 0.723392 13
      vertex 88 0.535898 0
      vertex 88.2943 0.723392 0
    endloop
  endfacet
  facet normal 0.130514 -0.991446 0
    outer loop
      vertex 86.3486 0.0152206 0
      vertex 86.6946 0.0607681 13
      vertex 86.3486 0.0152206 13
    endloop
  endfacet
  facet normal 0.130514 -0.991446 0
    outer loop
      vertex 86.6946 0.0607681 13
      vertex 86.3486 0.0152206 0
      vertex 86.6946 0.0607681 0
    endloop
  endfacet
  facet normal 0.382675 -0.923883 0
    outer loop
      vertex 87.3681 0.241229 0
      vertex 87.6905 0.374768 13
      vertex 87.3681 0.241229 13
    endloop
  endfacet
  facet normal 0.382675 -0.923883 0
    outer loop
      vertex 87.6905 0.374768 13
      vertex 87.3681 0.241229 0
      vertex 87.6905 0.374768 0
    endloop
  endfacet
  facet normal 0.216354 0.976315 -0
    outer loop
      vertex 87.0353 89.8637 0
      vertex 86.6946 89.9392 13
      vertex 87.0353 89.8637 13
    endloop
  endfacet
  facet normal 0.216354 0.976315 0
    outer loop
      vertex 86.6946 89.9392 13
      vertex 87.0353 89.8637 0
      vertex 86.6946 89.9392 0
    endloop
  endfacet
  facet normal -0.461678 0.887047 0
    outer loop
      vertex 2.30953 89.6252 0
      vertex 2 89.4641 13
      vertex 2.30953 89.6252 13
    endloop
  endfacet
  facet normal -0.461678 0.887047 0
    outer loop
      vertex 2 89.4641 13
      vertex 2.30953 89.6252 0
      vertex 2 89.4641 0
    endloop
  endfacet
  facet normal -0.608713 0.79339 0
    outer loop
      vertex 1.70569 89.2766 0
      vertex 1.42885 89.0642 13
      vertex 1.70569 89.2766 13
    endloop
  endfacet
  facet normal -0.608713 0.79339 0
    outer loop
      vertex 1.42885 89.0642 13
      vertex 1.70569 89.2766 0
      vertex 1.42885 89.0642 0
    endloop
  endfacet
  facet normal -0.537307 0.843386 0
    outer loop
      vertex 2 89.4641 0
      vertex 1.70569 89.2766 13
      vertex 2 89.4641 13
    endloop
  endfacet
  facet normal -0.537307 0.843386 0
    outer loop
      vertex 1.70569 89.2766 13
      vertex 2 89.4641 0
      vertex 1.70569 89.2766 0
    endloop
  endfacet
  facet normal -0.976297 -0.216436 0
    outer loop
      vertex 0.136296 2.96472 0
      vertex 0.0607681 3.30541 13
      vertex 0.0607681 3.30541 0
    endloop
  endfacet
  facet normal -0.976297 -0.216436 0
    outer loop
      vertex 0.0607681 3.30541 13
      vertex 0.136296 2.96472 0
      vertex 0.136296 2.96472 13
    endloop
  endfacet
  facet normal -0.991445 -0.130525 0
    outer loop
      vertex 0.0607681 3.30541 0
      vertex 0.0152206 3.65138 13
      vertex 0.0152206 3.65138 0
    endloop
  endfacet
  facet normal -0.991445 -0.130525 0
    outer loop
      vertex 0.0152206 3.65138 13
      vertex 0.0607681 3.30541 0
      vertex 0.0607681 3.30541 13
    endloop
  endfacet
  facet normal 0.30071 -0.953716 0
    outer loop
      vertex 87.0353 0.136296 0
      vertex 87.3681 0.241229 13
      vertex 87.0353 0.136296 13
    endloop
  endfacet
  facet normal 0.30071 -0.953716 0
    outer loop
      vertex 87.3681 0.241229 13
      vertex 87.0353 0.136296 0
      vertex 87.3681 0.241229 0
    endloop
  endfacet
  facet normal 0.21643 -0.976298 0
    outer loop
      vertex 86.6946 0.0607681 0
      vertex 87.0353 0.136296 13
      vertex 86.6946 0.0607681 13
    endloop
  endfacet
  facet normal 0.21643 -0.976298 0
    outer loop
      vertex 87.0353 0.136296 13
      vertex 86.6946 0.0607681 0
      vertex 87.0353 0.136296 0
    endloop
  endfacet
  facet normal 0.608684 -0.793413 0
    outer loop
      vertex 88.2943 0.723392 0
      vertex 88.5712 0.935822 13
      vertex 88.2943 0.723392 13
    endloop
  endfacet
  facet normal 0.608684 -0.793413 0
    outer loop
      vertex 88.5712 0.935822 13
      vertex 88.2943 0.723392 0
      vertex 88.5712 0.935822 0
    endloop
  endfacet
  facet normal -0.608747 -0.793364 0
    outer loop
      vertex 62.8095 70.4347 3
      vertex 64.9586 68.7857 13
      vertex 62.8095 70.4347 13
    endloop
  endfacet
  facet normal -0.608747 -0.793364 -0
    outer loop
      vertex 64.9586 68.7857 13
      vertex 62.8095 70.4347 3
      vertex 64.9586 68.7857 3
    endloop
  endfacet
  facet normal -0.999048 0.0436359 0
    outer loop
      vertex 75.9318 42.2938 3
      vertex 76.05 45 13
      vertex 76.05 45 3
    endloop
  endfacet
  facet normal -0.999048 0.0436359 0
    outer loop
      vertex 76.05 45 13
      vertex 75.9318 42.2938 3
      vertex 75.9318 42.2938 13
    endloop
  endfacet
  facet normal 0.38268 -0.923881 0
    outer loop
      vertex 31.8777 73.1409 3
      vertex 34.3803 74.1775 13
      vertex 31.8777 73.1409 13
    endloop
  endfacet
  facet normal 0.38268 -0.923881 0
    outer loop
      vertex 34.3803 74.1775 13
      vertex 31.8777 73.1409 3
      vertex 34.3803 74.1775 3
    endloop
  endfacet
  facet normal 0.953721 -0.300691 0
    outer loop
      vertex 15.008 53.0363 13
      vertex 15.8225 55.6197 3
      vertex 15.8225 55.6197 13
    endloop
  endfacet
  facet normal 0.953721 -0.300691 0
    outer loop
      vertex 15.8225 55.6197 3
      vertex 15.008 53.0363 13
      vertex 15.008 53.0363 3
    endloop
  endfacet
  facet normal -0.608747 0.793364 0
    outer loop
      vertex 64.9586 21.2143 3
      vertex 62.8095 19.5653 13
      vertex 64.9586 21.2143 13
    endloop
  endfacet
  facet normal -0.608747 0.793364 0
    outer loop
      vertex 62.8095 19.5653 13
      vertex 64.9586 21.2143 3
      vertex 62.8095 19.5653 3
    endloop
  endfacet
  facet normal 0.300691 0.953721 -0
    outer loop
      vertex 36.9637 15.008 3
      vertex 34.3803 15.8225 13
      vertex 36.9637 15.008 13
    endloop
  endfacet
  facet normal 0.300691 0.953721 0
    outer loop
      vertex 34.3803 15.8225 13
      vertex 36.9637 15.008 3
      vertex 34.3803 15.8225 3
    endloop
  endfacet
  facet normal -0.923881 -0.38268 0
    outer loop
      vertex 74.1775 55.6197 3
      vertex 73.1409 58.1223 13
      vertex 73.1409 58.1223 3
    endloop
  endfacet
  facet normal -0.923881 -0.38268 0
    outer loop
      vertex 73.1409 58.1223 13
      vertex 74.1775 55.6197 3
      vertex 74.1775 55.6197 13
    endloop
  endfacet
  facet normal -0.887006 -0.461758 0
    outer loop
      vertex 73.1409 58.1223 3
      vertex 71.8901 60.525 13
      vertex 71.8901 60.525 3
    endloop
  endfacet
  facet normal -0.887006 -0.461758 0
    outer loop
      vertex 71.8901 60.525 13
      vertex 73.1409 58.1223 3
      vertex 73.1409 58.1223 13
    endloop
  endfacet
  facet normal -0.300691 -0.953721 0
    outer loop
      vertex 53.0363 74.992 3
      vertex 55.6197 74.1775 13
      vertex 53.0363 74.992 13
    endloop
  endfacet
  facet normal -0.300691 -0.953721 -0
    outer loop
      vertex 55.6197 74.1775 13
      vertex 53.0363 74.992 3
      vertex 55.6197 74.1775 3
    endloop
  endfacet
  facet normal -0 0 1
    outer loop
      vertex 39.6082 75.5783 3
      vertex 39.2947 75.2352 3
      vertex 40.3629 75.6776 3
    endloop
  endfacet
  facet normal 0 0 1
    outer loop
      vertex 36.9637 74.992 3
      vertex 39.2947 75.2352 3
      vertex 39.6082 75.5783 3
    endloop
  endfacet
  facet normal 0 0 1
    outer loop
      vertex 39.2947 75.2352 3
      vertex 36.9637 74.992 3
      vertex 38.25 74.6913 3
    endloop
  endfacet
  facet normal 0 0 1
    outer loop
      vertex 38.25 74.6913 3
      vertex 36.9637 74.992 3
      vertex 37.2567 74.0585 3
    endloop
  endfacet
  facet normal 0 0 1
    outer loop
      vertex 36.9637 74.992 3
      vertex 36.3224 73.3416 3
      vertex 37.2567 74.0585 3
    endloop
  endfacet
  facet normal -0 0 1
    outer loop
      vertex 34.3803 74.1775 3
      vertex 36.3224 73.3416 3
      vertex 36.9637 74.992 3
    endloop
  endfacet
  facet normal 0 0 1
    outer loop
      vertex 36.3224 73.3416 3
      vertex 34.3803 74.1775 3
      vertex 35.4541 72.5459 3
    endloop
  endfacet
  facet normal 0 0 1
    outer loop
      vertex 35.4541 72.5459 3
      vertex 34.3803 74.1775 3
      vertex 34.6584 71.6776 3
    endloop
  endfacet
  facet normal -0 0 1
    outer loop
      vertex 31.8777 73.1409 3
      vertex 34.6584 71.6776 3
      vertex 34.3803 74.1775 3
    endloop
  endfacet
  facet normal 0 0 1
    outer loop
      vertex 34.6584 71.6776 3
      vertex 31.8777 73.1409 3
      vertex 33.9414 70.7433 3
    endloop
  endfacet
  facet normal 0 0 1
    outer loop
      vertex 33.9414 70.7433 3
      vertex 31.8777 73.1409 3
      vertex 33.3087 69.75 3
    endloop
  endfacet
  facet normal -0 0 1
    outer loop
      vertex 29.475 71.8901 3
      vertex 33.3087 69.75 3
      vertex 31.8777 73.1409 3
    endloop
  endfacet
  facet normal 0 0 1
    outer loop
      vertex 33.3087 69.75 3
      vertex 29.475 71.8901 3
      vertex 32.7648 68.7053 3
    endloop
  endfacet
  facet normal 0 0 1
    outer loop
      vertex 32.7648 68.7053 3
      vertex 29.475 71.8901 3
      vertex 32.3141 67.6173 3
    endloop
  endfacet
  facet normal -0 0 1
    outer loop
      vertex 27.1905 70.4347 3
      vertex 32.3141 67.6173 3
      vertex 29.475 71.8901 3
    endloop
  endfacet
  facet normal 0 0 1
    outer loop
      vertex 32.3141 67.6173 3
      vertex 27.1905 70.4347 3
      vertex 31.96 66.4941 3
    endloop
  endfacet
  facet normal -0 0 1
    outer loop
      vertex 25.0414 68.7857 3
      vertex 31.96 66.4941 3
      vertex 27.1905 70.4347 3
    endloop
  endfacet
  facet normal 0 0 1
    outer loop
      vertex 31.96 66.4941 3
      vertex 25.0414 68.7857 3
      vertex 31.7051 65.3443 3
    endloop
  endfacet
  facet normal 0 0 1
    outer loop
      vertex 40.3827 50.3141 3
      vertex 40.7576 50.0559 3
      vertex 40.887 50.1552 3
    endloop
  endfacet
  facet normal 0 0 1
    outer loop
      vertex 40.3827 50.3141 3
      vertex 40.3331 49.6669 3
      vertex 40.7576 50.0559 3
    endloop
  endfacet
  facet normal 0 0 1
    outer loop
      vertex 39.2947 50.7648 3
      vertex 40.3331 49.6669 3
      vertex 40.3827 50.3141 3
    endloop
  endfacet
  facet normal 0 0 1
    outer loop
      vertex 40.3331 49.6669 3
      vertex 39.2947 50.7648 3
      vertex 39.9441 49.2424 3
    endloop
  endfacet
  facet normal 0 0 1
    outer loop
      vertex 39.9441 49.2424 3
      vertex 39.2947 50.7648 3
      vertex 39.5936 48.7856 3
    endloop
  endfacet
  facet normal 0 0 1
    outer loop
      vertex 38.25 51.3087 3
      vertex 39.5936 48.7856 3
      vertex 39.2947 50.7648 3
    endloop
  endfacet
  facet normal 0 0 1
    outer loop
      vertex 39.5936 48.7856 3
      vertex 38.25 51.3087 3
      vertex 39.2842 48.3 3
    endloop
  endfacet
  facet normal 0 0 1
    outer loop
      vertex 39.2842 48.3 3
      vertex 38.25 51.3087 3
      vertex 39.0184 47.7893 3
    endloop
  endfacet
  facet normal 0 0 1
    outer loop
      vertex 37.2567 51.9414 3
      vertex 39.0184 47.7893 3
      vertex 38.25 51.3087 3
    endloop
  endfacet
  facet normal 0 0 1
    outer loop
      vertex 39.0184 47.7893 3
      vertex 37.2567 51.9414 3
      vertex 38.798 47.2573 3
    endloop
  endfacet
  facet normal 0 0 1
    outer loop
      vertex 38.6249 46.7082 3
      vertex 36.3224 52.6584 3
      vertex 38.5003 46.1461 3
    endloop
  endfacet
  facet normal 0 0 1
    outer loop
      vertex 36.3224 52.6584 3
      vertex 38.6249 46.7082 3
      vertex 37.2567 51.9414 3
    endloop
  endfacet
  facet normal 0 0 1
    outer loop
      vertex 38.798 47.2573 3
      vertex 37.2567 51.9414 3
      vertex 38.6249 46.7082 3
    endloop
  endfacet
  facet normal 0 0 1
    outer loop
      vertex 54.5459 53.4541 3
      vertex 51.5749 45.5752 3
      vertex 51.6 45 3
    endloop
  endfacet
  facet normal 0 0 1
    outer loop
      vertex 52.7433 51.9414 3
      vertex 51.4997 46.1461 3
      vertex 51.5749 45.5752 3
    endloop
  endfacet
  facet normal 0 0 1
    outer loop
      vertex 52.7433 51.9414 3
      vertex 51.3751 46.7082 3
      vertex 51.4997 46.1461 3
    endloop
  endfacet
  facet normal 0 0 1
    outer loop
      vertex 52.7433 51.9414 3
      vertex 51.202 47.2573 3
      vertex 51.3751 46.7082 3
    endloop
  endfacet
  facet normal 0 0 1
    outer loop
      vertex 52.7433 51.9414 3
      vertex 50.9816 47.7893 3
      vertex 51.202 47.2573 3
    endloop
  endfacet
  facet normal 0 0 1
    outer loop
      vertex 51.75 51.3087 3
      vertex 50.7158 48.3 3
      vertex 50.9816 47.7893 3
    endloop
  endfacet
  facet normal 0 0 1
    outer loop
      vertex 50.4064 48.7856 3
      vertex 51.75 51.3087 3
      vertex 50.7053 50.7648 3
    endloop
  endfacet
  facet normal 0 0 1
    outer loop
      vertex 51.75 51.3087 3
      vertex 50.4064 48.7856 3
      vertex 50.7158 48.3 3
    endloop
  endfacet
  facet normal 0 0 1
    outer loop
      vertex 50.7053 50.7648 3
      vertex 50.0559 49.2424 3
      vertex 50.4064 48.7856 3
    endloop
  endfacet
  facet normal 0 0 1
    outer loop
      vertex 50.7053 50.7648 3
      vertex 49.6669 49.6669 3
      vertex 50.0559 49.2424 3
    endloop
  endfacet
  facet normal -0 0 1
    outer loop
      vertex 49.6173 50.3141 3
      vertex 49.6669 49.6669 3
      vertex 50.7053 50.7648 3
    endloop
  endfacet
  facet normal 0 0 1
    outer loop
      vertex 49.6173 50.3141 3
      vertex 49.2424 50.0559 3
      vertex 49.6669 49.6669 3
    endloop
  endfacet
  facet normal 0 -0 1
    outer loop
      vertex 49.2424 50.0559 3
      vertex 49.6173 50.3141 3
      vertex 49.113 50.1552 3
    endloop
  endfacet
  facet normal 0 0 1
    outer loop
      vertex 55.3416 54.3224 3
      vertex 76.05 45 3
      vertex 75.9318 47.7062 3
    endloop
  endfacet
  facet normal 0 0 1
    outer loop
      vertex 55.3416 54.3224 3
      vertex 75.9318 47.7062 3
      vertex 75.5783 50.3918 3
    endloop
  endfacet
  facet normal 0 0 1
    outer loop
      vertex 76.05 45 3
      vertex 55.3416 54.3224 3
      vertex 54.5459 53.4541 3
    endloop
  endfacet
  facet normal 0 0 1
    outer loop
      vertex 56.0586 55.2567 3
      vertex 75.5783 50.3918 3
      vertex 74.992 53.0363 3
    endloop
  endfacet
  facet normal 0 0 1
    outer loop
      vertex 76.05 45 3
      vertex 54.5459 53.4541 3
      vertex 51.6 45 3
    endloop
  endfacet
  facet normal 0 0 1
    outer loop
      vertex 56.6913 56.25 3
      vertex 74.992 53.0363 3
      vertex 74.1775 55.6197 3
    endloop
  endfacet
  facet normal -0 0 1
    outer loop
      vertex 51.5749 44.4248 3
      vertex 75.9318 42.2938 3
      vertex 51.6 45 3
    endloop
  endfacet
  facet normal -0 0 1
    outer loop
      vertex 57.2352 57.2947 3
      vertex 74.1775 55.6197 3
      vertex 73.1409 58.1223 3
    endloop
  endfacet
  facet normal 0 0 1
    outer loop
      vertex 75.9318 42.2938 3
      vertex 51.5749 44.4248 3
      vertex 75.5783 39.6082 3
    endloop
  endfacet
  facet normal -0 0 1
    outer loop
      vertex 57.6859 58.3827 3
      vertex 73.1409 58.1223 3
      vertex 71.8901 60.525 3
    endloop
  endfacet
  facet normal 0 0 1
    outer loop
      vertex 75.5783 50.3918 3
      vertex 56.0586 55.2567 3
      vertex 55.3416 54.3224 3
    endloop
  endfacet
  facet normal 0 0 1
    outer loop
      vertex 58.04 59.5059 3
      vertex 71.8901 60.525 3
      vertex 70.4347 62.8095 3
    endloop
  endfacet
  facet normal -0 0 1
    outer loop
      vertex 51.4997 43.8539 3
      vertex 75.5783 39.6082 3
      vertex 51.5749 44.4248 3
    endloop
  endfacet
  facet normal 0 0 1
    outer loop
      vertex 58.2949 60.6558 3
      vertex 70.4347 62.8095 3
      vertex 68.7857 64.9586 3
    endloop
  endfacet
  facet normal 0 0 1
    outer loop
      vertex 74.992 53.0363 3
      vertex 56.6913 56.25 3
      vertex 56.0586 55.2567 3
    endloop
  endfacet
  facet normal 0 0 1
    outer loop
      vertex 58.5 63 3
      vertex 68.7857 64.9586 3
      vertex 66.9557 66.9557 3
    endloop
  endfacet
  facet normal 0 0 1
    outer loop
      vertex 74.1775 55.6197 3
      vertex 57.2352 57.2947 3
      vertex 56.6913 56.25 3
    endloop
  endfacet
  facet normal 0 0 1
    outer loop
      vertex 58.4486 64.1766 3
      vertex 66.9557 66.9557 3
      vertex 64.9586 68.7857 3
    endloop
  endfacet
  facet normal 0 0 1
    outer loop
      vertex 73.1409 58.1223 3
      vertex 57.6859 58.3827 3
      vertex 57.2352 57.2947 3
    endloop
  endfacet
  facet normal 0 0 1
    outer loop
      vertex 58.04 66.4941 3
      vertex 64.9586 68.7857 3
      vertex 62.8095 70.4347 3
    endloop
  endfacet
  facet normal 0 0 1
    outer loop
      vertex 71.8901 60.525 3
      vertex 58.04 59.5059 3
      vertex 57.6859 58.3827 3
    endloop
  endfacet
  facet normal 0 0 1
    outer loop
      vertex 57.6859 67.6173 3
      vertex 62.8095 70.4347 3
      vertex 60.525 71.8901 3
    endloop
  endfacet
  facet normal 0 0 1
    outer loop
      vertex 70.4347 62.8095 3
      vertex 58.2949 60.6558 3
      vertex 58.04 59.5059 3
    endloop
  endfacet
  facet normal 0 0 1
    outer loop
      vertex 68.7857 64.9586 3
      vertex 58.5 63 3
      vertex 58.4486 61.8234 3
    endloop
  endfacet
  facet normal 0 0 1
    outer loop
      vertex 66.9557 66.9557 3
      vertex 58.4486 64.1766 3
      vertex 58.5 63 3
    endloop
  endfacet
  facet normal 0 0 1
    outer loop
      vertex 64.9586 68.7857 3
      vertex 58.2949 65.3443 3
      vertex 58.4486 64.1766 3
    endloop
  endfacet
  facet normal 0 0 1
    outer loop
      vertex 56.6913 69.75 3
      vertex 60.525 71.8901 3
      vertex 58.1223 73.1409 3
    endloop
  endfacet
  facet normal 0 0 1
    outer loop
      vertex 64.9586 68.7857 3
      vertex 58.04 66.4941 3
      vertex 58.2949 65.3443 3
    endloop
  endfacet
  facet normal 0 0 1
    outer loop
      vertex 62.8095 70.4347 3
      vertex 57.6859 67.6173 3
      vertex 58.04 66.4941 3
    endloop
  endfacet
  facet normal 0 0 1
    outer loop
      vertex 60.525 71.8901 3
      vertex 57.2352 68.7053 3
      vertex 57.6859 67.6173 3
    endloop
  endfacet
  facet normal 0 0 1
    outer loop
      vertex 60.525 71.8901 3
      vertex 56.6913 69.75 3
      vertex 57.2352 68.7053 3
    endloop
  endfacet
  facet normal 0 0 1
    outer loop
      vertex 58.1223 73.1409 3
      vertex 56.0586 70.7433 3
      vertex 56.6913 69.75 3
    endloop
  endfacet
  facet normal 0 0 1
    outer loop
      vertex 55.3416 71.6776 3
      vertex 58.1223 73.1409 3
      vertex 55.6197 74.1775 3
    endloop
  endfacet
  facet normal 0 0 1
    outer loop
      vertex 58.1223 73.1409 3
      vertex 55.3416 71.6776 3
      vertex 56.0586 70.7433 3
    endloop
  endfacet
  facet normal 0 0 1
    outer loop
      vertex 55.6197 74.1775 3
      vertex 54.5459 72.5459 3
      vertex 55.3416 71.6776 3
    endloop
  endfacet
  facet normal 0 0 1
    outer loop
      vertex 55.6197 74.1775 3
      vertex 53.6776 73.3416 3
      vertex 54.5459 72.5459 3
    endloop
  endfacet
  facet normal 0 0 1
    outer loop
      vertex 53.0363 74.992 3
      vertex 53.6776 73.3416 3
      vertex 55.6197 74.1775 3
    endloop
  endfacet
  facet normal 0 0 1
    outer loop
      vertex 53.0363 74.992 3
      vertex 52.7433 74.0585 3
      vertex 53.6776 73.3416 3
    endloop
  endfacet
  facet normal 0 0 1
    outer loop
      vertex 53.0363 74.992 3
      vertex 51.75 74.6913 3
      vertex 52.7433 74.0585 3
    endloop
  endfacet
  facet normal 0 0 1
    outer loop
      vertex 53.0363 74.992 3
      vertex 50.7053 75.2352 3
      vertex 51.75 74.6913 3
    endloop
  endfacet
  facet normal 0 0 1
    outer loop
      vertex 50.3918 75.5783 3
      vertex 50.7053 75.2352 3
      vertex 53.0363 74.992 3
    endloop
  endfacet
  facet normal 0 0 1
    outer loop
      vertex 50.7053 75.2352 3
      vertex 50.3918 75.5783 3
      vertex 49.6371 75.6776 3
    endloop
  endfacet
  facet normal 0 0 1
    outer loop
      vertex 68.7857 64.9586 3
      vertex 58.4486 61.8234 3
      vertex 58.2949 60.6558 3
    endloop
  endfacet
  facet normal 0 0 1
    outer loop
      vertex 75.5783 39.6082 3
      vertex 51.4997 43.8539 3
      vertex 74.992 36.9637 3
    endloop
  endfacet
  facet normal -0 0 1
    outer loop
      vertex 51.3751 43.2918 3
      vertex 74.992 36.9637 3
      vertex 51.4997 43.8539 3
    endloop
  endfacet
  facet normal -0 0 1
    outer loop
      vertex 51.202 42.7427 3
      vertex 74.1775 34.3803 3
      vertex 51.3751 43.2918 3
    endloop
  endfacet
  facet normal -0 0 1
    outer loop
      vertex 50.9816 42.2107 3
      vertex 73.1409 31.8777 3
      vertex 51.202 42.7427 3
    endloop
  endfacet
  facet normal 0 0 1
    outer loop
      vertex 73.1409 31.8777 3
      vertex 50.9816 42.2107 3
      vertex 71.8901 29.475 3
    endloop
  endfacet
  facet normal 0 0 1
    outer loop
      vertex 71.8901 29.475 3
      vertex 50.7158 41.7 3
      vertex 70.4347 27.1905 3
    endloop
  endfacet
  facet normal -0 0 1
    outer loop
      vertex 50.4064 41.2144 3
      vertex 70.4347 27.1905 3
      vertex 50.7158 41.7 3
    endloop
  endfacet
  facet normal 0 0 1
    outer loop
      vertex 70.4347 27.1905 3
      vertex 50.4064 41.2144 3
      vertex 68.7857 25.0414 3
    endloop
  endfacet
  facet normal 0 0 1
    outer loop
      vertex 74.1775 34.3803 3
      vertex 51.202 42.7427 3
      vertex 73.1409 31.8777 3
    endloop
  endfacet
  facet normal 0 0 1
    outer loop
      vertex 76.05 45 3
      vertex 51.6 45 3
      vertex 75.9318 42.2938 3
    endloop
  endfacet
  facet normal 0 0 1
    outer loop
      vertex 51.5749 45.5752 3
      vertex 54.5459 53.4541 3
      vertex 53.6776 52.6584 3
    endloop
  endfacet
  facet normal -0 0 1
    outer loop
      vertex 50.0559 40.7576 3
      vertex 68.7857 25.0414 3
      vertex 50.4064 41.2144 3
    endloop
  endfacet
  facet normal 0 0 1
    outer loop
      vertex 51.5749 45.5752 3
      vertex 53.6776 52.6584 3
      vertex 52.7433 51.9414 3
    endloop
  endfacet
  facet normal 0 0 1
    outer loop
      vertex 50.9816 47.7893 3
      vertex 52.7433 51.9414 3
      vertex 51.75 51.3087 3
    endloop
  endfacet
  facet normal 0 0 1
    outer loop
      vertex 74.992 36.9637 3
      vertex 51.3751 43.2918 3
      vertex 74.1775 34.3803 3
    endloop
  endfacet
  facet normal -0 0 1
    outer loop
      vertex 50.7158 41.7 3
      vertex 71.8901 29.475 3
      vertex 50.9816 42.2107 3
    endloop
  endfacet
  facet normal 0 0 1
    outer loop
      vertex 68.7857 25.0414 3
      vertex 50.0559 40.7576 3
      vertex 66.9557 23.0443 3
    endloop
  endfacet
  facet normal -0 0 1
    outer loop
      vertex 49.6669 40.3331 3
      vertex 66.9557 23.0443 3
      vertex 50.0559 40.7576 3
    endloop
  endfacet
  facet normal 0 0 1
    outer loop
      vertex 66.9557 23.0443 3
      vertex 49.6669 40.3331 3
      vertex 64.9586 21.2143 3
    endloop
  endfacet
  facet normal -0 0 1
    outer loop
      vertex 49.2424 39.9441 3
      vertex 64.9586 21.2143 3
      vertex 49.6669 40.3331 3
    endloop
  endfacet
  facet normal 0 0 1
    outer loop
      vertex 64.9586 21.2143 3
      vertex 49.2424 39.9441 3
      vertex 62.8095 19.5653 3
    endloop
  endfacet
  facet normal -0 0 1
    outer loop
      vertex 48.7856 39.5936 3
      vertex 62.8095 19.5653 3
      vertex 49.2424 39.9441 3
    endloop
  endfacet
  facet normal 0 0 1
    outer loop
      vertex 62.8095 19.5653 3
      vertex 48.7856 39.5936 3
      vertex 60.525 18.1099 3
    endloop
  endfacet
  facet normal -0 0 1
    outer loop
      vertex 48.3 39.2842 3
      vertex 60.525 18.1099 3
      vertex 48.7856 39.5936 3
    endloop
  endfacet
  facet normal 0 0 1
    outer loop
      vertex 60.525 18.1099 3
      vertex 48.3 39.2842 3
      vertex 58.1223 16.8591 3
    endloop
  endfacet
  facet normal -0 0 1
    outer loop
      vertex 47.7893 39.0184 3
      vertex 58.1223 16.8591 3
      vertex 48.3 39.2842 3
    endloop
  endfacet
  facet normal 0 0 1
    outer loop
      vertex 58.1223 16.8591 3
      vertex 47.7893 39.0184 3
      vertex 55.6197 15.8225 3
    endloop
  endfacet
  facet normal -0 0 1
    outer loop
      vertex 47.2573 38.798 3
      vertex 55.6197 15.8225 3
      vertex 47.7893 39.0184 3
    endloop
  endfacet
  facet normal 0 0 1
    outer loop
      vertex 55.6197 15.8225 3
      vertex 47.2573 38.798 3
      vertex 53.0363 15.008 3
    endloop
  endfacet
  facet normal -0 0 1
    outer loop
      vertex 46.7082 38.6249 3
      vertex 53.0363 15.008 3
      vertex 47.2573 38.798 3
    endloop
  endfacet
  facet normal 0 0 1
    outer loop
      vertex 53.0363 15.008 3
      vertex 46.7082 38.6249 3
      vertex 50.3918 14.4217 3
    endloop
  endfacet
  facet normal -0 0 1
    outer loop
      vertex 46.1461 38.5003 3
      vertex 50.3918 14.4217 3
      vertex 46.7082 38.6249 3
    endloop
  endfacet
  facet normal 0 0 1
    outer loop
      vertex 50.3918 14.4217 3
      vertex 46.1461 38.5003 3
      vertex 47.7062 14.0682 3
    endloop
  endfacet
  facet normal -0 0 1
    outer loop
      vertex 45.5752 38.4251 3
      vertex 47.7062 14.0682 3
      vertex 46.1461 38.5003 3
    endloop
  endfacet
  facet normal -0 0 1
    outer loop
      vertex 45 38.4 3
      vertex 47.7062 14.0682 3
      vertex 45.5752 38.4251 3
    endloop
  endfacet
  facet normal 0 0 1
    outer loop
      vertex 45 38.4 3
      vertex 45 13.95 3
      vertex 47.7062 14.0682 3
    endloop
  endfacet
  facet normal 0 0 1
    outer loop
      vertex 44.4248 38.4251 3
      vertex 45 13.95 3
      vertex 45 38.4 3
    endloop
  endfacet
  facet normal 0 0 1
    outer loop
      vertex 42.2938 14.0682 3
      vertex 44.4248 38.4251 3
      vertex 43.8539 38.5003 3
    endloop
  endfacet
  facet normal 0 0 1
    outer loop
      vertex 39.6082 14.4217 3
      vertex 43.8539 38.5003 3
      vertex 43.2918 38.6249 3
    endloop
  endfacet
  facet normal 0 0 1
    outer loop
      vertex 36.9637 15.008 3
      vertex 43.2918 38.6249 3
      vertex 42.7427 38.798 3
    endloop
  endfacet
  facet normal 0 0 1
    outer loop
      vertex 44.4248 38.4251 3
      vertex 42.2938 14.0682 3
      vertex 45 13.95 3
    endloop
  endfacet
  facet normal 0 0 1
    outer loop
      vertex 34.3803 15.8225 3
      vertex 42.7427 38.798 3
      vertex 42.2107 39.0184 3
    endloop
  endfacet
  facet normal 0 0 1
    outer loop
      vertex 31.8777 16.8591 3
      vertex 42.2107 39.0184 3
      vertex 41.7 39.2842 3
    endloop
  endfacet
  facet normal 0 0 1
    outer loop
      vertex 29.475 18.1099 3
      vertex 41.7 39.2842 3
      vertex 41.2144 39.5936 3
    endloop
  endfacet
  facet normal 0 0 1
    outer loop
      vertex 27.1905 19.5653 3
      vertex 41.2144 39.5936 3
      vertex 40.7576 39.9441 3
    endloop
  endfacet
  facet normal 0 0 1
    outer loop
      vertex 25.0414 21.2143 3
      vertex 40.7576 39.9441 3
      vertex 40.3331 40.3331 3
    endloop
  endfacet
  facet normal 0 0 1
    outer loop
      vertex 23.0443 23.0443 3
      vertex 40.3331 40.3331 3
      vertex 39.9441 40.7576 3
    endloop
  endfacet
  facet normal 0 0 1
    outer loop
      vertex 43.8539 38.5003 3
      vertex 39.6082 14.4217 3
      vertex 42.2938 14.0682 3
    endloop
  endfacet
  facet normal 0 0 1
    outer loop
      vertex 21.2143 25.0414 3
      vertex 39.9441 40.7576 3
      vertex 39.5936 41.2144 3
    endloop
  endfacet
  facet normal 0 0 1
    outer loop
      vertex 19.5653 27.1905 3
      vertex 39.5936 41.2144 3
      vertex 39.2842 41.7 3
    endloop
  endfacet
  facet normal 0 0 1
    outer loop
      vertex 18.1099 29.475 3
      vertex 39.2842 41.7 3
      vertex 39.0184 42.2107 3
    endloop
  endfacet
  facet normal 0 0 1
    outer loop
      vertex 16.8591 31.8777 3
      vertex 39.0184 42.2107 3
      vertex 38.798 42.7427 3
    endloop
  endfacet
  facet normal 0 0 1
    outer loop
      vertex 15.8225 34.3803 3
      vertex 38.798 42.7427 3
      vertex 38.6249 43.2918 3
    endloop
  endfacet
  facet normal 0 0 1
    outer loop
      vertex 15.008 36.9637 3
      vertex 38.6249 43.2918 3
      vertex 38.5003 43.8539 3
    endloop
  endfacet
  facet normal 0 0 1
    outer loop
      vertex 14.4217 39.6082 3
      vertex 38.5003 43.8539 3
      vertex 38.4251 44.4248 3
    endloop
  endfacet
  facet normal 0 0 1
    outer loop
      vertex 14.0682 42.2938 3
      vertex 38.4251 44.4248 3
      vertex 38.4 45 3
    endloop
  endfacet
  facet normal 0 0 1
    outer loop
      vertex 35.4541 53.4541 3
      vertex 38.5003 46.1461 3
      vertex 36.3224 52.6584 3
    endloop
  endfacet
  facet normal 0 0 1
    outer loop
      vertex 38.5003 46.1461 3
      vertex 35.4541 53.4541 3
      vertex 38.4251 45.5752 3
    endloop
  endfacet
  facet normal 0 0 1
    outer loop
      vertex 43.2918 38.6249 3
      vertex 36.9637 15.008 3
      vertex 39.6082 14.4217 3
    endloop
  endfacet
  facet normal 0 0 1
    outer loop
      vertex 38.4251 45.5752 3
      vertex 35.4541 53.4541 3
      vertex 38.4 45 3
    endloop
  endfacet
  facet normal 0 0 1
    outer loop
      vertex 13.95 45 3
      vertex 38.4 45 3
      vertex 35.4541 53.4541 3
    endloop
  endfacet
  facet normal 0 0 1
    outer loop
      vertex 13.95 45 3
      vertex 35.4541 53.4541 3
      vertex 34.6584 54.3224 3
    endloop
  endfacet
  facet normal 0 0 1
    outer loop
      vertex 42.7427 38.798 3
      vertex 34.3803 15.8225 3
      vertex 36.9637 15.008 3
    endloop
  endfacet
  facet normal 0 0 1
    outer loop
      vertex 14.4217 50.3918 3
      vertex 34.6584 54.3224 3
      vertex 33.9414 55.2567 3
    endloop
  endfacet
  facet normal 0 0 1
    outer loop
      vertex 15.008 53.0363 3
      vertex 33.9414 55.2567 3
      vertex 33.3087 56.25 3
    endloop
  endfacet
  facet normal 0 0 1
    outer loop
      vertex 15.8225 55.6197 3
      vertex 33.3087 56.25 3
      vertex 32.7648 57.2947 3
    endloop
  endfacet
  facet normal -0 0 1
    outer loop
      vertex 16.8591 58.1223 3
      vertex 32.7648 57.2947 3
      vertex 32.3141 58.3827 3
    endloop
  endfacet
  facet normal 0 0 1
    outer loop
      vertex 18.1099 60.525 3
      vertex 32.3141 58.3827 3
      vertex 31.96 59.5059 3
    endloop
  endfacet
  facet normal 0 0 1
    outer loop
      vertex 42.2107 39.0184 3
      vertex 31.8777 16.8591 3
      vertex 34.3803 15.8225 3
    endloop
  endfacet
  facet normal 0 0 1
    outer loop
      vertex 19.5653 62.8095 3
      vertex 31.96 59.5059 3
      vertex 31.7051 60.6558 3
    endloop
  endfacet
  facet normal 0 0 1
    outer loop
      vertex 21.2143 64.9586 3
      vertex 31.7051 60.6558 3
      vertex 31.5514 61.8234 3
    endloop
  endfacet
  facet normal 0 0 1
    outer loop
      vertex 21.2143 64.9586 3
      vertex 31.5514 61.8234 3
      vertex 31.5 63 3
    endloop
  endfacet
  facet normal 0 0 1
    outer loop
      vertex 31.7051 65.3443 3
      vertex 25.0414 68.7857 3
      vertex 31.5514 64.1766 3
    endloop
  endfacet
  facet normal 0 0 1
    outer loop
      vertex 41.7 39.2842 3
      vertex 29.475 18.1099 3
      vertex 31.8777 16.8591 3
    endloop
  endfacet
  facet normal -0 0 1
    outer loop
      vertex 23.0443 66.9557 3
      vertex 31.5514 64.1766 3
      vertex 25.0414 68.7857 3
    endloop
  endfacet
  facet normal 0 0 1
    outer loop
      vertex 41.2144 39.5936 3
      vertex 27.1905 19.5653 3
      vertex 29.475 18.1099 3
    endloop
  endfacet
  facet normal 0 0 1
    outer loop
      vertex 31.5514 64.1766 3
      vertex 23.0443 66.9557 3
      vertex 31.5 63 3
    endloop
  endfacet
  facet normal 0 0 1
    outer loop
      vertex 40.7576 39.9441 3
      vertex 25.0414 21.2143 3
      vertex 27.1905 19.5653 3
    endloop
  endfacet
  facet normal -0 0 1
    outer loop
      vertex 21.2143 64.9586 3
      vertex 31.5 63 3
      vertex 23.0443 66.9557 3
    endloop
  endfacet
  facet normal 0 0 1
    outer loop
      vertex 40.3331 40.3331 3
      vertex 23.0443 23.0443 3
      vertex 25.0414 21.2143 3
    endloop
  endfacet
  facet normal 0 0 1
    outer loop
      vertex 31.7051 60.6558 3
      vertex 21.2143 64.9586 3
      vertex 19.5653 62.8095 3
    endloop
  endfacet
  facet normal 0 0 1
    outer loop
      vertex 39.9441 40.7576 3
      vertex 21.2143 25.0414 3
      vertex 23.0443 23.0443 3
    endloop
  endfacet
  facet normal 0 0 1
    outer loop
      vertex 31.96 59.5059 3
      vertex 19.5653 62.8095 3
      vertex 18.1099 60.525 3
    endloop
  endfacet
  facet normal 0 0 1
    outer loop
      vertex 39.5936 41.2144 3
      vertex 19.5653 27.1905 3
      vertex 21.2143 25.0414 3
    endloop
  endfacet
  facet normal 0 0 1
    outer loop
      vertex 32.3141 58.3827 3
      vertex 18.1099 60.525 3
      vertex 16.8591 58.1223 3
    endloop
  endfacet
  facet normal 0 0 1
    outer loop
      vertex 39.2842 41.7 3
      vertex 18.1099 29.475 3
      vertex 19.5653 27.1905 3
    endloop
  endfacet
  facet normal 0 0 1
    outer loop
      vertex 32.7648 57.2947 3
      vertex 16.8591 58.1223 3
      vertex 15.8225 55.6197 3
    endloop
  endfacet
  facet normal 0 0 1
    outer loop
      vertex 39.0184 42.2107 3
      vertex 16.8591 31.8777 3
      vertex 18.1099 29.475 3
    endloop
  endfacet
  facet normal 0 0 1
    outer loop
      vertex 33.3087 56.25 3
      vertex 15.8225 55.6197 3
      vertex 15.008 53.0363 3
    endloop
  endfacet
  facet normal 0 0 1
    outer loop
      vertex 38.798 42.7427 3
      vertex 15.8225 34.3803 3
      vertex 16.8591 31.8777 3
    endloop
  endfacet
  facet normal 0 0 1
    outer loop
      vertex 33.9414 55.2567 3
      vertex 15.008 53.0363 3
      vertex 14.4217 50.3918 3
    endloop
  endfacet
  facet normal 0 0 1
    outer loop
      vertex 38.6249 43.2918 3
      vertex 15.008 36.9637 3
      vertex 15.8225 34.3803 3
    endloop
  endfacet
  facet normal 0 0 1
    outer loop
      vertex 34.6584 54.3224 3
      vertex 14.4217 50.3918 3
      vertex 14.0682 47.7062 3
    endloop
  endfacet
  facet normal 0 0 1
    outer loop
      vertex 38.5003 43.8539 3
      vertex 14.4217 39.6082 3
      vertex 15.008 36.9637 3
    endloop
  endfacet
  facet normal 0 0 1
    outer loop
      vertex 34.6584 54.3224 3
      vertex 14.0682 47.7062 3
      vertex 13.95 45 3
    endloop
  endfacet
  facet normal 0 0 1
    outer loop
      vertex 38.4251 44.4248 3
      vertex 14.0682 42.2938 3
      vertex 14.4217 39.6082 3
    endloop
  endfacet
  facet normal 0 0 1
    outer loop
      vertex 38.4 45 3
      vertex 13.95 45 3
      vertex 14.0682 42.2938 3
    endloop
  endfacet
  facet normal 0.793364 -0.608747 0
    outer loop
      vertex 19.5653 62.8095 13
      vertex 21.2143 64.9586 3
      vertex 21.2143 64.9586 13
    endloop
  endfacet
  facet normal 0.793364 -0.608747 0
    outer loop
      vertex 21.2143 64.9586 3
      vertex 19.5653 62.8095 13
      vertex 19.5653 62.8095 3
    endloop
  endfacet
  facet normal 0.21645 -0.976294 0
    outer loop
      vertex 36.9637 74.992 3
      vertex 39.6082 75.5783 13
      vertex 36.9637 74.992 13
    endloop
  endfacet
  facet normal 0.21645 -0.976294 0
    outer loop
      vertex 39.6082 75.5783 13
      vertex 36.9637 74.992 3
      vertex 39.6082 75.5783 3
    endloop
  endfacet
  facet normal -0.953721 0.300691 0
    outer loop
      vertex 74.1775 34.3803 3
      vertex 74.992 36.9637 13
      vertex 74.992 36.9637 3
    endloop
  endfacet
  facet normal -0.953721 0.300691 0
    outer loop
      vertex 74.992 36.9637 13
      vertex 74.1775 34.3803 3
      vertex 74.1775 34.3803 13
    endloop
  endfacet
  facet normal 0.0436359 0.999048 -0
    outer loop
      vertex 45 13.95 3
      vertex 42.2938 14.0682 13
      vertex 45 13.95 13
    endloop
  endfacet
  facet normal 0.0436359 0.999048 0
    outer loop
      vertex 42.2938 14.0682 13
      vertex 45 13.95 3
      vertex 42.2938 14.0682 3
    endloop
  endfacet
  facet normal 0.608747 0.793364 -0
    outer loop
      vertex 27.1905 19.5653 3
      vertex 25.0414 21.2143 13
      vertex 27.1905 19.5653 13
    endloop
  endfacet
  facet normal 0.608747 0.793364 0
    outer loop
      vertex 25.0414 21.2143 13
      vertex 27.1905 19.5653 3
      vertex 25.0414 21.2143 3
    endloop
  endfacet
  facet normal 0.976294 0.21645 0
    outer loop
      vertex 15.008 36.9637 13
      vertex 14.4217 39.6082 3
      vertex 14.4217 39.6082 13
    endloop
  endfacet
  facet normal 0.976294 0.21645 0
    outer loop
      vertex 14.4217 39.6082 3
      vertex 15.008 36.9637 13
      vertex 15.008 36.9637 3
    endloop
  endfacet
  facet normal -0.991448 -0.130502 0
    outer loop
      vertex 75.9318 47.7062 3
      vertex 75.5783 50.3918 13
      vertex 75.5783 50.3918 3
    endloop
  endfacet
  facet normal -0.991448 -0.130502 0
    outer loop
      vertex 75.5783 50.3918 13
      vertex 75.9318 47.7062 3
      vertex 75.9318 47.7062 13
    endloop
  endfacet
  facet normal -0.976294 -0.21645 0
    outer loop
      vertex 75.5783 50.3918 3
      vertex 74.992 53.0363 13
      vertex 74.992 53.0363 3
    endloop
  endfacet
  facet normal -0.976294 -0.21645 0
    outer loop
      vertex 74.992 53.0363 13
      vertex 75.5783 50.3918 3
      vertex 75.5783 50.3918 13
    endloop
  endfacet
  facet normal -0.953721 -0.300691 0
    outer loop
      vertex 74.992 53.0363 3
      vertex 74.1775 55.6197 13
      vertex 74.1775 55.6197 3
    endloop
  endfacet
  facet normal -0.953721 -0.300691 0
    outer loop
      vertex 74.1775 55.6197 13
      vertex 74.992 53.0363 3
      vertex 74.992 53.0363 13
    endloop
  endfacet
  facet normal -0.737278 -0.675589 0
    outer loop
      vertex 68.7857 64.9586 3
      vertex 66.9557 66.9557 13
      vertex 66.9557 66.9557 3
    endloop
  endfacet
  facet normal -0.737278 -0.675589 0
    outer loop
      vertex 66.9557 66.9557 13
      vertex 68.7857 64.9586 3
      vertex 68.7857 64.9586 13
    endloop
  endfacet
  facet normal -0.793364 -0.608747 0
    outer loop
      vertex 70.4347 62.8095 3
      vertex 68.7857 64.9586 13
      vertex 68.7857 64.9586 3
    endloop
  endfacet
  facet normal -0.793364 -0.608747 0
    outer loop
      vertex 68.7857 64.9586 13
      vertex 70.4347 62.8095 3
      vertex 70.4347 62.8095 13
    endloop
  endfacet
  facet normal -0.675589 -0.737278 0
    outer loop
      vertex 64.9586 68.7857 3
      vertex 66.9557 66.9557 13
      vertex 64.9586 68.7857 13
    endloop
  endfacet
  facet normal -0.675589 -0.737278 -0
    outer loop
      vertex 66.9557 66.9557 13
      vertex 64.9586 68.7857 3
      vertex 66.9557 66.9557 3
    endloop
  endfacet
  facet normal -0.461758 -0.887006 0
    outer loop
      vertex 58.1223 73.1409 3
      vertex 60.525 71.8901 13
      vertex 58.1223 73.1409 13
    endloop
  endfacet
  facet normal -0.461758 -0.887006 -0
    outer loop
      vertex 60.525 71.8901 13
      vertex 58.1223 73.1409 3
      vertex 60.525 71.8901 3
    endloop
  endfacet
  facet normal 0.0436359 -0.999048 0
    outer loop
      vertex 42.2938 75.9318 4
      vertex 45 76.05 13
      vertex 42.2938 75.9318 13
    endloop
  endfacet
  facet normal 0.0436359 -0.999048 0
    outer loop
      vertex 45 76.05 13
      vertex 42.2938 75.9318 4
      vertex 45 76.05 4
    endloop
  endfacet
  facet normal -0.38268 -0.923881 0
    outer loop
      vertex 55.6197 74.1775 3
      vertex 58.1223 73.1409 13
      vertex 55.6197 74.1775 13
    endloop
  endfacet
  facet normal -0.38268 -0.923881 -0
    outer loop
      vertex 58.1223 73.1409 13
      vertex 55.6197 74.1775 3
      vertex 58.1223 73.1409 3
    endloop
  endfacet
  facet normal -0.21645 -0.976294 0
    outer loop
      vertex 50.3918 75.5783 3
      vertex 53.0363 74.992 13
      vertex 50.3918 75.5783 13
    endloop
  endfacet
  facet normal -0.21645 -0.976294 -0
    outer loop
      vertex 53.0363 74.992 13
      vertex 50.3918 75.5783 3
      vertex 53.0363 74.992 3
    endloop
  endfacet
  facet normal -0.130522 -0.991445 0
    outer loop
      vertex 49.6371 75.6776 4
      vertex 47.7062 75.9318 13
      vertex 47.7062 75.9318 4
    endloop
  endfacet
  facet normal -0.130502 -0.991448 4.3632e-06
    outer loop
      vertex 47.7062 75.9318 13
      vertex 49.6371 75.6776 4
      vertex 50.3918 75.5783 13
    endloop
  endfacet
  facet normal -0.130451 -0.991455 0
    outer loop
      vertex 50.3918 75.5783 3
      vertex 49.6371 75.6776 4
      vertex 49.6371 75.6776 3
    endloop
  endfacet
  facet normal -0.130451 -0.991455 0
    outer loop
      vertex 49.6371 75.6776 4
      vertex 50.3918 75.5783 3
      vertex 50.3918 75.5783 13
    endloop
  endfacet
  facet normal 0.999048 0.0436359 0
    outer loop
      vertex 14.0682 42.2938 13
      vertex 13.95 45 3
      vertex 13.95 45 13
    endloop
  endfacet
  facet normal 0.999048 0.0436359 0
    outer loop
      vertex 13.95 45 3
      vertex 14.0682 42.2938 13
      vertex 14.0682 42.2938 3
    endloop
  endfacet
  facet normal 0.976294 -0.21645 0
    outer loop
      vertex 14.4217 50.3918 13
      vertex 15.008 53.0363 3
      vertex 15.008 53.0363 13
    endloop
  endfacet
  facet normal 0.976294 -0.21645 0
    outer loop
      vertex 15.008 53.0363 3
      vertex 14.4217 50.3918 13
      vertex 14.4217 50.3918 3
    endloop
  endfacet
  facet normal 0.991448 -0.130502 0
    outer loop
      vertex 14.0682 47.7062 13
      vertex 14.4217 50.3918 3
      vertex 14.4217 50.3918 13
    endloop
  endfacet
  facet normal 0.991448 -0.130502 0
    outer loop
      vertex 14.4217 50.3918 3
      vertex 14.0682 47.7062 13
      vertex 14.0682 47.7062 3
    endloop
  endfacet
  facet normal 0.923881 -0.38268 0
    outer loop
      vertex 15.8225 55.6197 13
      vertex 16.8591 58.1223 3
      vertex 16.8591 58.1223 13
    endloop
  endfacet
  facet normal 0.923881 -0.38268 0
    outer loop
      vertex 16.8591 58.1223 3
      vertex 15.8225 55.6197 13
      vertex 15.8225 55.6197 3
    endloop
  endfacet
  facet normal 0.887006 -0.461758 0
    outer loop
      vertex 16.8591 58.1223 13
      vertex 18.1099 60.525 3
      vertex 18.1099 60.525 13
    endloop
  endfacet
  facet normal 0.887006 -0.461758 0
    outer loop
      vertex 18.1099 60.525 3
      vertex 16.8591 58.1223 13
      vertex 16.8591 58.1223 3
    endloop
  endfacet
  facet normal 0.300691 -0.953721 0
    outer loop
      vertex 34.3803 74.1775 3
      vertex 36.9637 74.992 13
      vertex 34.3803 74.1775 13
    endloop
  endfacet
  facet normal 0.300691 -0.953721 0
    outer loop
      vertex 36.9637 74.992 13
      vertex 34.3803 74.1775 3
      vertex 36.9637 74.992 3
    endloop
  endfacet
  facet normal 0.130502 -0.991448 4.3632e-06
    outer loop
      vertex 39.6082 75.5783 13
      vertex 40.3629 75.6776 4
      vertex 42.2938 75.9318 13
    endloop
  endfacet
  facet normal 0.130451 -0.991455 0
    outer loop
      vertex 39.6082 75.5783 3
      vertex 40.3629 75.6776 4
      vertex 39.6082 75.5783 13
    endloop
  endfacet
  facet normal 0.130451 -0.991455 0
    outer loop
      vertex 40.3629 75.6776 4
      vertex 39.6082 75.5783 3
      vertex 40.3629 75.6776 3
    endloop
  endfacet
  facet normal 0.130522 -0.991445 0
    outer loop
      vertex 42.2938 75.9318 13
      vertex 40.3629 75.6776 4
      vertex 42.2938 75.9318 4
    endloop
  endfacet
  facet normal 0.608747 -0.793364 0
    outer loop
      vertex 25.0414 68.7857 3
      vertex 27.1905 70.4347 13
      vertex 25.0414 68.7857 13
    endloop
  endfacet
  facet normal 0.608747 -0.793364 0
    outer loop
      vertex 27.1905 70.4347 13
      vertex 25.0414 68.7857 3
      vertex 27.1905 70.4347 3
    endloop
  endfacet
  facet normal 0.675589 -0.737278 0
    outer loop
      vertex 23.0443 66.9557 3
      vertex 25.0414 68.7857 13
      vertex 23.0443 66.9557 13
    endloop
  endfacet
  facet normal 0.675589 -0.737278 0
    outer loop
      vertex 25.0414 68.7857 13
      vertex 23.0443 66.9557 3
      vertex 25.0414 68.7857 3
    endloop
  endfacet
  facet normal 0.461758 -0.887006 0
    outer loop
      vertex 29.475 71.8901 3
      vertex 31.8777 73.1409 13
      vertex 29.475 71.8901 13
    endloop
  endfacet
  facet normal 0.461758 -0.887006 0
    outer loop
      vertex 31.8777 73.1409 13
      vertex 29.475 71.8901 3
      vertex 31.8777 73.1409 3
    endloop
  endfacet
  facet normal 0.737278 -0.675589 0
    outer loop
      vertex 21.2143 64.9586 13
      vertex 23.0443 66.9557 3
      vertex 23.0443 66.9557 13
    endloop
  endfacet
  facet normal 0.737278 -0.675589 0
    outer loop
      vertex 23.0443 66.9557 3
      vertex 21.2143 64.9586 13
      vertex 21.2143 64.9586 3
    endloop
  endfacet
  facet normal -0.999048 -0.0436359 0
    outer loop
      vertex 76.05 45 3
      vertex 75.9318 47.7062 13
      vertex 75.9318 47.7062 3
    endloop
  endfacet
  facet normal -0.999048 -0.0436359 0
    outer loop
      vertex 75.9318 47.7062 13
      vertex 76.05 45 3
      vertex 76.05 45 13
    endloop
  endfacet
  facet normal -0.976294 0.21645 0
    outer loop
      vertex 74.992 36.9637 3
      vertex 75.5783 39.6082 13
      vertex 75.5783 39.6082 3
    endloop
  endfacet
  facet normal -0.976294 0.21645 0
    outer loop
      vertex 75.5783 39.6082 13
      vertex 74.992 36.9637 3
      vertex 74.992 36.9637 13
    endloop
  endfacet
  facet normal -0.130502 0.991448 0
    outer loop
      vertex 50.3918 14.4217 3
      vertex 47.7062 14.0682 13
      vertex 50.3918 14.4217 13
    endloop
  endfacet
  facet normal -0.130502 0.991448 0
    outer loop
      vertex 47.7062 14.0682 13
      vertex 50.3918 14.4217 3
      vertex 47.7062 14.0682 3
    endloop
  endfacet
  facet normal -0.21645 0.976294 0
    outer loop
      vertex 53.0363 15.008 3
      vertex 50.3918 14.4217 13
      vertex 53.0363 15.008 13
    endloop
  endfacet
  facet normal -0.21645 0.976294 0
    outer loop
      vertex 50.3918 14.4217 13
      vertex 53.0363 15.008 3
      vertex 50.3918 14.4217 3
    endloop
  endfacet
  facet normal -0.300691 0.953721 0
    outer loop
      vertex 55.6197 15.8225 3
      vertex 53.0363 15.008 13
      vertex 55.6197 15.8225 13
    endloop
  endfacet
  facet normal -0.300691 0.953721 0
    outer loop
      vertex 53.0363 15.008 13
      vertex 55.6197 15.8225 3
      vertex 53.0363 15.008 3
    endloop
  endfacet
  facet normal -0.675589 0.737278 0
    outer loop
      vertex 66.9557 23.0443 3
      vertex 64.9586 21.2143 13
      vertex 66.9557 23.0443 13
    endloop
  endfacet
  facet normal -0.675589 0.737278 0
    outer loop
      vertex 64.9586 21.2143 13
      vertex 66.9557 23.0443 3
      vertex 64.9586 21.2143 3
    endloop
  endfacet
  facet normal -0.461758 0.887006 0
    outer loop
      vertex 60.525 18.1099 3
      vertex 58.1223 16.8591 13
      vertex 60.525 18.1099 13
    endloop
  endfacet
  facet normal -0.461758 0.887006 0
    outer loop
      vertex 58.1223 16.8591 13
      vertex 60.525 18.1099 3
      vertex 58.1223 16.8591 3
    endloop
  endfacet
  facet normal -0.0436359 0.999048 0
    outer loop
      vertex 47.7062 14.0682 3
      vertex 45 13.95 13
      vertex 47.7062 14.0682 13
    endloop
  endfacet
  facet normal -0.0436359 0.999048 0
    outer loop
      vertex 45 13.95 13
      vertex 47.7062 14.0682 3
      vertex 45 13.95 3
    endloop
  endfacet
  facet normal 0.21645 0.976294 -0
    outer loop
      vertex 39.6082 14.4217 3
      vertex 36.9637 15.008 13
      vertex 39.6082 14.4217 13
    endloop
  endfacet
  facet normal 0.21645 0.976294 0
    outer loop
      vertex 36.9637 15.008 13
      vertex 39.6082 14.4217 3
      vertex 36.9637 15.008 3
    endloop
  endfacet
  facet normal 0.38268 0.923881 -0
    outer loop
      vertex 34.3803 15.8225 3
      vertex 31.8777 16.8591 13
      vertex 34.3803 15.8225 13
    endloop
  endfacet
  facet normal 0.38268 0.923881 0
    outer loop
      vertex 31.8777 16.8591 13
      vertex 34.3803 15.8225 3
      vertex 31.8777 16.8591 3
    endloop
  endfacet
  facet normal 0.953721 0.300691 0
    outer loop
      vertex 15.8225 34.3803 13
      vertex 15.008 36.9637 3
      vertex 15.008 36.9637 13
    endloop
  endfacet
  facet normal 0.953721 0.300691 0
    outer loop
      vertex 15.008 36.9637 3
      vertex 15.8225 34.3803 13
      vertex 15.8225 34.3803 3
    endloop
  endfacet
  facet normal 0.991448 0.130502 0
    outer loop
      vertex 14.4217 39.6082 13
      vertex 14.0682 42.2938 3
      vertex 14.0682 42.2938 13
    endloop
  endfacet
  facet normal 0.991448 0.130502 0
    outer loop
      vertex 14.0682 42.2938 3
      vertex 14.4217 39.6082 13
      vertex 14.4217 39.6082 3
    endloop
  endfacet
  facet normal 0.793364 0.608747 0
    outer loop
      vertex 21.2143 25.0414 13
      vertex 19.5653 27.1905 3
      vertex 19.5653 27.1905 13
    endloop
  endfacet
  facet normal 0.793364 0.608747 0
    outer loop
      vertex 19.5653 27.1905 3
      vertex 21.2143 25.0414 13
      vertex 21.2143 25.0414 3
    endloop
  endfacet
  facet normal 0.737278 0.675589 0
    outer loop
      vertex 23.0443 23.0443 13
      vertex 21.2143 25.0414 3
      vertex 21.2143 25.0414 13
    endloop
  endfacet
  facet normal 0.737278 0.675589 0
    outer loop
      vertex 21.2143 25.0414 3
      vertex 23.0443 23.0443 13
      vertex 23.0443 23.0443 3
    endloop
  endfacet
  facet normal 0.887006 0.461758 0
    outer loop
      vertex 18.1099 29.475 13
      vertex 16.8591 31.8777 3
      vertex 16.8591 31.8777 13
    endloop
  endfacet
  facet normal 0.887006 0.461758 0
    outer loop
      vertex 16.8591 31.8777 3
      vertex 18.1099 29.475 13
      vertex 18.1099 29.475 3
    endloop
  endfacet
  facet normal -0.843389 -0.537303 0
    outer loop
      vertex 71.8901 60.525 3
      vertex 70.4347 62.8095 13
      vertex 70.4347 62.8095 3
    endloop
  endfacet
  facet normal -0.843389 -0.537303 0
    outer loop
      vertex 70.4347 62.8095 13
      vertex 71.8901 60.525 3
      vertex 71.8901 60.525 13
    endloop
  endfacet
  facet normal -0.537303 -0.843389 0
    outer loop
      vertex 60.525 71.8901 3
      vertex 62.8095 70.4347 13
      vertex 60.525 71.8901 13
    endloop
  endfacet
  facet normal -0.537303 -0.843389 -0
    outer loop
      vertex 62.8095 70.4347 13
      vertex 60.525 71.8901 3
      vertex 62.8095 70.4347 3
    endloop
  endfacet
  facet normal -0.0436359 -0.999048 0
    outer loop
      vertex 45 76.05 4
      vertex 47.7062 75.9318 13
      vertex 45 76.05 13
    endloop
  endfacet
  facet normal -0.0436359 -0.999048 -0
    outer loop
      vertex 47.7062 75.9318 13
      vertex 45 76.05 4
      vertex 47.7062 75.9318 4
    endloop
  endfacet
  facet normal 0.999048 -0.0436359 0
    outer loop
      vertex 13.95 45 13
      vertex 14.0682 47.7062 3
      vertex 14.0682 47.7062 13
    endloop
  endfacet
  facet normal 0.999048 -0.0436359 0
    outer loop
      vertex 14.0682 47.7062 3
      vertex 13.95 45 13
      vertex 13.95 45 3
    endloop
  endfacet
  facet normal 0.843389 -0.537303 0
    outer loop
      vertex 18.1099 60.525 13
      vertex 19.5653 62.8095 3
      vertex 19.5653 62.8095 13
    endloop
  endfacet
  facet normal 0.843389 -0.537303 0
    outer loop
      vertex 19.5653 62.8095 3
      vertex 18.1099 60.525 13
      vertex 18.1099 60.525 3
    endloop
  endfacet
  facet normal 0.537303 -0.843389 0
    outer loop
      vertex 27.1905 70.4347 3
      vertex 29.475 71.8901 13
      vertex 27.1905 70.4347 13
    endloop
  endfacet
  facet normal 0.537303 -0.843389 0
    outer loop
      vertex 29.475 71.8901 13
      vertex 27.1905 70.4347 3
      vertex 29.475 71.8901 3
    endloop
  endfacet
  facet normal -0.991448 0.130502 0
    outer loop
      vertex 75.5783 39.6082 3
      vertex 75.9318 42.2938 13
      vertex 75.9318 42.2938 3
    endloop
  endfacet
  facet normal -0.991448 0.130502 0
    outer loop
      vertex 75.9318 42.2938 13
      vertex 75.5783 39.6082 3
      vertex 75.5783 39.6082 13
    endloop
  endfacet
  facet normal -0.38268 0.923881 0
    outer loop
      vertex 58.1223 16.8591 3
      vertex 55.6197 15.8225 13
      vertex 58.1223 16.8591 13
    endloop
  endfacet
  facet normal -0.38268 0.923881 0
    outer loop
      vertex 55.6197 15.8225 13
      vertex 58.1223 16.8591 3
      vertex 55.6197 15.8225 3
    endloop
  endfacet
  facet normal -0.737278 0.675589 0
    outer loop
      vertex 66.9557 23.0443 3
      vertex 68.7857 25.0414 13
      vertex 68.7857 25.0414 3
    endloop
  endfacet
  facet normal -0.737278 0.675589 0
    outer loop
      vertex 68.7857 25.0414 13
      vertex 66.9557 23.0443 3
      vertex 66.9557 23.0443 13
    endloop
  endfacet
  facet normal -0.537303 0.843389 0
    outer loop
      vertex 62.8095 19.5653 3
      vertex 60.525 18.1099 13
      vertex 62.8095 19.5653 13
    endloop
  endfacet
  facet normal -0.537303 0.843389 0
    outer loop
      vertex 60.525 18.1099 13
      vertex 62.8095 19.5653 3
      vertex 60.525 18.1099 3
    endloop
  endfacet
  facet normal 0.130502 0.991448 -0
    outer loop
      vertex 42.2938 14.0682 3
      vertex 39.6082 14.4217 13
      vertex 42.2938 14.0682 13
    endloop
  endfacet
  facet normal 0.130502 0.991448 0
    outer loop
      vertex 39.6082 14.4217 13
      vertex 42.2938 14.0682 3
      vertex 39.6082 14.4217 3
    endloop
  endfacet
  facet normal 0.461758 0.887006 -0
    outer loop
      vertex 31.8777 16.8591 3
      vertex 29.475 18.1099 13
      vertex 31.8777 16.8591 13
    endloop
  endfacet
  facet normal 0.461758 0.887006 0
    outer loop
      vertex 29.475 18.1099 13
      vertex 31.8777 16.8591 3
      vertex 29.475 18.1099 3
    endloop
  endfacet
  facet normal 0.923881 0.38268 0
    outer loop
      vertex 16.8591 31.8777 13
      vertex 15.8225 34.3803 3
      vertex 15.8225 34.3803 13
    endloop
  endfacet
  facet normal 0.923881 0.38268 0
    outer loop
      vertex 15.8225 34.3803 3
      vertex 16.8591 31.8777 13
      vertex 16.8591 31.8777 3
    endloop
  endfacet
  facet normal 0.843389 0.537303 0
    outer loop
      vertex 19.5653 27.1905 13
      vertex 18.1099 29.475 3
      vertex 18.1099 29.475 13
    endloop
  endfacet
  facet normal 0.843389 0.537303 0
    outer loop
      vertex 18.1099 29.475 3
      vertex 19.5653 27.1905 13
      vertex 19.5653 27.1905 3
    endloop
  endfacet
  facet normal 0.675589 0.737278 -0
    outer loop
      vertex 25.0414 21.2143 3
      vertex 23.0443 23.0443 13
      vertex 25.0414 21.2143 13
    endloop
  endfacet
  facet normal 0.675589 0.737278 0
    outer loop
      vertex 23.0443 23.0443 13
      vertex 25.0414 21.2143 3
      vertex 23.0443 23.0443 3
    endloop
  endfacet
  facet normal -0.923881 0.38268 0
    outer loop
      vertex 73.1409 31.8777 3
      vertex 74.1775 34.3803 13
      vertex 74.1775 34.3803 3
    endloop
  endfacet
  facet normal -0.923881 0.38268 0
    outer loop
      vertex 74.1775 34.3803 13
      vertex 73.1409 31.8777 3
      vertex 73.1409 31.8777 13
    endloop
  endfacet
  facet normal -0.887006 0.461758 0
    outer loop
      vertex 71.8901 29.475 3
      vertex 73.1409 31.8777 13
      vertex 73.1409 31.8777 3
    endloop
  endfacet
  facet normal -0.887006 0.461758 0
    outer loop
      vertex 73.1409 31.8777 13
      vertex 71.8901 29.475 3
      vertex 71.8901 29.475 13
    endloop
  endfacet
  facet normal 0.537303 0.843389 -0
    outer loop
      vertex 29.475 18.1099 3
      vertex 27.1905 19.5653 13
      vertex 29.475 18.1099 13
    endloop
  endfacet
  facet normal 0.537303 0.843389 0
    outer loop
      vertex 27.1905 19.5653 13
      vertex 29.475 18.1099 3
      vertex 27.1905 19.5653 3
    endloop
  endfacet
  facet normal -0.843389 0.537303 0
    outer loop
      vertex 70.4347 27.1905 3
      vertex 71.8901 29.475 13
      vertex 71.8901 29.475 3
    endloop
  endfacet
  facet normal -0.843389 0.537303 0
    outer loop
      vertex 71.8901 29.475 13
      vertex 70.4347 27.1905 3
      vertex 70.4347 27.1905 13
    endloop
  endfacet
  facet normal -0.793364 0.608747 0
    outer loop
      vertex 68.7857 25.0414 3
      vertex 70.4347 27.1905 13
      vertex 70.4347 27.1905 3
    endloop
  endfacet
  facet normal -0.793364 0.608747 0
    outer loop
      vertex 70.4347 27.1905 13
      vertex 68.7857 25.0414 3
      vertex 68.7857 25.0414 13
    endloop
  endfacet
  facet normal -0.608754 -0.793359 0
    outer loop
      vertex 52.7433 74.0585 0
      vertex 53.6776 73.3416 3
      vertex 52.7433 74.0585 3
    endloop
  endfacet
  facet normal -0.608754 -0.793359 -0
    outer loop
      vertex 53.6776 73.3416 3
      vertex 52.7433 74.0585 0
      vertex 53.6776 73.3416 0
    endloop
  endfacet
  facet normal 0.382637 -0.923899 0
    outer loop
      vertex 39.2947 75.2352 3
      vertex 39.2947 75.2352 0
      vertex 40.3629 75.6776 3
    endloop
  endfacet
  facet normal 0.386599 -0.922248 0
    outer loop
      vertex 40.3629 75.6776 3
      vertex 40.3827 75.6859 4
      vertex 40.3629 75.6776 4
    endloop
  endfacet
  facet normal 0.386599 -0.922248 0
    outer loop
      vertex 40.3629 75.6776 3
      vertex 40.3827 75.6859 0
      vertex 40.3827 75.6859 4
    endloop
  endfacet
  facet normal 0.382709 -0.923869 -3.01559e-05
    outer loop
      vertex 40.3827 75.6859 0
      vertex 40.3629 75.6776 3
      vertex 39.2947 75.2352 0
    endloop
  endfacet
  facet normal 0.923869 -0.382709 0
    outer loop
      vertex 32.3141 67.6173 3
      vertex 32.7648 68.7053 0
      vertex 32.7648 68.7053 3
    endloop
  endfacet
  facet normal 0.923869 -0.382709 0
    outer loop
      vertex 32.7648 68.7053 0
      vertex 32.3141 67.6173 3
      vertex 32.3141 67.6173 0
    endloop
  endfacet
  facet normal -0.923869 -0.382709 0
    outer loop
      vertex 57.6859 67.6173 0
      vertex 57.2352 68.7053 3
      vertex 57.2352 68.7053 0
    endloop
  endfacet
  facet normal -0.923869 -0.382709 0
    outer loop
      vertex 57.2352 68.7053 3
      vertex 57.6859 67.6173 0
      vertex 57.6859 67.6173 3
    endloop
  endfacet
  facet normal -0.886989 -0.461791 0
    outer loop
      vertex 57.2352 68.7053 0
      vertex 56.6913 69.75 3
      vertex 56.6913 69.75 0
    endloop
  endfacet
  facet normal -0.886989 -0.461791 0
    outer loop
      vertex 56.6913 69.75 3
      vertex 57.2352 68.7053 0
      vertex 57.2352 68.7053 3
    endloop
  endfacet
  facet normal -0.386599 -0.922248 0
    outer loop
      vertex 49.6173 75.6859 4
      vertex 49.6371 75.6776 3
      vertex 49.6371 75.6776 4
    endloop
  endfacet
  facet normal -0.386599 -0.922248 0
    outer loop
      vertex 49.6173 75.6859 0
      vertex 49.6371 75.6776 3
      vertex 49.6173 75.6859 4
    endloop
  endfacet
  facet normal -0.382637 -0.923899 -3.07159e-05
    outer loop
      vertex 49.6173 75.6859 0
      vertex 50.7053 75.2352 3
      vertex 49.6371 75.6776 3
    endloop
  endfacet
  facet normal -0.382709 -0.923869 -0
    outer loop
      vertex 50.7053 75.2352 3
      vertex 49.6173 75.6859 0
      vertex 50.7053 75.2352 0
    endloop
  endfacet
  facet normal -0.0436436 -0.999047 0
    outer loop
      vertex 45 76.5 0
      vertex 46.1766 76.4486 4
      vertex 45 76.5 4
    endloop
  endfacet
  facet normal -0.0436436 -0.999047 -0
    outer loop
      vertex 46.1766 76.4486 4
      vertex 45 76.5 0
      vertex 46.1766 76.4486 0
    endloop
  endfacet
  facet normal 0.999047 -0.0436436 0
    outer loop
      vertex 31.5 63 3
      vertex 31.5514 64.1766 0
      vertex 31.5514 64.1766 3
    endloop
  endfacet
  facet normal 0.999047 -0.0436436 0
    outer loop
      vertex 31.5514 64.1766 0
      vertex 31.5 63 3
      vertex 31.5 63 0
    endloop
  endfacet
  facet normal 0.793318 -0.608808 0
    outer loop
      vertex 33.9414 70.7433 3
      vertex 34.6584 71.6776 0
      vertex 34.6584 71.6776 3
    endloop
  endfacet
  facet normal 0.793318 -0.608808 0
    outer loop
      vertex 34.6584 71.6776 0
      vertex 33.9414 70.7433 3
      vertex 33.9414 70.7433 0
    endloop
  endfacet
  facet normal 0.216418 -0.976301 0
    outer loop
      vertex 41.5059 76.04 0
      vertex 42.6558 76.2949 4
      vertex 41.5059 76.04 4
    endloop
  endfacet
  facet normal 0.216418 -0.976301 0
    outer loop
      vertex 42.6558 76.2949 4
      vertex 41.5059 76.04 0
      vertex 42.6558 76.2949 0
    endloop
  endfacet
  facet normal -0.999047 0.0436436 0
    outer loop
      vertex 58.4486 61.8234 0
      vertex 58.5 63 3
      vertex 58.5 63 0
    endloop
  endfacet
  facet normal -0.999047 0.0436436 0
    outer loop
      vertex 58.5 63 3
      vertex 58.4486 61.8234 0
      vertex 58.4486 61.8234 3
    endloop
  endfacet
  facet normal -0.793318 0.608808 0
    outer loop
      vertex 55.3416 54.3224 0
      vertex 56.0586 55.2567 3
      vertex 56.0586 55.2567 0
    endloop
  endfacet
  facet normal -0.793318 0.608808 0
    outer loop
      vertex 56.0586 55.2567 3
      vertex 55.3416 54.3224 0
      vertex 55.3416 54.3224 3
    endloop
  endfacet
  facet normal 0.608808 0.793318 -0
    outer loop
      vertex 37.2567 51.9414 0
      vertex 36.3224 52.6584 3
      vertex 37.2567 51.9414 3
    endloop
  endfacet
  facet normal 0.608808 0.793318 0
    outer loop
      vertex 36.3224 52.6584 3
      vertex 37.2567 51.9414 0
      vertex 36.3224 52.6584 0
    endloop
  endfacet
  facet normal -0.991448 -0.130501 0
    outer loop
      vertex 58.4486 64.1766 0
      vertex 58.2949 65.3443 3
      vertex 58.2949 65.3443 0
    endloop
  endfacet
  facet normal -0.991448 -0.130501 0
    outer loop
      vertex 58.2949 65.3443 3
      vertex 58.4486 64.1766 0
      vertex 58.4486 64.1766 3
    endloop
  endfacet
  facet normal -0.976297 -0.216436 0
    outer loop
      vertex 58.2949 65.3443 0
      vertex 58.04 66.4941 3
      vertex 58.04 66.4941 0
    endloop
  endfacet
  facet normal -0.976297 -0.216436 0
    outer loop
      vertex 58.04 66.4941 3
      vertex 58.2949 65.3443 0
      vertex 58.2949 65.3443 3
    endloop
  endfacet
  facet normal -0.953728 -0.300672 0
    outer loop
      vertex 58.04 66.4941 0
      vertex 57.6859 67.6173 3
      vertex 57.6859 67.6173 0
    endloop
  endfacet
  facet normal -0.953728 -0.300672 0
    outer loop
      vertex 57.6859 67.6173 3
      vertex 58.04 66.4941 0
      vertex 58.04 66.4941 3
    endloop
  endfacet
  facet normal -0.737256 -0.675613 0
    outer loop
      vertex 55.3416 71.6776 0
      vertex 54.5459 72.5459 3
      vertex 54.5459 72.5459 0
    endloop
  endfacet
  facet normal -0.737256 -0.675613 0
    outer loop
      vertex 54.5459 72.5459 3
      vertex 55.3416 71.6776 0
      vertex 55.3416 71.6776 3
    endloop
  endfacet
  facet normal -0.793318 -0.608808 0
    outer loop
      vertex 56.0586 70.7433 0
      vertex 55.3416 71.6776 3
      vertex 55.3416 71.6776 0
    endloop
  endfacet
  facet normal -0.793318 -0.608808 0
    outer loop
      vertex 55.3416 71.6776 3
      vertex 56.0586 70.7433 0
      vertex 56.0586 70.7433 3
    endloop
  endfacet
  facet normal -0.675613 -0.737256 0
    outer loop
      vertex 53.6776 73.3416 0
      vertex 54.5459 72.5459 3
      vertex 53.6776 73.3416 3
    endloop
  endfacet
  facet normal -0.675613 -0.737256 -0
    outer loop
      vertex 54.5459 72.5459 3
      vertex 53.6776 73.3416 0
      vertex 54.5459 72.5459 0
    endloop
  endfacet
  facet normal -0.537298 -0.843392 0
    outer loop
      vertex 51.75 74.6913 0
      vertex 52.7433 74.0585 3
      vertex 51.75 74.6913 3
    endloop
  endfacet
  facet normal -0.537298 -0.843392 -0
    outer loop
      vertex 52.7433 74.0585 3
      vertex 51.75 74.6913 0
      vertex 52.7433 74.0585 0
    endloop
  endfacet
  facet normal 0.0436436 -0.999047 0
    outer loop
      vertex 43.8234 76.4486 0
      vertex 45 76.5 4
      vertex 43.8234 76.4486 4
    endloop
  endfacet
  facet normal 0.0436436 -0.999047 0
    outer loop
      vertex 45 76.5 4
      vertex 43.8234 76.4486 0
      vertex 45 76.5 0
    endloop
  endfacet
  facet normal -0.461791 -0.886989 0
    outer loop
      vertex 50.7053 75.2352 0
      vertex 51.75 74.6913 3
      vertex 50.7053 75.2352 3
    endloop
  endfacet
  facet normal -0.461791 -0.886989 -0
    outer loop
      vertex 51.75 74.6913 3
      vertex 50.7053 75.2352 0
      vertex 51.75 74.6913 0
    endloop
  endfacet
  facet normal -0.300672 -0.953728 0
    outer loop
      vertex 48.4941 76.04 0
      vertex 49.6173 75.6859 4
      vertex 48.4941 76.04 4
    endloop
  endfacet
  facet normal -0.300672 -0.953728 -0
    outer loop
      vertex 49.6173 75.6859 4
      vertex 48.4941 76.04 0
      vertex 49.6173 75.6859 0
    endloop
  endfacet
  facet normal -0.130512 -0.991447 0
    outer loop
      vertex 46.1766 76.4486 0
      vertex 47.3442 76.2949 4
      vertex 46.1766 76.4486 4
    endloop
  endfacet
  facet normal -0.130512 -0.991447 -0
    outer loop
      vertex 47.3442 76.2949 4
      vertex 46.1766 76.4486 0
      vertex 47.3442 76.2949 0
    endloop
  endfacet
  facet normal 0 0 -1
    outer loop
      vertex 47.7062 75.9318 4
      vertex 49.6173 75.6859 4
      vertex 49.6371 75.6776 4
    endloop
  endfacet
  facet normal 0 0 -1
    outer loop
      vertex 49.6173 75.6859 4
      vertex 47.7062 75.9318 4
      vertex 48.4941 76.04 4
    endloop
  endfacet
  facet normal 0 0 -1
    outer loop
      vertex 47.7062 75.9318 4
      vertex 47.3442 76.2949 4
      vertex 48.4941 76.04 4
    endloop
  endfacet
  facet normal 0 0 -1
    outer loop
      vertex 47.7062 75.9318 4
      vertex 46.1766 76.4486 4
      vertex 47.3442 76.2949 4
    endloop
  endfacet
  facet normal 0 0 -1
    outer loop
      vertex 45 76.05 4
      vertex 46.1766 76.4486 4
      vertex 47.7062 75.9318 4
    endloop
  endfacet
  facet normal 0 0 -1
    outer loop
      vertex 45 76.05 4
      vertex 45 76.5 4
      vertex 46.1766 76.4486 4
    endloop
  endfacet
  facet normal 0 0 -1
    outer loop
      vertex 45 76.05 4
      vertex 43.8234 76.4486 4
      vertex 45 76.5 4
    endloop
  endfacet
  facet normal 0 0 -1
    outer loop
      vertex 42.2938 75.9318 4
      vertex 43.8234 76.4486 4
      vertex 45 76.05 4
    endloop
  endfacet
  facet normal 0 0 -1
    outer loop
      vertex 43.8234 76.4486 4
      vertex 42.2938 75.9318 4
      vertex 42.6558 76.2949 4
    endloop
  endfacet
  facet normal 0 0 -1
    outer loop
      vertex 42.2938 75.9318 4
      vertex 41.5059 76.04 4
      vertex 42.6558 76.2949 4
    endloop
  endfacet
  facet normal -0 0 -1
    outer loop
      vertex 42.2938 75.9318 4
      vertex 40.3827 75.6859 4
      vertex 41.5059 76.04 4
    endloop
  endfacet
  facet normal 0 -0 -1
    outer loop
      vertex 40.3827 75.6859 4
      vertex 42.2938 75.9318 4
      vertex 40.3629 75.6776 4
    endloop
  endfacet
  facet normal 0.953728 -0.300672 0
    outer loop
      vertex 31.96 66.4941 3
      vertex 32.3141 67.6173 0
      vertex 32.3141 67.6173 3
    endloop
  endfacet
  facet normal 0.953728 -0.300672 0
    outer loop
      vertex 32.3141 67.6173 0
      vertex 31.96 66.4941 3
      vertex 31.96 66.4941 0
    endloop
  endfacet
  facet normal 0.991448 -0.130501 0
    outer loop
      vertex 31.5514 64.1766 3
      vertex 31.7051 65.3443 0
      vertex 31.7051 65.3443 3
    endloop
  endfacet
  facet normal 0.991448 -0.130501 0
    outer loop
      vertex 31.7051 65.3443 0
      vertex 31.5514 64.1766 3
      vertex 31.5514 64.1766 0
    endloop
  endfacet
  facet normal 0.886989 -0.461791 0
    outer loop
      vertex 32.7648 68.7053 3
      vertex 33.3087 69.75 0
      vertex 33.3087 69.75 3
    endloop
  endfacet
  facet normal 0.886989 -0.461791 0
    outer loop
      vertex 33.3087 69.75 0
      vertex 32.7648 68.7053 3
      vertex 32.7648 68.7053 0
    endloop
  endfacet
  facet normal 0.843431 -0.537238 0
    outer loop
      vertex 33.3087 69.75 3
      vertex 33.9414 70.7433 0
      vertex 33.9414 70.7433 3
    endloop
  endfacet
  facet normal 0.843431 -0.537238 0
    outer loop
      vertex 33.9414 70.7433 0
      vertex 33.3087 69.75 3
      vertex 33.3087 69.75 0
    endloop
  endfacet
  facet normal 0.300672 -0.953728 0
    outer loop
      vertex 40.3827 75.6859 0
      vertex 41.5059 76.04 4
      vertex 40.3827 75.6859 4
    endloop
  endfacet
  facet normal 0.300672 -0.953728 0
    outer loop
      vertex 41.5059 76.04 4
      vertex 40.3827 75.6859 0
      vertex 41.5059 76.04 0
    endloop
  endfacet
  facet normal 0.130512 -0.991447 0
    outer loop
      vertex 42.6558 76.2949 0
      vertex 43.8234 76.4486 4
      vertex 42.6558 76.2949 4
    endloop
  endfacet
  facet normal 0.130512 -0.991447 0
    outer loop
      vertex 43.8234 76.4486 4
      vertex 42.6558 76.2949 0
      vertex 43.8234 76.4486 0
    endloop
  endfacet
  facet normal 0.608754 -0.793359 0
    outer loop
      vertex 36.3224 73.3416 0
      vertex 37.2567 74.0585 3
      vertex 36.3224 73.3416 3
    endloop
  endfacet
  facet normal 0.608754 -0.793359 0
    outer loop
      vertex 37.2567 74.0585 3
      vertex 36.3224 73.3416 0
      vertex 37.2567 74.0585 0
    endloop
  endfacet
  facet normal 0.675613 -0.737256 0
    outer loop
      vertex 35.4541 72.5459 0
      vertex 36.3224 73.3416 3
      vertex 35.4541 72.5459 3
    endloop
  endfacet
  facet normal 0.675613 -0.737256 0
    outer loop
      vertex 36.3224 73.3416 3
      vertex 35.4541 72.5459 0
      vertex 36.3224 73.3416 0
    endloop
  endfacet
  facet normal 0.537298 -0.843392 0
    outer loop
      vertex 37.2567 74.0585 0
      vertex 38.25 74.6913 3
      vertex 37.2567 74.0585 3
    endloop
  endfacet
  facet normal 0.537298 -0.843392 0
    outer loop
      vertex 38.25 74.6913 3
      vertex 37.2567 74.0585 0
      vertex 38.25 74.6913 0
    endloop
  endfacet
  facet normal 0.737256 -0.675613 0
    outer loop
      vertex 34.6584 71.6776 3
      vertex 35.4541 72.5459 0
      vertex 35.4541 72.5459 3
    endloop
  endfacet
  facet normal 0.737256 -0.675613 0
    outer loop
      vertex 35.4541 72.5459 0
      vertex 34.6584 71.6776 3
      vertex 34.6584 71.6776 0
    endloop
  endfacet
  facet normal -0.999047 -0.0436436 0
    outer loop
      vertex 58.5 63 0
      vertex 58.4486 64.1766 3
      vertex 58.4486 64.1766 0
    endloop
  endfacet
  facet normal -0.999047 -0.0436436 0
    outer loop
      vertex 58.4486 64.1766 3
      vertex 58.5 63 0
      vertex 58.5 63 3
    endloop
  endfacet
  facet normal -0.953728 0.300672 0
    outer loop
      vertex 57.6859 58.3827 0
      vertex 58.04 59.5059 3
      vertex 58.04 59.5059 0
    endloop
  endfacet
  facet normal -0.953728 0.300672 0
    outer loop
      vertex 58.04 59.5059 3
      vertex 57.6859 58.3827 0
      vertex 57.6859 58.3827 3
    endloop
  endfacet
  facet normal -0.300525 0.953774 0
    outer loop
      vertex 49.6173 50.3141 0
      vertex 49.113 50.1552 3
      vertex 49.6173 50.3141 3
    endloop
  endfacet
  facet normal -0.300525 0.953774 0
    outer loop
      vertex 49.113 50.1552 3
      vertex 49.6173 50.3141 0
      vertex 49.113 50.1552 0
    endloop
  endfacet
  facet normal -0.675613 0.737256 0
    outer loop
      vertex 54.5459 53.4541 0
      vertex 53.6776 52.6584 3
      vertex 54.5459 53.4541 3
    endloop
  endfacet
  facet normal -0.675613 0.737256 0
    outer loop
      vertex 53.6776 52.6584 3
      vertex 54.5459 53.4541 0
      vertex 53.6776 52.6584 0
    endloop
  endfacet
  facet normal -0.461791 0.886989 0
    outer loop
      vertex 51.75 51.3087 0
      vertex 50.7053 50.7648 3
      vertex 51.75 51.3087 3
    endloop
  endfacet
  facet normal -0.461791 0.886989 0
    outer loop
      vertex 50.7053 50.7648 3
      vertex 51.75 51.3087 0
      vertex 50.7053 50.7648 0
    endloop
  endfacet
  facet normal -0.886989 0.461791 0
    outer loop
      vertex 56.6913 56.25 0
      vertex 57.2352 57.2947 3
      vertex 57.2352 57.2947 0
    endloop
  endfacet
  facet normal -0.886989 0.461791 0
    outer loop
      vertex 57.2352 57.2947 3
      vertex 56.6913 56.25 0
      vertex 56.6913 56.25 3
    endloop
  endfacet
  facet normal 0.300525 0.953774 -0
    outer loop
      vertex 40.887 50.1552 0
      vertex 40.3827 50.3141 3
      vertex 40.887 50.1552 3
    endloop
  endfacet
  facet normal 0.300525 0.953774 0
    outer loop
      vertex 40.3827 50.3141 3
      vertex 40.887 50.1552 0
      vertex 40.3827 50.3141 0
    endloop
  endfacet
  facet normal 0.461791 0.886989 -0
    outer loop
      vertex 39.2947 50.7648 0
      vertex 38.25 51.3087 3
      vertex 39.2947 50.7648 3
    endloop
  endfacet
  facet normal 0.461791 0.886989 0
    outer loop
      vertex 38.25 51.3087 3
      vertex 39.2947 50.7648 0
      vertex 38.25 51.3087 0
    endloop
  endfacet
  facet normal 0.953728 0.300672 0
    outer loop
      vertex 32.3141 58.3827 3
      vertex 31.96 59.5059 0
      vertex 31.96 59.5059 3
    endloop
  endfacet
  facet normal 0.953728 0.300672 0
    outer loop
      vertex 31.96 59.5059 0
      vertex 32.3141 58.3827 3
      vertex 32.3141 58.3827 0
    endloop
  endfacet
  facet normal 0.923869 0.382709 0
    outer loop
      vertex 32.7648 57.2947 3
      vertex 32.3141 58.3827 0
      vertex 32.3141 58.3827 3
    endloop
  endfacet
  facet normal 0.923869 0.382709 0
    outer loop
      vertex 32.3141 58.3827 0
      vertex 32.7648 57.2947 3
      vertex 32.7648 57.2947 0
    endloop
  endfacet
  facet normal 0.991447 0.130512 0
    outer loop
      vertex 31.7051 60.6558 3
      vertex 31.5514 61.8234 0
      vertex 31.5514 61.8234 3
    endloop
  endfacet
  facet normal 0.991447 0.130512 0
    outer loop
      vertex 31.5514 61.8234 0
      vertex 31.7051 60.6558 3
      vertex 31.7051 60.6558 0
    endloop
  endfacet
  facet normal 0.737256 0.675613 0
    outer loop
      vertex 35.4541 53.4541 3
      vertex 34.6584 54.3224 0
      vertex 34.6584 54.3224 3
    endloop
  endfacet
  facet normal 0.737256 0.675613 0
    outer loop
      vertex 34.6584 54.3224 0
      vertex 35.4541 53.4541 3
      vertex 35.4541 53.4541 0
    endloop
  endfacet
  facet normal -0.843431 -0.537238 0
    outer loop
      vertex 56.6913 69.75 0
      vertex 56.0586 70.7433 3
      vertex 56.0586 70.7433 0
    endloop
  endfacet
  facet normal -0.843431 -0.537238 0
    outer loop
      vertex 56.0586 70.7433 3
      vertex 56.6913 69.75 0
      vertex 56.6913 69.75 3
    endloop
  endfacet
  facet normal -0.216418 -0.976301 0
    outer loop
      vertex 47.3442 76.2949 0
      vertex 48.4941 76.04 4
      vertex 47.3442 76.2949 4
    endloop
  endfacet
  facet normal -0.216418 -0.976301 -0
    outer loop
      vertex 48.4941 76.04 4
      vertex 47.3442 76.2949 0
      vertex 48.4941 76.04 0
    endloop
  endfacet
  facet normal 0.999047 0.0436436 0
    outer loop
      vertex 31.5514 61.8234 3
      vertex 31.5 63 0
      vertex 31.5 63 3
    endloop
  endfacet
  facet normal 0.999047 0.0436436 0
    outer loop
      vertex 31.5 63 0
      vertex 31.5514 61.8234 3
      vertex 31.5514 61.8234 0
    endloop
  endfacet
  facet normal 0.976297 -0.216436 0
    outer loop
      vertex 31.7051 65.3443 3
      vertex 31.96 66.4941 0
      vertex 31.96 66.4941 3
    endloop
  endfacet
  facet normal 0.976297 -0.216436 0
    outer loop
      vertex 31.96 66.4941 0
      vertex 31.7051 65.3443 3
      vertex 31.7051 65.3443 0
    endloop
  endfacet
  facet normal 0.461791 -0.886989 0
    outer loop
      vertex 38.25 74.6913 0
      vertex 39.2947 75.2352 3
      vertex 38.25 74.6913 3
    endloop
  endfacet
  facet normal 0.461791 -0.886989 0
    outer loop
      vertex 39.2947 75.2352 3
      vertex 38.25 74.6913 0
      vertex 39.2947 75.2352 0
    endloop
  endfacet
  facet normal -0.976301 0.216418 0
    outer loop
      vertex 58.04 59.5059 0
      vertex 58.2949 60.6558 3
      vertex 58.2949 60.6558 0
    endloop
  endfacet
  facet normal -0.976301 0.216418 0
    outer loop
      vertex 58.2949 60.6558 3
      vertex 58.04 59.5059 0
      vertex 58.04 59.5059 3
    endloop
  endfacet
  facet normal -0.991447 0.130512 0
    outer loop
      vertex 58.2949 60.6558 0
      vertex 58.4486 61.8234 3
      vertex 58.4486 61.8234 0
    endloop
  endfacet
  facet normal -0.991447 0.130512 0
    outer loop
      vertex 58.4486 61.8234 3
      vertex 58.2949 60.6558 0
      vertex 58.2949 60.6558 3
    endloop
  endfacet
  facet normal -0.382709 0.923869 0
    outer loop
      vertex 50.7053 50.7648 0
      vertex 49.6173 50.3141 3
      vertex 50.7053 50.7648 3
    endloop
  endfacet
  facet normal -0.382709 0.923869 0
    outer loop
      vertex 49.6173 50.3141 3
      vertex 50.7053 50.7648 0
      vertex 49.6173 50.3141 0
    endloop
  endfacet
  facet normal -0.737256 0.675613 0
    outer loop
      vertex 54.5459 53.4541 0
      vertex 55.3416 54.3224 3
      vertex 55.3416 54.3224 0
    endloop
  endfacet
  facet normal -0.737256 0.675613 0
    outer loop
      vertex 55.3416 54.3224 3
      vertex 54.5459 53.4541 0
      vertex 54.5459 53.4541 3
    endloop
  endfacet
  facet normal -0.537238 0.843431 0
    outer loop
      vertex 52.7433 51.9414 0
      vertex 51.75 51.3087 3
      vertex 52.7433 51.9414 3
    endloop
  endfacet
  facet normal -0.537238 0.843431 0
    outer loop
      vertex 51.75 51.3087 3
      vertex 52.7433 51.9414 0
      vertex 51.75 51.3087 0
    endloop
  endfacet
  facet normal -0.608808 0.793318 0
    outer loop
      vertex 53.6776 52.6584 0
      vertex 52.7433 51.9414 3
      vertex 53.6776 52.6584 3
    endloop
  endfacet
  facet normal -0.608808 0.793318 0
    outer loop
      vertex 52.7433 51.9414 3
      vertex 53.6776 52.6584 0
      vertex 52.7433 51.9414 0
    endloop
  endfacet
  facet normal -0.923869 0.382709 0
    outer loop
      vertex 57.2352 57.2947 0
      vertex 57.6859 58.3827 3
      vertex 57.6859 58.3827 0
    endloop
  endfacet
  facet normal -0.923869 0.382709 0
    outer loop
      vertex 57.6859 58.3827 3
      vertex 57.2352 57.2947 0
      vertex 57.2352 57.2947 3
    endloop
  endfacet
  facet normal -0.843431 0.537238 0
    outer loop
      vertex 56.0586 55.2567 0
      vertex 56.6913 56.25 3
      vertex 56.6913 56.25 0
    endloop
  endfacet
  facet normal -0.843431 0.537238 0
    outer loop
      vertex 56.6913 56.25 3
      vertex 56.0586 55.2567 0
      vertex 56.0586 55.2567 3
    endloop
  endfacet
  facet normal 0.382709 0.923869 -0
    outer loop
      vertex 40.3827 50.3141 0
      vertex 39.2947 50.7648 3
      vertex 40.3827 50.3141 3
    endloop
  endfacet
  facet normal 0.382709 0.923869 0
    outer loop
      vertex 39.2947 50.7648 3
      vertex 40.3827 50.3141 0
      vertex 39.2947 50.7648 0
    endloop
  endfacet
  facet normal 0.537238 0.843431 -0
    outer loop
      vertex 38.25 51.3087 0
      vertex 37.2567 51.9414 3
      vertex 38.25 51.3087 3
    endloop
  endfacet
  facet normal 0.537238 0.843431 0
    outer loop
      vertex 37.2567 51.9414 3
      vertex 38.25 51.3087 0
      vertex 37.2567 51.9414 0
    endloop
  endfacet
  facet normal 0.976301 0.216418 0
    outer loop
      vertex 31.96 59.5059 3
      vertex 31.7051 60.6558 0
      vertex 31.7051 60.6558 3
    endloop
  endfacet
  facet normal 0.976301 0.216418 0
    outer loop
      vertex 31.7051 60.6558 0
      vertex 31.96 59.5059 3
      vertex 31.96 59.5059 0
    endloop
  endfacet
  facet normal 0.793318 0.608808 0
    outer loop
      vertex 34.6584 54.3224 3
      vertex 33.9414 55.2567 0
      vertex 33.9414 55.2567 3
    endloop
  endfacet
  facet normal 0.793318 0.608808 0
    outer loop
      vertex 33.9414 55.2567 0
      vertex 34.6584 54.3224 3
      vertex 34.6584 54.3224 0
    endloop
  endfacet
  facet normal 0.886989 0.461791 0
    outer loop
      vertex 33.3087 56.25 3
      vertex 32.7648 57.2947 0
      vertex 32.7648 57.2947 3
    endloop
  endfacet
  facet normal 0.886989 0.461791 0
    outer loop
      vertex 32.7648 57.2947 0
      vertex 33.3087 56.25 3
      vertex 33.3087 56.25 0
    endloop
  endfacet
  facet normal 0.675613 0.737256 -0
    outer loop
      vertex 36.3224 52.6584 0
      vertex 35.4541 53.4541 3
      vertex 36.3224 52.6584 3
    endloop
  endfacet
  facet normal 0.675613 0.737256 0
    outer loop
      vertex 35.4541 53.4541 3
      vertex 36.3224 52.6584 0
      vertex 35.4541 53.4541 0
    endloop
  endfacet
  facet normal 0.843431 0.537238 0
    outer loop
      vertex 33.9414 55.2567 3
      vertex 33.3087 56.25 0
      vertex 33.3087 56.25 3
    endloop
  endfacet
  facet normal 0.843431 0.537238 0
    outer loop
      vertex 33.3087 56.25 0
      vertex 33.9414 55.2567 3
      vertex 33.9414 55.2567 0
    endloop
  endfacet
  facet normal -0.608792 -0.79333 0
    outer loop
      vertex 49.113 50.1552 0
      vertex 49.2424 50.0559 3
      vertex 49.113 50.1552 3
    endloop
  endfacet
  facet normal -0.608792 -0.79333 -0
    outer loop
      vertex 49.2424 50.0559 3
      vertex 49.113 50.1552 0
      vertex 49.2424 50.0559 0
    endloop
  endfacet
  facet normal 0.923856 -0.38274 0
    outer loop
      vertex 38.798 47.2573 3
      vertex 39.0184 47.7893 0
      vertex 39.0184 47.7893 3
    endloop
  endfacet
  facet normal 0.923856 -0.38274 0
    outer loop
      vertex 39.0184 47.7893 0
      vertex 38.798 47.2573 3
      vertex 38.798 47.2573 0
    endloop
  endfacet
  facet normal -0.923856 0.38274 0
    outer loop
      vertex 50.9816 42.2107 0
      vertex 51.202 42.7427 3
      vertex 51.202 42.7427 0
    endloop
  endfacet
  facet normal -0.923856 0.38274 0
    outer loop
      vertex 51.202 42.7427 3
      vertex 50.9816 42.2107 0
      vertex 50.9816 42.2107 3
    endloop
  endfacet
  facet normal 0.38274 0.923856 -0
    outer loop
      vertex 42.7427 38.798 0
      vertex 42.2107 39.0184 3
      vertex 42.7427 38.798 3
    endloop
  endfacet
  facet normal 0.38274 0.923856 0
    outer loop
      vertex 42.2107 39.0184 3
      vertex 42.7427 38.798 0
      vertex 42.2107 39.0184 0
    endloop
  endfacet
  facet normal -0.923856 -0.38274 0
    outer loop
      vertex 51.202 47.2573 0
      vertex 50.9816 47.7893 3
      vertex 50.9816 47.7893 0
    endloop
  endfacet
  facet normal -0.923856 -0.38274 0
    outer loop
      vertex 50.9816 47.7893 3
      vertex 51.202 47.2573 0
      vertex 51.202 47.2573 3
    endloop
  endfacet
  facet normal -0.887049 -0.461675 0
    outer loop
      vertex 50.9816 47.7893 0
      vertex 50.7158 48.3 3
      vertex 50.7158 48.3 0
    endloop
  endfacet
  facet normal -0.887049 -0.461675 0
    outer loop
      vertex 50.7158 48.3 3
      vertex 50.9816 47.7893 0
      vertex 50.9816 47.7893 3
    endloop
  endfacet
  facet normal 0.793366 -0.608745 0
    outer loop
      vertex 39.5936 48.7856 3
      vertex 39.9441 49.2424 0
      vertex 39.9441 49.2424 3
    endloop
  endfacet
  facet normal 0.793366 -0.608745 0
    outer loop
      vertex 39.9441 49.2424 0
      vertex 39.5936 48.7856 3
      vertex 39.5936 48.7856 0
    endloop
  endfacet
  facet normal -0.999049 0.0435955 0
    outer loop
      vertex 51.5749 44.4248 0
      vertex 51.6 45 3
      vertex 51.6 45 0
    endloop
  endfacet
  facet normal -0.999049 0.0435955 0
    outer loop
      vertex 51.6 45 3
      vertex 51.5749 44.4248 0
      vertex 51.5749 44.4248 3
    endloop
  endfacet
  facet normal -0.793366 0.608745 0
    outer loop
      vertex 50.0559 40.7576 0
      vertex 50.4064 41.2144 3
      vertex 50.4064 41.2144 0
    endloop
  endfacet
  facet normal -0.793366 0.608745 0
    outer loop
      vertex 50.4064 41.2144 3
      vertex 50.0559 40.7576 0
      vertex 50.0559 40.7576 3
    endloop
  endfacet
  facet normal 0.608745 0.793366 -0
    outer loop
      vertex 41.2144 39.5936 0
      vertex 40.7576 39.9441 3
      vertex 41.2144 39.5936 3
    endloop
  endfacet
  facet normal 0.608745 0.793366 0
    outer loop
      vertex 40.7576 39.9441 3
      vertex 41.2144 39.5936 0
      vertex 40.7576 39.9441 0
    endloop
  endfacet
  facet normal 0.923856 0.38274 0
    outer loop
      vertex 39.0184 42.2107 3
      vertex 38.798 42.7427 0
      vertex 38.798 42.7427 3
    endloop
  endfacet
  facet normal 0.923856 0.38274 0
    outer loop
      vertex 38.798 42.7427 0
      vertex 39.0184 42.2107 3
      vertex 39.0184 42.2107 0
    endloop
  endfacet
  facet normal 0.793366 0.608745 0
    outer loop
      vertex 39.9441 40.7576 3
      vertex 39.5936 41.2144 0
      vertex 39.5936 41.2144 3
    endloop
  endfacet
  facet normal 0.793366 0.608745 0
    outer loop
      vertex 39.5936 41.2144 0
      vertex 39.9441 40.7576 3
      vertex 39.9441 40.7576 0
    endloop
  endfacet
  facet normal -0.991436 -0.130594 0
    outer loop
      vertex 51.5749 45.5752 0
      vertex 51.4997 46.1461 3
      vertex 51.4997 46.1461 0
    endloop
  endfacet
  facet normal -0.991436 -0.130594 0
    outer loop
      vertex 51.4997 46.1461 3
      vertex 51.5749 45.5752 0
      vertex 51.5749 45.5752 3
    endloop
  endfacet
  facet normal -0.976301 -0.216415 0
    outer loop
      vertex 51.4997 46.1461 0
      vertex 51.3751 46.7082 3
      vertex 51.3751 46.7082 0
    endloop
  endfacet
  facet normal -0.976301 -0.216415 0
    outer loop
      vertex 51.3751 46.7082 3
      vertex 51.4997 46.1461 0
      vertex 51.4997 46.1461 3
    endloop
  endfacet
  facet normal -0.953732 -0.300658 0
    outer loop
      vertex 51.3751 46.7082 0
      vertex 51.202 47.2573 3
      vertex 51.202 47.2573 0
    endloop
  endfacet
  facet normal -0.953732 -0.300658 0
    outer loop
      vertex 51.202 47.2573 3
      vertex 51.3751 46.7082 0
      vertex 51.3751 46.7082 3
    endloop
  endfacet
  facet normal -0.843361 -0.537347 0
    outer loop
      vertex 50.7158 48.3 0
      vertex 50.4064 48.7856 3
      vertex 50.4064 48.7856 0
    endloop
  endfacet
  facet normal -0.843361 -0.537347 0
    outer loop
      vertex 50.4064 48.7856 3
      vertex 50.7158 48.3 0
      vertex 50.7158 48.3 3
    endloop
  endfacet
  facet normal -0.675607 -0.737262 0
    outer loop
      vertex 49.2424 50.0559 0
      vertex 49.6669 49.6669 3
      vertex 49.2424 50.0559 3
    endloop
  endfacet
  facet normal -0.675607 -0.737262 -0
    outer loop
      vertex 49.6669 49.6669 3
      vertex 49.2424 50.0559 0
      vertex 49.6669 49.6669 0
    endloop
  endfacet
  facet normal 0.999049 -0.0435955 0
    outer loop
      vertex 38.4 45 3
      vertex 38.4251 45.5752 0
      vertex 38.4251 45.5752 3
    endloop
  endfacet
  facet normal 0.999049 -0.0435955 0
    outer loop
      vertex 38.4251 45.5752 0
      vertex 38.4 45 3
      vertex 38.4 45 0
    endloop
  endfacet
  facet normal 0.953732 -0.300658 0
    outer loop
      vertex 38.6249 46.7082 3
      vertex 38.798 47.2573 0
      vertex 38.798 47.2573 3
    endloop
  endfacet
  facet normal 0.953732 -0.300658 0
    outer loop
      vertex 38.798 47.2573 0
      vertex 38.6249 46.7082 3
      vertex 38.6249 46.7082 0
    endloop
  endfacet
  facet normal 0.976301 -0.216415 0
    outer loop
      vertex 38.5003 46.1461 3
      vertex 38.6249 46.7082 0
      vertex 38.6249 46.7082 3
    endloop
  endfacet
  facet normal 0.976301 -0.216415 0
    outer loop
      vertex 38.6249 46.7082 0
      vertex 38.5003 46.1461 3
      vertex 38.5003 46.1461 0
    endloop
  endfacet
  facet normal 0.887049 -0.461675 0
    outer loop
      vertex 39.0184 47.7893 3
      vertex 39.2842 48.3 0
      vertex 39.2842 48.3 3
    endloop
  endfacet
  facet normal 0.887049 -0.461675 0
    outer loop
      vertex 39.2842 48.3 0
      vertex 39.0184 47.7893 3
      vertex 39.0184 47.7893 0
    endloop
  endfacet
  facet normal 0.843361 -0.537347 0
    outer loop
      vertex 39.2842 48.3 3
      vertex 39.5936 48.7856 0
      vertex 39.5936 48.7856 3
    endloop
  endfacet
  facet normal 0.843361 -0.537347 0
    outer loop
      vertex 39.5936 48.7856 0
      vertex 39.2842 48.3 3
      vertex 39.2842 48.3 0
    endloop
  endfacet
  facet normal 0.737262 -0.675607 0
    outer loop
      vertex 39.9441 49.2424 3
      vertex 40.3331 49.6669 0
      vertex 40.3331 49.6669 3
    endloop
  endfacet
  facet normal 0.737262 -0.675607 0
    outer loop
      vertex 40.3331 49.6669 0
      vertex 39.9441 49.2424 3
      vertex 39.9441 49.2424 0
    endloop
  endfacet
  facet normal -0.999049 -0.0435955 0
    outer loop
      vertex 51.6 45 0
      vertex 51.5749 45.5752 3
      vertex 51.5749 45.5752 0
    endloop
  endfacet
  facet normal -0.999049 -0.0435955 0
    outer loop
      vertex 51.5749 45.5752 3
      vertex 51.6 45 0
      vertex 51.6 45 3
    endloop
  endfacet
  facet normal -0.130594 0.991436 0
    outer loop
      vertex 46.1461 38.5003 0
      vertex 45.5752 38.4251 3
      vertex 46.1461 38.5003 3
    endloop
  endfacet
  facet normal -0.130594 0.991436 0
    outer loop
      vertex 45.5752 38.4251 3
      vertex 46.1461 38.5003 0
      vertex 45.5752 38.4251 0
    endloop
  endfacet
  facet normal -0.216415 0.976301 0
    outer loop
      vertex 46.7082 38.6249 0
      vertex 46.1461 38.5003 3
      vertex 46.7082 38.6249 3
    endloop
  endfacet
  facet normal -0.216415 0.976301 0
    outer loop
      vertex 46.1461 38.5003 3
      vertex 46.7082 38.6249 0
      vertex 46.1461 38.5003 0
    endloop
  endfacet
  facet normal -0.300658 0.953732 0
    outer loop
      vertex 47.2573 38.798 0
      vertex 46.7082 38.6249 3
      vertex 47.2573 38.798 3
    endloop
  endfacet
  facet normal -0.300658 0.953732 0
    outer loop
      vertex 46.7082 38.6249 3
      vertex 47.2573 38.798 0
      vertex 46.7082 38.6249 0
    endloop
  endfacet
  facet normal -0.461675 0.887049 0
    outer loop
      vertex 48.3 39.2842 0
      vertex 47.7893 39.0184 3
      vertex 48.3 39.2842 3
    endloop
  endfacet
  facet normal -0.461675 0.887049 0
    outer loop
      vertex 47.7893 39.0184 3
      vertex 48.3 39.2842 0
      vertex 47.7893 39.0184 0
    endloop
  endfacet
  facet normal -0.887049 0.461675 0
    outer loop
      vertex 50.7158 41.7 0
      vertex 50.9816 42.2107 3
      vertex 50.9816 42.2107 0
    endloop
  endfacet
  facet normal -0.887049 0.461675 0
    outer loop
      vertex 50.9816 42.2107 3
      vertex 50.7158 41.7 0
      vertex 50.7158 41.7 3
    endloop
  endfacet
  facet normal 0.300658 0.953732 -0
    outer loop
      vertex 43.2918 38.6249 0
      vertex 42.7427 38.798 3
      vertex 43.2918 38.6249 3
    endloop
  endfacet
  facet normal 0.300658 0.953732 0
    outer loop
      vertex 42.7427 38.798 3
      vertex 43.2918 38.6249 0
      vertex 42.7427 38.798 0
    endloop
  endfacet
  facet normal 0.461675 0.887049 -0
    outer loop
      vertex 42.2107 39.0184 0
      vertex 41.7 39.2842 3
      vertex 42.2107 39.0184 3
    endloop
  endfacet
  facet normal 0.461675 0.887049 0
    outer loop
      vertex 41.7 39.2842 3
      vertex 42.2107 39.0184 0
      vertex 41.7 39.2842 0
    endloop
  endfacet
  facet normal 0.991436 0.130594 0
    outer loop
      vertex 38.5003 43.8539 3
      vertex 38.4251 44.4248 0
      vertex 38.4251 44.4248 3
    endloop
  endfacet
  facet normal 0.991436 0.130594 0
    outer loop
      vertex 38.4251 44.4248 0
      vertex 38.5003 43.8539 3
      vertex 38.5003 43.8539 0
    endloop
  endfacet
  facet normal 0.953732 0.300658 0
    outer loop
      vertex 38.798 42.7427 3
      vertex 38.6249 43.2918 0
      vertex 38.6249 43.2918 3
    endloop
  endfacet
  facet normal 0.953732 0.300658 0
    outer loop
      vertex 38.6249 43.2918 0
      vertex 38.798 42.7427 3
      vertex 38.798 42.7427 0
    endloop
  endfacet
  facet normal 0.976301 0.216415 0
    outer loop
      vertex 38.6249 43.2918 3
      vertex 38.5003 43.8539 0
      vertex 38.5003 43.8539 3
    endloop
  endfacet
  facet normal 0.976301 0.216415 0
    outer loop
      vertex 38.5003 43.8539 0
      vertex 38.6249 43.2918 3
      vertex 38.6249 43.2918 0
    endloop
  endfacet
  facet normal 0.887049 0.461675 0
    outer loop
      vertex 39.2842 41.7 3
      vertex 39.0184 42.2107 0
      vertex 39.0184 42.2107 3
    endloop
  endfacet
  facet normal 0.887049 0.461675 0
    outer loop
      vertex 39.0184 42.2107 0
      vertex 39.2842 41.7 3
      vertex 39.2842 41.7 0
    endloop
  endfacet
  facet normal -0.793366 -0.608745 0
    outer loop
      vertex 50.4064 48.7856 0
      vertex 50.0559 49.2424 3
      vertex 50.0559 49.2424 0
    endloop
  endfacet
  facet normal -0.793366 -0.608745 0
    outer loop
      vertex 50.0559 49.2424 3
      vertex 50.4064 48.7856 0
      vertex 50.4064 48.7856 3
    endloop
  endfacet
  facet normal -0.737262 -0.675607 0
    outer loop
      vertex 50.0559 49.2424 0
      vertex 49.6669 49.6669 3
      vertex 49.6669 49.6669 0
    endloop
  endfacet
  facet normal -0.737262 -0.675607 0
    outer loop
      vertex 49.6669 49.6669 3
      vertex 50.0559 49.2424 0
      vertex 50.0559 49.2424 3
    endloop
  endfacet
  facet normal 0.999049 0.0435955 0
    outer loop
      vertex 38.4251 44.4248 3
      vertex 38.4 45 0
      vertex 38.4 45 3
    endloop
  endfacet
  facet normal 0.999049 0.0435955 0
    outer loop
      vertex 38.4 45 0
      vertex 38.4251 44.4248 3
      vertex 38.4251 44.4248 0
    endloop
  endfacet
  facet normal 0.608792 -0.79333 0
    outer loop
      vertex 40.7576 50.0559 0
      vertex 40.887 50.1552 3
      vertex 40.7576 50.0559 3
    endloop
  endfacet
  facet normal 0.608792 -0.79333 0
    outer loop
      vertex 40.887 50.1552 3
      vertex 40.7576 50.0559 0
      vertex 40.887 50.1552 0
    endloop
  endfacet
  facet normal 0.675607 -0.737262 0
    outer loop
      vertex 40.3331 49.6669 0
      vertex 40.7576 50.0559 3
      vertex 40.3331 49.6669 3
    endloop
  endfacet
  facet normal 0.675607 -0.737262 0
    outer loop
      vertex 40.7576 50.0559 3
      vertex 40.3331 49.6669 0
      vertex 40.7576 50.0559 0
    endloop
  endfacet
  facet normal -0.976301 0.216415 0
    outer loop
      vertex 51.3751 43.2918 0
      vertex 51.4997 43.8539 3
      vertex 51.4997 43.8539 0
    endloop
  endfacet
  facet normal -0.976301 0.216415 0
    outer loop
      vertex 51.4997 43.8539 3
      vertex 51.3751 43.2918 0
      vertex 51.3751 43.2918 3
    endloop
  endfacet
  facet normal -0.953732 0.300658 0
    outer loop
      vertex 51.202 42.7427 0
      vertex 51.3751 43.2918 3
      vertex 51.3751 43.2918 0
    endloop
  endfacet
  facet normal -0.953732 0.300658 0
    outer loop
      vertex 51.3751 43.2918 3
      vertex 51.202 42.7427 0
      vertex 51.202 42.7427 3
    endloop
  endfacet
  facet normal -0.991436 0.130594 0
    outer loop
      vertex 51.4997 43.8539 0
      vertex 51.5749 44.4248 3
      vertex 51.5749 44.4248 0
    endloop
  endfacet
  facet normal -0.991436 0.130594 0
    outer loop
      vertex 51.5749 44.4248 3
      vertex 51.4997 43.8539 0
      vertex 51.4997 43.8539 3
    endloop
  endfacet
  facet normal -0.38274 0.923856 0
    outer loop
      vertex 47.7893 39.0184 0
      vertex 47.2573 38.798 3
      vertex 47.7893 39.0184 3
    endloop
  endfacet
  facet normal -0.38274 0.923856 0
    outer loop
      vertex 47.2573 38.798 3
      vertex 47.7893 39.0184 0
      vertex 47.2573 38.798 0
    endloop
  endfacet
  facet normal -0.737262 0.675607 0
    outer loop
      vertex 49.6669 40.3331 0
      vertex 50.0559 40.7576 3
      vertex 50.0559 40.7576 0
    endloop
  endfacet
  facet normal -0.737262 0.675607 0
    outer loop
      vertex 50.0559 40.7576 3
      vertex 49.6669 40.3331 0
      vertex 49.6669 40.3331 3
    endloop
  endfacet
  facet normal -0.608745 0.793366 0
    outer loop
      vertex 49.2424 39.9441 0
      vertex 48.7856 39.5936 3
      vertex 49.2424 39.9441 3
    endloop
  endfacet
  facet normal -0.608745 0.793366 0
    outer loop
      vertex 48.7856 39.5936 3
      vertex 49.2424 39.9441 0
      vertex 48.7856 39.5936 0
    endloop
  endfacet
  facet normal -0.675607 0.737262 0
    outer loop
      vertex 49.6669 40.3331 0
      vertex 49.2424 39.9441 3
      vertex 49.6669 40.3331 3
    endloop
  endfacet
  facet normal -0.675607 0.737262 0
    outer loop
      vertex 49.2424 39.9441 3
      vertex 49.6669 40.3331 0
      vertex 49.2424 39.9441 0
    endloop
  endfacet
  facet normal -0.537347 0.843361 0
    outer loop
      vertex 48.7856 39.5936 0
      vertex 48.3 39.2842 3
      vertex 48.7856 39.5936 3
    endloop
  endfacet
  facet normal -0.537347 0.843361 0
    outer loop
      vertex 48.3 39.2842 3
      vertex 48.7856 39.5936 0
      vertex 48.3 39.2842 0
    endloop
  endfacet
  facet normal -0.843361 0.537347 0
    outer loop
      vertex 50.4064 41.2144 0
      vertex 50.7158 41.7 3
      vertex 50.7158 41.7 0
    endloop
  endfacet
  facet normal -0.843361 0.537347 0
    outer loop
      vertex 50.7158 41.7 3
      vertex 50.4064 41.2144 0
      vertex 50.4064 41.2144 3
    endloop
  endfacet
  facet normal -0.0435955 0.999049 0
    outer loop
      vertex 45.5752 38.4251 0
      vertex 45 38.4 3
      vertex 45.5752 38.4251 3
    endloop
  endfacet
  facet normal -0.0435955 0.999049 0
    outer loop
      vertex 45 38.4 3
      vertex 45.5752 38.4251 0
      vertex 45 38.4 0
    endloop
  endfacet
  facet normal 0.130594 0.991436 -0
    outer loop
      vertex 44.4248 38.4251 0
      vertex 43.8539 38.5003 3
      vertex 44.4248 38.4251 3
    endloop
  endfacet
  facet normal 0.130594 0.991436 0
    outer loop
      vertex 43.8539 38.5003 3
      vertex 44.4248 38.4251 0
      vertex 43.8539 38.5003 0
    endloop
  endfacet
  facet normal 0.0435955 0.999049 -0
    outer loop
      vertex 45 38.4 0
      vertex 44.4248 38.4251 3
      vertex 45 38.4 3
    endloop
  endfacet
  facet normal 0.0435955 0.999049 0
    outer loop
      vertex 44.4248 38.4251 3
      vertex 45 38.4 0
      vertex 44.4248 38.4251 0
    endloop
  endfacet
  facet normal 0.216415 0.976301 -0
    outer loop
      vertex 43.8539 38.5003 0
      vertex 43.2918 38.6249 3
      vertex 43.8539 38.5003 3
    endloop
  endfacet
  facet normal 0.216415 0.976301 0
    outer loop
      vertex 43.2918 38.6249 3
      vertex 43.8539 38.5003 0
      vertex 43.2918 38.6249 0
    endloop
  endfacet
  facet normal 0.537347 0.843361 -0
    outer loop
      vertex 41.7 39.2842 0
      vertex 41.2144 39.5936 3
      vertex 41.7 39.2842 3
    endloop
  endfacet
  facet normal 0.537347 0.843361 0
    outer loop
      vertex 41.2144 39.5936 3
      vertex 41.7 39.2842 0
      vertex 41.2144 39.5936 0
    endloop
  endfacet
  facet normal 0.843361 0.537347 0
    outer loop
      vertex 39.5936 41.2144 3
      vertex 39.2842 41.7 0
      vertex 39.2842 41.7 3
    endloop
  endfacet
  facet normal 0.843361 0.537347 0
    outer loop
      vertex 39.2842 41.7 0
      vertex 39.5936 41.2144 3
      vertex 39.5936 41.2144 0
    endloop
  endfacet
  facet normal 0.675607 0.737262 -0
    outer loop
      vertex 40.7576 39.9441 0
      vertex 40.3331 40.3331 3
      vertex 40.7576 39.9441 3
    endloop
  endfacet
  facet normal 0.675607 0.737262 0
    outer loop
      vertex 40.3331 40.3331 3
      vertex 40.7576 39.9441 0
      vertex 40.3331 40.3331 0
    endloop
  endfacet
  facet normal 0.991436 -0.130594 0
    outer loop
      vertex 38.4251 45.5752 3
      vertex 38.5003 46.1461 0
      vertex 38.5003 46.1461 3
    endloop
  endfacet
  facet normal 0.991436 -0.130594 0
    outer loop
      vertex 38.5003 46.1461 0
      vertex 38.4251 45.5752 3
      vertex 38.4251 45.5752 0
    endloop
  endfacet
  facet normal 0.737262 0.675607 0
    outer loop
      vertex 40.3331 40.3331 3
      vertex 39.9441 40.7576 0
      vertex 39.9441 40.7576 3
    endloop
  endfacet
  facet normal 0.737262 0.675607 0
    outer loop
      vertex 39.9441 40.7576 0
      vertex 40.3331 40.3331 3
      vertex 40.3331 40.3331 0
    endloop
  endfacet
endsolid OpenSCAD_Model
