solid OpenSCAD_Model
  facet normal 0.959064 0 -0.283188
    outer loop
      vertex 115 0 132
      vertex 77.5 49.5 5
      vertex 115 95 132
    endloop
  endfacet
  facet normal 0.959064 0 -0.283188
    outer loop
      vertex 77.5 49.5 5
      vertex 115 0 132
      vertex 77.5 9.5 5
    endloop
  endfacet
  facet normal 0 -1 0
    outer loop
      vertex 0 0 132
      vertex 115 0 132.1
      vertex 0 0 132.1
    endloop
  endfacet
  facet normal 0 -1 -0
    outer loop
      vertex 115 0 132.1
      vertex 0 0 132
      vertex 115 0 132
    endloop
  endfacet
  facet normal 0 0 1
    outer loop
      vertex 92.8258 84.2048 5
      vertex 22.1742 84.2048 5
      vertex 37.5 49.5 5
    endloop
  endfacet
  facet normal 0 0 1
    outer loop
      vertex 37.5 49.5 5
      vertex 22.1935 10.6482 5
      vertex 22.2 10.5 5
    endloop
  endfacet
  facet normal -0 0 1
    outer loop
      vertex 22.1421 84.06 5
      vertex 37.5 49.5 5
      vertex 22.1742 84.2048 5
    endloop
  endfacet
  facet normal 0 0 1
    outer loop
      vertex 37.5 49.5 5
      vertex 22.1742 10.7952 5
      vertex 22.1935 10.6482 5
    endloop
  endfacet
  facet normal -0 0 1
    outer loop
      vertex 22.0975 83.9186 5
      vertex 37.5 49.5 5
      vertex 22.1421 84.06 5
    endloop
  endfacet
  facet normal 0 0 1
    outer loop
      vertex 37.5 49.5 5
      vertex 22.1421 10.94 5
      vertex 22.1742 10.7952 5
    endloop
  endfacet
  facet normal -0 0 1
    outer loop
      vertex 22.0407 83.7815 5
      vertex 37.5 49.5 5
      vertex 22.0975 83.9186 5
    endloop
  endfacet
  facet normal 0 0 1
    outer loop
      vertex 37.5 49.5 5
      vertex 22.0975 11.0814 5
      vertex 22.1421 10.94 5
    endloop
  endfacet
  facet normal -0 0 1
    outer loop
      vertex 21.9722 83.65 5
      vertex 37.5 49.5 5
      vertex 22.0407 83.7815 5
    endloop
  endfacet
  facet normal 0 0 1
    outer loop
      vertex 37.5 49.5 5
      vertex 22.0407 11.2185 5
      vertex 22.0975 11.0814 5
    endloop
  endfacet
  facet normal -0 0 1
    outer loop
      vertex 21.8926 83.5249 5
      vertex 37.5 49.5 5
      vertex 21.9722 83.65 5
    endloop
  endfacet
  facet normal 0 0 1
    outer loop
      vertex 37.5 49.5 5
      vertex 21.9722 11.35 5
      vertex 22.0407 11.2185 5
    endloop
  endfacet
  facet normal -0 0 1
    outer loop
      vertex 21.8023 83.4073 5
      vertex 37.5 49.5 5
      vertex 21.8926 83.5249 5
    endloop
  endfacet
  facet normal 0 0 1
    outer loop
      vertex 37.5 49.5 5
      vertex 21.8926 11.4751 5
      vertex 21.9722 11.35 5
    endloop
  endfacet
  facet normal -0 0 1
    outer loop
      vertex 21.7021 83.2979 5
      vertex 37.5 49.5 5
      vertex 21.8023 83.4073 5
    endloop
  endfacet
  facet normal 0 0 1
    outer loop
      vertex 37.5 49.5 5
      vertex 21.8023 11.5927 5
      vertex 21.8926 11.4751 5
    endloop
  endfacet
  facet normal -0 0 1
    outer loop
      vertex 21.5927 83.1977 5
      vertex 37.5 49.5 5
      vertex 21.7021 83.2979 5
    endloop
  endfacet
  facet normal 0 0 1
    outer loop
      vertex 37.5 49.5 5
      vertex 21.7021 11.7021 5
      vertex 21.8023 11.5927 5
    endloop
  endfacet
  facet normal -0 0 1
    outer loop
      vertex 21.4751 83.1074 5
      vertex 37.5 49.5 5
      vertex 21.5927 83.1977 5
    endloop
  endfacet
  facet normal 0 0 1
    outer loop
      vertex 37.5 49.5 5
      vertex 21.5927 11.8023 5
      vertex 21.7021 11.7021 5
    endloop
  endfacet
  facet normal -0 0 1
    outer loop
      vertex 21.35 83.0278 5
      vertex 37.5 49.5 5
      vertex 21.4751 83.1074 5
    endloop
  endfacet
  facet normal 0 0 1
    outer loop
      vertex 37.5 49.5 5
      vertex 21.4751 11.8926 5
      vertex 21.5927 11.8023 5
    endloop
  endfacet
  facet normal -0 0 1
    outer loop
      vertex 21.2185 82.9593 5
      vertex 37.5 49.5 5
      vertex 21.35 83.0278 5
    endloop
  endfacet
  facet normal 0 0 1
    outer loop
      vertex 37.5 49.5 5
      vertex 21.35 11.9722 5
      vertex 21.4751 11.8926 5
    endloop
  endfacet
  facet normal -0 0 1
    outer loop
      vertex 21.0814 82.9025 5
      vertex 37.5 49.5 5
      vertex 21.2185 82.9593 5
    endloop
  endfacet
  facet normal 0 0 1
    outer loop
      vertex 37.5 49.5 5
      vertex 21.2185 12.0407 5
      vertex 21.35 11.9722 5
    endloop
  endfacet
  facet normal -0 0 1
    outer loop
      vertex 20.94 82.8579 5
      vertex 37.5 49.5 5
      vertex 21.0814 82.9025 5
    endloop
  endfacet
  facet normal 0 0 1
    outer loop
      vertex 37.5 49.5 5
      vertex 21.0814 12.0975 5
      vertex 21.2185 12.0407 5
    endloop
  endfacet
  facet normal -0 0 1
    outer loop
      vertex 20.7952 82.8258 5
      vertex 37.5 49.5 5
      vertex 20.94 82.8579 5
    endloop
  endfacet
  facet normal 0 0 1
    outer loop
      vertex 37.5 49.5 5
      vertex 20.94 12.1421 5
      vertex 21.0814 12.0975 5
    endloop
  endfacet
  facet normal -0 0 1
    outer loop
      vertex 20.6482 82.8065 5
      vertex 37.5 49.5 5
      vertex 20.7952 82.8258 5
    endloop
  endfacet
  facet normal 0 0 1
    outer loop
      vertex 37.5 49.5 5
      vertex 20.7952 12.1742 5
      vertex 20.94 12.1421 5
    endloop
  endfacet
  facet normal -0 0 1
    outer loop
      vertex 20.5 82.8 5
      vertex 37.5 49.5 5
      vertex 20.6482 82.8065 5
    endloop
  endfacet
  facet normal 0 0 1
    outer loop
      vertex 37.5 49.5 5
      vertex 20.6482 12.1935 5
      vertex 20.7952 12.1742 5
    endloop
  endfacet
  facet normal 0 0 1
    outer loop
      vertex 20.3518 82.8065 5
      vertex 37.5 49.5 5
      vertex 20.5 82.8 5
    endloop
  endfacet
  facet normal 0 0 1
    outer loop
      vertex 37.5 49.5 5
      vertex 20.5 12.2 5
      vertex 20.6482 12.1935 5
    endloop
  endfacet
  facet normal 0 0 1
    outer loop
      vertex 20.2048 82.8258 5
      vertex 37.5 49.5 5
      vertex 20.3518 82.8065 5
    endloop
  endfacet
  facet normal 0 0 1
    outer loop
      vertex 37.5 49.5 5
      vertex 20.3518 12.1935 5
      vertex 20.5 12.2 5
    endloop
  endfacet
  facet normal 0 0 1
    outer loop
      vertex 20.06 82.8579 5
      vertex 37.5 49.5 5
      vertex 20.2048 82.8258 5
    endloop
  endfacet
  facet normal 0 0 1
    outer loop
      vertex 37.5 49.5 5
      vertex 20.2048 12.1742 5
      vertex 20.3518 12.1935 5
    endloop
  endfacet
  facet normal 0 0 1
    outer loop
      vertex 19.9186 82.9025 5
      vertex 37.5 49.5 5
      vertex 20.06 82.8579 5
    endloop
  endfacet
  facet normal 0 0 1
    outer loop
      vertex 37.5 49.5 5
      vertex 20.06 12.1421 5
      vertex 20.2048 12.1742 5
    endloop
  endfacet
  facet normal 0 0 1
    outer loop
      vertex 19.7815 82.9593 5
      vertex 37.5 49.5 5
      vertex 19.9186 82.9025 5
    endloop
  endfacet
  facet normal 0 0 1
    outer loop
      vertex 37.5 49.5 5
      vertex 19.9186 12.0975 5
      vertex 20.06 12.1421 5
    endloop
  endfacet
  facet normal 0 0 1
    outer loop
      vertex 19.65 83.0278 5
      vertex 37.5 49.5 5
      vertex 19.7815 82.9593 5
    endloop
  endfacet
  facet normal 0 0 1
    outer loop
      vertex 37.5 49.5 5
      vertex 19.7815 12.0407 5
      vertex 19.9186 12.0975 5
    endloop
  endfacet
  facet normal 0 0 1
    outer loop
      vertex 19.5249 83.1074 5
      vertex 37.5 49.5 5
      vertex 19.65 83.0278 5
    endloop
  endfacet
  facet normal 0 0 1
    outer loop
      vertex 37.5 49.5 5
      vertex 19.65 11.9722 5
      vertex 19.7815 12.0407 5
    endloop
  endfacet
  facet normal 0 0 1
    outer loop
      vertex 19.5249 11.8926 5
      vertex 37.5 49.5 5
      vertex 19.5249 83.1074 5
    endloop
  endfacet
  facet normal 0 0 1
    outer loop
      vertex 37.5 49.5 5
      vertex 19.5249 11.8926 5
      vertex 19.65 11.9722 5
    endloop
  endfacet
  facet normal 0 0 1
    outer loop
      vertex 19.4073 83.1977 5
      vertex 19.5249 11.8926 5
      vertex 19.5249 83.1074 5
    endloop
  endfacet
  facet normal 0 0 1
    outer loop
      vertex 19.4073 83.1977 5
      vertex 19.4073 11.8023 5
      vertex 19.5249 11.8926 5
    endloop
  endfacet
  facet normal 0 0 1
    outer loop
      vertex 13.5 87.5 5
      vertex 19.4073 83.1977 5
      vertex 19.2979 83.2979 5
    endloop
  endfacet
  facet normal 0 0 1
    outer loop
      vertex 19.4073 83.1977 5
      vertex 13.5 87.5 5
      vertex 19.4073 11.8023 5
    endloop
  endfacet
  facet normal 0 0 1
    outer loop
      vertex 13.5 87.5 5
      vertex 19.2979 83.2979 5
      vertex 19.1977 83.4073 5
    endloop
  endfacet
  facet normal 0 0 1
    outer loop
      vertex 13.5 7.5 5
      vertex 19.4073 11.8023 5
      vertex 13.5 87.5 5
    endloop
  endfacet
  facet normal 0 0 1
    outer loop
      vertex 13.5 87.5 5
      vertex 19.1977 83.4073 5
      vertex 19.1074 83.5249 5
    endloop
  endfacet
  facet normal 0 0 1
    outer loop
      vertex 19.4073 11.8023 5
      vertex 13.5 7.5 5
      vertex 19.2979 11.7021 5
    endloop
  endfacet
  facet normal 0 0 1
    outer loop
      vertex 13.5 87.5 5
      vertex 19.1074 83.5249 5
      vertex 19.0278 83.65 5
    endloop
  endfacet
  facet normal 0 0 1
    outer loop
      vertex 19.2979 11.7021 5
      vertex 13.5 7.5 5
      vertex 19.1977 11.5927 5
    endloop
  endfacet
  facet normal 0 0 1
    outer loop
      vertex 13.5 87.5 5
      vertex 19.0278 83.65 5
      vertex 18.9593 83.7815 5
    endloop
  endfacet
  facet normal 0 0 1
    outer loop
      vertex 19.1977 11.5927 5
      vertex 13.5 7.5 5
      vertex 19.1074 11.4751 5
    endloop
  endfacet
  facet normal 0 0 1
    outer loop
      vertex 13.5 87.5 5
      vertex 18.9593 83.7815 5
      vertex 18.9025 83.9186 5
    endloop
  endfacet
  facet normal 0 0 1
    outer loop
      vertex 19.1074 11.4751 5
      vertex 13.5 7.5 5
      vertex 19.0278 11.35 5
    endloop
  endfacet
  facet normal 0 0 1
    outer loop
      vertex 13.5 87.5 5
      vertex 18.9025 83.9186 5
      vertex 18.8579 84.06 5
    endloop
  endfacet
  facet normal 0 0 1
    outer loop
      vertex 19.0278 11.35 5
      vertex 13.5 7.5 5
      vertex 18.9593 11.2185 5
    endloop
  endfacet
  facet normal 0 0 1
    outer loop
      vertex 13.5 87.5 5
      vertex 18.8579 84.06 5
      vertex 18.8258 84.2048 5
    endloop
  endfacet
  facet normal 0 0 1
    outer loop
      vertex 18.9593 11.2185 5
      vertex 13.5 7.5 5
      vertex 18.9025 11.0814 5
    endloop
  endfacet
  facet normal 0 0 1
    outer loop
      vertex 13.5 87.5 5
      vertex 18.8258 84.2048 5
      vertex 18.8065 84.3518 5
    endloop
  endfacet
  facet normal 0 0 1
    outer loop
      vertex 18.9025 11.0814 5
      vertex 13.5 7.5 5
      vertex 18.8579 10.94 5
    endloop
  endfacet
  facet normal 0 0 1
    outer loop
      vertex 13.5 87.5 5
      vertex 18.8065 84.3518 5
      vertex 18.8 84.5 5
    endloop
  endfacet
  facet normal 0 0 1
    outer loop
      vertex 18.8579 10.94 5
      vertex 13.5 7.5 5
      vertex 18.8258 10.7952 5
    endloop
  endfacet
  facet normal 0 0 1
    outer loop
      vertex 96.1421 84.06 5
      vertex 101.5 87.5 5
      vertex 96.1742 84.2048 5
    endloop
  endfacet
  facet normal 0 0 1
    outer loop
      vertex 101.5 7.5 5
      vertex 96.1935 10.6482 5
      vertex 96.2 10.5 5
    endloop
  endfacet
  facet normal 0 0 1
    outer loop
      vertex 96.0975 83.9186 5
      vertex 101.5 87.5 5
      vertex 96.1421 84.06 5
    endloop
  endfacet
  facet normal 0 0 1
    outer loop
      vertex 101.5 7.5 5
      vertex 96.1742 10.7952 5
      vertex 96.1935 10.6482 5
    endloop
  endfacet
  facet normal 0 0 1
    outer loop
      vertex 96.0407 83.7815 5
      vertex 101.5 87.5 5
      vertex 96.0975 83.9186 5
    endloop
  endfacet
  facet normal 0 0 1
    outer loop
      vertex 101.5 7.5 5
      vertex 96.1421 10.94 5
      vertex 96.1742 10.7952 5
    endloop
  endfacet
  facet normal 0 0 1
    outer loop
      vertex 95.9722 83.65 5
      vertex 101.5 87.5 5
      vertex 96.0407 83.7815 5
    endloop
  endfacet
  facet normal 0 0 1
    outer loop
      vertex 101.5 7.5 5
      vertex 96.0975 11.0814 5
      vertex 96.1421 10.94 5
    endloop
  endfacet
  facet normal 0 0 1
    outer loop
      vertex 95.8926 83.5249 5
      vertex 101.5 87.5 5
      vertex 95.9722 83.65 5
    endloop
  endfacet
  facet normal 0 0 1
    outer loop
      vertex 101.5 7.5 5
      vertex 96.0407 11.2185 5
      vertex 96.0975 11.0814 5
    endloop
  endfacet
  facet normal 0 0 1
    outer loop
      vertex 95.8023 83.4073 5
      vertex 101.5 87.5 5
      vertex 95.8926 83.5249 5
    endloop
  endfacet
  facet normal 0 0 1
    outer loop
      vertex 101.5 7.5 5
      vertex 95.9722 11.35 5
      vertex 96.0407 11.2185 5
    endloop
  endfacet
  facet normal 0 0 1
    outer loop
      vertex 95.7021 83.2979 5
      vertex 101.5 87.5 5
      vertex 95.8023 83.4073 5
    endloop
  endfacet
  facet normal 0 0 1
    outer loop
      vertex 101.5 7.5 5
      vertex 95.8926 11.4751 5
      vertex 95.9722 11.35 5
    endloop
  endfacet
  facet normal 0 0 1
    outer loop
      vertex 95.5927 83.1977 5
      vertex 101.5 87.5 5
      vertex 95.7021 83.2979 5
    endloop
  endfacet
  facet normal 0 0 1
    outer loop
      vertex 101.5 7.5 5
      vertex 95.8023 11.5927 5
      vertex 95.8926 11.4751 5
    endloop
  endfacet
  facet normal 0 0 1
    outer loop
      vertex 101.5 87.5 5
      vertex 95.5927 83.1977 5
      vertex 101.5 7.5 5
    endloop
  endfacet
  facet normal 0 0 1
    outer loop
      vertex 101.5 7.5 5
      vertex 95.7021 11.7021 5
      vertex 95.8023 11.5927 5
    endloop
  endfacet
  facet normal -0 0 1
    outer loop
      vertex 95.5927 11.8023 5
      vertex 101.5 7.5 5
      vertex 95.5927 83.1977 5
    endloop
  endfacet
  facet normal 0 0 1
    outer loop
      vertex 101.5 7.5 5
      vertex 95.5927 11.8023 5
      vertex 95.7021 11.7021 5
    endloop
  endfacet
  facet normal -0 0 1
    outer loop
      vertex 95.4751 83.1074 5
      vertex 95.5927 11.8023 5
      vertex 95.5927 83.1977 5
    endloop
  endfacet
  facet normal 0 0 1
    outer loop
      vertex 95.4751 83.1074 5
      vertex 95.4751 11.8926 5
      vertex 95.5927 11.8023 5
    endloop
  endfacet
  facet normal 0 0 1
    outer loop
      vertex 77.5 49.5 5
      vertex 95.4751 83.1074 5
      vertex 95.35 83.0278 5
    endloop
  endfacet
  facet normal 0 0 1
    outer loop
      vertex 95.4751 83.1074 5
      vertex 77.5 49.5 5
      vertex 95.4751 11.8926 5
    endloop
  endfacet
  facet normal 0 0 1
    outer loop
      vertex 77.5 49.5 5
      vertex 95.35 83.0278 5
      vertex 95.2185 82.9593 5
    endloop
  endfacet
  facet normal 0 0 1
    outer loop
      vertex 95.4751 11.8926 5
      vertex 77.5 49.5 5
      vertex 95.35 11.9722 5
    endloop
  endfacet
  facet normal 0 0 1
    outer loop
      vertex 77.5 49.5 5
      vertex 95.2185 82.9593 5
      vertex 95.0814 82.9025 5
    endloop
  endfacet
  facet normal 0 0 1
    outer loop
      vertex 95.35 11.9722 5
      vertex 77.5 49.5 5
      vertex 95.2185 12.0407 5
    endloop
  endfacet
  facet normal 0 0 1
    outer loop
      vertex 77.5 49.5 5
      vertex 95.0814 82.9025 5
      vertex 94.94 82.8579 5
    endloop
  endfacet
  facet normal 0 0 1
    outer loop
      vertex 95.2185 12.0407 5
      vertex 77.5 49.5 5
      vertex 95.0814 12.0975 5
    endloop
  endfacet
  facet normal 0 0 1
    outer loop
      vertex 77.5 49.5 5
      vertex 94.94 82.8579 5
      vertex 94.7952 82.8258 5
    endloop
  endfacet
  facet normal 0 0 1
    outer loop
      vertex 95.0814 12.0975 5
      vertex 77.5 49.5 5
      vertex 94.94 12.1421 5
    endloop
  endfacet
  facet normal 0 0 1
    outer loop
      vertex 77.5 49.5 5
      vertex 94.7952 82.8258 5
      vertex 94.6482 82.8065 5
    endloop
  endfacet
  facet normal 0 0 1
    outer loop
      vertex 94.94 12.1421 5
      vertex 77.5 49.5 5
      vertex 94.7952 12.1742 5
    endloop
  endfacet
  facet normal 0 0 1
    outer loop
      vertex 77.5 49.5 5
      vertex 94.6482 82.8065 5
      vertex 94.5 82.8 5
    endloop
  endfacet
  facet normal 0 0 1
    outer loop
      vertex 94.7952 12.1742 5
      vertex 77.5 49.5 5
      vertex 94.6482 12.1935 5
    endloop
  endfacet
  facet normal 0 0 1
    outer loop
      vertex 77.5 49.5 5
      vertex 94.5 82.8 5
      vertex 94.3518 82.8065 5
    endloop
  endfacet
  facet normal 0 0 1
    outer loop
      vertex 94.6482 12.1935 5
      vertex 77.5 49.5 5
      vertex 94.5 12.2 5
    endloop
  endfacet
  facet normal 0 0 1
    outer loop
      vertex 77.5 49.5 5
      vertex 94.3518 82.8065 5
      vertex 94.2048 82.8258 5
    endloop
  endfacet
  facet normal 0 0 1
    outer loop
      vertex 94.5 12.2 5
      vertex 77.5 49.5 5
      vertex 94.3518 12.1935 5
    endloop
  endfacet
  facet normal 0 0 1
    outer loop
      vertex 77.5 49.5 5
      vertex 94.2048 82.8258 5
      vertex 94.06 82.8579 5
    endloop
  endfacet
  facet normal 0 0 1
    outer loop
      vertex 94.3518 12.1935 5
      vertex 77.5 49.5 5
      vertex 94.2048 12.1742 5
    endloop
  endfacet
  facet normal 0 0 1
    outer loop
      vertex 77.5 49.5 5
      vertex 94.06 82.8579 5
      vertex 93.9186 82.9025 5
    endloop
  endfacet
  facet normal 0 0 1
    outer loop
      vertex 94.2048 12.1742 5
      vertex 77.5 49.5 5
      vertex 94.06 12.1421 5
    endloop
  endfacet
  facet normal 0 0 1
    outer loop
      vertex 77.5 49.5 5
      vertex 93.9186 82.9025 5
      vertex 93.7815 82.9593 5
    endloop
  endfacet
  facet normal 0 0 1
    outer loop
      vertex 94.06 12.1421 5
      vertex 77.5 49.5 5
      vertex 93.9186 12.0975 5
    endloop
  endfacet
  facet normal 0 0 1
    outer loop
      vertex 77.5 49.5 5
      vertex 93.7815 82.9593 5
      vertex 93.65 83.0278 5
    endloop
  endfacet
  facet normal 0 0 1
    outer loop
      vertex 93.9186 12.0975 5
      vertex 77.5 49.5 5
      vertex 93.7815 12.0407 5
    endloop
  endfacet
  facet normal 0 0 1
    outer loop
      vertex 77.5 49.5 5
      vertex 93.65 83.0278 5
      vertex 93.5249 83.1074 5
    endloop
  endfacet
  facet normal 0 0 1
    outer loop
      vertex 93.7815 12.0407 5
      vertex 77.5 49.5 5
      vertex 93.65 11.9722 5
    endloop
  endfacet
  facet normal 0 0 1
    outer loop
      vertex 77.5 49.5 5
      vertex 93.5249 83.1074 5
      vertex 93.4073 83.1977 5
    endloop
  endfacet
  facet normal 0 0 1
    outer loop
      vertex 77.5 9.5 5
      vertex 93.65 11.9722 5
      vertex 77.5 49.5 5
    endloop
  endfacet
  facet normal 0 0 1
    outer loop
      vertex 77.5 49.5 5
      vertex 93.4073 83.1977 5
      vertex 93.2979 83.2979 5
    endloop
  endfacet
  facet normal 0 0 1
    outer loop
      vertex 93.65 11.9722 5
      vertex 77.5 9.5 5
      vertex 93.5249 11.8926 5
    endloop
  endfacet
  facet normal 0 0 1
    outer loop
      vertex 77.5 49.5 5
      vertex 93.2979 83.2979 5
      vertex 93.1977 83.4073 5
    endloop
  endfacet
  facet normal 0 0 1
    outer loop
      vertex 93.5249 11.8926 5
      vertex 77.5 9.5 5
      vertex 93.4073 11.8023 5
    endloop
  endfacet
  facet normal 0 0 1
    outer loop
      vertex 77.5 49.5 5
      vertex 93.1977 83.4073 5
      vertex 93.1074 83.5249 5
    endloop
  endfacet
  facet normal 0 0 1
    outer loop
      vertex 93.4073 11.8023 5
      vertex 77.5 9.5 5
      vertex 93.2979 11.7021 5
    endloop
  endfacet
  facet normal 0 0 1
    outer loop
      vertex 77.5 49.5 5
      vertex 93.1074 83.5249 5
      vertex 93.0278 83.65 5
    endloop
  endfacet
  facet normal 0 0 1
    outer loop
      vertex 93.2979 11.7021 5
      vertex 77.5 9.5 5
      vertex 93.1977 11.5927 5
    endloop
  endfacet
  facet normal 0 0 1
    outer loop
      vertex 77.5 49.5 5
      vertex 93.0278 83.65 5
      vertex 92.9593 83.7815 5
    endloop
  endfacet
  facet normal 0 0 1
    outer loop
      vertex 93.1977 11.5927 5
      vertex 77.5 9.5 5
      vertex 93.1074 11.4751 5
    endloop
  endfacet
  facet normal 0 0 1
    outer loop
      vertex 77.5 49.5 5
      vertex 92.9593 83.7815 5
      vertex 92.9025 83.9186 5
    endloop
  endfacet
  facet normal 0 0 1
    outer loop
      vertex 93.1074 11.4751 5
      vertex 77.5 9.5 5
      vertex 93.0278 11.35 5
    endloop
  endfacet
  facet normal 0 0 1
    outer loop
      vertex 77.5 49.5 5
      vertex 92.9025 83.9186 5
      vertex 92.8579 84.06 5
    endloop
  endfacet
  facet normal 0 0 1
    outer loop
      vertex 93.0278 11.35 5
      vertex 77.5 9.5 5
      vertex 92.9593 11.2185 5
    endloop
  endfacet
  facet normal 0 0 1
    outer loop
      vertex 77.5 49.5 5
      vertex 92.8579 84.06 5
      vertex 92.8258 84.2048 5
    endloop
  endfacet
  facet normal 0 0 1
    outer loop
      vertex 92.9593 11.2185 5
      vertex 77.5 9.5 5
      vertex 92.9025 11.0814 5
    endloop
  endfacet
  facet normal 0 0 1
    outer loop
      vertex 22.1935 84.3518 5
      vertex 92.8065 84.3518 5
      vertex 22.2 84.5 5
    endloop
  endfacet
  facet normal 0 0 1
    outer loop
      vertex 92.9025 11.0814 5
      vertex 77.5 9.5 5
      vertex 92.8579 10.94 5
    endloop
  endfacet
  facet normal -0 0 1
    outer loop
      vertex 22.2 84.5 5
      vertex 92.8065 84.3518 5
      vertex 92.8 84.5 5
    endloop
  endfacet
  facet normal 0 0 1
    outer loop
      vertex 92.8579 10.94 5
      vertex 77.5 9.5 5
      vertex 92.8258 10.7952 5
    endloop
  endfacet
  facet normal 0 0 1
    outer loop
      vertex 95.8023 85.5927 5
      vertex 101.5 87.5 5
      vertex 101.485 87.8486 5
    endloop
  endfacet
  facet normal 0 0 1
    outer loop
      vertex 96.1935 84.3518 5
      vertex 101.5 87.5 5
      vertex 96.2 84.5 5
    endloop
  endfacet
  facet normal 0 0 1
    outer loop
      vertex 95.8023 85.5927 5
      vertex 101.485 87.8486 5
      vertex 101.439 88.1946 5
    endloop
  endfacet
  facet normal 0 0 1
    outer loop
      vertex 96.1742 84.2048 5
      vertex 101.5 87.5 5
      vertex 96.1935 84.3518 5
    endloop
  endfacet
  facet normal 0 0 1
    outer loop
      vertex 95.8023 85.5927 5
      vertex 101.439 88.1946 5
      vertex 101.364 88.5353 5
    endloop
  endfacet
  facet normal -0 0 1
    outer loop
      vertex 96.1935 10.3518 5
      vertex 101.5 7.5 5
      vertex 96.2 10.5 5
    endloop
  endfacet
  facet normal 0 0 1
    outer loop
      vertex 95.8023 85.5927 5
      vertex 101.364 88.5353 5
      vertex 101.259 88.8681 5
    endloop
  endfacet
  facet normal -0 0 1
    outer loop
      vertex 96.1742 10.2048 5
      vertex 101.5 7.5 5
      vertex 96.1935 10.3518 5
    endloop
  endfacet
  facet normal 0 0 1
    outer loop
      vertex 95.8023 85.5927 5
      vertex 101.259 88.8681 5
      vertex 101.125 89.1905 5
    endloop
  endfacet
  facet normal -0 0 1
    outer loop
      vertex 96.1421 10.06 5
      vertex 101.5 7.5 5
      vertex 96.1742 10.2048 5
    endloop
  endfacet
  facet normal 0 0 1
    outer loop
      vertex 95.8023 85.5927 5
      vertex 101.125 89.1905 5
      vertex 100.964 89.5 5
    endloop
  endfacet
  facet normal -0 0 1
    outer loop
      vertex 96.0975 9.91857 5
      vertex 101.5 7.5 5
      vertex 96.1421 10.06 5
    endloop
  endfacet
  facet normal 0 0 1
    outer loop
      vertex 95.7021 85.7021 5
      vertex 100.964 89.5 5
      vertex 100.777 89.7943 5
    endloop
  endfacet
  facet normal -0 0 1
    outer loop
      vertex 96.0407 9.78155 5
      vertex 101.5 7.5 5
      vertex 96.0975 9.91857 5
    endloop
  endfacet
  facet normal 0 0 1
    outer loop
      vertex 95.7021 85.7021 5
      vertex 100.777 89.7943 5
      vertex 100.564 90.0712 5
    endloop
  endfacet
  facet normal -0 0 1
    outer loop
      vertex 95.9722 9.65 5
      vertex 101.5 7.5 5
      vertex 96.0407 9.78155 5
    endloop
  endfacet
  facet normal 0 0 1
    outer loop
      vertex 95.7021 85.7021 5
      vertex 100.564 90.0712 5
      vertex 100.328 90.3284 5
    endloop
  endfacet
  facet normal -0 0 1
    outer loop
      vertex 95.8926 9.52492 5
      vertex 101.5 7.5 5
      vertex 95.9722 9.65 5
    endloop
  endfacet
  facet normal 0 0 1
    outer loop
      vertex 95.7021 85.7021 5
      vertex 100.328 90.3284 5
      vertex 100.071 90.5642 5
    endloop
  endfacet
  facet normal -0 0 1
    outer loop
      vertex 95.8023 9.40726 5
      vertex 101.5 7.5 5
      vertex 95.8926 9.52492 5
    endloop
  endfacet
  facet normal 0 0 1
    outer loop
      vertex 95.7021 85.7021 5
      vertex 100.071 90.5642 5
      vertex 99.7943 90.7766 5
    endloop
  endfacet
  facet normal 0 0 1
    outer loop
      vertex 101.5 7.5 5
      vertex 95.8023 9.40726 5
      vertex 101.485 7.15138 5
    endloop
  endfacet
  facet normal 0 0 1
    outer loop
      vertex 95.7021 85.7021 5
      vertex 99.7943 90.7766 5
      vertex 99.5 90.9641 5
    endloop
  endfacet
  facet normal 0 0 1
    outer loop
      vertex 101.485 7.15138 5
      vertex 95.8023 9.40726 5
      vertex 101.439 6.80541 5
    endloop
  endfacet
  facet normal 0 0 1
    outer loop
      vertex 95.7021 85.7021 5
      vertex 99.5 90.9641 5
      vertex 99.1905 91.1252 5
    endloop
  endfacet
  facet normal 0 0 1
    outer loop
      vertex 101.439 6.80541 5
      vertex 95.8023 9.40726 5
      vertex 101.364 6.46472 5
    endloop
  endfacet
  facet normal 0 0 1
    outer loop
      vertex 95.5927 85.8023 5
      vertex 99.1905 91.1252 5
      vertex 98.8681 91.2588 5
    endloop
  endfacet
  facet normal 0 0 1
    outer loop
      vertex 101.364 6.46472 5
      vertex 95.8023 9.40726 5
      vertex 101.259 6.13192 5
    endloop
  endfacet
  facet normal 0 0 1
    outer loop
      vertex 95.5927 85.8023 5
      vertex 98.8681 91.2588 5
      vertex 98.5353 91.3637 5
    endloop
  endfacet
  facet normal 0 0 1
    outer loop
      vertex 101.259 6.13192 5
      vertex 95.8023 9.40726 5
      vertex 101.125 5.80953 5
    endloop
  endfacet
  facet normal 0 0 1
    outer loop
      vertex 95.5927 85.8023 5
      vertex 98.5353 91.3637 5
      vertex 98.1946 91.4392 5
    endloop
  endfacet
  facet normal 0 0 1
    outer loop
      vertex 101.125 5.80953 5
      vertex 95.8023 9.40726 5
      vertex 100.964 5.5 5
    endloop
  endfacet
  facet normal 0 0 1
    outer loop
      vertex 95.5927 85.8023 5
      vertex 98.1946 91.4392 5
      vertex 97.8486 91.4848 5
    endloop
  endfacet
  facet normal -0 0 1
    outer loop
      vertex 95.7021 9.29792 5
      vertex 100.964 5.5 5
      vertex 95.8023 9.40726 5
    endloop
  endfacet
  facet normal 0 0 1
    outer loop
      vertex 95.5927 85.8023 5
      vertex 97.8486 91.4848 5
      vertex 97.5 91.5 5
    endloop
  endfacet
  facet normal 0 0 1
    outer loop
      vertex 100.964 5.5 5
      vertex 95.7021 9.29792 5
      vertex 100.777 5.20569 5
    endloop
  endfacet
  facet normal 0 0 1
    outer loop
      vertex 100.777 5.20569 5
      vertex 95.7021 9.29792 5
      vertex 100.564 4.92885 5
    endloop
  endfacet
  facet normal 0 0 1
    outer loop
      vertex 101.5 87.5 5
      vertex 96.1935 84.6482 5
      vertex 96.2 84.5 5
    endloop
  endfacet
  facet normal 0 0 1
    outer loop
      vertex 101.5 87.5 5
      vertex 96.1742 84.7952 5
      vertex 96.1935 84.6482 5
    endloop
  endfacet
  facet normal 0 0 1
    outer loop
      vertex 101.5 87.5 5
      vertex 96.1421 84.94 5
      vertex 96.1742 84.7952 5
    endloop
  endfacet
  facet normal 0 0 1
    outer loop
      vertex 101.5 87.5 5
      vertex 96.0975 85.0814 5
      vertex 96.1421 84.94 5
    endloop
  endfacet
  facet normal 0 0 1
    outer loop
      vertex 101.5 87.5 5
      vertex 96.0407 85.2185 5
      vertex 96.0975 85.0814 5
    endloop
  endfacet
  facet normal 0 0 1
    outer loop
      vertex 101.5 87.5 5
      vertex 95.9722 85.35 5
      vertex 96.0407 85.2185 5
    endloop
  endfacet
  facet normal 0 0 1
    outer loop
      vertex 101.5 87.5 5
      vertex 95.8926 85.4751 5
      vertex 95.9722 85.35 5
    endloop
  endfacet
  facet normal 0 0 1
    outer loop
      vertex 101.5 87.5 5
      vertex 95.8023 85.5927 5
      vertex 95.8926 85.4751 5
    endloop
  endfacet
  facet normal 0 0 1
    outer loop
      vertex 100.964 89.5 5
      vertex 95.7021 85.7021 5
      vertex 95.8023 85.5927 5
    endloop
  endfacet
  facet normal 0 0 1
    outer loop
      vertex 99.1905 91.1252 5
      vertex 95.5927 85.8023 5
      vertex 95.7021 85.7021 5
    endloop
  endfacet
  facet normal 0 0 1
    outer loop
      vertex 97.5 91.5 5
      vertex 95.4751 85.8926 5
      vertex 95.5927 85.8023 5
    endloop
  endfacet
  facet normal 0 0 1
    outer loop
      vertex 97.5 91.5 5
      vertex 95.35 85.9722 5
      vertex 95.4751 85.8926 5
    endloop
  endfacet
  facet normal 0 0 1
    outer loop
      vertex 97.5 91.5 5
      vertex 95.2185 86.0407 5
      vertex 95.35 85.9722 5
    endloop
  endfacet
  facet normal 0 0 1
    outer loop
      vertex 97.5 91.5 5
      vertex 95.0814 86.0975 5
      vertex 95.2185 86.0407 5
    endloop
  endfacet
  facet normal 0 0 1
    outer loop
      vertex 97.5 91.5 5
      vertex 94.94 86.1421 5
      vertex 95.0814 86.0975 5
    endloop
  endfacet
  facet normal 0 0 1
    outer loop
      vertex 97.5 91.5 5
      vertex 94.7952 86.1742 5
      vertex 94.94 86.1421 5
    endloop
  endfacet
  facet normal 0 0 1
    outer loop
      vertex 97.5 91.5 5
      vertex 94.6482 86.1935 5
      vertex 94.7952 86.1742 5
    endloop
  endfacet
  facet normal 0 0 1
    outer loop
      vertex 97.5 91.5 5
      vertex 94.5 86.2 5
      vertex 94.6482 86.1935 5
    endloop
  endfacet
  facet normal 0 0 1
    outer loop
      vertex 97.5 91.5 5
      vertex 94.3518 86.1935 5
      vertex 94.5 86.2 5
    endloop
  endfacet
  facet normal 0 0 1
    outer loop
      vertex 97.5 91.5 5
      vertex 94.2048 86.1742 5
      vertex 94.3518 86.1935 5
    endloop
  endfacet
  facet normal 0 0 1
    outer loop
      vertex 97.5 91.5 5
      vertex 94.06 86.1421 5
      vertex 94.2048 86.1742 5
    endloop
  endfacet
  facet normal 0 0 1
    outer loop
      vertex 97.5 91.5 5
      vertex 93.9186 86.0975 5
      vertex 94.06 86.1421 5
    endloop
  endfacet
  facet normal 0 0 1
    outer loop
      vertex 97.5 91.5 5
      vertex 93.7815 86.0407 5
      vertex 93.9186 86.0975 5
    endloop
  endfacet
  facet normal 0 0 1
    outer loop
      vertex 97.5 91.5 5
      vertex 93.65 85.9722 5
      vertex 93.7815 86.0407 5
    endloop
  endfacet
  facet normal 0 0 1
    outer loop
      vertex 97.5 91.5 5
      vertex 93.5249 85.8926 5
      vertex 93.65 85.9722 5
    endloop
  endfacet
  facet normal 0 0 1
    outer loop
      vertex 97.5 91.5 5
      vertex 93.4073 85.8023 5
      vertex 93.5249 85.8926 5
    endloop
  endfacet
  facet normal 0 0 1
    outer loop
      vertex 97.5 91.5 5
      vertex 93.2979 85.7021 5
      vertex 93.4073 85.8023 5
    endloop
  endfacet
  facet normal 0 0 1
    outer loop
      vertex 97.5 91.5 5
      vertex 93.1977 85.5927 5
      vertex 93.2979 85.7021 5
    endloop
  endfacet
  facet normal 0 0 1
    outer loop
      vertex 21.8023 85.5927 5
      vertex 93.1977 85.5927 5
      vertex 97.5 91.5 5
    endloop
  endfacet
  facet normal 0 0 1
    outer loop
      vertex 92.8258 10.7952 5
      vertex 77.5 9.5 5
      vertex 92.8065 10.6482 5
    endloop
  endfacet
  facet normal 0 0 1
    outer loop
      vertex 22.2 84.5 5
      vertex 92.8 84.5 5
      vertex 92.8065 84.6482 5
    endloop
  endfacet
  facet normal 0 0 1
    outer loop
      vertex 22.1935 84.6482 5
      vertex 92.8065 84.6482 5
      vertex 92.8258 84.7952 5
    endloop
  endfacet
  facet normal 0 0 1
    outer loop
      vertex 22.1742 84.7952 5
      vertex 92.8258 84.7952 5
      vertex 92.8579 84.94 5
    endloop
  endfacet
  facet normal 0 0 1
    outer loop
      vertex 22.1421 84.94 5
      vertex 92.8579 84.94 5
      vertex 92.9025 85.0814 5
    endloop
  endfacet
  facet normal 0 0 1
    outer loop
      vertex 22.0975 85.0814 5
      vertex 92.9025 85.0814 5
      vertex 92.9593 85.2185 5
    endloop
  endfacet
  facet normal 0 0 1
    outer loop
      vertex 92.8258 84.2048 5
      vertex 37.5 49.5 5
      vertex 77.5 49.5 5
    endloop
  endfacet
  facet normal 0 0 1
    outer loop
      vertex 22.0407 85.2185 5
      vertex 92.9593 85.2185 5
      vertex 93.0278 85.35 5
    endloop
  endfacet
  facet normal 0 0 1
    outer loop
      vertex 21.9722 85.35 5
      vertex 93.0278 85.35 5
      vertex 93.1074 85.4751 5
    endloop
  endfacet
  facet normal 0 0 1
    outer loop
      vertex 93.1977 85.5927 5
      vertex 21.8023 85.5927 5
      vertex 93.1074 85.4751 5
    endloop
  endfacet
  facet normal 0 0 1
    outer loop
      vertex 22.1742 84.2048 5
      vertex 92.8258 84.2048 5
      vertex 22.1935 84.3518 5
    endloop
  endfacet
  facet normal 0 0 1
    outer loop
      vertex 92.8065 84.3518 5
      vertex 22.1935 84.3518 5
      vertex 92.8258 84.2048 5
    endloop
  endfacet
  facet normal 0 0 1
    outer loop
      vertex 92.8065 84.6482 5
      vertex 22.1935 84.6482 5
      vertex 22.2 84.5 5
    endloop
  endfacet
  facet normal 0 0 1
    outer loop
      vertex 92.8258 84.7952 5
      vertex 22.1742 84.7952 5
      vertex 22.1935 84.6482 5
    endloop
  endfacet
  facet normal 0 0 1
    outer loop
      vertex 92.8579 84.94 5
      vertex 22.1421 84.94 5
      vertex 22.1742 84.7952 5
    endloop
  endfacet
  facet normal 0 0 1
    outer loop
      vertex 92.9025 85.0814 5
      vertex 22.0975 85.0814 5
      vertex 22.1421 84.94 5
    endloop
  endfacet
  facet normal 0 0 1
    outer loop
      vertex 92.9593 85.2185 5
      vertex 22.0407 85.2185 5
      vertex 22.0975 85.0814 5
    endloop
  endfacet
  facet normal 0 0 1
    outer loop
      vertex 93.0278 85.35 5
      vertex 21.9722 85.35 5
      vertex 22.0407 85.2185 5
    endloop
  endfacet
  facet normal 0 0 1
    outer loop
      vertex 93.1074 85.4751 5
      vertex 21.8926 85.4751 5
      vertex 21.9722 85.35 5
    endloop
  endfacet
  facet normal 0 0 1
    outer loop
      vertex 93.1074 85.4751 5
      vertex 21.8023 85.5927 5
      vertex 21.8926 85.4751 5
    endloop
  endfacet
  facet normal -0 0 1
    outer loop
      vertex 17.5 91.5 5
      vertex 21.8023 85.5927 5
      vertex 97.5 91.5 5
    endloop
  endfacet
  facet normal 0 0 1
    outer loop
      vertex 21.8023 85.5927 5
      vertex 17.5 91.5 5
      vertex 21.7021 85.7021 5
    endloop
  endfacet
  facet normal 0 0 1
    outer loop
      vertex 21.7021 85.7021 5
      vertex 17.5 91.5 5
      vertex 21.5927 85.8023 5
    endloop
  endfacet
  facet normal 0 0 1
    outer loop
      vertex 21.5927 85.8023 5
      vertex 17.5 91.5 5
      vertex 21.4751 85.8926 5
    endloop
  endfacet
  facet normal 0 0 1
    outer loop
      vertex 21.4751 85.8926 5
      vertex 17.5 91.5 5
      vertex 21.35 85.9722 5
    endloop
  endfacet
  facet normal 0 0 1
    outer loop
      vertex 21.35 85.9722 5
      vertex 17.5 91.5 5
      vertex 21.2185 86.0407 5
    endloop
  endfacet
  facet normal 0 0 1
    outer loop
      vertex 21.2185 86.0407 5
      vertex 17.5 91.5 5
      vertex 21.0814 86.0975 5
    endloop
  endfacet
  facet normal 0 0 1
    outer loop
      vertex 21.0814 86.0975 5
      vertex 17.5 91.5 5
      vertex 20.94 86.1421 5
    endloop
  endfacet
  facet normal 0 0 1
    outer loop
      vertex 20.94 86.1421 5
      vertex 17.5 91.5 5
      vertex 20.7952 86.1742 5
    endloop
  endfacet
  facet normal 0 0 1
    outer loop
      vertex 20.7952 86.1742 5
      vertex 17.5 91.5 5
      vertex 20.6482 86.1935 5
    endloop
  endfacet
  facet normal 0 0 1
    outer loop
      vertex 20.6482 86.1935 5
      vertex 17.5 91.5 5
      vertex 20.5 86.2 5
    endloop
  endfacet
  facet normal -0 0 1
    outer loop
      vertex 14.4358 90.0712 5
      vertex 19.2979 85.7021 5
      vertex 14.6716 90.3284 5
    endloop
  endfacet
  facet normal -0 0 1
    outer loop
      vertex 14.6716 90.3284 5
      vertex 19.2979 85.7021 5
      vertex 14.9288 90.5642 5
    endloop
  endfacet
  facet normal -0 0 1
    outer loop
      vertex 14.9288 90.5642 5
      vertex 19.2979 85.7021 5
      vertex 15.2057 90.7766 5
    endloop
  endfacet
  facet normal -0 0 1
    outer loop
      vertex 15.2057 90.7766 5
      vertex 19.2979 85.7021 5
      vertex 15.5 90.9641 5
    endloop
  endfacet
  facet normal -0 0 1
    outer loop
      vertex 15.5 90.9641 5
      vertex 19.2979 85.7021 5
      vertex 15.8095 91.1252 5
    endloop
  endfacet
  facet normal 0 0 1
    outer loop
      vertex 19.4073 85.8023 5
      vertex 15.8095 91.1252 5
      vertex 19.2979 85.7021 5
    endloop
  endfacet
  facet normal -0 0 1
    outer loop
      vertex 15.8095 91.1252 5
      vertex 19.4073 85.8023 5
      vertex 16.1319 91.2588 5
    endloop
  endfacet
  facet normal -0 0 1
    outer loop
      vertex 16.1319 91.2588 5
      vertex 19.4073 85.8023 5
      vertex 16.4647 91.3637 5
    endloop
  endfacet
  facet normal -0 0 1
    outer loop
      vertex 16.4647 91.3637 5
      vertex 19.4073 85.8023 5
      vertex 16.8054 91.4392 5
    endloop
  endfacet
  facet normal -0 0 1
    outer loop
      vertex 16.8054 91.4392 5
      vertex 19.4073 85.8023 5
      vertex 17.1514 91.4848 5
    endloop
  endfacet
  facet normal -0 0 1
    outer loop
      vertex 17.1514 91.4848 5
      vertex 19.4073 85.8023 5
      vertex 17.5 91.5 5
    endloop
  endfacet
  facet normal 0 0 1
    outer loop
      vertex 19.5249 85.8926 5
      vertex 17.5 91.5 5
      vertex 19.4073 85.8023 5
    endloop
  endfacet
  facet normal 0 0 1
    outer loop
      vertex 19.65 85.9722 5
      vertex 17.5 91.5 5
      vertex 19.5249 85.8926 5
    endloop
  endfacet
  facet normal 0 0 1
    outer loop
      vertex 19.7815 86.0407 5
      vertex 17.5 91.5 5
      vertex 19.65 85.9722 5
    endloop
  endfacet
  facet normal 0 0 1
    outer loop
      vertex 19.9186 86.0975 5
      vertex 17.5 91.5 5
      vertex 19.7815 86.0407 5
    endloop
  endfacet
  facet normal 0 0 1
    outer loop
      vertex 20.06 86.1421 5
      vertex 17.5 91.5 5
      vertex 19.9186 86.0975 5
    endloop
  endfacet
  facet normal 0 0 1
    outer loop
      vertex 20.2048 86.1742 5
      vertex 17.5 91.5 5
      vertex 20.06 86.1421 5
    endloop
  endfacet
  facet normal 0 0 1
    outer loop
      vertex 20.3518 86.1935 5
      vertex 17.5 91.5 5
      vertex 20.2048 86.1742 5
    endloop
  endfacet
  facet normal 0 0 1
    outer loop
      vertex 20.5 86.2 5
      vertex 17.5 91.5 5
      vertex 20.3518 86.1935 5
    endloop
  endfacet
  facet normal 0 0 1
    outer loop
      vertex 100.564 4.92885 5
      vertex 95.7021 9.29792 5
      vertex 100.328 4.67157 5
    endloop
  endfacet
  facet normal 0 0 1
    outer loop
      vertex 100.328 4.67157 5
      vertex 95.7021 9.29792 5
      vertex 100.071 4.43582 5
    endloop
  endfacet
  facet normal 0 0 1
    outer loop
      vertex 100.071 4.43582 5
      vertex 95.7021 9.29792 5
      vertex 99.7943 4.22339 5
    endloop
  endfacet
  facet normal 0 0 1
    outer loop
      vertex 99.7943 4.22339 5
      vertex 95.7021 9.29792 5
      vertex 99.5 4.0359 5
    endloop
  endfacet
  facet normal 0 0 1
    outer loop
      vertex 99.5 4.0359 5
      vertex 95.7021 9.29792 5
      vertex 99.1905 3.87477 5
    endloop
  endfacet
  facet normal -0 0 1
    outer loop
      vertex 95.5927 9.19772 5
      vertex 99.1905 3.87477 5
      vertex 95.7021 9.29792 5
    endloop
  endfacet
  facet normal 0 0 1
    outer loop
      vertex 99.1905 3.87477 5
      vertex 95.5927 9.19772 5
      vertex 98.8681 3.74123 5
    endloop
  endfacet
  facet normal 0 0 1
    outer loop
      vertex 98.8681 3.74123 5
      vertex 95.5927 9.19772 5
      vertex 98.5353 3.6363 5
    endloop
  endfacet
  facet normal 0 0 1
    outer loop
      vertex 98.5353 3.6363 5
      vertex 95.5927 9.19772 5
      vertex 98.1946 3.56077 5
    endloop
  endfacet
  facet normal 0 0 1
    outer loop
      vertex 98.1946 3.56077 5
      vertex 95.5927 9.19772 5
      vertex 97.8486 3.51522 5
    endloop
  endfacet
  facet normal 0 0 1
    outer loop
      vertex 97.8486 3.51522 5
      vertex 95.5927 9.19772 5
      vertex 97.5 3.5 5
    endloop
  endfacet
  facet normal -0 0 1
    outer loop
      vertex 95.4751 9.10744 5
      vertex 97.5 3.5 5
      vertex 95.5927 9.19772 5
    endloop
  endfacet
  facet normal -0 0 1
    outer loop
      vertex 95.35 9.02776 5
      vertex 97.5 3.5 5
      vertex 95.4751 9.10744 5
    endloop
  endfacet
  facet normal -0 0 1
    outer loop
      vertex 95.2185 8.95928 5
      vertex 97.5 3.5 5
      vertex 95.35 9.02776 5
    endloop
  endfacet
  facet normal -0 0 1
    outer loop
      vertex 95.0814 8.90252 5
      vertex 97.5 3.5 5
      vertex 95.2185 8.95928 5
    endloop
  endfacet
  facet normal -0 0 1
    outer loop
      vertex 94.94 8.85793 5
      vertex 97.5 3.5 5
      vertex 95.0814 8.90252 5
    endloop
  endfacet
  facet normal -0 0 1
    outer loop
      vertex 94.7952 8.82583 5
      vertex 97.5 3.5 5
      vertex 94.94 8.85793 5
    endloop
  endfacet
  facet normal -0 0 1
    outer loop
      vertex 94.6482 8.80647 5
      vertex 97.5 3.5 5
      vertex 94.7952 8.82583 5
    endloop
  endfacet
  facet normal -0 0 1
    outer loop
      vertex 94.5 8.8 5
      vertex 97.5 3.5 5
      vertex 94.6482 8.80647 5
    endloop
  endfacet
  facet normal 0 0 1
    outer loop
      vertex 94.3518 8.80647 5
      vertex 97.5 3.5 5
      vertex 94.5 8.8 5
    endloop
  endfacet
  facet normal 0 0 1
    outer loop
      vertex 94.2048 8.82583 5
      vertex 97.5 3.5 5
      vertex 94.3518 8.80647 5
    endloop
  endfacet
  facet normal 0 0 1
    outer loop
      vertex 94.06 8.85793 5
      vertex 97.5 3.5 5
      vertex 94.2048 8.82583 5
    endloop
  endfacet
  facet normal 0 0 1
    outer loop
      vertex 93.9186 8.90252 5
      vertex 97.5 3.5 5
      vertex 94.06 8.85793 5
    endloop
  endfacet
  facet normal 0 0 1
    outer loop
      vertex 93.7815 8.95928 5
      vertex 97.5 3.5 5
      vertex 93.9186 8.90252 5
    endloop
  endfacet
  facet normal 0 0 1
    outer loop
      vertex 93.65 9.02776 5
      vertex 97.5 3.5 5
      vertex 93.7815 8.95928 5
    endloop
  endfacet
  facet normal 0 0 1
    outer loop
      vertex 93.5249 9.10744 5
      vertex 97.5 3.5 5
      vertex 93.65 9.02776 5
    endloop
  endfacet
  facet normal 0 0 1
    outer loop
      vertex 93.4073 9.19772 5
      vertex 97.5 3.5 5
      vertex 93.5249 9.10744 5
    endloop
  endfacet
  facet normal 0 0 1
    outer loop
      vertex 77.5 9.5 5
      vertex 93.4073 9.19772 5
      vertex 93.2979 9.29792 5
    endloop
  endfacet
  facet normal 0 0 1
    outer loop
      vertex 77.5 9.5 5
      vertex 93.2979 9.29792 5
      vertex 93.1977 9.40726 5
    endloop
  endfacet
  facet normal -0 0 1
    outer loop
      vertex 77.5 9.5 5
      vertex 93.1977 9.40726 5
      vertex 93.1074 9.52492 5
    endloop
  endfacet
  facet normal 0 0 1
    outer loop
      vertex 92.8065 10.6482 5
      vertex 77.5 9.5 5
      vertex 92.8 10.5 5
    endloop
  endfacet
  facet normal 0 0 1
    outer loop
      vertex 92.8 10.5 5
      vertex 77.5 9.5 5
      vertex 92.8065 10.3518 5
    endloop
  endfacet
  facet normal 0 0 1
    outer loop
      vertex 92.8065 10.3518 5
      vertex 77.5 9.5 5
      vertex 92.8258 10.2048 5
    endloop
  endfacet
  facet normal 0 0 1
    outer loop
      vertex 92.8258 10.2048 5
      vertex 77.5 9.5 5
      vertex 92.8579 10.06 5
    endloop
  endfacet
  facet normal 0 0 1
    outer loop
      vertex 92.8579 10.06 5
      vertex 77.5 9.5 5
      vertex 92.9025 9.91857 5
    endloop
  endfacet
  facet normal 0 0 1
    outer loop
      vertex 77.5 9.5 5
      vertex 92.9593 9.78155 5
      vertex 92.9025 9.91857 5
    endloop
  endfacet
  facet normal 0 0 1
    outer loop
      vertex 77.5 9.5 5
      vertex 93.0278 9.65 5
      vertex 92.9593 9.78155 5
    endloop
  endfacet
  facet normal 0 0 1
    outer loop
      vertex 77.5 9.5 5
      vertex 93.1074 9.52492 5
      vertex 93.0278 9.65 5
    endloop
  endfacet
  facet normal 0 0 1
    outer loop
      vertex 93.4073 9.19772 5
      vertex 77.5 9.5 5
      vertex 97.5 3.5 5
    endloop
  endfacet
  facet normal -0 0 1
    outer loop
      vertex 37.5 9.5 5
      vertex 97.5 3.5 5
      vertex 77.5 9.5 5
    endloop
  endfacet
  facet normal 0 0 1
    outer loop
      vertex 37.5 49.5 5
      vertex 22.2 10.5 5
      vertex 37.5 9.5 5
    endloop
  endfacet
  facet normal -0 0 1
    outer loop
      vertex 22.1935 10.3518 5
      vertex 37.5 9.5 5
      vertex 22.2 10.5 5
    endloop
  endfacet
  facet normal -0 0 1
    outer loop
      vertex 22.1742 10.2048 5
      vertex 37.5 9.5 5
      vertex 22.1935 10.3518 5
    endloop
  endfacet
  facet normal -0 0 1
    outer loop
      vertex 22.1421 10.06 5
      vertex 37.5 9.5 5
      vertex 22.1742 10.2048 5
    endloop
  endfacet
  facet normal -0 0 1
    outer loop
      vertex 22.0975 9.91857 5
      vertex 37.5 9.5 5
      vertex 22.1421 10.06 5
    endloop
  endfacet
  facet normal -0 0 1
    outer loop
      vertex 22.0407 9.78155 5
      vertex 37.5 9.5 5
      vertex 22.0975 9.91857 5
    endloop
  endfacet
  facet normal -0 0 1
    outer loop
      vertex 21.9722 9.65 5
      vertex 37.5 9.5 5
      vertex 22.0407 9.78155 5
    endloop
  endfacet
  facet normal -0 0 1
    outer loop
      vertex 21.8926 9.52492 5
      vertex 37.5 9.5 5
      vertex 21.9722 9.65 5
    endloop
  endfacet
  facet normal 0 0 1
    outer loop
      vertex 21.8023 9.40726 5
      vertex 37.5 9.5 5
      vertex 21.8926 9.52492 5
    endloop
  endfacet
  facet normal 0 0 1
    outer loop
      vertex 21.7021 9.29792 5
      vertex 37.5 9.5 5
      vertex 21.8023 9.40726 5
    endloop
  endfacet
  facet normal 0 0 1
    outer loop
      vertex 21.5927 9.19772 5
      vertex 37.5 9.5 5
      vertex 21.7021 9.29792 5
    endloop
  endfacet
  facet normal 0 0 1
    outer loop
      vertex 37.5 9.5 5
      vertex 21.5927 9.19772 5
      vertex 17.5 3.5 5
    endloop
  endfacet
  facet normal 0 0 1
    outer loop
      vertex 17.5 3.5 5
      vertex 21.5927 9.19772 5
      vertex 21.4751 9.10744 5
    endloop
  endfacet
  facet normal 0 0 1
    outer loop
      vertex 17.5 3.5 5
      vertex 21.4751 9.10744 5
      vertex 21.35 9.02776 5
    endloop
  endfacet
  facet normal 0 0 1
    outer loop
      vertex 17.5 3.5 5
      vertex 21.35 9.02776 5
      vertex 21.2185 8.95928 5
    endloop
  endfacet
  facet normal 0 0 1
    outer loop
      vertex 17.5 3.5 5
      vertex 21.2185 8.95928 5
      vertex 21.0814 8.90252 5
    endloop
  endfacet
  facet normal 0 0 1
    outer loop
      vertex 17.5 3.5 5
      vertex 21.0814 8.90252 5
      vertex 20.94 8.85793 5
    endloop
  endfacet
  facet normal 0 0 1
    outer loop
      vertex 17.5 3.5 5
      vertex 20.94 8.85793 5
      vertex 20.7952 8.82583 5
    endloop
  endfacet
  facet normal 0 0 1
    outer loop
      vertex 17.5 3.5 5
      vertex 20.7952 8.82583 5
      vertex 20.6482 8.80647 5
    endloop
  endfacet
  facet normal 0 0 1
    outer loop
      vertex 17.5 3.5 5
      vertex 20.6482 8.80647 5
      vertex 20.5 8.8 5
    endloop
  endfacet
  facet normal 0 0 1
    outer loop
      vertex 17.5 3.5 5
      vertex 20.5 8.8 5
      vertex 20.3518 8.80647 5
    endloop
  endfacet
  facet normal 0 0 1
    outer loop
      vertex 37.5 9.5 5
      vertex 17.5 3.5 5
      vertex 97.5 3.5 5
    endloop
  endfacet
  facet normal 0 0 1
    outer loop
      vertex 20.2048 8.82583 5
      vertex 17.5 3.5 5
      vertex 20.3518 8.80647 5
    endloop
  endfacet
  facet normal 0 0 1
    outer loop
      vertex 20.06 8.85793 5
      vertex 17.5 3.5 5
      vertex 20.2048 8.82583 5
    endloop
  endfacet
  facet normal 0 0 1
    outer loop
      vertex 19.9186 8.90252 5
      vertex 17.5 3.5 5
      vertex 20.06 8.85793 5
    endloop
  endfacet
  facet normal 0 0 1
    outer loop
      vertex 19.7815 8.95928 5
      vertex 17.5 3.5 5
      vertex 19.9186 8.90252 5
    endloop
  endfacet
  facet normal 0 0 1
    outer loop
      vertex 19.65 9.02776 5
      vertex 17.5 3.5 5
      vertex 19.7815 8.95928 5
    endloop
  endfacet
  facet normal 0 0 1
    outer loop
      vertex 19.5249 9.10744 5
      vertex 17.5 3.5 5
      vertex 19.65 9.02776 5
    endloop
  endfacet
  facet normal 0 0 1
    outer loop
      vertex 19.4073 9.19772 5
      vertex 17.5 3.5 5
      vertex 19.5249 9.10744 5
    endloop
  endfacet
  facet normal 0 0 1
    outer loop
      vertex 15.8095 3.87477 5
      vertex 19.4073 9.19772 5
      vertex 19.2979 9.29792 5
    endloop
  endfacet
  facet normal 0 0 1
    outer loop
      vertex 14.0359 5.5 5
      vertex 19.2979 9.29792 5
      vertex 19.1977 9.40726 5
    endloop
  endfacet
  facet normal 0 0 1
    outer loop
      vertex 13.5 7.5 5
      vertex 19.1977 9.40726 5
      vertex 19.1074 9.52492 5
    endloop
  endfacet
  facet normal 0 0 1
    outer loop
      vertex 13.5 7.5 5
      vertex 19.1074 9.52492 5
      vertex 19.0278 9.65 5
    endloop
  endfacet
  facet normal 0 0 1
    outer loop
      vertex 13.5 7.5 5
      vertex 19.0278 9.65 5
      vertex 18.9593 9.78155 5
    endloop
  endfacet
  facet normal 0 0 1
    outer loop
      vertex 13.5 7.5 5
      vertex 18.9593 9.78155 5
      vertex 18.9025 9.91857 5
    endloop
  endfacet
  facet normal 0 0 1
    outer loop
      vertex 13.5 7.5 5
      vertex 18.9025 9.91857 5
      vertex 18.8579 10.06 5
    endloop
  endfacet
  facet normal 0 0 1
    outer loop
      vertex 13.5 7.5 5
      vertex 18.8579 10.06 5
      vertex 18.8258 10.2048 5
    endloop
  endfacet
  facet normal 0 0 1
    outer loop
      vertex 13.5 7.5 5
      vertex 18.8258 10.2048 5
      vertex 18.8065 10.3518 5
    endloop
  endfacet
  facet normal 0 0 1
    outer loop
      vertex 13.5 7.5 5
      vertex 18.8065 10.3518 5
      vertex 18.8 10.5 5
    endloop
  endfacet
  facet normal 0 0 1
    outer loop
      vertex 18.8258 10.7952 5
      vertex 13.5 7.5 5
      vertex 18.8065 10.6482 5
    endloop
  endfacet
  facet normal -0 0 1
    outer loop
      vertex 14.2234 89.7943 5
      vertex 19.2979 85.7021 5
      vertex 14.4358 90.0712 5
    endloop
  endfacet
  facet normal 0 0 1
    outer loop
      vertex 18.8065 10.6482 5
      vertex 13.5 7.5 5
      vertex 18.8 10.5 5
    endloop
  endfacet
  facet normal -0 0 1
    outer loop
      vertex 14.0359 89.5 5
      vertex 19.2979 85.7021 5
      vertex 14.2234 89.7943 5
    endloop
  endfacet
  facet normal 0 0 1
    outer loop
      vertex 19.1977 9.40726 5
      vertex 13.5 7.5 5
      vertex 13.5152 7.15138 5
    endloop
  endfacet
  facet normal 0 0 1
    outer loop
      vertex 19.2979 85.7021 5
      vertex 14.0359 89.5 5
      vertex 19.1977 85.5927 5
    endloop
  endfacet
  facet normal 0 0 1
    outer loop
      vertex 19.4073 9.19772 5
      vertex 17.1514 3.51522 5
      vertex 17.5 3.5 5
    endloop
  endfacet
  facet normal -0 0 1
    outer loop
      vertex 13.8748 89.1905 5
      vertex 19.1977 85.5927 5
      vertex 14.0359 89.5 5
    endloop
  endfacet
  facet normal 0 0 1
    outer loop
      vertex 19.4073 9.19772 5
      vertex 16.8054 3.56077 5
      vertex 17.1514 3.51522 5
    endloop
  endfacet
  facet normal -0 0 1
    outer loop
      vertex 13.7412 88.8681 5
      vertex 19.1977 85.5927 5
      vertex 13.8748 89.1905 5
    endloop
  endfacet
  facet normal 0 0 1
    outer loop
      vertex 19.4073 9.19772 5
      vertex 16.4647 3.6363 5
      vertex 16.8054 3.56077 5
    endloop
  endfacet
  facet normal -0 0 1
    outer loop
      vertex 13.6363 88.5353 5
      vertex 19.1977 85.5927 5
      vertex 13.7412 88.8681 5
    endloop
  endfacet
  facet normal 0 0 1
    outer loop
      vertex 19.4073 9.19772 5
      vertex 16.1319 3.74123 5
      vertex 16.4647 3.6363 5
    endloop
  endfacet
  facet normal -0 0 1
    outer loop
      vertex 13.5608 88.1946 5
      vertex 19.1977 85.5927 5
      vertex 13.6363 88.5353 5
    endloop
  endfacet
  facet normal 0 0 1
    outer loop
      vertex 19.4073 9.19772 5
      vertex 15.8095 3.87477 5
      vertex 16.1319 3.74123 5
    endloop
  endfacet
  facet normal -0 0 1
    outer loop
      vertex 13.5152 87.8486 5
      vertex 19.1977 85.5927 5
      vertex 13.5608 88.1946 5
    endloop
  endfacet
  facet normal 0 0 1
    outer loop
      vertex 19.2979 9.29792 5
      vertex 15.5 4.0359 5
      vertex 15.8095 3.87477 5
    endloop
  endfacet
  facet normal -0 0 1
    outer loop
      vertex 13.5 87.5 5
      vertex 19.1977 85.5927 5
      vertex 13.5152 87.8486 5
    endloop
  endfacet
  facet normal 0 0 1
    outer loop
      vertex 19.2979 9.29792 5
      vertex 15.2057 4.22339 5
      vertex 15.5 4.0359 5
    endloop
  endfacet
  facet normal 0 0 1
    outer loop
      vertex 19.1977 85.5927 5
      vertex 13.5 87.5 5
      vertex 19.1074 85.4751 5
    endloop
  endfacet
  facet normal 0 0 1
    outer loop
      vertex 19.2979 9.29792 5
      vertex 14.9288 4.43582 5
      vertex 15.2057 4.22339 5
    endloop
  endfacet
  facet normal 0 0 1
    outer loop
      vertex 19.1074 85.4751 5
      vertex 13.5 87.5 5
      vertex 19.0278 85.35 5
    endloop
  endfacet
  facet normal 0 0 1
    outer loop
      vertex 19.2979 9.29792 5
      vertex 14.6716 4.67157 5
      vertex 14.9288 4.43582 5
    endloop
  endfacet
  facet normal 0 0 1
    outer loop
      vertex 19.0278 85.35 5
      vertex 13.5 87.5 5
      vertex 18.9593 85.2185 5
    endloop
  endfacet
  facet normal 0 0 1
    outer loop
      vertex 19.2979 9.29792 5
      vertex 14.4358 4.92885 5
      vertex 14.6716 4.67157 5
    endloop
  endfacet
  facet normal 0 0 1
    outer loop
      vertex 18.9593 85.2185 5
      vertex 13.5 87.5 5
      vertex 18.9025 85.0814 5
    endloop
  endfacet
  facet normal 0 0 1
    outer loop
      vertex 19.2979 9.29792 5
      vertex 14.2234 5.20569 5
      vertex 14.4358 4.92885 5
    endloop
  endfacet
  facet normal 0 0 1
    outer loop
      vertex 18.9025 85.0814 5
      vertex 13.5 87.5 5
      vertex 18.8579 84.94 5
    endloop
  endfacet
  facet normal 0 0 1
    outer loop
      vertex 19.2979 9.29792 5
      vertex 14.0359 5.5 5
      vertex 14.2234 5.20569 5
    endloop
  endfacet
  facet normal 0 0 1
    outer loop
      vertex 18.8579 84.94 5
      vertex 13.5 87.5 5
      vertex 18.8258 84.7952 5
    endloop
  endfacet
  facet normal 0 0 1
    outer loop
      vertex 19.1977 9.40726 5
      vertex 13.8748 5.80953 5
      vertex 14.0359 5.5 5
    endloop
  endfacet
  facet normal 0 0 1
    outer loop
      vertex 18.8258 84.7952 5
      vertex 13.5 87.5 5
      vertex 18.8065 84.6482 5
    endloop
  endfacet
  facet normal 0 0 1
    outer loop
      vertex 19.1977 9.40726 5
      vertex 13.7412 6.13192 5
      vertex 13.8748 5.80953 5
    endloop
  endfacet
  facet normal 0 0 1
    outer loop
      vertex 18.8065 84.6482 5
      vertex 13.5 87.5 5
      vertex 18.8 84.5 5
    endloop
  endfacet
  facet normal 0 0 1
    outer loop
      vertex 19.1977 9.40726 5
      vertex 13.6363 6.46472 5
      vertex 13.7412 6.13192 5
    endloop
  endfacet
  facet normal 0 0 1
    outer loop
      vertex 19.1977 9.40726 5
      vertex 13.5608 6.80541 5
      vertex 13.6363 6.46472 5
    endloop
  endfacet
  facet normal 0 0 1
    outer loop
      vertex 19.1977 9.40726 5
      vertex 13.5152 7.15138 5
      vertex 13.5608 6.80541 5
    endloop
  endfacet
  facet normal 0 0 -1
    outer loop
      vertex 70.9486 28.3234 5
      vertex 70.9486 30.6766 5
      vertex 71 29.5 5
    endloop
  endfacet
  facet normal 0 0 -1
    outer loop
      vertex 70.7949 27.1558 5
      vertex 70.9486 30.6766 5
      vertex 70.9486 28.3234 5
    endloop
  endfacet
  facet normal 0 0 -1
    outer loop
      vertex 70.7949 27.1558 5
      vertex 70.7949 31.8442 5
      vertex 70.9486 30.6766 5
    endloop
  endfacet
  facet normal 0 0 -1
    outer loop
      vertex 70.54 26.0059 5
      vertex 70.7949 31.8442 5
      vertex 70.7949 27.1558 5
    endloop
  endfacet
  facet normal 0 0 -1
    outer loop
      vertex 70.54 26.0059 5
      vertex 70.54 32.9941 5
      vertex 70.7949 31.8442 5
    endloop
  endfacet
  facet normal 0 0 -1
    outer loop
      vertex 70.1859 24.8827 5
      vertex 70.54 32.9941 5
      vertex 70.54 26.0059 5
    endloop
  endfacet
  facet normal 0 0 -1
    outer loop
      vertex 70.1859 24.8827 5
      vertex 70.1859 34.1173 5
      vertex 70.54 32.9941 5
    endloop
  endfacet
  facet normal 0 0 -1
    outer loop
      vertex 69.7352 23.7947 5
      vertex 70.1859 34.1173 5
      vertex 70.1859 24.8827 5
    endloop
  endfacet
  facet normal 0 0 -1
    outer loop
      vertex 69.7352 23.7947 5
      vertex 69.7352 35.2053 5
      vertex 70.1859 34.1173 5
    endloop
  endfacet
  facet normal 0 0 -1
    outer loop
      vertex 69.1913 22.75 5
      vertex 69.7352 35.2053 5
      vertex 69.7352 23.7947 5
    endloop
  endfacet
  facet normal 0 0 -1
    outer loop
      vertex 69.1913 22.75 5
      vertex 69.1913 36.25 5
      vertex 69.7352 35.2053 5
    endloop
  endfacet
  facet normal 0 0 -1
    outer loop
      vertex 68.5585 21.7567 5
      vertex 69.1913 36.25 5
      vertex 69.1913 22.75 5
    endloop
  endfacet
  facet normal 0 0 -1
    outer loop
      vertex 68.5585 21.7567 5
      vertex 68.5585 37.2433 5
      vertex 69.1913 36.25 5
    endloop
  endfacet
  facet normal 0 0 -1
    outer loop
      vertex 67.8416 20.8224 5
      vertex 68.5585 37.2433 5
      vertex 68.5585 21.7567 5
    endloop
  endfacet
  facet normal 0 0 -1
    outer loop
      vertex 67.8416 20.8224 5
      vertex 67.8416 38.1776 5
      vertex 68.5585 37.2433 5
    endloop
  endfacet
  facet normal 0 0 -1
    outer loop
      vertex 67.0459 19.9541 5
      vertex 67.8416 38.1776 5
      vertex 67.8416 20.8224 5
    endloop
  endfacet
  facet normal 0 0 -1
    outer loop
      vertex 67.0459 19.9541 5
      vertex 67.0459 39.0459 5
      vertex 67.8416 38.1776 5
    endloop
  endfacet
  facet normal 0 0 -1
    outer loop
      vertex 66.1776 19.1584 5
      vertex 67.0459 39.0459 5
      vertex 67.0459 19.9541 5
    endloop
  endfacet
  facet normal 0 0 -1
    outer loop
      vertex 66.1776 19.1584 5
      vertex 66.1776 39.8416 5
      vertex 67.0459 39.0459 5
    endloop
  endfacet
  facet normal 0 0 -1
    outer loop
      vertex 65.2433 18.4414 5
      vertex 66.1776 39.8416 5
      vertex 66.1776 19.1584 5
    endloop
  endfacet
  facet normal 0 0 -1
    outer loop
      vertex 65.2433 18.4414 5
      vertex 65.2433 40.5586 5
      vertex 66.1776 39.8416 5
    endloop
  endfacet
  facet normal 0 0 -1
    outer loop
      vertex 64.25 17.8087 5
      vertex 65.2433 40.5586 5
      vertex 65.2433 18.4414 5
    endloop
  endfacet
  facet normal 0 0 -1
    outer loop
      vertex 64.25 17.8087 5
      vertex 64.25 41.1913 5
      vertex 65.2433 40.5586 5
    endloop
  endfacet
  facet normal 0 0 -1
    outer loop
      vertex 63.2053 17.2648 5
      vertex 64.25 41.1913 5
      vertex 64.25 17.8087 5
    endloop
  endfacet
  facet normal 0 0 -1
    outer loop
      vertex 63.2053 17.2648 5
      vertex 63.2053 41.7352 5
      vertex 64.25 41.1913 5
    endloop
  endfacet
  facet normal 0 0 -1
    outer loop
      vertex 62.1173 16.8141 5
      vertex 63.2053 41.7352 5
      vertex 63.2053 17.2648 5
    endloop
  endfacet
  facet normal 0 0 -1
    outer loop
      vertex 62.1173 16.8141 5
      vertex 62.1173 42.1859 5
      vertex 63.2053 41.7352 5
    endloop
  endfacet
  facet normal 0 0 -1
    outer loop
      vertex 60.9941 16.46 5
      vertex 62.1173 42.1859 5
      vertex 62.1173 16.8141 5
    endloop
  endfacet
  facet normal 0 0 -1
    outer loop
      vertex 60.9941 16.46 5
      vertex 60.9941 42.54 5
      vertex 62.1173 42.1859 5
    endloop
  endfacet
  facet normal 0 0 -1
    outer loop
      vertex 59.8442 16.2051 5
      vertex 60.9941 42.54 5
      vertex 60.9941 16.46 5
    endloop
  endfacet
  facet normal 0 0 -1
    outer loop
      vertex 59.8442 16.2051 5
      vertex 59.8442 42.7949 5
      vertex 60.9941 42.54 5
    endloop
  endfacet
  facet normal 0 0 -1
    outer loop
      vertex 58.6766 16.0514 5
      vertex 59.8442 42.7949 5
      vertex 59.8442 16.2051 5
    endloop
  endfacet
  facet normal 0 0 -1
    outer loop
      vertex 58.6766 16.0514 5
      vertex 58.6766 42.9486 5
      vertex 59.8442 42.7949 5
    endloop
  endfacet
  facet normal 0 0 -1
    outer loop
      vertex 57.5 16 5
      vertex 58.6766 42.9486 5
      vertex 58.6766 16.0514 5
    endloop
  endfacet
  facet normal 0 0 -1
    outer loop
      vertex 57.5 16 5
      vertex 57.5 43 5
      vertex 58.6766 42.9486 5
    endloop
  endfacet
  facet normal 0 0 -1
    outer loop
      vertex 56.3234 16.0514 5
      vertex 57.5 43 5
      vertex 57.5 16 5
    endloop
  endfacet
  facet normal 0 0 -1
    outer loop
      vertex 56.3234 16.0514 5
      vertex 56.3234 42.9486 5
      vertex 57.5 43 5
    endloop
  endfacet
  facet normal 0 0 -1
    outer loop
      vertex 55.1558 16.2051 5
      vertex 56.3234 42.9486 5
      vertex 56.3234 16.0514 5
    endloop
  endfacet
  facet normal 0 0 -1
    outer loop
      vertex 55.1558 16.2051 5
      vertex 55.1558 42.7949 5
      vertex 56.3234 42.9486 5
    endloop
  endfacet
  facet normal 0 0 -1
    outer loop
      vertex 54.0059 16.46 5
      vertex 55.1558 42.7949 5
      vertex 55.1558 16.2051 5
    endloop
  endfacet
  facet normal 0 0 -1
    outer loop
      vertex 54.0059 16.46 5
      vertex 54.0059 42.54 5
      vertex 55.1558 42.7949 5
    endloop
  endfacet
  facet normal 0 0 -1
    outer loop
      vertex 52.8827 16.8141 5
      vertex 54.0059 42.54 5
      vertex 54.0059 16.46 5
    endloop
  endfacet
  facet normal 0 0 -1
    outer loop
      vertex 52.8827 16.8141 5
      vertex 52.8827 42.1859 5
      vertex 54.0059 42.54 5
    endloop
  endfacet
  facet normal 0 0 -1
    outer loop
      vertex 51.7947 17.2648 5
      vertex 52.8827 42.1859 5
      vertex 52.8827 16.8141 5
    endloop
  endfacet
  facet normal 0 0 -1
    outer loop
      vertex 51.7947 17.2648 5
      vertex 51.7947 41.7352 5
      vertex 52.8827 42.1859 5
    endloop
  endfacet
  facet normal 0 0 -1
    outer loop
      vertex 50.75 17.8087 5
      vertex 51.7947 41.7352 5
      vertex 51.7947 17.2648 5
    endloop
  endfacet
  facet normal 0 0 -1
    outer loop
      vertex 50.75 17.8087 5
      vertex 50.75 41.1913 5
      vertex 51.7947 41.7352 5
    endloop
  endfacet
  facet normal 0 0 -1
    outer loop
      vertex 49.7567 18.4414 5
      vertex 50.75 41.1913 5
      vertex 50.75 17.8087 5
    endloop
  endfacet
  facet normal 0 0 -1
    outer loop
      vertex 49.7567 18.4414 5
      vertex 49.7567 40.5586 5
      vertex 50.75 41.1913 5
    endloop
  endfacet
  facet normal 0 0 -1
    outer loop
      vertex 48.8224 19.1584 5
      vertex 49.7567 40.5586 5
      vertex 49.7567 18.4414 5
    endloop
  endfacet
  facet normal 0 0 -1
    outer loop
      vertex 48.8224 19.1584 5
      vertex 48.8224 39.8416 5
      vertex 49.7567 40.5586 5
    endloop
  endfacet
  facet normal 0 0 -1
    outer loop
      vertex 47.9541 19.9541 5
      vertex 48.8224 39.8416 5
      vertex 48.8224 19.1584 5
    endloop
  endfacet
  facet normal 0 0 -1
    outer loop
      vertex 47.9541 19.9541 5
      vertex 47.9541 39.0459 5
      vertex 48.8224 39.8416 5
    endloop
  endfacet
  facet normal 0 0 -1
    outer loop
      vertex 47.1584 20.8224 5
      vertex 47.9541 39.0459 5
      vertex 47.9541 19.9541 5
    endloop
  endfacet
  facet normal 0 0 -1
    outer loop
      vertex 47.1584 20.8224 5
      vertex 47.1584 38.1776 5
      vertex 47.9541 39.0459 5
    endloop
  endfacet
  facet normal 0 0 -1
    outer loop
      vertex 46.4414 21.7567 5
      vertex 47.1584 38.1776 5
      vertex 47.1584 20.8224 5
    endloop
  endfacet
  facet normal 0 0 -1
    outer loop
      vertex 46.4414 21.7567 5
      vertex 46.4414 37.2433 5
      vertex 47.1584 38.1776 5
    endloop
  endfacet
  facet normal 0 0 -1
    outer loop
      vertex 45.8087 22.75 5
      vertex 46.4414 37.2433 5
      vertex 46.4414 21.7567 5
    endloop
  endfacet
  facet normal 0 0 -1
    outer loop
      vertex 45.8087 22.75 5
      vertex 45.8087 36.25 5
      vertex 46.4414 37.2433 5
    endloop
  endfacet
  facet normal 0 0 -1
    outer loop
      vertex 45.2648 23.7947 5
      vertex 45.8087 36.25 5
      vertex 45.8087 22.75 5
    endloop
  endfacet
  facet normal 0 0 -1
    outer loop
      vertex 45.2648 23.7947 5
      vertex 45.2648 35.2053 5
      vertex 45.8087 36.25 5
    endloop
  endfacet
  facet normal 0 0 -1
    outer loop
      vertex 44.8141 24.8827 5
      vertex 45.2648 35.2053 5
      vertex 45.2648 23.7947 5
    endloop
  endfacet
  facet normal 0 0 -1
    outer loop
      vertex 44.8141 24.8827 5
      vertex 44.8141 34.1173 5
      vertex 45.2648 35.2053 5
    endloop
  endfacet
  facet normal 0 0 -1
    outer loop
      vertex 44.46 26.0059 5
      vertex 44.8141 34.1173 5
      vertex 44.8141 24.8827 5
    endloop
  endfacet
  facet normal 0 0 -1
    outer loop
      vertex 44.46 26.0059 5
      vertex 44.46 32.9941 5
      vertex 44.8141 34.1173 5
    endloop
  endfacet
  facet normal 0 0 -1
    outer loop
      vertex 44.2051 27.1558 5
      vertex 44.46 32.9941 5
      vertex 44.46 26.0059 5
    endloop
  endfacet
  facet normal 0 0 -1
    outer loop
      vertex 44.2051 27.1558 5
      vertex 44.2051 31.8442 5
      vertex 44.46 32.9941 5
    endloop
  endfacet
  facet normal 0 0 -1
    outer loop
      vertex 44.0514 28.3234 5
      vertex 44.2051 31.8442 5
      vertex 44.2051 27.1558 5
    endloop
  endfacet
  facet normal 0 0 -1
    outer loop
      vertex 44.0514 28.3234 5
      vertex 44.0514 30.6766 5
      vertex 44.2051 31.8442 5
    endloop
  endfacet
  facet normal 0 -0 -1
    outer loop
      vertex 44.0514 30.6766 5
      vertex 44.0514 28.3234 5
      vertex 44 29.5 5
    endloop
  endfacet
  facet normal 0 -0.997214 -0.0745947
    outer loop
      vertex 37.5 9.5 5
      vertex 115 0 132
      vertex 0 0 132
    endloop
  endfacet
  facet normal 0 -0.997214 -0.0745947
    outer loop
      vertex 115 0 132
      vertex 37.5 9.5 5
      vertex 77.5 9.5 5
    endloop
  endfacet
  facet normal 1 -0 0
    outer loop
      vertex 115 0 132.1
      vertex 115 95 132
      vertex 115 95 132.1
    endloop
  endfacet
  facet normal 1 0 0
    outer loop
      vertex 115 95 132
      vertex 115 0 132.1
      vertex 115 0 132
    endloop
  endfacet
  facet normal 0 0 1
    outer loop
      vertex 115 95 132.1
      vertex 111.93 91.8729 132.1
      vertex 115 0 132.1
    endloop
  endfacet
  facet normal 0 0 1
    outer loop
      vertex 115 95 132.1
      vertex 3.06957 91.8729 132.1
      vertex 111.93 91.8729 132.1
    endloop
  endfacet
  facet normal 0 0 1
    outer loop
      vertex 0 0 132.1
      vertex 3.06957 91.8729 132.1
      vertex 0 95 132.1
    endloop
  endfacet
  facet normal -0 0 1
    outer loop
      vertex 0 95 132.1
      vertex 3.06957 91.8729 132.1
      vertex 115 95 132.1
    endloop
  endfacet
  facet normal -0 0 1
    outer loop
      vertex 111.93 2.86829 132.1
      vertex 115 0 132.1
      vertex 111.93 91.8729 132.1
    endloop
  endfacet
  facet normal -0 0 1
    outer loop
      vertex 3.06957 2.86829 132.1
      vertex 115 0 132.1
      vertex 111.93 2.86829 132.1
    endloop
  endfacet
  facet normal 0 0 1
    outer loop
      vertex 3.06957 2.86829 132.1
      vertex 0 0 132.1
      vertex 115 0 132.1
    endloop
  endfacet
  facet normal 0 0 1
    outer loop
      vertex 3.06957 91.8729 132.1
      vertex 0 0 132.1
      vertex 3.06957 2.86829 132.1
    endloop
  endfacet
  facet normal -1 0 0
    outer loop
      vertex 0 0 132
      vertex 0 95 132.1
      vertex 0 95 132
    endloop
  endfacet
  facet normal -1 -0 0
    outer loop
      vertex 0 95 132.1
      vertex 0 0 132
      vertex 0 0 132.1
    endloop
  endfacet
  facet normal 0 1 -0
    outer loop
      vertex 115 95 132
      vertex 0 95 132.1
      vertex 115 95 132.1
    endloop
  endfacet
  facet normal 0 1 0
    outer loop
      vertex 0 95 132.1
      vertex 115 95 132
      vertex 0 95 132
    endloop
  endfacet
  facet normal 0 0.941406 -0.337275
    outer loop
      vertex 77.5 49.5 5
      vertex 0 95 132
      vertex 115 95 132
    endloop
  endfacet
  facet normal 0 0.941406 -0.337275
    outer loop
      vertex 0 95 132
      vertex 77.5 49.5 5
      vertex 37.5 49.5 5
    endloop
  endfacet
  facet normal -0.959064 0 -0.283188
    outer loop
      vertex 0 0 132
      vertex 37.5 49.5 5
      vertex 37.5 9.5 5
    endloop
  endfacet
  facet normal -0.959064 0 -0.283188
    outer loop
      vertex 37.5 49.5 5
      vertex 0 0 132
      vertex 0 95 132
    endloop
  endfacet
  facet normal -0.957953 0 0.286924
    outer loop
      vertex 111.93 2.86829 132.1
      vertex 74.7 46.7 7.8
      vertex 74.7 12.3 7.8
    endloop
  endfacet
  facet normal -0.957953 0 0.286924
    outer loop
      vertex 74.7 46.7 7.8
      vertex 111.93 2.86829 132.1
      vertex 111.93 91.8729 132.1
    endloop
  endfacet
  facet normal -0 0 1
    outer loop
      vertex 40.3 46.7 7.8
      vertex 74.7 12.3 7.8
      vertex 74.7 46.7 7.8
    endloop
  endfacet
  facet normal 0 0 1
    outer loop
      vertex 74.7 12.3 7.8
      vertex 40.3 46.7 7.8
      vertex 40.3 12.3 7.8
    endloop
  endfacet
  facet normal 0 0.997134 0.0756611
    outer loop
      vertex 74.7 12.3 7.8
      vertex 3.06957 2.86829 132.1
      vertex 111.93 2.86829 132.1
    endloop
  endfacet
  facet normal 0 0.997134 0.0756611
    outer loop
      vertex 3.06957 2.86829 132.1
      vertex 74.7 12.3 7.8
      vertex 40.3 12.3 7.8
    endloop
  endfacet
  facet normal 0 -0.939859 0.341562
    outer loop
      vertex 40.3 46.7 7.8
      vertex 111.93 91.8729 132.1
      vertex 3.06957 91.8729 132.1
    endloop
  endfacet
  facet normal 0 -0.939859 0.341562
    outer loop
      vertex 111.93 91.8729 132.1
      vertex 40.3 46.7 7.8
      vertex 74.7 46.7 7.8
    endloop
  endfacet
  facet normal 0.957953 -0 0.286927
    outer loop
      vertex 3.06957 2.86829 132.1
      vertex 40.3 46.7 7.8
      vertex 3.06957 91.8729 132.1
    endloop
  endfacet
  facet normal 0.957953 0 0.286927
    outer loop
      vertex 40.3 46.7 7.8
      vertex 3.06957 2.86829 132.1
      vertex 40.3 12.3 7.8
    endloop
  endfacet
  facet normal -0.886885 -0.46199 0
    outer loop
      vertex 22.0407 11.2185 0
      vertex 21.9722 11.35 5
      vertex 21.9722 11.35 0
    endloop
  endfacet
  facet normal -0.886885 -0.46199 0
    outer loop
      vertex 21.9722 11.35 5
      vertex 22.0407 11.2185 0
      vertex 22.0407 11.2185 5
    endloop
  endfacet
  facet normal -0.300809 -0.953685 0
    outer loop
      vertex 20.94 12.1421 0
      vertex 21.0814 12.0975 5
      vertex 20.94 12.1421 5
    endloop
  endfacet
  facet normal -0.300809 -0.953685 -0
    outer loop
      vertex 21.0814 12.0975 5
      vertex 20.94 12.1421 0
      vertex 21.0814 12.0975 0
    endloop
  endfacet
  facet normal 0.382749 -0.923853 0
    outer loop
      vertex 19.7815 12.0407 0
      vertex 19.9186 12.0975 5
      vertex 19.7815 12.0407 5
    endloop
  endfacet
  facet normal 0.382749 -0.923853 0
    outer loop
      vertex 19.9186 12.0975 5
      vertex 19.7815 12.0407 0
      vertex 19.9186 12.0975 0
    endloop
  endfacet
  facet normal 0.953685 -0.300809 0
    outer loop
      vertex 18.8579 10.94 5
      vertex 18.9025 11.0814 0
      vertex 18.9025 11.0814 5
    endloop
  endfacet
  facet normal 0.953685 -0.300809 0
    outer loop
      vertex 18.9025 11.0814 0
      vertex 18.8579 10.94 5
      vertex 18.8579 10.94 0
    endloop
  endfacet
  facet normal -0.99904 0.0438175 0
    outer loop
      vertex 22.1935 10.3518 0
      vertex 22.2 10.5 5
      vertex 22.2 10.5 0
    endloop
  endfacet
  facet normal -0.99904 0.0438175 0
    outer loop
      vertex 22.2 10.5 5
      vertex 22.1935 10.3518 0
      vertex 22.1935 10.3518 5
    endloop
  endfacet
  facet normal -0.382518 0.923948 0
    outer loop
      vertex 21.2185 8.95928 0
      vertex 21.0814 8.90252 5
      vertex 21.2185 8.95928 5
    endloop
  endfacet
  facet normal -0.382518 0.923948 0
    outer loop
      vertex 21.0814 8.90252 5
      vertex 21.2185 8.95928 0
      vertex 21.0814 8.90252 0
    endloop
  endfacet
  facet normal 0.99904 0.0438175 0
    outer loop
      vertex 18.8065 10.3518 5
      vertex 18.8 10.5 0
      vertex 18.8 10.5 5
    endloop
  endfacet
  facet normal 0.99904 0.0438175 0
    outer loop
      vertex 18.8 10.5 0
      vertex 18.8065 10.3518 5
      vertex 18.8065 10.3518 0
    endloop
  endfacet
  facet normal 0.609026 -0.79315 0
    outer loop
      vertex 19.4073 11.8023 0
      vertex 19.5249 11.8926 5
      vertex 19.4073 11.8023 5
    endloop
  endfacet
  facet normal 0.609026 -0.79315 0
    outer loop
      vertex 19.5249 11.8926 5
      vertex 19.4073 11.8023 0
      vertex 19.5249 11.8926 0
    endloop
  endfacet
  facet normal -0.953703 0.300751 0
    outer loop
      vertex 22.0975 9.91857 0
      vertex 22.1421 10.06 5
      vertex 22.1421 10.06 0
    endloop
  endfacet
  facet normal -0.953703 0.300751 0
    outer loop
      vertex 22.1421 10.06 5
      vertex 22.0975 9.91857 0
      vertex 22.0975 9.91857 5
    endloop
  endfacet
  facet normal -0.991491 -0.130175 0
    outer loop
      vertex 22.1935 10.6482 0
      vertex 22.1742 10.7952 5
      vertex 22.1742 10.7952 0
    endloop
  endfacet
  facet normal -0.991491 -0.130175 0
    outer loop
      vertex 22.1742 10.7952 5
      vertex 22.1935 10.6482 0
      vertex 22.1935 10.6482 5
    endloop
  endfacet
  facet normal -0.843689 -0.536832 0
    outer loop
      vertex 21.9722 11.35 0
      vertex 21.8926 11.4751 5
      vertex 21.8926 11.4751 0
    endloop
  endfacet
  facet normal -0.843689 -0.536832 0
    outer loop
      vertex 21.8926 11.4751 5
      vertex 21.9722 11.35 0
      vertex 21.9722 11.35 5
    endloop
  endfacet
  facet normal -0.675419 -0.737434 0
    outer loop
      vertex 21.5927 11.8023 0
      vertex 21.7021 11.7021 5
      vertex 21.5927 11.8023 5
    endloop
  endfacet
  facet normal -0.675419 -0.737434 -0
    outer loop
      vertex 21.7021 11.7021 5
      vertex 21.5927 11.8023 0
      vertex 21.7021 11.7021 0
    endloop
  endfacet
  facet normal -0.737434 -0.675419 0
    outer loop
      vertex 21.8023 11.5927 0
      vertex 21.7021 11.7021 5
      vertex 21.7021 11.7021 0
    endloop
  endfacet
  facet normal -0.737434 -0.675419 0
    outer loop
      vertex 21.7021 11.7021 5
      vertex 21.8023 11.5927 0
      vertex 21.8023 11.5927 5
    endloop
  endfacet
  facet normal 0.0438175 -0.99904 0
    outer loop
      vertex 20.3518 12.1935 0
      vertex 20.5 12.2 5
      vertex 20.3518 12.1935 5
    endloop
  endfacet
  facet normal 0.0438175 -0.99904 0
    outer loop
      vertex 20.5 12.2 5
      vertex 20.3518 12.1935 0
      vertex 20.5 12.2 0
    endloop
  endfacet
  facet normal -0.130175 -0.991491 0
    outer loop
      vertex 20.6482 12.1935 0
      vertex 20.7952 12.1742 5
      vertex 20.6482 12.1935 5
    endloop
  endfacet
  facet normal -0.130175 -0.991491 -0
    outer loop
      vertex 20.7952 12.1742 5
      vertex 20.6482 12.1935 0
      vertex 20.7952 12.1742 0
    endloop
  endfacet
  facet normal -0.609026 -0.79315 0
    outer loop
      vertex 21.4751 11.8926 0
      vertex 21.5927 11.8023 5
      vertex 21.4751 11.8926 5
    endloop
  endfacet
  facet normal -0.609026 -0.79315 -0
    outer loop
      vertex 21.5927 11.8023 5
      vertex 21.4751 11.8926 0
      vertex 21.5927 11.8023 0
    endloop
  endfacet
  facet normal 0.991491 -0.130175 0
    outer loop
      vertex 18.8065 10.6482 5
      vertex 18.8258 10.7952 0
      vertex 18.8258 10.7952 5
    endloop
  endfacet
  facet normal 0.991491 -0.130175 0
    outer loop
      vertex 18.8258 10.7952 0
      vertex 18.8065 10.6482 5
      vertex 18.8065 10.6482 0
    endloop
  endfacet
  facet normal 0.79315 -0.609026 0
    outer loop
      vertex 19.1074 11.4751 5
      vertex 19.1977 11.5927 0
      vertex 19.1977 11.5927 5
    endloop
  endfacet
  facet normal 0.79315 -0.609026 0
    outer loop
      vertex 19.1977 11.5927 0
      vertex 19.1074 11.4751 5
      vertex 19.1074 11.4751 0
    endloop
  endfacet
  facet normal 0.130175 -0.991491 0
    outer loop
      vertex 20.2048 12.1742 0
      vertex 20.3518 12.1935 5
      vertex 20.2048 12.1742 5
    endloop
  endfacet
  facet normal 0.130175 -0.991491 0
    outer loop
      vertex 20.3518 12.1935 5
      vertex 20.2048 12.1742 0
      vertex 20.3518 12.1935 0
    endloop
  endfacet
  facet normal 0.216431 -0.976298 0
    outer loop
      vertex 20.06 12.1421 0
      vertex 20.2048 12.1742 5
      vertex 20.06 12.1421 5
    endloop
  endfacet
  facet normal 0.216431 -0.976298 0
    outer loop
      vertex 20.2048 12.1742 5
      vertex 20.06 12.1421 0
      vertex 20.2048 12.1742 0
    endloop
  endfacet
  facet normal 0.46199 -0.886885 0
    outer loop
      vertex 19.65 11.9722 0
      vertex 19.7815 12.0407 5
      vertex 19.65 11.9722 5
    endloop
  endfacet
  facet normal 0.46199 -0.886885 0
    outer loop
      vertex 19.7815 12.0407 5
      vertex 19.65 11.9722 0
      vertex 19.7815 12.0407 0
    endloop
  endfacet
  facet normal 0.536832 -0.843689 0
    outer loop
      vertex 19.5249 11.8926 0
      vertex 19.65 11.9722 5
      vertex 19.5249 11.8926 5
    endloop
  endfacet
  facet normal 0.536832 -0.843689 0
    outer loop
      vertex 19.65 11.9722 5
      vertex 19.5249 11.8926 0
      vertex 19.65 11.9722 0
    endloop
  endfacet
  facet normal 0.737434 -0.675419 0
    outer loop
      vertex 19.1977 11.5927 5
      vertex 19.2979 11.7021 0
      vertex 19.2979 11.7021 5
    endloop
  endfacet
  facet normal 0.737434 -0.675419 0
    outer loop
      vertex 19.2979 11.7021 0
      vertex 19.1977 11.5927 5
      vertex 19.1977 11.5927 0
    endloop
  endfacet
  facet normal -0.99904 -0.0438175 0
    outer loop
      vertex 22.2 10.5 0
      vertex 22.1935 10.6482 5
      vertex 22.1935 10.6482 0
    endloop
  endfacet
  facet normal -0.99904 -0.0438175 0
    outer loop
      vertex 22.1935 10.6482 5
      vertex 22.2 10.5 0
      vertex 22.2 10.5 5
    endloop
  endfacet
  facet normal 0.953703 0.300751 0
    outer loop
      vertex 18.9025 9.91857 5
      vertex 18.8579 10.06 0
      vertex 18.8579 10.06 5
    endloop
  endfacet
  facet normal 0.953703 0.300751 0
    outer loop
      vertex 18.8579 10.06 0
      vertex 18.9025 9.91857 5
      vertex 18.9025 9.91857 0
    endloop
  endfacet
  facet normal -0.923853 -0.382749 0
    outer loop
      vertex 22.0975 11.0814 0
      vertex 22.0407 11.2185 5
      vertex 22.0407 11.2185 0
    endloop
  endfacet
  facet normal -0.923853 -0.382749 0
    outer loop
      vertex 22.0407 11.2185 5
      vertex 22.0975 11.0814 0
      vertex 22.0975 11.0814 5
    endloop
  endfacet
  facet normal -0.953685 -0.300809 0
    outer loop
      vertex 22.1421 10.94 0
      vertex 22.0975 11.0814 5
      vertex 22.0975 11.0814 0
    endloop
  endfacet
  facet normal -0.953685 -0.300809 0
    outer loop
      vertex 22.0975 11.0814 5
      vertex 22.1421 10.94 0
      vertex 22.1421 10.94 5
    endloop
  endfacet
  facet normal -0.976298 -0.216431 0
    outer loop
      vertex 22.1742 10.7952 0
      vertex 22.1421 10.94 5
      vertex 22.1421 10.94 0
    endloop
  endfacet
  facet normal -0.976298 -0.216431 0
    outer loop
      vertex 22.1421 10.94 5
      vertex 22.1742 10.7952 0
      vertex 22.1742 10.7952 5
    endloop
  endfacet
  facet normal -0.0438175 -0.99904 0
    outer loop
      vertex 20.5 12.2 0
      vertex 20.6482 12.1935 5
      vertex 20.5 12.2 5
    endloop
  endfacet
  facet normal -0.0438175 -0.99904 -0
    outer loop
      vertex 20.6482 12.1935 5
      vertex 20.5 12.2 0
      vertex 20.6482 12.1935 0
    endloop
  endfacet
  facet normal -0.216431 -0.976298 0
    outer loop
      vertex 20.7952 12.1742 0
      vertex 20.94 12.1421 5
      vertex 20.7952 12.1742 5
    endloop
  endfacet
  facet normal -0.216431 -0.976298 -0
    outer loop
      vertex 20.94 12.1421 5
      vertex 20.7952 12.1742 0
      vertex 20.94 12.1421 0
    endloop
  endfacet
  facet normal -0.382749 -0.923853 0
    outer loop
      vertex 21.0814 12.0975 0
      vertex 21.2185 12.0407 5
      vertex 21.0814 12.0975 5
    endloop
  endfacet
  facet normal -0.382749 -0.923853 -0
    outer loop
      vertex 21.2185 12.0407 5
      vertex 21.0814 12.0975 0
      vertex 21.2185 12.0407 0
    endloop
  endfacet
  facet normal -0.536832 -0.843689 0
    outer loop
      vertex 21.35 11.9722 0
      vertex 21.4751 11.8926 5
      vertex 21.35 11.9722 5
    endloop
  endfacet
  facet normal -0.536832 -0.843689 -0
    outer loop
      vertex 21.4751 11.8926 5
      vertex 21.35 11.9722 0
      vertex 21.4751 11.8926 0
    endloop
  endfacet
  facet normal -0.46199 -0.886885 0
    outer loop
      vertex 21.2185 12.0407 0
      vertex 21.35 11.9722 5
      vertex 21.2185 12.0407 5
    endloop
  endfacet
  facet normal -0.46199 -0.886885 -0
    outer loop
      vertex 21.35 11.9722 5
      vertex 21.2185 12.0407 0
      vertex 21.35 11.9722 0
    endloop
  endfacet
  facet normal 0.99904 -0.0438175 0
    outer loop
      vertex 18.8 10.5 5
      vertex 18.8065 10.6482 0
      vertex 18.8065 10.6482 5
    endloop
  endfacet
  facet normal 0.99904 -0.0438175 0
    outer loop
      vertex 18.8065 10.6482 0
      vertex 18.8 10.5 5
      vertex 18.8 10.5 0
    endloop
  endfacet
  facet normal 0.976298 -0.216431 0
    outer loop
      vertex 18.8258 10.7952 5
      vertex 18.8579 10.94 0
      vertex 18.8579 10.94 5
    endloop
  endfacet
  facet normal 0.976298 -0.216431 0
    outer loop
      vertex 18.8579 10.94 0
      vertex 18.8258 10.7952 5
      vertex 18.8258 10.7952 0
    endloop
  endfacet
  facet normal 0.923853 -0.382749 0
    outer loop
      vertex 18.9025 11.0814 5
      vertex 18.9593 11.2185 0
      vertex 18.9593 11.2185 5
    endloop
  endfacet
  facet normal 0.923853 -0.382749 0
    outer loop
      vertex 18.9593 11.2185 0
      vertex 18.9025 11.0814 5
      vertex 18.9025 11.0814 0
    endloop
  endfacet
  facet normal 0.843689 -0.536832 0
    outer loop
      vertex 19.0278 11.35 5
      vertex 19.1074 11.4751 0
      vertex 19.1074 11.4751 5
    endloop
  endfacet
  facet normal 0.843689 -0.536832 0
    outer loop
      vertex 19.1074 11.4751 0
      vertex 19.0278 11.35 5
      vertex 19.0278 11.35 0
    endloop
  endfacet
  facet normal 0.886885 -0.46199 0
    outer loop
      vertex 18.9593 11.2185 5
      vertex 19.0278 11.35 0
      vertex 19.0278 11.35 5
    endloop
  endfacet
  facet normal 0.886885 -0.46199 0
    outer loop
      vertex 19.0278 11.35 0
      vertex 18.9593 11.2185 5
      vertex 18.9593 11.2185 0
    endloop
  endfacet
  facet normal 0.300809 -0.953685 0
    outer loop
      vertex 19.9186 12.0975 0
      vertex 20.06 12.1421 5
      vertex 19.9186 12.0975 5
    endloop
  endfacet
  facet normal 0.300809 -0.953685 0
    outer loop
      vertex 20.06 12.1421 5
      vertex 19.9186 12.0975 0
      vertex 20.06 12.1421 0
    endloop
  endfacet
  facet normal 0.675419 -0.737434 0
    outer loop
      vertex 19.2979 11.7021 0
      vertex 19.4073 11.8023 5
      vertex 19.2979 11.7021 5
    endloop
  endfacet
  facet normal 0.675419 -0.737434 0
    outer loop
      vertex 19.4073 11.8023 5
      vertex 19.2979 11.7021 0
      vertex 19.4073 11.8023 0
    endloop
  endfacet
  facet normal -0.976298 0.216431 0
    outer loop
      vertex 22.1421 10.06 0
      vertex 22.1742 10.2048 5
      vertex 22.1742 10.2048 0
    endloop
  endfacet
  facet normal -0.976298 0.216431 0
    outer loop
      vertex 22.1742 10.2048 5
      vertex 22.1421 10.06 0
      vertex 22.1421 10.06 5
    endloop
  endfacet
  facet normal -0.923774 0.382939 0
    outer loop
      vertex 22.0407 9.78155 0
      vertex 22.0975 9.91857 5
      vertex 22.0975 9.91857 0
    endloop
  endfacet
  facet normal -0.923774 0.382939 0
    outer loop
      vertex 22.0975 9.91857 5
      vertex 22.0407 9.78155 0
      vertex 22.0407 9.78155 5
    endloop
  endfacet
  facet normal 0.0436157 0.999048 -0
    outer loop
      vertex 20.5 8.8 0
      vertex 20.3518 8.80647 5
      vertex 20.5 8.8 5
    endloop
  endfacet
  facet normal 0.0436157 0.999048 0
    outer loop
      vertex 20.3518 8.80647 5
      vertex 20.5 8.8 0
      vertex 20.3518 8.80647 0
    endloop
  endfacet
  facet normal 0.991491 0.130175 0
    outer loop
      vertex 18.8258 10.2048 5
      vertex 18.8065 10.3518 0
      vertex 18.8065 10.3518 5
    endloop
  endfacet
  facet normal 0.991491 0.130175 0
    outer loop
      vertex 18.8065 10.3518 0
      vertex 18.8258 10.2048 5
      vertex 18.8258 10.2048 0
    endloop
  endfacet
  facet normal 0.923774 0.382939 0
    outer loop
      vertex 18.9593 9.78155 5
      vertex 18.9025 9.91857 0
      vertex 18.9025 9.91857 5
    endloop
  endfacet
  facet normal 0.923774 0.382939 0
    outer loop
      vertex 18.9025 9.91857 0
      vertex 18.9593 9.78155 5
      vertex 18.9593 9.78155 0
    endloop
  endfacet
  facet normal -0.130573 0.991439 0
    outer loop
      vertex 20.7952 8.82583 0
      vertex 20.6482 8.80647 5
      vertex 20.7952 8.82583 5
    endloop
  endfacet
  facet normal -0.130573 0.991439 0
    outer loop
      vertex 20.6482 8.80647 5
      vertex 20.7952 8.82583 0
      vertex 20.6482 8.80647 0
    endloop
  endfacet
  facet normal -0.300747 0.953704 0
    outer loop
      vertex 21.0814 8.90252 0
      vertex 20.94 8.85793 5
      vertex 21.0814 8.90252 5
    endloop
  endfacet
  facet normal -0.300747 0.953704 0
    outer loop
      vertex 20.94 8.85793 5
      vertex 21.0814 8.90252 0
      vertex 20.94 8.85793 0
    endloop
  endfacet
  facet normal -0.216431 0.976298 0
    outer loop
      vertex 20.94 8.85793 0
      vertex 20.7952 8.82583 5
      vertex 20.94 8.85793 5
    endloop
  endfacet
  facet normal -0.216431 0.976298 0
    outer loop
      vertex 20.7952 8.82583 5
      vertex 20.94 8.85793 0
      vertex 20.7952 8.82583 0
    endloop
  endfacet
  facet normal -0.79315 -0.609026 0
    outer loop
      vertex 21.8926 11.4751 0
      vertex 21.8023 11.5927 5
      vertex 21.8023 11.5927 0
    endloop
  endfacet
  facet normal -0.79315 -0.609026 0
    outer loop
      vertex 21.8023 11.5927 5
      vertex 21.8926 11.4751 0
      vertex 21.8926 11.4751 5
    endloop
  endfacet
  facet normal -0.991491 0.130175 0
    outer loop
      vertex 22.1742 10.2048 0
      vertex 22.1935 10.3518 5
      vertex 22.1935 10.3518 0
    endloop
  endfacet
  facet normal -0.991491 0.130175 0
    outer loop
      vertex 22.1935 10.3518 5
      vertex 22.1742 10.2048 0
      vertex 22.1742 10.2048 5
    endloop
  endfacet
  facet normal -0.461884 0.886941 0
    outer loop
      vertex 21.35 9.02776 0
      vertex 21.2185 8.95928 5
      vertex 21.35 9.02776 5
    endloop
  endfacet
  facet normal -0.461884 0.886941 0
    outer loop
      vertex 21.2185 8.95928 5
      vertex 21.35 9.02776 0
      vertex 21.2185 8.95928 0
    endloop
  endfacet
  facet normal -0.608941 0.793215 0
    outer loop
      vertex 21.5927 9.19772 0
      vertex 21.4751 9.10744 5
      vertex 21.5927 9.19772 5
    endloop
  endfacet
  facet normal -0.608941 0.793215 0
    outer loop
      vertex 21.4751 9.10744 5
      vertex 21.5927 9.19772 0
      vertex 21.4751 9.10744 0
    endloop
  endfacet
  facet normal -0.7933 0.608831 0
    outer loop
      vertex 21.8023 9.40726 0
      vertex 21.8926 9.52492 5
      vertex 21.8926 9.52492 0
    endloop
  endfacet
  facet normal -0.7933 0.608831 0
    outer loop
      vertex 21.8926 9.52492 5
      vertex 21.8023 9.40726 0
      vertex 21.8023 9.40726 5
    endloop
  endfacet
  facet normal -0.84365 0.536893 0
    outer loop
      vertex 21.8926 9.52492 0
      vertex 21.9722 9.65 5
      vertex 21.9722 9.65 0
    endloop
  endfacet
  facet normal -0.84365 0.536893 0
    outer loop
      vertex 21.9722 9.65 5
      vertex 21.8926 9.52492 0
      vertex 21.8926 9.52492 5
    endloop
  endfacet
  facet normal -0.886957 0.461852 0
    outer loop
      vertex 21.9722 9.65 0
      vertex 22.0407 9.78155 5
      vertex 22.0407 9.78155 0
    endloop
  endfacet
  facet normal -0.886957 0.461852 0
    outer loop
      vertex 22.0407 9.78155 5
      vertex 21.9722 9.65 0
      vertex 21.9722 9.65 5
    endloop
  endfacet
  facet normal -0.0436157 0.999048 0
    outer loop
      vertex 20.6482 8.80647 0
      vertex 20.5 8.8 5
      vertex 20.6482 8.80647 5
    endloop
  endfacet
  facet normal -0.0436157 0.999048 0
    outer loop
      vertex 20.5 8.8 5
      vertex 20.6482 8.80647 0
      vertex 20.5 8.8 0
    endloop
  endfacet
  facet normal 0.976298 0.216431 0
    outer loop
      vertex 18.8579 10.06 5
      vertex 18.8258 10.2048 0
      vertex 18.8258 10.2048 5
    endloop
  endfacet
  facet normal 0.976298 0.216431 0
    outer loop
      vertex 18.8258 10.2048 0
      vertex 18.8579 10.06 5
      vertex 18.8579 10.06 0
    endloop
  endfacet
  facet normal 0.675419 0.737434 -0
    outer loop
      vertex 19.4073 9.19772 0
      vertex 19.2979 9.29792 5
      vertex 19.4073 9.19772 5
    endloop
  endfacet
  facet normal 0.675419 0.737434 0
    outer loop
      vertex 19.2979 9.29792 5
      vertex 19.4073 9.19772 0
      vertex 19.2979 9.29792 0
    endloop
  endfacet
  facet normal 0.886957 0.461852 0
    outer loop
      vertex 19.0278 9.65 5
      vertex 18.9593 9.78155 0
      vertex 18.9593 9.78155 5
    endloop
  endfacet
  facet normal 0.886957 0.461852 0
    outer loop
      vertex 18.9593 9.78155 0
      vertex 19.0278 9.65 5
      vertex 19.0278 9.65 0
    endloop
  endfacet
  facet normal -0.537216 0.843445 0
    outer loop
      vertex 21.4751 9.10744 0
      vertex 21.35 9.02776 5
      vertex 21.4751 9.10744 5
    endloop
  endfacet
  facet normal -0.537216 0.843445 0
    outer loop
      vertex 21.35 9.02776 5
      vertex 21.4751 9.10744 0
      vertex 21.35 9.02776 0
    endloop
  endfacet
  facet normal 0.216431 0.976298 -0
    outer loop
      vertex 20.2048 8.82583 0
      vertex 20.06 8.85793 5
      vertex 20.2048 8.82583 5
    endloop
  endfacet
  facet normal 0.216431 0.976298 0
    outer loop
      vertex 20.06 8.85793 5
      vertex 20.2048 8.82583 0
      vertex 20.06 8.85793 0
    endloop
  endfacet
  facet normal 0.382518 0.923948 -0
    outer loop
      vertex 19.9186 8.90252 0
      vertex 19.7815 8.95928 5
      vertex 19.9186 8.90252 5
    endloop
  endfacet
  facet normal 0.382518 0.923948 0
    outer loop
      vertex 19.7815 8.95928 5
      vertex 19.9186 8.90252 0
      vertex 19.7815 8.95928 0
    endloop
  endfacet
  facet normal 0.300747 0.953704 -0
    outer loop
      vertex 20.06 8.85793 0
      vertex 19.9186 8.90252 5
      vertex 20.06 8.85793 5
    endloop
  endfacet
  facet normal 0.300747 0.953704 0
    outer loop
      vertex 19.9186 8.90252 5
      vertex 20.06 8.85793 0
      vertex 19.9186 8.90252 0
    endloop
  endfacet
  facet normal 0.608941 0.793215 -0
    outer loop
      vertex 19.5249 9.10744 0
      vertex 19.4073 9.19772 5
      vertex 19.5249 9.10744 5
    endloop
  endfacet
  facet normal 0.608941 0.793215 0
    outer loop
      vertex 19.4073 9.19772 5
      vertex 19.5249 9.10744 0
      vertex 19.4073 9.19772 0
    endloop
  endfacet
  facet normal 0.461884 0.886941 -0
    outer loop
      vertex 19.7815 8.95928 0
      vertex 19.65 9.02776 5
      vertex 19.7815 8.95928 5
    endloop
  endfacet
  facet normal 0.461884 0.886941 0
    outer loop
      vertex 19.65 9.02776 5
      vertex 19.7815 8.95928 0
      vertex 19.65 9.02776 0
    endloop
  endfacet
  facet normal 0.7933 0.608831 0
    outer loop
      vertex 19.1977 9.40726 5
      vertex 19.1074 9.52492 0
      vertex 19.1074 9.52492 5
    endloop
  endfacet
  facet normal 0.7933 0.608831 0
    outer loop
      vertex 19.1074 9.52492 0
      vertex 19.1977 9.40726 5
      vertex 19.1977 9.40726 0
    endloop
  endfacet
  facet normal 0.84365 0.536893 0
    outer loop
      vertex 19.1074 9.52492 5
      vertex 19.0278 9.65 0
      vertex 19.0278 9.65 5
    endloop
  endfacet
  facet normal 0.84365 0.536893 0
    outer loop
      vertex 19.0278 9.65 0
      vertex 19.1074 9.52492 5
      vertex 19.1074 9.52492 0
    endloop
  endfacet
  facet normal -0.675419 0.737434 0
    outer loop
      vertex 21.7021 9.29792 0
      vertex 21.5927 9.19772 5
      vertex 21.7021 9.29792 5
    endloop
  endfacet
  facet normal -0.675419 0.737434 0
    outer loop
      vertex 21.5927 9.19772 5
      vertex 21.7021 9.29792 0
      vertex 21.5927 9.19772 0
    endloop
  endfacet
  facet normal -0.737249 0.675621 0
    outer loop
      vertex 21.7021 9.29792 0
      vertex 21.8023 9.40726 5
      vertex 21.8023 9.40726 0
    endloop
  endfacet
  facet normal -0.737249 0.675621 0
    outer loop
      vertex 21.8023 9.40726 5
      vertex 21.7021 9.29792 0
      vertex 21.7021 9.29792 5
    endloop
  endfacet
  facet normal 0.130573 0.991439 -0
    outer loop
      vertex 20.3518 8.80647 0
      vertex 20.2048 8.82583 5
      vertex 20.3518 8.80647 5
    endloop
  endfacet
  facet normal 0.130573 0.991439 0
    outer loop
      vertex 20.2048 8.82583 5
      vertex 20.3518 8.80647 0
      vertex 20.2048 8.82583 0
    endloop
  endfacet
  facet normal 0.537216 0.843445 -0
    outer loop
      vertex 19.65 9.02776 0
      vertex 19.5249 9.10744 5
      vertex 19.65 9.02776 5
    endloop
  endfacet
  facet normal 0.537216 0.843445 0
    outer loop
      vertex 19.5249 9.10744 5
      vertex 19.65 9.02776 0
      vertex 19.5249 9.10744 0
    endloop
  endfacet
  facet normal 0.737249 0.675621 0
    outer loop
      vertex 19.2979 9.29792 5
      vertex 19.1977 9.40726 0
      vertex 19.1977 9.40726 5
    endloop
  endfacet
  facet normal 0.737249 0.675621 0
    outer loop
      vertex 19.1977 9.40726 0
      vertex 19.2979 9.29792 5
      vertex 19.2979 9.29792 0
    endloop
  endfacet
  facet normal -0.99904 -0.0438175 0
    outer loop
      vertex 22.2 84.5 0
      vertex 22.1935 84.6482 5
      vertex 22.1935 84.6482 0
    endloop
  endfacet
  facet normal -0.99904 -0.0438175 0
    outer loop
      vertex 22.1935 84.6482 5
      vertex 22.2 84.5 0
      vertex 22.2 84.5 5
    endloop
  endfacet
  facet normal 0.0438175 -0.99904 0
    outer loop
      vertex 20.3518 86.1935 0
      vertex 20.5 86.2 5
      vertex 20.3518 86.1935 5
    endloop
  endfacet
  facet normal 0.0438175 -0.99904 0
    outer loop
      vertex 20.5 86.2 5
      vertex 20.3518 86.1935 0
      vertex 20.5 86.2 0
    endloop
  endfacet
  facet normal -0.675419 -0.737434 0
    outer loop
      vertex 21.5927 85.8023 0
      vertex 21.7021 85.7021 5
      vertex 21.5927 85.8023 5
    endloop
  endfacet
  facet normal -0.675419 -0.737434 -0
    outer loop
      vertex 21.7021 85.7021 5
      vertex 21.5927 85.8023 0
      vertex 21.7021 85.7021 0
    endloop
  endfacet
  facet normal 0.737434 -0.675419 0
    outer loop
      vertex 19.1977 85.5927 5
      vertex 19.2979 85.7021 0
      vertex 19.2979 85.7021 5
    endloop
  endfacet
  facet normal 0.737434 -0.675419 0
    outer loop
      vertex 19.2979 85.7021 0
      vertex 19.1977 85.5927 5
      vertex 19.1977 85.5927 0
    endloop
  endfacet
  facet normal 0.382749 -0.923853 0
    outer loop
      vertex 19.7815 86.0407 0
      vertex 19.9186 86.0975 5
      vertex 19.7815 86.0407 5
    endloop
  endfacet
  facet normal 0.382749 -0.923853 0
    outer loop
      vertex 19.9186 86.0975 5
      vertex 19.7815 86.0407 0
      vertex 19.9186 86.0975 0
    endloop
  endfacet
  facet normal -0.923853 -0.382749 0
    outer loop
      vertex 22.0975 85.0814 0
      vertex 22.0407 85.2185 5
      vertex 22.0407 85.2185 0
    endloop
  endfacet
  facet normal -0.923853 -0.382749 0
    outer loop
      vertex 22.0407 85.2185 5
      vertex 22.0975 85.0814 0
      vertex 22.0975 85.0814 5
    endloop
  endfacet
  facet normal -0.300809 -0.953685 0
    outer loop
      vertex 20.94 86.1421 0
      vertex 21.0814 86.0975 5
      vertex 20.94 86.1421 5
    endloop
  endfacet
  facet normal -0.300809 -0.953685 -0
    outer loop
      vertex 21.0814 86.0975 5
      vertex 20.94 86.1421 0
      vertex 21.0814 86.0975 0
    endloop
  endfacet
  facet normal -0.536832 -0.843689 0
    outer loop
      vertex 21.35 85.9722 0
      vertex 21.4751 85.8926 5
      vertex 21.35 85.9722 5
    endloop
  endfacet
  facet normal -0.536832 -0.843689 -0
    outer loop
      vertex 21.4751 85.8926 5
      vertex 21.35 85.9722 0
      vertex 21.4751 85.8926 0
    endloop
  endfacet
  facet normal 0.923853 -0.382749 0
    outer loop
      vertex 18.9025 85.0814 5
      vertex 18.9593 85.2185 0
      vertex 18.9593 85.2185 5
    endloop
  endfacet
  facet normal 0.923853 -0.382749 0
    outer loop
      vertex 18.9593 85.2185 0
      vertex 18.9025 85.0814 5
      vertex 18.9025 85.0814 0
    endloop
  endfacet
  facet normal 0.216431 -0.976298 0
    outer loop
      vertex 20.06 86.1421 0
      vertex 20.2048 86.1742 5
      vertex 20.06 86.1421 5
    endloop
  endfacet
  facet normal 0.216431 -0.976298 0
    outer loop
      vertex 20.2048 86.1742 5
      vertex 20.06 86.1421 0
      vertex 20.2048 86.1742 0
    endloop
  endfacet
  facet normal -0.300809 0.953685 0
    outer loop
      vertex 21.0814 82.9025 0
      vertex 20.94 82.8579 5
      vertex 21.0814 82.9025 5
    endloop
  endfacet
  facet normal -0.300809 0.953685 0
    outer loop
      vertex 20.94 82.8579 5
      vertex 21.0814 82.9025 0
      vertex 20.94 82.8579 0
    endloop
  endfacet
  facet normal -0.976298 -0.216431 0
    outer loop
      vertex 22.1742 84.7952 0
      vertex 22.1421 84.94 5
      vertex 22.1421 84.94 0
    endloop
  endfacet
  facet normal -0.976298 -0.216431 0
    outer loop
      vertex 22.1421 84.94 5
      vertex 22.1742 84.7952 0
      vertex 22.1742 84.7952 5
    endloop
  endfacet
  facet normal -0.991491 -0.130175 0
    outer loop
      vertex 22.1935 84.6482 0
      vertex 22.1742 84.7952 5
      vertex 22.1742 84.7952 0
    endloop
  endfacet
  facet normal -0.991491 -0.130175 0
    outer loop
      vertex 22.1742 84.7952 5
      vertex 22.1935 84.6482 0
      vertex 22.1935 84.6482 5
    endloop
  endfacet
  facet normal -0.953685 -0.300809 0
    outer loop
      vertex 22.1421 84.94 0
      vertex 22.0975 85.0814 5
      vertex 22.0975 85.0814 0
    endloop
  endfacet
  facet normal -0.953685 -0.300809 0
    outer loop
      vertex 22.0975 85.0814 5
      vertex 22.1421 84.94 0
      vertex 22.1421 84.94 5
    endloop
  endfacet
  facet normal -0.843689 -0.536832 0
    outer loop
      vertex 21.9722 85.35 0
      vertex 21.8926 85.4751 5
      vertex 21.8926 85.4751 0
    endloop
  endfacet
  facet normal -0.843689 -0.536832 0
    outer loop
      vertex 21.8926 85.4751 5
      vertex 21.9722 85.35 0
      vertex 21.9722 85.35 5
    endloop
  endfacet
  facet normal -0.130175 -0.991491 0
    outer loop
      vertex 20.6482 86.1935 0
      vertex 20.7952 86.1742 5
      vertex 20.6482 86.1935 5
    endloop
  endfacet
  facet normal -0.130175 -0.991491 -0
    outer loop
      vertex 20.7952 86.1742 5
      vertex 20.6482 86.1935 0
      vertex 20.7952 86.1742 0
    endloop
  endfacet
  facet normal -0.216431 -0.976298 0
    outer loop
      vertex 20.7952 86.1742 0
      vertex 20.94 86.1421 5
      vertex 20.7952 86.1742 5
    endloop
  endfacet
  facet normal -0.216431 -0.976298 -0
    outer loop
      vertex 20.94 86.1421 5
      vertex 20.7952 86.1742 0
      vertex 20.94 86.1421 0
    endloop
  endfacet
  facet normal -0.0438175 -0.99904 0
    outer loop
      vertex 20.5 86.2 0
      vertex 20.6482 86.1935 5
      vertex 20.5 86.2 5
    endloop
  endfacet
  facet normal -0.0438175 -0.99904 -0
    outer loop
      vertex 20.6482 86.1935 5
      vertex 20.5 86.2 0
      vertex 20.6482 86.1935 0
    endloop
  endfacet
  facet normal -0.382749 -0.923853 0
    outer loop
      vertex 21.0814 86.0975 0
      vertex 21.2185 86.0407 5
      vertex 21.0814 86.0975 5
    endloop
  endfacet
  facet normal -0.382749 -0.923853 -0
    outer loop
      vertex 21.2185 86.0407 5
      vertex 21.0814 86.0975 0
      vertex 21.2185 86.0407 0
    endloop
  endfacet
  facet normal -0.609026 -0.79315 0
    outer loop
      vertex 21.4751 85.8926 0
      vertex 21.5927 85.8023 5
      vertex 21.4751 85.8926 5
    endloop
  endfacet
  facet normal -0.609026 -0.79315 -0
    outer loop
      vertex 21.5927 85.8023 5
      vertex 21.4751 85.8926 0
      vertex 21.5927 85.8023 0
    endloop
  endfacet
  facet normal 0.991491 -0.130175 0
    outer loop
      vertex 18.8065 84.6482 5
      vertex 18.8258 84.7952 0
      vertex 18.8258 84.7952 5
    endloop
  endfacet
  facet normal 0.991491 -0.130175 0
    outer loop
      vertex 18.8258 84.7952 0
      vertex 18.8065 84.6482 5
      vertex 18.8065 84.6482 0
    endloop
  endfacet
  facet normal 0.79315 -0.609026 0
    outer loop
      vertex 19.1074 85.4751 5
      vertex 19.1977 85.5927 0
      vertex 19.1977 85.5927 5
    endloop
  endfacet
  facet normal 0.79315 -0.609026 0
    outer loop
      vertex 19.1977 85.5927 0
      vertex 19.1074 85.4751 5
      vertex 19.1074 85.4751 0
    endloop
  endfacet
  facet normal 0.953685 -0.300809 0
    outer loop
      vertex 18.8579 84.94 5
      vertex 18.9025 85.0814 0
      vertex 18.9025 85.0814 5
    endloop
  endfacet
  facet normal 0.953685 -0.300809 0
    outer loop
      vertex 18.9025 85.0814 0
      vertex 18.8579 84.94 5
      vertex 18.8579 84.94 0
    endloop
  endfacet
  facet normal 0.976298 -0.216431 0
    outer loop
      vertex 18.8258 84.7952 5
      vertex 18.8579 84.94 0
      vertex 18.8579 84.94 5
    endloop
  endfacet
  facet normal 0.976298 -0.216431 0
    outer loop
      vertex 18.8579 84.94 0
      vertex 18.8258 84.7952 5
      vertex 18.8258 84.7952 0
    endloop
  endfacet
  facet normal 0.99904 -0.0438175 0
    outer loop
      vertex 18.8 84.5 5
      vertex 18.8065 84.6482 0
      vertex 18.8065 84.6482 5
    endloop
  endfacet
  facet normal 0.99904 -0.0438175 0
    outer loop
      vertex 18.8065 84.6482 0
      vertex 18.8 84.5 5
      vertex 18.8 84.5 0
    endloop
  endfacet
  facet normal 0.46199 -0.886885 0
    outer loop
      vertex 19.65 85.9722 0
      vertex 19.7815 86.0407 5
      vertex 19.65 85.9722 5
    endloop
  endfacet
  facet normal 0.46199 -0.886885 0
    outer loop
      vertex 19.7815 86.0407 5
      vertex 19.65 85.9722 0
      vertex 19.7815 86.0407 0
    endloop
  endfacet
  facet normal 0.536832 -0.843689 0
    outer loop
      vertex 19.5249 85.8926 0
      vertex 19.65 85.9722 5
      vertex 19.5249 85.8926 5
    endloop
  endfacet
  facet normal 0.536832 -0.843689 0
    outer loop
      vertex 19.65 85.9722 5
      vertex 19.5249 85.8926 0
      vertex 19.65 85.9722 0
    endloop
  endfacet
  facet normal 0.675419 -0.737434 0
    outer loop
      vertex 19.2979 85.7021 0
      vertex 19.4073 85.8023 5
      vertex 19.2979 85.7021 5
    endloop
  endfacet
  facet normal 0.675419 -0.737434 0
    outer loop
      vertex 19.4073 85.8023 5
      vertex 19.2979 85.7021 0
      vertex 19.4073 85.8023 0
    endloop
  endfacet
  facet normal 0.300809 -0.953685 0
    outer loop
      vertex 19.9186 86.0975 0
      vertex 20.06 86.1421 5
      vertex 19.9186 86.0975 5
    endloop
  endfacet
  facet normal 0.300809 -0.953685 0
    outer loop
      vertex 20.06 86.1421 5
      vertex 19.9186 86.0975 0
      vertex 20.06 86.1421 0
    endloop
  endfacet
  facet normal 0.130175 -0.991491 0
    outer loop
      vertex 20.2048 86.1742 0
      vertex 20.3518 86.1935 5
      vertex 20.2048 86.1742 5
    endloop
  endfacet
  facet normal 0.130175 -0.991491 0
    outer loop
      vertex 20.3518 86.1935 5
      vertex 20.2048 86.1742 0
      vertex 20.3518 86.1935 0
    endloop
  endfacet
  facet normal -0.976298 0.216431 0
    outer loop
      vertex 22.1421 84.06 0
      vertex 22.1742 84.2048 5
      vertex 22.1742 84.2048 0
    endloop
  endfacet
  facet normal -0.976298 0.216431 0
    outer loop
      vertex 22.1742 84.2048 5
      vertex 22.1421 84.06 0
      vertex 22.1421 84.06 5
    endloop
  endfacet
  facet normal -0.99904 0.0438175 0
    outer loop
      vertex 22.1935 84.3518 0
      vertex 22.2 84.5 5
      vertex 22.2 84.5 0
    endloop
  endfacet
  facet normal -0.99904 0.0438175 0
    outer loop
      vertex 22.2 84.5 5
      vertex 22.1935 84.3518 0
      vertex 22.1935 84.3518 5
    endloop
  endfacet
  facet normal -0.130175 0.991491 0
    outer loop
      vertex 20.7952 82.8258 0
      vertex 20.6482 82.8065 5
      vertex 20.7952 82.8258 5
    endloop
  endfacet
  facet normal -0.130175 0.991491 0
    outer loop
      vertex 20.6482 82.8065 5
      vertex 20.7952 82.8258 0
      vertex 20.6482 82.8065 0
    endloop
  endfacet
  facet normal -0.382749 0.923853 0
    outer loop
      vertex 21.2185 82.9593 0
      vertex 21.0814 82.9025 5
      vertex 21.2185 82.9593 5
    endloop
  endfacet
  facet normal -0.382749 0.923853 0
    outer loop
      vertex 21.0814 82.9025 5
      vertex 21.2185 82.9593 0
      vertex 21.0814 82.9025 0
    endloop
  endfacet
  facet normal -0.79315 -0.609026 0
    outer loop
      vertex 21.8926 85.4751 0
      vertex 21.8023 85.5927 5
      vertex 21.8023 85.5927 0
    endloop
  endfacet
  facet normal -0.79315 -0.609026 0
    outer loop
      vertex 21.8023 85.5927 5
      vertex 21.8926 85.4751 0
      vertex 21.8926 85.4751 5
    endloop
  endfacet
  facet normal -0.737434 -0.675419 0
    outer loop
      vertex 21.8023 85.5927 0
      vertex 21.7021 85.7021 5
      vertex 21.7021 85.7021 0
    endloop
  endfacet
  facet normal -0.737434 -0.675419 0
    outer loop
      vertex 21.7021 85.7021 5
      vertex 21.8023 85.5927 0
      vertex 21.8023 85.5927 5
    endloop
  endfacet
  facet normal -0.886885 -0.46199 0
    outer loop
      vertex 22.0407 85.2185 0
      vertex 21.9722 85.35 5
      vertex 21.9722 85.35 0
    endloop
  endfacet
  facet normal -0.886885 -0.46199 0
    outer loop
      vertex 21.9722 85.35 5
      vertex 22.0407 85.2185 0
      vertex 22.0407 85.2185 5
    endloop
  endfacet
  facet normal -0.46199 -0.886885 0
    outer loop
      vertex 21.2185 86.0407 0
      vertex 21.35 85.9722 5
      vertex 21.2185 86.0407 5
    endloop
  endfacet
  facet normal -0.46199 -0.886885 -0
    outer loop
      vertex 21.35 85.9722 5
      vertex 21.2185 86.0407 0
      vertex 21.35 85.9722 0
    endloop
  endfacet
  facet normal 0.99904 0.0438175 0
    outer loop
      vertex 18.8065 84.3518 5
      vertex 18.8 84.5 0
      vertex 18.8 84.5 5
    endloop
  endfacet
  facet normal 0.99904 0.0438175 0
    outer loop
      vertex 18.8 84.5 0
      vertex 18.8065 84.3518 5
      vertex 18.8065 84.3518 0
    endloop
  endfacet
  facet normal 0.609026 -0.79315 0
    outer loop
      vertex 19.4073 85.8023 0
      vertex 19.5249 85.8926 5
      vertex 19.4073 85.8023 5
    endloop
  endfacet
  facet normal 0.609026 -0.79315 0
    outer loop
      vertex 19.5249 85.8926 5
      vertex 19.4073 85.8023 0
      vertex 19.5249 85.8926 0
    endloop
  endfacet
  facet normal -0.923853 0.382749 0
    outer loop
      vertex 22.0407 83.7815 0
      vertex 22.0975 83.9186 5
      vertex 22.0975 83.9186 0
    endloop
  endfacet
  facet normal -0.923853 0.382749 0
    outer loop
      vertex 22.0975 83.9186 5
      vertex 22.0407 83.7815 0
      vertex 22.0407 83.7815 5
    endloop
  endfacet
  facet normal 0.0438175 0.99904 -0
    outer loop
      vertex 20.5 82.8 0
      vertex 20.3518 82.8065 5
      vertex 20.5 82.8 5
    endloop
  endfacet
  facet normal 0.0438175 0.99904 0
    outer loop
      vertex 20.3518 82.8065 5
      vertex 20.5 82.8 0
      vertex 20.3518 82.8065 0
    endloop
  endfacet
  facet normal 0.953685 0.300809 0
    outer loop
      vertex 18.9025 83.9186 5
      vertex 18.8579 84.06 0
      vertex 18.8579 84.06 5
    endloop
  endfacet
  facet normal 0.953685 0.300809 0
    outer loop
      vertex 18.8579 84.06 0
      vertex 18.9025 83.9186 5
      vertex 18.9025 83.9186 0
    endloop
  endfacet
  facet normal 0.991491 0.130175 0
    outer loop
      vertex 18.8258 84.2048 5
      vertex 18.8065 84.3518 0
      vertex 18.8065 84.3518 5
    endloop
  endfacet
  facet normal 0.991491 0.130175 0
    outer loop
      vertex 18.8065 84.3518 0
      vertex 18.8258 84.2048 5
      vertex 18.8258 84.2048 0
    endloop
  endfacet
  facet normal 0.976298 0.216431 0
    outer loop
      vertex 18.8579 84.06 5
      vertex 18.8258 84.2048 0
      vertex 18.8258 84.2048 5
    endloop
  endfacet
  facet normal 0.976298 0.216431 0
    outer loop
      vertex 18.8258 84.2048 0
      vertex 18.8579 84.06 5
      vertex 18.8579 84.06 0
    endloop
  endfacet
  facet normal -0.216431 0.976298 0
    outer loop
      vertex 20.94 82.8579 0
      vertex 20.7952 82.8258 5
      vertex 20.94 82.8579 5
    endloop
  endfacet
  facet normal -0.216431 0.976298 0
    outer loop
      vertex 20.7952 82.8258 5
      vertex 20.94 82.8579 0
      vertex 20.7952 82.8258 0
    endloop
  endfacet
  facet normal 0.886885 -0.46199 0
    outer loop
      vertex 18.9593 85.2185 5
      vertex 19.0278 85.35 0
      vertex 19.0278 85.35 5
    endloop
  endfacet
  facet normal 0.886885 -0.46199 0
    outer loop
      vertex 19.0278 85.35 0
      vertex 18.9593 85.2185 5
      vertex 18.9593 85.2185 0
    endloop
  endfacet
  facet normal 0.843689 -0.536832 0
    outer loop
      vertex 19.0278 85.35 5
      vertex 19.1074 85.4751 0
      vertex 19.1074 85.4751 5
    endloop
  endfacet
  facet normal 0.843689 -0.536832 0
    outer loop
      vertex 19.1074 85.4751 0
      vertex 19.0278 85.35 5
      vertex 19.0278 85.35 0
    endloop
  endfacet
  facet normal -0.991491 0.130175 0
    outer loop
      vertex 22.1742 84.2048 0
      vertex 22.1935 84.3518 5
      vertex 22.1935 84.3518 0
    endloop
  endfacet
  facet normal -0.991491 0.130175 0
    outer loop
      vertex 22.1935 84.3518 5
      vertex 22.1742 84.2048 0
      vertex 22.1742 84.2048 5
    endloop
  endfacet
  facet normal -0.79315 0.609026 0
    outer loop
      vertex 21.8023 83.4073 0
      vertex 21.8926 83.5249 5
      vertex 21.8926 83.5249 0
    endloop
  endfacet
  facet normal -0.79315 0.609026 0
    outer loop
      vertex 21.8926 83.5249 5
      vertex 21.8023 83.4073 0
      vertex 21.8023 83.4073 5
    endloop
  endfacet
  facet normal -0.46199 0.886885 0
    outer loop
      vertex 21.35 83.0278 0
      vertex 21.2185 82.9593 5
      vertex 21.35 83.0278 5
    endloop
  endfacet
  facet normal -0.46199 0.886885 0
    outer loop
      vertex 21.2185 82.9593 5
      vertex 21.35 83.0278 0
      vertex 21.2185 82.9593 0
    endloop
  endfacet
  facet normal -0.953685 0.300809 0
    outer loop
      vertex 22.0975 83.9186 0
      vertex 22.1421 84.06 5
      vertex 22.1421 84.06 0
    endloop
  endfacet
  facet normal -0.953685 0.300809 0
    outer loop
      vertex 22.1421 84.06 5
      vertex 22.0975 83.9186 0
      vertex 22.0975 83.9186 5
    endloop
  endfacet
  facet normal -0.0438175 0.99904 0
    outer loop
      vertex 20.6482 82.8065 0
      vertex 20.5 82.8 5
      vertex 20.6482 82.8065 5
    endloop
  endfacet
  facet normal -0.0438175 0.99904 0
    outer loop
      vertex 20.5 82.8 5
      vertex 20.6482 82.8065 0
      vertex 20.5 82.8 0
    endloop
  endfacet
  facet normal 0.382749 0.923853 -0
    outer loop
      vertex 19.9186 82.9025 0
      vertex 19.7815 82.9593 5
      vertex 19.9186 82.9025 5
    endloop
  endfacet
  facet normal 0.382749 0.923853 0
    outer loop
      vertex 19.7815 82.9593 5
      vertex 19.9186 82.9025 0
      vertex 19.7815 82.9593 0
    endloop
  endfacet
  facet normal 0.675419 0.737434 -0
    outer loop
      vertex 19.4073 83.1977 0
      vertex 19.2979 83.2979 5
      vertex 19.4073 83.1977 5
    endloop
  endfacet
  facet normal 0.675419 0.737434 0
    outer loop
      vertex 19.2979 83.2979 5
      vertex 19.4073 83.1977 0
      vertex 19.2979 83.2979 0
    endloop
  endfacet
  facet normal 0.886885 0.46199 0
    outer loop
      vertex 19.0278 83.65 5
      vertex 18.9593 83.7815 0
      vertex 18.9593 83.7815 5
    endloop
  endfacet
  facet normal 0.886885 0.46199 0
    outer loop
      vertex 18.9593 83.7815 0
      vertex 19.0278 83.65 5
      vertex 19.0278 83.65 0
    endloop
  endfacet
  facet normal 0.923853 0.382749 0
    outer loop
      vertex 18.9593 83.7815 5
      vertex 18.9025 83.9186 0
      vertex 18.9025 83.9186 5
    endloop
  endfacet
  facet normal 0.923853 0.382749 0
    outer loop
      vertex 18.9025 83.9186 0
      vertex 18.9593 83.7815 5
      vertex 18.9593 83.7815 0
    endloop
  endfacet
  facet normal -0.886885 0.46199 0
    outer loop
      vertex 21.9722 83.65 0
      vertex 22.0407 83.7815 5
      vertex 22.0407 83.7815 0
    endloop
  endfacet
  facet normal -0.886885 0.46199 0
    outer loop
      vertex 22.0407 83.7815 5
      vertex 21.9722 83.65 0
      vertex 21.9722 83.65 5
    endloop
  endfacet
  facet normal -0.843689 0.536832 0
    outer loop
      vertex 21.8926 83.5249 0
      vertex 21.9722 83.65 5
      vertex 21.9722 83.65 0
    endloop
  endfacet
  facet normal -0.843689 0.536832 0
    outer loop
      vertex 21.9722 83.65 5
      vertex 21.8926 83.5249 0
      vertex 21.8926 83.5249 5
    endloop
  endfacet
  facet normal -0.609026 0.79315 0
    outer loop
      vertex 21.5927 83.1977 0
      vertex 21.4751 83.1074 5
      vertex 21.5927 83.1977 5
    endloop
  endfacet
  facet normal -0.609026 0.79315 0
    outer loop
      vertex 21.4751 83.1074 5
      vertex 21.5927 83.1977 0
      vertex 21.4751 83.1074 0
    endloop
  endfacet
  facet normal -0.737434 0.675419 0
    outer loop
      vertex 21.7021 83.2979 0
      vertex 21.8023 83.4073 5
      vertex 21.8023 83.4073 0
    endloop
  endfacet
  facet normal -0.737434 0.675419 0
    outer loop
      vertex 21.8023 83.4073 5
      vertex 21.7021 83.2979 0
      vertex 21.7021 83.2979 5
    endloop
  endfacet
  facet normal -0.675419 0.737434 0
    outer loop
      vertex 21.7021 83.2979 0
      vertex 21.5927 83.1977 5
      vertex 21.7021 83.2979 5
    endloop
  endfacet
  facet normal -0.675419 0.737434 0
    outer loop
      vertex 21.5927 83.1977 5
      vertex 21.7021 83.2979 0
      vertex 21.5927 83.1977 0
    endloop
  endfacet
  facet normal 0.216431 0.976298 -0
    outer loop
      vertex 20.2048 82.8258 0
      vertex 20.06 82.8579 5
      vertex 20.2048 82.8258 5
    endloop
  endfacet
  facet normal 0.216431 0.976298 0
    outer loop
      vertex 20.06 82.8579 5
      vertex 20.2048 82.8258 0
      vertex 20.06 82.8579 0
    endloop
  endfacet
  facet normal 0.609026 0.79315 -0
    outer loop
      vertex 19.5249 83.1074 0
      vertex 19.4073 83.1977 5
      vertex 19.5249 83.1074 5
    endloop
  endfacet
  facet normal 0.609026 0.79315 0
    outer loop
      vertex 19.4073 83.1977 5
      vertex 19.5249 83.1074 0
      vertex 19.4073 83.1977 0
    endloop
  endfacet
  facet normal 0.79315 0.609026 0
    outer loop
      vertex 19.1977 83.4073 5
      vertex 19.1074 83.5249 0
      vertex 19.1074 83.5249 5
    endloop
  endfacet
  facet normal 0.79315 0.609026 0
    outer loop
      vertex 19.1074 83.5249 0
      vertex 19.1977 83.4073 5
      vertex 19.1977 83.4073 0
    endloop
  endfacet
  facet normal 0.843689 0.536832 0
    outer loop
      vertex 19.1074 83.5249 5
      vertex 19.0278 83.65 0
      vertex 19.0278 83.65 5
    endloop
  endfacet
  facet normal 0.843689 0.536832 0
    outer loop
      vertex 19.0278 83.65 0
      vertex 19.1074 83.5249 5
      vertex 19.1074 83.5249 0
    endloop
  endfacet
  facet normal -0.536832 0.843689 0
    outer loop
      vertex 21.4751 83.1074 0
      vertex 21.35 83.0278 5
      vertex 21.4751 83.1074 5
    endloop
  endfacet
  facet normal -0.536832 0.843689 0
    outer loop
      vertex 21.35 83.0278 5
      vertex 21.4751 83.1074 0
      vertex 21.35 83.0278 0
    endloop
  endfacet
  facet normal 0.130175 0.991491 -0
    outer loop
      vertex 20.3518 82.8065 0
      vertex 20.2048 82.8258 5
      vertex 20.3518 82.8065 5
    endloop
  endfacet
  facet normal 0.130175 0.991491 0
    outer loop
      vertex 20.2048 82.8258 5
      vertex 20.3518 82.8065 0
      vertex 20.2048 82.8258 0
    endloop
  endfacet
  facet normal 0.46199 0.886885 -0
    outer loop
      vertex 19.7815 82.9593 0
      vertex 19.65 83.0278 5
      vertex 19.7815 82.9593 5
    endloop
  endfacet
  facet normal 0.46199 0.886885 0
    outer loop
      vertex 19.65 83.0278 5
      vertex 19.7815 82.9593 0
      vertex 19.65 83.0278 0
    endloop
  endfacet
  facet normal 0.536832 0.843689 -0
    outer loop
      vertex 19.65 83.0278 0
      vertex 19.5249 83.1074 5
      vertex 19.65 83.0278 5
    endloop
  endfacet
  facet normal 0.536832 0.843689 0
    outer loop
      vertex 19.5249 83.1074 5
      vertex 19.65 83.0278 0
      vertex 19.5249 83.1074 0
    endloop
  endfacet
  facet normal 0.300809 0.953685 -0
    outer loop
      vertex 20.06 82.8579 0
      vertex 19.9186 82.9025 5
      vertex 20.06 82.8579 5
    endloop
  endfacet
  facet normal 0.300809 0.953685 0
    outer loop
      vertex 19.9186 82.9025 5
      vertex 20.06 82.8579 0
      vertex 19.9186 82.9025 0
    endloop
  endfacet
  facet normal 0.737434 0.675419 0
    outer loop
      vertex 19.2979 83.2979 5
      vertex 19.1977 83.4073 0
      vertex 19.1977 83.4073 5
    endloop
  endfacet
  facet normal 0.737434 0.675419 0
    outer loop
      vertex 19.1977 83.4073 0
      vertex 19.2979 83.2979 5
      vertex 19.2979 83.2979 0
    endloop
  endfacet
  facet normal -0.886885 -0.46199 0
    outer loop
      vertex 96.0407 11.2185 0
      vertex 95.9722 11.35 5
      vertex 95.9722 11.35 0
    endloop
  endfacet
  facet normal -0.886885 -0.46199 0
    outer loop
      vertex 95.9722 11.35 5
      vertex 96.0407 11.2185 0
      vertex 96.0407 11.2185 5
    endloop
  endfacet
  facet normal -0.300809 -0.953685 0
    outer loop
      vertex 94.94 12.1421 0
      vertex 95.0814 12.0975 5
      vertex 94.94 12.1421 5
    endloop
  endfacet
  facet normal -0.300809 -0.953685 -0
    outer loop
      vertex 95.0814 12.0975 5
      vertex 94.94 12.1421 0
      vertex 95.0814 12.0975 0
    endloop
  endfacet
  facet normal 0.382749 -0.923853 0
    outer loop
      vertex 93.7815 12.0407 0
      vertex 93.9186 12.0975 5
      vertex 93.7815 12.0407 5
    endloop
  endfacet
  facet normal 0.382749 -0.923853 0
    outer loop
      vertex 93.9186 12.0975 5
      vertex 93.7815 12.0407 0
      vertex 93.9186 12.0975 0
    endloop
  endfacet
  facet normal 0.953685 -0.300809 0
    outer loop
      vertex 92.8579 10.94 5
      vertex 92.9025 11.0814 0
      vertex 92.9025 11.0814 5
    endloop
  endfacet
  facet normal 0.953685 -0.300809 0
    outer loop
      vertex 92.9025 11.0814 0
      vertex 92.8579 10.94 5
      vertex 92.8579 10.94 0
    endloop
  endfacet
  facet normal -0.99904 0.0438175 0
    outer loop
      vertex 96.1935 10.3518 0
      vertex 96.2 10.5 5
      vertex 96.2 10.5 0
    endloop
  endfacet
  facet normal -0.99904 0.0438175 0
    outer loop
      vertex 96.2 10.5 5
      vertex 96.1935 10.3518 0
      vertex 96.1935 10.3518 5
    endloop
  endfacet
  facet normal -0.46199 -0.886885 0
    outer loop
      vertex 95.2185 12.0407 0
      vertex 95.35 11.9722 5
      vertex 95.2185 12.0407 5
    endloop
  endfacet
  facet normal -0.46199 -0.886885 -0
    outer loop
      vertex 95.35 11.9722 5
      vertex 95.2185 12.0407 0
      vertex 95.35 11.9722 0
    endloop
  endfacet
  facet normal 0.79315 -0.609026 0
    outer loop
      vertex 93.1074 11.4751 5
      vertex 93.1977 11.5927 0
      vertex 93.1977 11.5927 5
    endloop
  endfacet
  facet normal 0.79315 -0.609026 0
    outer loop
      vertex 93.1977 11.5927 0
      vertex 93.1074 11.4751 5
      vertex 93.1074 11.4751 0
    endloop
  endfacet
  facet normal 0.216431 -0.976298 0
    outer loop
      vertex 94.06 12.1421 0
      vertex 94.2048 12.1742 5
      vertex 94.06 12.1421 5
    endloop
  endfacet
  facet normal 0.216431 -0.976298 0
    outer loop
      vertex 94.2048 12.1742 5
      vertex 94.06 12.1421 0
      vertex 94.2048 12.1742 0
    endloop
  endfacet
  facet normal -0.461884 0.886941 0
    outer loop
      vertex 95.35 9.02776 0
      vertex 95.2185 8.95928 5
      vertex 95.35 9.02776 5
    endloop
  endfacet
  facet normal -0.461884 0.886941 0
    outer loop
      vertex 95.2185 8.95928 5
      vertex 95.35 9.02776 0
      vertex 95.2185 8.95928 0
    endloop
  endfacet
  facet normal -0.843689 -0.536832 0
    outer loop
      vertex 95.9722 11.35 0
      vertex 95.8926 11.4751 5
      vertex 95.8926 11.4751 0
    endloop
  endfacet
  facet normal -0.843689 -0.536832 0
    outer loop
      vertex 95.8926 11.4751 5
      vertex 95.9722 11.35 0
      vertex 95.9722 11.35 5
    endloop
  endfacet
  facet normal -0.675419 -0.737434 0
    outer loop
      vertex 95.5927 11.8023 0
      vertex 95.7021 11.7021 5
      vertex 95.5927 11.8023 5
    endloop
  endfacet
  facet normal -0.675419 -0.737434 -0
    outer loop
      vertex 95.7021 11.7021 5
      vertex 95.5927 11.8023 0
      vertex 95.7021 11.7021 0
    endloop
  endfacet
  facet normal 0.0438175 -0.99904 0
    outer loop
      vertex 94.3518 12.1935 0
      vertex 94.5 12.2 5
      vertex 94.3518 12.1935 5
    endloop
  endfacet
  facet normal 0.0438175 -0.99904 0
    outer loop
      vertex 94.5 12.2 5
      vertex 94.3518 12.1935 0
      vertex 94.5 12.2 0
    endloop
  endfacet
  facet normal -0.216431 -0.976298 0
    outer loop
      vertex 94.7952 12.1742 0
      vertex 94.94 12.1421 5
      vertex 94.7952 12.1742 5
    endloop
  endfacet
  facet normal -0.216431 -0.976298 -0
    outer loop
      vertex 94.94 12.1421 5
      vertex 94.7952 12.1742 0
      vertex 94.94 12.1421 0
    endloop
  endfacet
  facet normal -0.130175 -0.991491 0
    outer loop
      vertex 94.6482 12.1935 0
      vertex 94.7952 12.1742 5
      vertex 94.6482 12.1935 5
    endloop
  endfacet
  facet normal -0.130175 -0.991491 -0
    outer loop
      vertex 94.7952 12.1742 5
      vertex 94.6482 12.1935 0
      vertex 94.7952 12.1742 0
    endloop
  endfacet
  facet normal -0.382749 -0.923853 0
    outer loop
      vertex 95.0814 12.0975 0
      vertex 95.2185 12.0407 5
      vertex 95.0814 12.0975 5
    endloop
  endfacet
  facet normal -0.382749 -0.923853 -0
    outer loop
      vertex 95.2185 12.0407 5
      vertex 95.0814 12.0975 0
      vertex 95.2185 12.0407 0
    endloop
  endfacet
  facet normal -0.609026 -0.79315 0
    outer loop
      vertex 95.4751 11.8926 0
      vertex 95.5927 11.8023 5
      vertex 95.4751 11.8926 5
    endloop
  endfacet
  facet normal -0.609026 -0.79315 -0
    outer loop
      vertex 95.5927 11.8023 5
      vertex 95.4751 11.8926 0
      vertex 95.5927 11.8023 0
    endloop
  endfacet
  facet normal 0.99904 0.0438175 0
    outer loop
      vertex 92.8065 10.3518 5
      vertex 92.8 10.5 0
      vertex 92.8 10.5 5
    endloop
  endfacet
  facet normal 0.99904 0.0438175 0
    outer loop
      vertex 92.8 10.5 0
      vertex 92.8065 10.3518 5
      vertex 92.8065 10.3518 0
    endloop
  endfacet
  facet normal 0.976298 -0.216431 0
    outer loop
      vertex 92.8258 10.7952 5
      vertex 92.8579 10.94 0
      vertex 92.8579 10.94 5
    endloop
  endfacet
  facet normal 0.976298 -0.216431 0
    outer loop
      vertex 92.8579 10.94 0
      vertex 92.8258 10.7952 5
      vertex 92.8258 10.7952 0
    endloop
  endfacet
  facet normal 0.991491 -0.130175 0
    outer loop
      vertex 92.8065 10.6482 5
      vertex 92.8258 10.7952 0
      vertex 92.8258 10.7952 5
    endloop
  endfacet
  facet normal 0.991491 -0.130175 0
    outer loop
      vertex 92.8258 10.7952 0
      vertex 92.8065 10.6482 5
      vertex 92.8065 10.6482 0
    endloop
  endfacet
  facet normal 0.923853 -0.382749 0
    outer loop
      vertex 92.9025 11.0814 5
      vertex 92.9593 11.2185 0
      vertex 92.9593 11.2185 5
    endloop
  endfacet
  facet normal 0.923853 -0.382749 0
    outer loop
      vertex 92.9593 11.2185 0
      vertex 92.9025 11.0814 5
      vertex 92.9025 11.0814 0
    endloop
  endfacet
  facet normal 0.886885 -0.46199 0
    outer loop
      vertex 92.9593 11.2185 5
      vertex 93.0278 11.35 0
      vertex 93.0278 11.35 5
    endloop
  endfacet
  facet normal 0.886885 -0.46199 0
    outer loop
      vertex 93.0278 11.35 0
      vertex 92.9593 11.2185 5
      vertex 92.9593 11.2185 0
    endloop
  endfacet
  facet normal 0.300809 -0.953685 0
    outer loop
      vertex 93.9186 12.0975 0
      vertex 94.06 12.1421 5
      vertex 93.9186 12.0975 5
    endloop
  endfacet
  facet normal 0.300809 -0.953685 0
    outer loop
      vertex 94.06 12.1421 5
      vertex 93.9186 12.0975 0
      vertex 94.06 12.1421 0
    endloop
  endfacet
  facet normal 0.130175 -0.991491 0
    outer loop
      vertex 94.2048 12.1742 0
      vertex 94.3518 12.1935 5
      vertex 94.2048 12.1742 5
    endloop
  endfacet
  facet normal 0.130175 -0.991491 0
    outer loop
      vertex 94.3518 12.1935 5
      vertex 94.2048 12.1742 0
      vertex 94.3518 12.1935 0
    endloop
  endfacet
  facet normal 0.536832 -0.843689 0
    outer loop
      vertex 93.5249 11.8926 0
      vertex 93.65 11.9722 5
      vertex 93.5249 11.8926 5
    endloop
  endfacet
  facet normal 0.536832 -0.843689 0
    outer loop
      vertex 93.65 11.9722 5
      vertex 93.5249 11.8926 0
      vertex 93.65 11.9722 0
    endloop
  endfacet
  facet normal 0.46199 -0.886885 0
    outer loop
      vertex 93.65 11.9722 0
      vertex 93.7815 12.0407 5
      vertex 93.65 11.9722 5
    endloop
  endfacet
  facet normal 0.46199 -0.886885 0
    outer loop
      vertex 93.7815 12.0407 5
      vertex 93.65 11.9722 0
      vertex 93.7815 12.0407 0
    endloop
  endfacet
  facet normal 0.737434 -0.675419 0
    outer loop
      vertex 93.1977 11.5927 5
      vertex 93.2979 11.7021 0
      vertex 93.2979 11.7021 5
    endloop
  endfacet
  facet normal 0.737434 -0.675419 0
    outer loop
      vertex 93.2979 11.7021 0
      vertex 93.1977 11.5927 5
      vertex 93.1977 11.5927 0
    endloop
  endfacet
  facet normal -0.99904 -0.0438175 0
    outer loop
      vertex 96.2 10.5 0
      vertex 96.1935 10.6482 5
      vertex 96.1935 10.6482 0
    endloop
  endfacet
  facet normal -0.99904 -0.0438175 0
    outer loop
      vertex 96.1935 10.6482 5
      vertex 96.2 10.5 0
      vertex 96.2 10.5 5
    endloop
  endfacet
  facet normal -0.976298 0.216431 0
    outer loop
      vertex 96.1421 10.06 0
      vertex 96.1742 10.2048 5
      vertex 96.1742 10.2048 0
    endloop
  endfacet
  facet normal -0.976298 0.216431 0
    outer loop
      vertex 96.1742 10.2048 5
      vertex 96.1421 10.06 0
      vertex 96.1421 10.06 5
    endloop
  endfacet
  facet normal 0.886957 0.461852 0
    outer loop
      vertex 93.0278 9.65 5
      vertex 92.9593 9.78155 0
      vertex 92.9593 9.78155 5
    endloop
  endfacet
  facet normal 0.886957 0.461852 0
    outer loop
      vertex 92.9593 9.78155 0
      vertex 93.0278 9.65 5
      vertex 93.0278 9.65 0
    endloop
  endfacet
  facet normal -0.216431 0.976298 0
    outer loop
      vertex 94.94 8.85793 0
      vertex 94.7952 8.82583 5
      vertex 94.94 8.85793 5
    endloop
  endfacet
  facet normal -0.216431 0.976298 0
    outer loop
      vertex 94.7952 8.82583 5
      vertex 94.94 8.85793 0
      vertex 94.7952 8.82583 0
    endloop
  endfacet
  facet normal -0.923853 -0.382749 0
    outer loop
      vertex 96.0975 11.0814 0
      vertex 96.0407 11.2185 5
      vertex 96.0407 11.2185 0
    endloop
  endfacet
  facet normal -0.923853 -0.382749 0
    outer loop
      vertex 96.0407 11.2185 5
      vertex 96.0975 11.0814 0
      vertex 96.0975 11.0814 5
    endloop
  endfacet
  facet normal -0.953685 -0.300809 0
    outer loop
      vertex 96.1421 10.94 0
      vertex 96.0975 11.0814 5
      vertex 96.0975 11.0814 0
    endloop
  endfacet
  facet normal -0.953685 -0.300809 0
    outer loop
      vertex 96.0975 11.0814 5
      vertex 96.1421 10.94 0
      vertex 96.1421 10.94 5
    endloop
  endfacet
  facet normal -0.976298 -0.216431 0
    outer loop
      vertex 96.1742 10.7952 0
      vertex 96.1421 10.94 5
      vertex 96.1421 10.94 0
    endloop
  endfacet
  facet normal -0.976298 -0.216431 0
    outer loop
      vertex 96.1421 10.94 5
      vertex 96.1742 10.7952 0
      vertex 96.1742 10.7952 5
    endloop
  endfacet
  facet normal -0.79315 -0.609026 0
    outer loop
      vertex 95.8926 11.4751 0
      vertex 95.8023 11.5927 5
      vertex 95.8023 11.5927 0
    endloop
  endfacet
  facet normal -0.79315 -0.609026 0
    outer loop
      vertex 95.8023 11.5927 5
      vertex 95.8926 11.4751 0
      vertex 95.8926 11.4751 5
    endloop
  endfacet
  facet normal -0.737434 -0.675419 0
    outer loop
      vertex 95.8023 11.5927 0
      vertex 95.7021 11.7021 5
      vertex 95.7021 11.7021 0
    endloop
  endfacet
  facet normal -0.737434 -0.675419 0
    outer loop
      vertex 95.7021 11.7021 5
      vertex 95.8023 11.5927 0
      vertex 95.8023 11.5927 5
    endloop
  endfacet
  facet normal -0.0438175 -0.99904 0
    outer loop
      vertex 94.5 12.2 0
      vertex 94.6482 12.1935 5
      vertex 94.5 12.2 5
    endloop
  endfacet
  facet normal -0.0438175 -0.99904 -0
    outer loop
      vertex 94.6482 12.1935 5
      vertex 94.5 12.2 0
      vertex 94.6482 12.1935 0
    endloop
  endfacet
  facet normal -0.536832 -0.843689 0
    outer loop
      vertex 95.35 11.9722 0
      vertex 95.4751 11.8926 5
      vertex 95.35 11.9722 5
    endloop
  endfacet
  facet normal -0.536832 -0.843689 -0
    outer loop
      vertex 95.4751 11.8926 5
      vertex 95.35 11.9722 0
      vertex 95.4751 11.8926 0
    endloop
  endfacet
  facet normal 0.99904 -0.0438175 0
    outer loop
      vertex 92.8 10.5 5
      vertex 92.8065 10.6482 0
      vertex 92.8065 10.6482 5
    endloop
  endfacet
  facet normal 0.99904 -0.0438175 0
    outer loop
      vertex 92.8065 10.6482 0
      vertex 92.8 10.5 5
      vertex 92.8 10.5 0
    endloop
  endfacet
  facet normal 0.843689 -0.536832 0
    outer loop
      vertex 93.0278 11.35 5
      vertex 93.1074 11.4751 0
      vertex 93.1074 11.4751 5
    endloop
  endfacet
  facet normal 0.843689 -0.536832 0
    outer loop
      vertex 93.1074 11.4751 0
      vertex 93.0278 11.35 5
      vertex 93.0278 11.35 0
    endloop
  endfacet
  facet normal 0.675419 -0.737434 0
    outer loop
      vertex 93.2979 11.7021 0
      vertex 93.4073 11.8023 5
      vertex 93.2979 11.7021 5
    endloop
  endfacet
  facet normal 0.675419 -0.737434 0
    outer loop
      vertex 93.4073 11.8023 5
      vertex 93.2979 11.7021 0
      vertex 93.4073 11.8023 0
    endloop
  endfacet
  facet normal 0.609026 -0.79315 0
    outer loop
      vertex 93.4073 11.8023 0
      vertex 93.5249 11.8926 5
      vertex 93.4073 11.8023 5
    endloop
  endfacet
  facet normal 0.609026 -0.79315 0
    outer loop
      vertex 93.5249 11.8926 5
      vertex 93.4073 11.8023 0
      vertex 93.5249 11.8926 0
    endloop
  endfacet
  facet normal -0.991491 0.130175 0
    outer loop
      vertex 96.1742 10.2048 0
      vertex 96.1935 10.3518 5
      vertex 96.1935 10.3518 0
    endloop
  endfacet
  facet normal -0.991491 0.130175 0
    outer loop
      vertex 96.1935 10.3518 5
      vertex 96.1742 10.2048 0
      vertex 96.1742 10.2048 5
    endloop
  endfacet
  facet normal -0.84365 0.536893 0
    outer loop
      vertex 95.8926 9.52492 0
      vertex 95.9722 9.65 5
      vertex 95.9722 9.65 0
    endloop
  endfacet
  facet normal -0.84365 0.536893 0
    outer loop
      vertex 95.9722 9.65 5
      vertex 95.8926 9.52492 0
      vertex 95.8926 9.52492 5
    endloop
  endfacet
  facet normal -0.923774 0.382939 0
    outer loop
      vertex 96.0407 9.78155 0
      vertex 96.0975 9.91857 5
      vertex 96.0975 9.91857 0
    endloop
  endfacet
  facet normal -0.923774 0.382939 0
    outer loop
      vertex 96.0975 9.91857 5
      vertex 96.0407 9.78155 0
      vertex 96.0407 9.78155 5
    endloop
  endfacet
  facet normal 0.0436157 0.999048 -0
    outer loop
      vertex 94.5 8.8 0
      vertex 94.3518 8.80647 5
      vertex 94.5 8.8 5
    endloop
  endfacet
  facet normal 0.0436157 0.999048 0
    outer loop
      vertex 94.3518 8.80647 5
      vertex 94.5 8.8 0
      vertex 94.3518 8.80647 0
    endloop
  endfacet
  facet normal 0.991491 0.130175 0
    outer loop
      vertex 92.8258 10.2048 5
      vertex 92.8065 10.3518 0
      vertex 92.8065 10.3518 5
    endloop
  endfacet
  facet normal 0.991491 0.130175 0
    outer loop
      vertex 92.8065 10.3518 0
      vertex 92.8258 10.2048 5
      vertex 92.8258 10.2048 0
    endloop
  endfacet
  facet normal 0.7933 0.608831 0
    outer loop
      vertex 93.1977 9.40726 5
      vertex 93.1074 9.52492 0
      vertex 93.1074 9.52492 5
    endloop
  endfacet
  facet normal 0.7933 0.608831 0
    outer loop
      vertex 93.1074 9.52492 0
      vertex 93.1977 9.40726 5
      vertex 93.1977 9.40726 0
    endloop
  endfacet
  facet normal 0.923774 0.382939 0
    outer loop
      vertex 92.9593 9.78155 5
      vertex 92.9025 9.91857 0
      vertex 92.9025 9.91857 5
    endloop
  endfacet
  facet normal 0.923774 0.382939 0
    outer loop
      vertex 92.9025 9.91857 0
      vertex 92.9593 9.78155 5
      vertex 92.9593 9.78155 0
    endloop
  endfacet
  facet normal 0.953703 0.300751 0
    outer loop
      vertex 92.9025 9.91857 5
      vertex 92.8579 10.06 0
      vertex 92.8579 10.06 5
    endloop
  endfacet
  facet normal 0.953703 0.300751 0
    outer loop
      vertex 92.8579 10.06 0
      vertex 92.9025 9.91857 5
      vertex 92.9025 9.91857 0
    endloop
  endfacet
  facet normal -0.130573 0.991439 0
    outer loop
      vertex 94.7952 8.82583 0
      vertex 94.6482 8.80647 5
      vertex 94.7952 8.82583 5
    endloop
  endfacet
  facet normal -0.130573 0.991439 0
    outer loop
      vertex 94.6482 8.80647 5
      vertex 94.7952 8.82583 0
      vertex 94.6482 8.80647 0
    endloop
  endfacet
  facet normal -0.382518 0.923948 0
    outer loop
      vertex 95.2185 8.95928 0
      vertex 95.0814 8.90252 5
      vertex 95.2185 8.95928 5
    endloop
  endfacet
  facet normal -0.382518 0.923948 0
    outer loop
      vertex 95.0814 8.90252 5
      vertex 95.2185 8.95928 0
      vertex 95.0814 8.90252 0
    endloop
  endfacet
  facet normal -0.991491 -0.130175 0
    outer loop
      vertex 96.1935 10.6482 0
      vertex 96.1742 10.7952 5
      vertex 96.1742 10.7952 0
    endloop
  endfacet
  facet normal -0.991491 -0.130175 0
    outer loop
      vertex 96.1742 10.7952 5
      vertex 96.1935 10.6482 0
      vertex 96.1935 10.6482 5
    endloop
  endfacet
  facet normal -0.7933 0.608831 0
    outer loop
      vertex 95.8023 9.40726 0
      vertex 95.8926 9.52492 5
      vertex 95.8926 9.52492 0
    endloop
  endfacet
  facet normal -0.7933 0.608831 0
    outer loop
      vertex 95.8926 9.52492 5
      vertex 95.8023 9.40726 0
      vertex 95.8023 9.40726 5
    endloop
  endfacet
  facet normal -0.886957 0.461852 0
    outer loop
      vertex 95.9722 9.65 0
      vertex 96.0407 9.78155 5
      vertex 96.0407 9.78155 0
    endloop
  endfacet
  facet normal -0.886957 0.461852 0
    outer loop
      vertex 96.0407 9.78155 5
      vertex 95.9722 9.65 0
      vertex 95.9722 9.65 5
    endloop
  endfacet
  facet normal -0.953703 0.300751 0
    outer loop
      vertex 96.0975 9.91857 0
      vertex 96.1421 10.06 5
      vertex 96.1421 10.06 0
    endloop
  endfacet
  facet normal -0.953703 0.300751 0
    outer loop
      vertex 96.1421 10.06 5
      vertex 96.0975 9.91857 0
      vertex 96.0975 9.91857 5
    endloop
  endfacet
  facet normal 0.461884 0.886941 -0
    outer loop
      vertex 93.7815 8.95928 0
      vertex 93.65 9.02776 5
      vertex 93.7815 8.95928 5
    endloop
  endfacet
  facet normal 0.461884 0.886941 0
    outer loop
      vertex 93.65 9.02776 5
      vertex 93.7815 8.95928 0
      vertex 93.65 9.02776 0
    endloop
  endfacet
  facet normal -0.0436157 0.999048 0
    outer loop
      vertex 94.6482 8.80647 0
      vertex 94.5 8.8 5
      vertex 94.6482 8.80647 5
    endloop
  endfacet
  facet normal -0.0436157 0.999048 0
    outer loop
      vertex 94.5 8.8 5
      vertex 94.6482 8.80647 0
      vertex 94.5 8.8 0
    endloop
  endfacet
  facet normal 0.675419 0.737434 -0
    outer loop
      vertex 93.4073 9.19772 0
      vertex 93.2979 9.29792 5
      vertex 93.4073 9.19772 5
    endloop
  endfacet
  facet normal 0.675419 0.737434 0
    outer loop
      vertex 93.2979 9.29792 5
      vertex 93.4073 9.19772 0
      vertex 93.2979 9.29792 0
    endloop
  endfacet
  facet normal 0.976298 0.216431 0
    outer loop
      vertex 92.8579 10.06 5
      vertex 92.8258 10.2048 0
      vertex 92.8258 10.2048 5
    endloop
  endfacet
  facet normal 0.976298 0.216431 0
    outer loop
      vertex 92.8258 10.2048 0
      vertex 92.8579 10.06 5
      vertex 92.8579 10.06 0
    endloop
  endfacet
  facet normal -0.300747 0.953704 0
    outer loop
      vertex 95.0814 8.90252 0
      vertex 94.94 8.85793 5
      vertex 95.0814 8.90252 5
    endloop
  endfacet
  facet normal -0.300747 0.953704 0
    outer loop
      vertex 94.94 8.85793 5
      vertex 95.0814 8.90252 0
      vertex 94.94 8.85793 0
    endloop
  endfacet
  facet normal -0.737249 0.675621 0
    outer loop
      vertex 95.7021 9.29792 0
      vertex 95.8023 9.40726 5
      vertex 95.8023 9.40726 0
    endloop
  endfacet
  facet normal -0.737249 0.675621 0
    outer loop
      vertex 95.8023 9.40726 5
      vertex 95.7021 9.29792 0
      vertex 95.7021 9.29792 5
    endloop
  endfacet
  facet normal -0.537216 0.843445 0
    outer loop
      vertex 95.4751 9.10744 0
      vertex 95.35 9.02776 5
      vertex 95.4751 9.10744 5
    endloop
  endfacet
  facet normal -0.537216 0.843445 0
    outer loop
      vertex 95.35 9.02776 5
      vertex 95.4751 9.10744 0
      vertex 95.35 9.02776 0
    endloop
  endfacet
  facet normal 0.382518 0.923948 -0
    outer loop
      vertex 93.9186 8.90252 0
      vertex 93.7815 8.95928 5
      vertex 93.9186 8.90252 5
    endloop
  endfacet
  facet normal 0.382518 0.923948 0
    outer loop
      vertex 93.7815 8.95928 5
      vertex 93.9186 8.90252 0
      vertex 93.7815 8.95928 0
    endloop
  endfacet
  facet normal 0.216431 0.976298 -0
    outer loop
      vertex 94.2048 8.82583 0
      vertex 94.06 8.85793 5
      vertex 94.2048 8.82583 5
    endloop
  endfacet
  facet normal 0.216431 0.976298 0
    outer loop
      vertex 94.06 8.85793 5
      vertex 94.2048 8.82583 0
      vertex 94.06 8.85793 0
    endloop
  endfacet
  facet normal 0.84365 0.536893 0
    outer loop
      vertex 93.1074 9.52492 5
      vertex 93.0278 9.65 0
      vertex 93.0278 9.65 5
    endloop
  endfacet
  facet normal 0.84365 0.536893 0
    outer loop
      vertex 93.0278 9.65 0
      vertex 93.1074 9.52492 5
      vertex 93.1074 9.52492 0
    endloop
  endfacet
  facet normal -0.675419 0.737434 0
    outer loop
      vertex 95.7021 9.29792 0
      vertex 95.5927 9.19772 5
      vertex 95.7021 9.29792 5
    endloop
  endfacet
  facet normal -0.675419 0.737434 0
    outer loop
      vertex 95.5927 9.19772 5
      vertex 95.7021 9.29792 0
      vertex 95.5927 9.19772 0
    endloop
  endfacet
  facet normal -0.608941 0.793215 0
    outer loop
      vertex 95.5927 9.19772 0
      vertex 95.4751 9.10744 5
      vertex 95.5927 9.19772 5
    endloop
  endfacet
  facet normal -0.608941 0.793215 0
    outer loop
      vertex 95.4751 9.10744 5
      vertex 95.5927 9.19772 0
      vertex 95.4751 9.10744 0
    endloop
  endfacet
  facet normal 0.300747 0.953704 -0
    outer loop
      vertex 94.06 8.85793 0
      vertex 93.9186 8.90252 5
      vertex 94.06 8.85793 5
    endloop
  endfacet
  facet normal 0.300747 0.953704 0
    outer loop
      vertex 93.9186 8.90252 5
      vertex 94.06 8.85793 0
      vertex 93.9186 8.90252 0
    endloop
  endfacet
  facet normal 0.537216 0.843445 -0
    outer loop
      vertex 93.65 9.02776 0
      vertex 93.5249 9.10744 5
      vertex 93.65 9.02776 5
    endloop
  endfacet
  facet normal 0.537216 0.843445 0
    outer loop
      vertex 93.5249 9.10744 5
      vertex 93.65 9.02776 0
      vertex 93.5249 9.10744 0
    endloop
  endfacet
  facet normal 0.608941 0.793215 -0
    outer loop
      vertex 93.5249 9.10744 0
      vertex 93.4073 9.19772 5
      vertex 93.5249 9.10744 5
    endloop
  endfacet
  facet normal 0.608941 0.793215 0
    outer loop
      vertex 93.4073 9.19772 5
      vertex 93.5249 9.10744 0
      vertex 93.4073 9.19772 0
    endloop
  endfacet
  facet normal 0.130573 0.991439 -0
    outer loop
      vertex 94.3518 8.80647 0
      vertex 94.2048 8.82583 5
      vertex 94.3518 8.80647 5
    endloop
  endfacet
  facet normal 0.130573 0.991439 0
    outer loop
      vertex 94.2048 8.82583 5
      vertex 94.3518 8.80647 0
      vertex 94.2048 8.82583 0
    endloop
  endfacet
  facet normal 0.737249 0.675621 0
    outer loop
      vertex 93.2979 9.29792 5
      vertex 93.1977 9.40726 0
      vertex 93.1977 9.40726 5
    endloop
  endfacet
  facet normal 0.737249 0.675621 0
    outer loop
      vertex 93.1977 9.40726 0
      vertex 93.2979 9.29792 5
      vertex 93.2979 9.29792 0
    endloop
  endfacet
  facet normal -0.886885 -0.46199 0
    outer loop
      vertex 96.0407 85.2185 0
      vertex 95.9722 85.35 5
      vertex 95.9722 85.35 0
    endloop
  endfacet
  facet normal -0.886885 -0.46199 0
    outer loop
      vertex 95.9722 85.35 5
      vertex 96.0407 85.2185 0
      vertex 96.0407 85.2185 5
    endloop
  endfacet
  facet normal -0.300809 -0.953685 0
    outer loop
      vertex 94.94 86.1421 0
      vertex 95.0814 86.0975 5
      vertex 94.94 86.1421 5
    endloop
  endfacet
  facet normal -0.300809 -0.953685 -0
    outer loop
      vertex 95.0814 86.0975 5
      vertex 94.94 86.1421 0
      vertex 95.0814 86.0975 0
    endloop
  endfacet
  facet normal 0.382749 -0.923853 0
    outer loop
      vertex 93.7815 86.0407 0
      vertex 93.9186 86.0975 5
      vertex 93.7815 86.0407 5
    endloop
  endfacet
  facet normal 0.382749 -0.923853 0
    outer loop
      vertex 93.9186 86.0975 5
      vertex 93.7815 86.0407 0
      vertex 93.9186 86.0975 0
    endloop
  endfacet
  facet normal 0.953685 -0.300809 0
    outer loop
      vertex 92.8579 84.94 5
      vertex 92.9025 85.0814 0
      vertex 92.9025 85.0814 5
    endloop
  endfacet
  facet normal 0.953685 -0.300809 0
    outer loop
      vertex 92.9025 85.0814 0
      vertex 92.8579 84.94 5
      vertex 92.8579 84.94 0
    endloop
  endfacet
  facet normal -0.99904 0.0438175 0
    outer loop
      vertex 96.1935 84.3518 0
      vertex 96.2 84.5 5
      vertex 96.2 84.5 0
    endloop
  endfacet
  facet normal -0.99904 0.0438175 0
    outer loop
      vertex 96.2 84.5 5
      vertex 96.1935 84.3518 0
      vertex 96.1935 84.3518 5
    endloop
  endfacet
  facet normal -0.382749 0.923853 0
    outer loop
      vertex 95.2185 82.9593 0
      vertex 95.0814 82.9025 5
      vertex 95.2185 82.9593 5
    endloop
  endfacet
  facet normal -0.382749 0.923853 0
    outer loop
      vertex 95.0814 82.9025 5
      vertex 95.2185 82.9593 0
      vertex 95.0814 82.9025 0
    endloop
  endfacet
  facet normal 0.99904 0.0438175 0
    outer loop
      vertex 92.8065 84.3518 5
      vertex 92.8 84.5 0
      vertex 92.8 84.5 5
    endloop
  endfacet
  facet normal 0.99904 0.0438175 0
    outer loop
      vertex 92.8 84.5 0
      vertex 92.8065 84.3518 5
      vertex 92.8065 84.3518 0
    endloop
  endfacet
  facet normal 0.609026 -0.79315 0
    outer loop
      vertex 93.4073 85.8023 0
      vertex 93.5249 85.8926 5
      vertex 93.4073 85.8023 5
    endloop
  endfacet
  facet normal 0.609026 -0.79315 0
    outer loop
      vertex 93.5249 85.8926 5
      vertex 93.4073 85.8023 0
      vertex 93.5249 85.8926 0
    endloop
  endfacet
  facet normal -0.991491 -0.130175 0
    outer loop
      vertex 96.1935 84.6482 0
      vertex 96.1742 84.7952 5
      vertex 96.1742 84.7952 0
    endloop
  endfacet
  facet normal -0.991491 -0.130175 0
    outer loop
      vertex 96.1742 84.7952 5
      vertex 96.1935 84.6482 0
      vertex 96.1935 84.6482 5
    endloop
  endfacet
  facet normal -0.843689 -0.536832 0
    outer loop
      vertex 95.9722 85.35 0
      vertex 95.8926 85.4751 5
      vertex 95.8926 85.4751 0
    endloop
  endfacet
  facet normal -0.843689 -0.536832 0
    outer loop
      vertex 95.8926 85.4751 5
      vertex 95.9722 85.35 0
      vertex 95.9722 85.35 5
    endloop
  endfacet
  facet normal -0.675419 -0.737434 0
    outer loop
      vertex 95.5927 85.8023 0
      vertex 95.7021 85.7021 5
      vertex 95.5927 85.8023 5
    endloop
  endfacet
  facet normal -0.675419 -0.737434 -0
    outer loop
      vertex 95.7021 85.7021 5
      vertex 95.5927 85.8023 0
      vertex 95.7021 85.7021 0
    endloop
  endfacet
  facet normal -0.737434 -0.675419 0
    outer loop
      vertex 95.8023 85.5927 0
      vertex 95.7021 85.7021 5
      vertex 95.7021 85.7021 0
    endloop
  endfacet
  facet normal -0.737434 -0.675419 0
    outer loop
      vertex 95.7021 85.7021 5
      vertex 95.8023 85.5927 0
      vertex 95.8023 85.5927 5
    endloop
  endfacet
  facet normal 0.0438175 -0.99904 0
    outer loop
      vertex 94.3518 86.1935 0
      vertex 94.5 86.2 5
      vertex 94.3518 86.1935 5
    endloop
  endfacet
  facet normal 0.0438175 -0.99904 0
    outer loop
      vertex 94.5 86.2 5
      vertex 94.3518 86.1935 0
      vertex 94.5 86.2 0
    endloop
  endfacet
  facet normal -0.216431 -0.976298 0
    outer loop
      vertex 94.7952 86.1742 0
      vertex 94.94 86.1421 5
      vertex 94.7952 86.1742 5
    endloop
  endfacet
  facet normal -0.216431 -0.976298 -0
    outer loop
      vertex 94.94 86.1421 5
      vertex 94.7952 86.1742 0
      vertex 94.94 86.1421 0
    endloop
  endfacet
  facet normal -0.130175 -0.991491 0
    outer loop
      vertex 94.6482 86.1935 0
      vertex 94.7952 86.1742 5
      vertex 94.6482 86.1935 5
    endloop
  endfacet
  facet normal -0.130175 -0.991491 -0
    outer loop
      vertex 94.7952 86.1742 5
      vertex 94.6482 86.1935 0
      vertex 94.7952 86.1742 0
    endloop
  endfacet
  facet normal -0.0438175 -0.99904 0
    outer loop
      vertex 94.5 86.2 0
      vertex 94.6482 86.1935 5
      vertex 94.5 86.2 5
    endloop
  endfacet
  facet normal -0.0438175 -0.99904 -0
    outer loop
      vertex 94.6482 86.1935 5
      vertex 94.5 86.2 0
      vertex 94.6482 86.1935 0
    endloop
  endfacet
  facet normal -0.609026 -0.79315 0
    outer loop
      vertex 95.4751 85.8926 0
      vertex 95.5927 85.8023 5
      vertex 95.4751 85.8926 5
    endloop
  endfacet
  facet normal -0.609026 -0.79315 -0
    outer loop
      vertex 95.5927 85.8023 5
      vertex 95.4751 85.8926 0
      vertex 95.5927 85.8023 0
    endloop
  endfacet
  facet normal 0.976298 -0.216431 0
    outer loop
      vertex 92.8258 84.7952 5
      vertex 92.8579 84.94 0
      vertex 92.8579 84.94 5
    endloop
  endfacet
  facet normal 0.976298 -0.216431 0
    outer loop
      vertex 92.8579 84.94 0
      vertex 92.8258 84.7952 5
      vertex 92.8258 84.7952 0
    endloop
  endfacet
  facet normal 0.991491 -0.130175 0
    outer loop
      vertex 92.8065 84.6482 5
      vertex 92.8258 84.7952 0
      vertex 92.8258 84.7952 5
    endloop
  endfacet
  facet normal 0.991491 -0.130175 0
    outer loop
      vertex 92.8258 84.7952 0
      vertex 92.8065 84.6482 5
      vertex 92.8065 84.6482 0
    endloop
  endfacet
  facet normal 0.99904 -0.0438175 0
    outer loop
      vertex 92.8 84.5 5
      vertex 92.8065 84.6482 0
      vertex 92.8065 84.6482 5
    endloop
  endfacet
  facet normal 0.99904 -0.0438175 0
    outer loop
      vertex 92.8065 84.6482 0
      vertex 92.8 84.5 5
      vertex 92.8 84.5 0
    endloop
  endfacet
  facet normal 0.79315 -0.609026 0
    outer loop
      vertex 93.1074 85.4751 5
      vertex 93.1977 85.5927 0
      vertex 93.1977 85.5927 5
    endloop
  endfacet
  facet normal 0.79315 -0.609026 0
    outer loop
      vertex 93.1977 85.5927 0
      vertex 93.1074 85.4751 5
      vertex 93.1074 85.4751 0
    endloop
  endfacet
  facet normal 0.130175 -0.991491 0
    outer loop
      vertex 94.2048 86.1742 0
      vertex 94.3518 86.1935 5
      vertex 94.2048 86.1742 5
    endloop
  endfacet
  facet normal 0.130175 -0.991491 0
    outer loop
      vertex 94.3518 86.1935 5
      vertex 94.2048 86.1742 0
      vertex 94.3518 86.1935 0
    endloop
  endfacet
  facet normal 0.216431 -0.976298 0
    outer loop
      vertex 94.06 86.1421 0
      vertex 94.2048 86.1742 5
      vertex 94.06 86.1421 5
    endloop
  endfacet
  facet normal 0.216431 -0.976298 0
    outer loop
      vertex 94.2048 86.1742 5
      vertex 94.06 86.1421 0
      vertex 94.2048 86.1742 0
    endloop
  endfacet
  facet normal 0.46199 -0.886885 0
    outer loop
      vertex 93.65 85.9722 0
      vertex 93.7815 86.0407 5
      vertex 93.65 85.9722 5
    endloop
  endfacet
  facet normal 0.46199 -0.886885 0
    outer loop
      vertex 93.7815 86.0407 5
      vertex 93.65 85.9722 0
      vertex 93.7815 86.0407 0
    endloop
  endfacet
  facet normal 0.536832 -0.843689 0
    outer loop
      vertex 93.5249 85.8926 0
      vertex 93.65 85.9722 5
      vertex 93.5249 85.8926 5
    endloop
  endfacet
  facet normal 0.536832 -0.843689 0
    outer loop
      vertex 93.65 85.9722 5
      vertex 93.5249 85.8926 0
      vertex 93.65 85.9722 0
    endloop
  endfacet
  facet normal 0.737434 -0.675419 0
    outer loop
      vertex 93.1977 85.5927 5
      vertex 93.2979 85.7021 0
      vertex 93.2979 85.7021 5
    endloop
  endfacet
  facet normal 0.737434 -0.675419 0
    outer loop
      vertex 93.2979 85.7021 0
      vertex 93.1977 85.5927 5
      vertex 93.1977 85.5927 0
    endloop
  endfacet
  facet normal -0.99904 -0.0438175 0
    outer loop
      vertex 96.2 84.5 0
      vertex 96.1935 84.6482 5
      vertex 96.1935 84.6482 0
    endloop
  endfacet
  facet normal -0.99904 -0.0438175 0
    outer loop
      vertex 96.1935 84.6482 5
      vertex 96.2 84.5 0
      vertex 96.2 84.5 5
    endloop
  endfacet
  facet normal -0.991491 0.130175 0
    outer loop
      vertex 96.1742 84.2048 0
      vertex 96.1935 84.3518 5
      vertex 96.1935 84.3518 0
    endloop
  endfacet
  facet normal -0.991491 0.130175 0
    outer loop
      vertex 96.1935 84.3518 5
      vertex 96.1742 84.2048 0
      vertex 96.1742 84.2048 5
    endloop
  endfacet
  facet normal -0.923853 -0.382749 0
    outer loop
      vertex 96.0975 85.0814 0
      vertex 96.0407 85.2185 5
      vertex 96.0407 85.2185 0
    endloop
  endfacet
  facet normal -0.923853 -0.382749 0
    outer loop
      vertex 96.0407 85.2185 5
      vertex 96.0975 85.0814 0
      vertex 96.0975 85.0814 5
    endloop
  endfacet
  facet normal -0.953685 -0.300809 0
    outer loop
      vertex 96.1421 84.94 0
      vertex 96.0975 85.0814 5
      vertex 96.0975 85.0814 0
    endloop
  endfacet
  facet normal -0.953685 -0.300809 0
    outer loop
      vertex 96.0975 85.0814 5
      vertex 96.1421 84.94 0
      vertex 96.1421 84.94 5
    endloop
  endfacet
  facet normal -0.976298 -0.216431 0
    outer loop
      vertex 96.1742 84.7952 0
      vertex 96.1421 84.94 5
      vertex 96.1421 84.94 0
    endloop
  endfacet
  facet normal -0.976298 -0.216431 0
    outer loop
      vertex 96.1421 84.94 5
      vertex 96.1742 84.7952 0
      vertex 96.1742 84.7952 5
    endloop
  endfacet
  facet normal -0.79315 -0.609026 0
    outer loop
      vertex 95.8926 85.4751 0
      vertex 95.8023 85.5927 5
      vertex 95.8023 85.5927 0
    endloop
  endfacet
  facet normal -0.79315 -0.609026 0
    outer loop
      vertex 95.8023 85.5927 5
      vertex 95.8926 85.4751 0
      vertex 95.8926 85.4751 5
    endloop
  endfacet
  facet normal -0.382749 -0.923853 0
    outer loop
      vertex 95.0814 86.0975 0
      vertex 95.2185 86.0407 5
      vertex 95.0814 86.0975 5
    endloop
  endfacet
  facet normal -0.382749 -0.923853 -0
    outer loop
      vertex 95.2185 86.0407 5
      vertex 95.0814 86.0975 0
      vertex 95.2185 86.0407 0
    endloop
  endfacet
  facet normal -0.536832 -0.843689 0
    outer loop
      vertex 95.35 85.9722 0
      vertex 95.4751 85.8926 5
      vertex 95.35 85.9722 5
    endloop
  endfacet
  facet normal -0.536832 -0.843689 -0
    outer loop
      vertex 95.4751 85.8926 5
      vertex 95.35 85.9722 0
      vertex 95.4751 85.8926 0
    endloop
  endfacet
  facet normal -0.46199 -0.886885 0
    outer loop
      vertex 95.2185 86.0407 0
      vertex 95.35 85.9722 5
      vertex 95.2185 86.0407 5
    endloop
  endfacet
  facet normal -0.46199 -0.886885 -0
    outer loop
      vertex 95.35 85.9722 5
      vertex 95.2185 86.0407 0
      vertex 95.35 85.9722 0
    endloop
  endfacet
  facet normal 0.923853 -0.382749 0
    outer loop
      vertex 92.9025 85.0814 5
      vertex 92.9593 85.2185 0
      vertex 92.9593 85.2185 5
    endloop
  endfacet
  facet normal 0.923853 -0.382749 0
    outer loop
      vertex 92.9593 85.2185 0
      vertex 92.9025 85.0814 5
      vertex 92.9025 85.0814 0
    endloop
  endfacet
  facet normal 0.843689 -0.536832 0
    outer loop
      vertex 93.0278 85.35 5
      vertex 93.1074 85.4751 0
      vertex 93.1074 85.4751 5
    endloop
  endfacet
  facet normal 0.843689 -0.536832 0
    outer loop
      vertex 93.1074 85.4751 0
      vertex 93.0278 85.35 5
      vertex 93.0278 85.35 0
    endloop
  endfacet
  facet normal 0.886885 -0.46199 0
    outer loop
      vertex 92.9593 85.2185 5
      vertex 93.0278 85.35 0
      vertex 93.0278 85.35 5
    endloop
  endfacet
  facet normal 0.886885 -0.46199 0
    outer loop
      vertex 93.0278 85.35 0
      vertex 92.9593 85.2185 5
      vertex 92.9593 85.2185 0
    endloop
  endfacet
  facet normal 0.300809 -0.953685 0
    outer loop
      vertex 93.9186 86.0975 0
      vertex 94.06 86.1421 5
      vertex 93.9186 86.0975 5
    endloop
  endfacet
  facet normal 0.300809 -0.953685 0
    outer loop
      vertex 94.06 86.1421 5
      vertex 93.9186 86.0975 0
      vertex 94.06 86.1421 0
    endloop
  endfacet
  facet normal 0.675419 -0.737434 0
    outer loop
      vertex 93.2979 85.7021 0
      vertex 93.4073 85.8023 5
      vertex 93.2979 85.7021 5
    endloop
  endfacet
  facet normal 0.675419 -0.737434 0
    outer loop
      vertex 93.4073 85.8023 5
      vertex 93.2979 85.7021 0
      vertex 93.4073 85.8023 0
    endloop
  endfacet
  facet normal -0.923853 0.382749 0
    outer loop
      vertex 96.0407 83.7815 0
      vertex 96.0975 83.9186 5
      vertex 96.0975 83.9186 0
    endloop
  endfacet
  facet normal -0.923853 0.382749 0
    outer loop
      vertex 96.0975 83.9186 5
      vertex 96.0407 83.7815 0
      vertex 96.0407 83.7815 5
    endloop
  endfacet
  facet normal -0.976298 0.216431 0
    outer loop
      vertex 96.1421 84.06 0
      vertex 96.1742 84.2048 5
      vertex 96.1742 84.2048 0
    endloop
  endfacet
  facet normal -0.976298 0.216431 0
    outer loop
      vertex 96.1742 84.2048 5
      vertex 96.1421 84.06 0
      vertex 96.1421 84.06 5
    endloop
  endfacet
  facet normal 0.0438175 0.99904 -0
    outer loop
      vertex 94.5 82.8 0
      vertex 94.3518 82.8065 5
      vertex 94.5 82.8 5
    endloop
  endfacet
  facet normal 0.0438175 0.99904 0
    outer loop
      vertex 94.3518 82.8065 5
      vertex 94.5 82.8 0
      vertex 94.3518 82.8065 0
    endloop
  endfacet
  facet normal 0.991491 0.130175 0
    outer loop
      vertex 92.8258 84.2048 5
      vertex 92.8065 84.3518 0
      vertex 92.8065 84.3518 5
    endloop
  endfacet
  facet normal 0.991491 0.130175 0
    outer loop
      vertex 92.8065 84.3518 0
      vertex 92.8258 84.2048 5
      vertex 92.8258 84.2048 0
    endloop
  endfacet
  facet normal 0.953685 0.300809 0
    outer loop
      vertex 92.9025 83.9186 5
      vertex 92.8579 84.06 0
      vertex 92.8579 84.06 5
    endloop
  endfacet
  facet normal 0.953685 0.300809 0
    outer loop
      vertex 92.8579 84.06 0
      vertex 92.9025 83.9186 5
      vertex 92.9025 83.9186 0
    endloop
  endfacet
  facet normal -0.130175 0.991491 0
    outer loop
      vertex 94.7952 82.8258 0
      vertex 94.6482 82.8065 5
      vertex 94.7952 82.8258 5
    endloop
  endfacet
  facet normal -0.130175 0.991491 0
    outer loop
      vertex 94.6482 82.8065 5
      vertex 94.7952 82.8258 0
      vertex 94.6482 82.8065 0
    endloop
  endfacet
  facet normal -0.46199 0.886885 0
    outer loop
      vertex 95.35 83.0278 0
      vertex 95.2185 82.9593 5
      vertex 95.35 83.0278 5
    endloop
  endfacet
  facet normal -0.46199 0.886885 0
    outer loop
      vertex 95.2185 82.9593 5
      vertex 95.35 83.0278 0
      vertex 95.2185 82.9593 0
    endloop
  endfacet
  facet normal -0.609026 0.79315 0
    outer loop
      vertex 95.5927 83.1977 0
      vertex 95.4751 83.1074 5
      vertex 95.5927 83.1977 5
    endloop
  endfacet
  facet normal -0.609026 0.79315 0
    outer loop
      vertex 95.4751 83.1074 5
      vertex 95.5927 83.1977 0
      vertex 95.4751 83.1074 0
    endloop
  endfacet
  facet normal -0.79315 0.609026 0
    outer loop
      vertex 95.8023 83.4073 0
      vertex 95.8926 83.5249 5
      vertex 95.8926 83.5249 0
    endloop
  endfacet
  facet normal -0.79315 0.609026 0
    outer loop
      vertex 95.8926 83.5249 5
      vertex 95.8023 83.4073 0
      vertex 95.8023 83.4073 5
    endloop
  endfacet
  facet normal -0.953685 0.300809 0
    outer loop
      vertex 96.0975 83.9186 0
      vertex 96.1421 84.06 5
      vertex 96.1421 84.06 0
    endloop
  endfacet
  facet normal -0.953685 0.300809 0
    outer loop
      vertex 96.1421 84.06 5
      vertex 96.0975 83.9186 0
      vertex 96.0975 83.9186 5
    endloop
  endfacet
  facet normal -0.0438175 0.99904 0
    outer loop
      vertex 94.6482 82.8065 0
      vertex 94.5 82.8 5
      vertex 94.6482 82.8065 5
    endloop
  endfacet
  facet normal -0.0438175 0.99904 0
    outer loop
      vertex 94.5 82.8 5
      vertex 94.6482 82.8065 0
      vertex 94.5 82.8 0
    endloop
  endfacet
  facet normal 0.976298 0.216431 0
    outer loop
      vertex 92.8579 84.06 5
      vertex 92.8258 84.2048 0
      vertex 92.8258 84.2048 5
    endloop
  endfacet
  facet normal 0.976298 0.216431 0
    outer loop
      vertex 92.8258 84.2048 0
      vertex 92.8579 84.06 5
      vertex 92.8579 84.06 0
    endloop
  endfacet
  facet normal 0.675419 0.737434 -0
    outer loop
      vertex 93.4073 83.1977 0
      vertex 93.2979 83.2979 5
      vertex 93.4073 83.1977 5
    endloop
  endfacet
  facet normal 0.675419 0.737434 0
    outer loop
      vertex 93.2979 83.2979 5
      vertex 93.4073 83.1977 0
      vertex 93.2979 83.2979 0
    endloop
  endfacet
  facet normal 0.886885 0.46199 0
    outer loop
      vertex 93.0278 83.65 5
      vertex 92.9593 83.7815 0
      vertex 92.9593 83.7815 5
    endloop
  endfacet
  facet normal 0.886885 0.46199 0
    outer loop
      vertex 92.9593 83.7815 0
      vertex 93.0278 83.65 5
      vertex 93.0278 83.65 0
    endloop
  endfacet
  facet normal 0.923853 0.382749 0
    outer loop
      vertex 92.9593 83.7815 5
      vertex 92.9025 83.9186 0
      vertex 92.9025 83.9186 5
    endloop
  endfacet
  facet normal 0.923853 0.382749 0
    outer loop
      vertex 92.9025 83.9186 0
      vertex 92.9593 83.7815 5
      vertex 92.9593 83.7815 0
    endloop
  endfacet
  facet normal -0.300809 0.953685 0
    outer loop
      vertex 95.0814 82.9025 0
      vertex 94.94 82.8579 5
      vertex 95.0814 82.9025 5
    endloop
  endfacet
  facet normal -0.300809 0.953685 0
    outer loop
      vertex 94.94 82.8579 5
      vertex 95.0814 82.9025 0
      vertex 94.94 82.8579 0
    endloop
  endfacet
  facet normal -0.216431 0.976298 0
    outer loop
      vertex 94.94 82.8579 0
      vertex 94.7952 82.8258 5
      vertex 94.94 82.8579 5
    endloop
  endfacet
  facet normal -0.216431 0.976298 0
    outer loop
      vertex 94.7952 82.8258 5
      vertex 94.94 82.8579 0
      vertex 94.7952 82.8258 0
    endloop
  endfacet
  facet normal -0.536832 0.843689 0
    outer loop
      vertex 95.4751 83.1074 0
      vertex 95.35 83.0278 5
      vertex 95.4751 83.1074 5
    endloop
  endfacet
  facet normal -0.536832 0.843689 0
    outer loop
      vertex 95.35 83.0278 5
      vertex 95.4751 83.1074 0
      vertex 95.35 83.0278 0
    endloop
  endfacet
  facet normal -0.737434 0.675419 0
    outer loop
      vertex 95.7021 83.2979 0
      vertex 95.8023 83.4073 5
      vertex 95.8023 83.4073 0
    endloop
  endfacet
  facet normal -0.737434 0.675419 0
    outer loop
      vertex 95.8023 83.4073 5
      vertex 95.7021 83.2979 0
      vertex 95.7021 83.2979 5
    endloop
  endfacet
  facet normal -0.886885 0.46199 0
    outer loop
      vertex 95.9722 83.65 0
      vertex 96.0407 83.7815 5
      vertex 96.0407 83.7815 0
    endloop
  endfacet
  facet normal -0.886885 0.46199 0
    outer loop
      vertex 96.0407 83.7815 5
      vertex 95.9722 83.65 0
      vertex 95.9722 83.65 5
    endloop
  endfacet
  facet normal -0.843689 0.536832 0
    outer loop
      vertex 95.8926 83.5249 0
      vertex 95.9722 83.65 5
      vertex 95.9722 83.65 0
    endloop
  endfacet
  facet normal -0.843689 0.536832 0
    outer loop
      vertex 95.9722 83.65 5
      vertex 95.8926 83.5249 0
      vertex 95.8926 83.5249 5
    endloop
  endfacet
  facet normal 0.216431 0.976298 -0
    outer loop
      vertex 94.2048 82.8258 0
      vertex 94.06 82.8579 5
      vertex 94.2048 82.8258 5
    endloop
  endfacet
  facet normal 0.216431 0.976298 0
    outer loop
      vertex 94.06 82.8579 5
      vertex 94.2048 82.8258 0
      vertex 94.06 82.8579 0
    endloop
  endfacet
  facet normal 0.130175 0.991491 -0
    outer loop
      vertex 94.3518 82.8065 0
      vertex 94.2048 82.8258 5
      vertex 94.3518 82.8065 5
    endloop
  endfacet
  facet normal 0.130175 0.991491 0
    outer loop
      vertex 94.2048 82.8258 5
      vertex 94.3518 82.8065 0
      vertex 94.2048 82.8258 0
    endloop
  endfacet
  facet normal 0.609026 0.79315 -0
    outer loop
      vertex 93.5249 83.1074 0
      vertex 93.4073 83.1977 5
      vertex 93.5249 83.1074 5
    endloop
  endfacet
  facet normal 0.609026 0.79315 0
    outer loop
      vertex 93.4073 83.1977 5
      vertex 93.5249 83.1074 0
      vertex 93.4073 83.1977 0
    endloop
  endfacet
  facet normal 0.79315 0.609026 0
    outer loop
      vertex 93.1977 83.4073 5
      vertex 93.1074 83.5249 0
      vertex 93.1074 83.5249 5
    endloop
  endfacet
  facet normal 0.79315 0.609026 0
    outer loop
      vertex 93.1074 83.5249 0
      vertex 93.1977 83.4073 5
      vertex 93.1977 83.4073 0
    endloop
  endfacet
  facet normal 0.843689 0.536832 0
    outer loop
      vertex 93.1074 83.5249 5
      vertex 93.0278 83.65 0
      vertex 93.0278 83.65 5
    endloop
  endfacet
  facet normal 0.843689 0.536832 0
    outer loop
      vertex 93.0278 83.65 0
      vertex 93.1074 83.5249 5
      vertex 93.1074 83.5249 0
    endloop
  endfacet
  facet normal -0.675419 0.737434 0
    outer loop
      vertex 95.7021 83.2979 0
      vertex 95.5927 83.1977 5
      vertex 95.7021 83.2979 5
    endloop
  endfacet
  facet normal -0.675419 0.737434 0
    outer loop
      vertex 95.5927 83.1977 5
      vertex 95.7021 83.2979 0
      vertex 95.5927 83.1977 0
    endloop
  endfacet
  facet normal 0.300809 0.953685 -0
    outer loop
      vertex 94.06 82.8579 0
      vertex 93.9186 82.9025 5
      vertex 94.06 82.8579 5
    endloop
  endfacet
  facet normal 0.300809 0.953685 0
    outer loop
      vertex 93.9186 82.9025 5
      vertex 94.06 82.8579 0
      vertex 93.9186 82.9025 0
    endloop
  endfacet
  facet normal 0.382749 0.923853 -0
    outer loop
      vertex 93.9186 82.9025 0
      vertex 93.7815 82.9593 5
      vertex 93.9186 82.9025 5
    endloop
  endfacet
  facet normal 0.382749 0.923853 0
    outer loop
      vertex 93.7815 82.9593 5
      vertex 93.9186 82.9025 0
      vertex 93.7815 82.9593 0
    endloop
  endfacet
  facet normal 0.46199 0.886885 -0
    outer loop
      vertex 93.7815 82.9593 0
      vertex 93.65 83.0278 5
      vertex 93.7815 82.9593 5
    endloop
  endfacet
  facet normal 0.46199 0.886885 0
    outer loop
      vertex 93.65 83.0278 5
      vertex 93.7815 82.9593 0
      vertex 93.65 83.0278 0
    endloop
  endfacet
  facet normal 0.536832 0.843689 -0
    outer loop
      vertex 93.65 83.0278 0
      vertex 93.5249 83.1074 5
      vertex 93.65 83.0278 5
    endloop
  endfacet
  facet normal 0.536832 0.843689 0
    outer loop
      vertex 93.5249 83.1074 5
      vertex 93.65 83.0278 0
      vertex 93.5249 83.1074 0
    endloop
  endfacet
  facet normal 0.737434 0.675419 0
    outer loop
      vertex 93.2979 83.2979 5
      vertex 93.1977 83.4073 0
      vertex 93.1977 83.4073 5
    endloop
  endfacet
  facet normal 0.737434 0.675419 0
    outer loop
      vertex 93.1977 83.4073 0
      vertex 93.2979 83.2979 5
      vertex 93.2979 83.2979 0
    endloop
  endfacet
  facet normal -1 0 0
    outer loop
      vertex 13.5 7.5 0
      vertex 13.5 87.5 5
      vertex 13.5 87.5 0
    endloop
  endfacet
  facet normal -1 -0 0
    outer loop
      vertex 13.5 87.5 5
      vertex 13.5 7.5 0
      vertex 13.5 7.5 5
    endloop
  endfacet
  facet normal -0.0436188 -0.999048 0
    outer loop
      vertex 17.1514 3.51522 0
      vertex 17.5 3.5 5
      vertex 17.1514 3.51522 5
    endloop
  endfacet
  facet normal -0.0436188 -0.999048 -0
    outer loop
      vertex 17.5 3.5 5
      vertex 17.1514 3.51522 0
      vertex 17.5 3.5 0
    endloop
  endfacet
  facet normal 0.79256 -0.609794 0
    outer loop
      vertex 100.564 4.92885 5
      vertex 100.777 5.20569 0
      vertex 100.777 5.20569 5
    endloop
  endfacet
  facet normal 0.79256 -0.609794 0
    outer loop
      vertex 100.777 5.20569 0
      vertex 100.564 4.92885 5
      vertex 100.564 4.92885 0
    endloop
  endfacet
  facet normal 0 -1 0
    outer loop
      vertex 17.5 3.5 0
      vertex 97.5 3.5 5
      vertex 17.5 3.5 5
    endloop
  endfacet
  facet normal 0 -1 -0
    outer loop
      vertex 97.5 3.5 5
      vertex 17.5 3.5 0
      vertex 97.5 3.5 0
    endloop
  endfacet
  facet normal -0.675699 -0.737178 0
    outer loop
      vertex 14.6716 4.67157 0
      vertex 14.9288 4.43582 5
      vertex 14.6716 4.67157 5
    endloop
  endfacet
  facet normal -0.675699 -0.737178 -0
    outer loop
      vertex 14.9288 4.43582 5
      vertex 14.6716 4.67157 0
      vertex 14.9288 4.43582 0
    endloop
  endfacet
  facet normal 1 -0 0
    outer loop
      vertex 101.5 7.5 5
      vertex 101.5 87.5 0
      vertex 101.5 87.5 5
    endloop
  endfacet
  facet normal 1 0 0
    outer loop
      vertex 101.5 87.5 0
      vertex 101.5 7.5 5
      vertex 101.5 7.5 0
    endloop
  endfacet
  facet normal -0 0 -1
    outer loop
      vertex 44.8141 24.8827 0
      vertex 21.7021 11.7021 0
      vertex 44.46 26.0059 0
    endloop
  endfacet
  facet normal 0 0 -1
    outer loop
      vertex 44.8141 34.1173 0
      vertex 22.1935 84.3518 0
      vertex 22.2 84.5 0
    endloop
  endfacet
  facet normal 0 0 -1
    outer loop
      vertex 21.5927 11.8023 0
      vertex 44.46 26.0059 0
      vertex 21.7021 11.7021 0
    endloop
  endfacet
  facet normal 0 0 -1
    outer loop
      vertex 44.8141 34.1173 0
      vertex 22.1742 84.2048 0
      vertex 22.1935 84.3518 0
    endloop
  endfacet
  facet normal 0 0 -1
    outer loop
      vertex 21.4751 11.8926 0
      vertex 44.46 26.0059 0
      vertex 21.5927 11.8023 0
    endloop
  endfacet
  facet normal 0 0 -1
    outer loop
      vertex 44.8141 34.1173 0
      vertex 22.1421 84.06 0
      vertex 22.1742 84.2048 0
    endloop
  endfacet
  facet normal -0 0 -1
    outer loop
      vertex 44.46 26.0059 0
      vertex 21.4751 11.8926 0
      vertex 44.2051 27.1558 0
    endloop
  endfacet
  facet normal 0 0 -1
    outer loop
      vertex 44.8141 34.1173 0
      vertex 22.0975 83.9186 0
      vertex 22.1421 84.06 0
    endloop
  endfacet
  facet normal 0 0 -1
    outer loop
      vertex 21.35 11.9722 0
      vertex 44.2051 27.1558 0
      vertex 21.4751 11.8926 0
    endloop
  endfacet
  facet normal 0 0 -1
    outer loop
      vertex 44.8141 34.1173 0
      vertex 22.0407 83.7815 0
      vertex 22.0975 83.9186 0
    endloop
  endfacet
  facet normal -0 0 -1
    outer loop
      vertex 44.2051 27.1558 0
      vertex 21.35 11.9722 0
      vertex 44.0514 28.3234 0
    endloop
  endfacet
  facet normal 0 0 -1
    outer loop
      vertex 44.8141 34.1173 0
      vertex 21.9722 83.65 0
      vertex 22.0407 83.7815 0
    endloop
  endfacet
  facet normal 0 0 -1
    outer loop
      vertex 21.2185 12.0407 0
      vertex 44.0514 28.3234 0
      vertex 21.35 11.9722 0
    endloop
  endfacet
  facet normal 0 0 -1
    outer loop
      vertex 44.8141 34.1173 0
      vertex 21.8926 83.5249 0
      vertex 21.9722 83.65 0
    endloop
  endfacet
  facet normal 0 0 -1
    outer loop
      vertex 21.0814 12.0975 0
      vertex 44.0514 28.3234 0
      vertex 21.2185 12.0407 0
    endloop
  endfacet
  facet normal 0 0 -1
    outer loop
      vertex 44.8141 34.1173 0
      vertex 21.8023 83.4073 0
      vertex 21.8926 83.5249 0
    endloop
  endfacet
  facet normal -0 0 -1
    outer loop
      vertex 44.0514 28.3234 0
      vertex 21.0814 12.0975 0
      vertex 44 29.5 0
    endloop
  endfacet
  facet normal 0 0 -1
    outer loop
      vertex 44.8141 34.1173 0
      vertex 21.7021 83.2979 0
      vertex 21.8023 83.4073 0
    endloop
  endfacet
  facet normal 0 0 -1
    outer loop
      vertex 20.94 12.1421 0
      vertex 44 29.5 0
      vertex 21.0814 12.0975 0
    endloop
  endfacet
  facet normal 0 0 -1
    outer loop
      vertex 44.8141 34.1173 0
      vertex 21.5927 83.1977 0
      vertex 21.7021 83.2979 0
    endloop
  endfacet
  facet normal -0 0 -1
    outer loop
      vertex 44 29.5 0
      vertex 20.94 12.1421 0
      vertex 44.0514 30.6766 0
    endloop
  endfacet
  facet normal 0 0 -1
    outer loop
      vertex 44.8141 34.1173 0
      vertex 21.4751 83.1074 0
      vertex 21.5927 83.1977 0
    endloop
  endfacet
  facet normal 0 0 -1
    outer loop
      vertex 20.7952 12.1742 0
      vertex 44.0514 30.6766 0
      vertex 20.94 12.1421 0
    endloop
  endfacet
  facet normal 0 0 -1
    outer loop
      vertex 44.8141 34.1173 0
      vertex 21.35 83.0278 0
      vertex 21.4751 83.1074 0
    endloop
  endfacet
  facet normal 0 0 -1
    outer loop
      vertex 20.6482 12.1935 0
      vertex 44.0514 30.6766 0
      vertex 20.7952 12.1742 0
    endloop
  endfacet
  facet normal 0 0 -1
    outer loop
      vertex 44.8141 34.1173 0
      vertex 21.2185 82.9593 0
      vertex 21.35 83.0278 0
    endloop
  endfacet
  facet normal -0 0 -1
    outer loop
      vertex 44.0514 30.6766 0
      vertex 20.6482 12.1935 0
      vertex 44.2051 31.8442 0
    endloop
  endfacet
  facet normal 0 0 -1
    outer loop
      vertex 44.8141 34.1173 0
      vertex 21.0814 82.9025 0
      vertex 21.2185 82.9593 0
    endloop
  endfacet
  facet normal 0 0 -1
    outer loop
      vertex 20.5 12.2 0
      vertex 44.2051 31.8442 0
      vertex 20.6482 12.1935 0
    endloop
  endfacet
  facet normal 0 0 -1
    outer loop
      vertex 44.8141 34.1173 0
      vertex 20.94 82.8579 0
      vertex 21.0814 82.9025 0
    endloop
  endfacet
  facet normal -0 0 -1
    outer loop
      vertex 44.2051 31.8442 0
      vertex 20.5 12.2 0
      vertex 44.46 32.9941 0
    endloop
  endfacet
  facet normal 0 0 -1
    outer loop
      vertex 44.8141 34.1173 0
      vertex 20.7952 82.8258 0
      vertex 20.94 82.8579 0
    endloop
  endfacet
  facet normal 0 0 -1
    outer loop
      vertex 20.3518 12.1935 0
      vertex 44.46 32.9941 0
      vertex 20.5 12.2 0
    endloop
  endfacet
  facet normal 0 0 -1
    outer loop
      vertex 44.8141 34.1173 0
      vertex 20.6482 82.8065 0
      vertex 20.7952 82.8258 0
    endloop
  endfacet
  facet normal 0 0 -1
    outer loop
      vertex 20.2048 12.1742 0
      vertex 44.46 32.9941 0
      vertex 20.3518 12.1935 0
    endloop
  endfacet
  facet normal 0 0 -1
    outer loop
      vertex 44.8141 34.1173 0
      vertex 20.5 82.8 0
      vertex 20.6482 82.8065 0
    endloop
  endfacet
  facet normal -0 0 -1
    outer loop
      vertex 44.46 32.9941 0
      vertex 20.2048 12.1742 0
      vertex 44.8141 34.1173 0
    endloop
  endfacet
  facet normal 0 0 -1
    outer loop
      vertex 44.8141 34.1173 0
      vertex 20.3518 82.8065 0
      vertex 20.5 82.8 0
    endloop
  endfacet
  facet normal 0 0 -1
    outer loop
      vertex 20.06 12.1421 0
      vertex 44.8141 34.1173 0
      vertex 20.2048 12.1742 0
    endloop
  endfacet
  facet normal 0 0 -1
    outer loop
      vertex 44.8141 34.1173 0
      vertex 20.2048 82.8258 0
      vertex 20.3518 82.8065 0
    endloop
  endfacet
  facet normal 0 0 -1
    outer loop
      vertex 20.06 82.8579 0
      vertex 44.8141 34.1173 0
      vertex 20.06 12.1421 0
    endloop
  endfacet
  facet normal 0 0 -1
    outer loop
      vertex 44.8141 34.1173 0
      vertex 20.06 82.8579 0
      vertex 20.2048 82.8258 0
    endloop
  endfacet
  facet normal 0 0 -1
    outer loop
      vertex 19.9186 12.0975 0
      vertex 20.06 82.8579 0
      vertex 20.06 12.1421 0
    endloop
  endfacet
  facet normal 0 0 -1
    outer loop
      vertex 19.9186 12.0975 0
      vertex 19.9186 82.9025 0
      vertex 20.06 82.8579 0
    endloop
  endfacet
  facet normal 0 0 -1
    outer loop
      vertex 19.7815 12.0407 0
      vertex 19.9186 82.9025 0
      vertex 19.9186 12.0975 0
    endloop
  endfacet
  facet normal 0 0 -1
    outer loop
      vertex 19.7815 12.0407 0
      vertex 19.7815 82.9593 0
      vertex 19.9186 82.9025 0
    endloop
  endfacet
  facet normal 0 0 -1
    outer loop
      vertex 19.65 11.9722 0
      vertex 19.7815 82.9593 0
      vertex 19.7815 12.0407 0
    endloop
  endfacet
  facet normal 0 0 -1
    outer loop
      vertex 19.65 11.9722 0
      vertex 19.65 83.0278 0
      vertex 19.7815 82.9593 0
    endloop
  endfacet
  facet normal 0 0 -1
    outer loop
      vertex 19.5249 11.8926 0
      vertex 19.65 83.0278 0
      vertex 19.65 11.9722 0
    endloop
  endfacet
  facet normal 0 0 -1
    outer loop
      vertex 19.5249 11.8926 0
      vertex 19.5249 83.1074 0
      vertex 19.65 83.0278 0
    endloop
  endfacet
  facet normal 0 0 -1
    outer loop
      vertex 19.4073 11.8023 0
      vertex 19.5249 83.1074 0
      vertex 19.5249 11.8926 0
    endloop
  endfacet
  facet normal 0 0 -1
    outer loop
      vertex 19.4073 11.8023 0
      vertex 19.4073 83.1977 0
      vertex 19.5249 83.1074 0
    endloop
  endfacet
  facet normal 0 0 -1
    outer loop
      vertex 13.5 7.5 0
      vertex 19.4073 11.8023 0
      vertex 19.2979 11.7021 0
    endloop
  endfacet
  facet normal -0 0 -1
    outer loop
      vertex 19.4073 11.8023 0
      vertex 13.5 7.5 0
      vertex 19.4073 83.1977 0
    endloop
  endfacet
  facet normal 0 0 -1
    outer loop
      vertex 13.5 7.5 0
      vertex 19.2979 11.7021 0
      vertex 19.1977 11.5927 0
    endloop
  endfacet
  facet normal 0 0 -1
    outer loop
      vertex 13.5 87.5 0
      vertex 19.4073 83.1977 0
      vertex 13.5 7.5 0
    endloop
  endfacet
  facet normal 0 0 -1
    outer loop
      vertex 13.5 7.5 0
      vertex 19.1977 11.5927 0
      vertex 19.1074 11.4751 0
    endloop
  endfacet
  facet normal 0 0 -1
    outer loop
      vertex 19.4073 83.1977 0
      vertex 13.5 87.5 0
      vertex 19.2979 83.2979 0
    endloop
  endfacet
  facet normal 0 0 -1
    outer loop
      vertex 13.5 7.5 0
      vertex 19.1074 11.4751 0
      vertex 19.0278 11.35 0
    endloop
  endfacet
  facet normal 0 0 -1
    outer loop
      vertex 19.2979 83.2979 0
      vertex 13.5 87.5 0
      vertex 19.1977 83.4073 0
    endloop
  endfacet
  facet normal 0 0 -1
    outer loop
      vertex 13.5 7.5 0
      vertex 19.0278 11.35 0
      vertex 18.9593 11.2185 0
    endloop
  endfacet
  facet normal 0 0 -1
    outer loop
      vertex 19.1977 83.4073 0
      vertex 13.5 87.5 0
      vertex 19.1074 83.5249 0
    endloop
  endfacet
  facet normal 0 0 -1
    outer loop
      vertex 13.5 7.5 0
      vertex 18.9593 11.2185 0
      vertex 18.9025 11.0814 0
    endloop
  endfacet
  facet normal 0 0 -1
    outer loop
      vertex 19.1074 83.5249 0
      vertex 13.5 87.5 0
      vertex 19.0278 83.65 0
    endloop
  endfacet
  facet normal 0 0 -1
    outer loop
      vertex 13.5 7.5 0
      vertex 18.9025 11.0814 0
      vertex 18.8579 10.94 0
    endloop
  endfacet
  facet normal 0 0 -1
    outer loop
      vertex 19.0278 83.65 0
      vertex 13.5 87.5 0
      vertex 18.9593 83.7815 0
    endloop
  endfacet
  facet normal 0 0 -1
    outer loop
      vertex 13.5 7.5 0
      vertex 18.8579 10.94 0
      vertex 18.8258 10.7952 0
    endloop
  endfacet
  facet normal 0 0 -1
    outer loop
      vertex 18.9593 83.7815 0
      vertex 13.5 87.5 0
      vertex 18.9025 83.9186 0
    endloop
  endfacet
  facet normal 0 0 -1
    outer loop
      vertex 13.5 7.5 0
      vertex 18.8258 10.7952 0
      vertex 18.8065 10.6482 0
    endloop
  endfacet
  facet normal 0 0 -1
    outer loop
      vertex 18.9025 83.9186 0
      vertex 13.5 87.5 0
      vertex 18.8579 84.06 0
    endloop
  endfacet
  facet normal 0 0 -1
    outer loop
      vertex 13.5 7.5 0
      vertex 18.8065 10.6482 0
      vertex 18.8 10.5 0
    endloop
  endfacet
  facet normal 0 0 -1
    outer loop
      vertex 18.8579 84.06 0
      vertex 13.5 87.5 0
      vertex 18.8258 84.2048 0
    endloop
  endfacet
  facet normal 0 0 -1
    outer loop
      vertex 96.1421 10.94 0
      vertex 101.5 7.5 0
      vertex 96.1742 10.7952 0
    endloop
  endfacet
  facet normal 0 0 -1
    outer loop
      vertex 101.5 87.5 0
      vertex 96.1935 84.3518 0
      vertex 96.2 84.5 0
    endloop
  endfacet
  facet normal 0 0 -1
    outer loop
      vertex 96.0975 11.0814 0
      vertex 101.5 7.5 0
      vertex 96.1421 10.94 0
    endloop
  endfacet
  facet normal 0 0 -1
    outer loop
      vertex 101.5 87.5 0
      vertex 96.1742 84.2048 0
      vertex 96.1935 84.3518 0
    endloop
  endfacet
  facet normal 0 0 -1
    outer loop
      vertex 96.0407 11.2185 0
      vertex 101.5 7.5 0
      vertex 96.0975 11.0814 0
    endloop
  endfacet
  facet normal 0 0 -1
    outer loop
      vertex 101.5 87.5 0
      vertex 96.1421 84.06 0
      vertex 96.1742 84.2048 0
    endloop
  endfacet
  facet normal 0 0 -1
    outer loop
      vertex 95.9722 11.35 0
      vertex 101.5 7.5 0
      vertex 96.0407 11.2185 0
    endloop
  endfacet
  facet normal 0 0 -1
    outer loop
      vertex 101.5 87.5 0
      vertex 96.0975 83.9186 0
      vertex 96.1421 84.06 0
    endloop
  endfacet
  facet normal 0 0 -1
    outer loop
      vertex 95.8926 11.4751 0
      vertex 101.5 7.5 0
      vertex 95.9722 11.35 0
    endloop
  endfacet
  facet normal 0 0 -1
    outer loop
      vertex 101.5 87.5 0
      vertex 96.0407 83.7815 0
      vertex 96.0975 83.9186 0
    endloop
  endfacet
  facet normal 0 0 -1
    outer loop
      vertex 95.8023 11.5927 0
      vertex 101.5 7.5 0
      vertex 95.8926 11.4751 0
    endloop
  endfacet
  facet normal 0 0 -1
    outer loop
      vertex 101.5 87.5 0
      vertex 95.9722 83.65 0
      vertex 96.0407 83.7815 0
    endloop
  endfacet
  facet normal 0 0 -1
    outer loop
      vertex 95.7021 11.7021 0
      vertex 101.5 7.5 0
      vertex 95.8023 11.5927 0
    endloop
  endfacet
  facet normal 0 0 -1
    outer loop
      vertex 101.5 87.5 0
      vertex 95.8926 83.5249 0
      vertex 95.9722 83.65 0
    endloop
  endfacet
  facet normal 0 0 -1
    outer loop
      vertex 95.5927 11.8023 0
      vertex 101.5 7.5 0
      vertex 95.7021 11.7021 0
    endloop
  endfacet
  facet normal 0 0 -1
    outer loop
      vertex 101.5 87.5 0
      vertex 95.8023 83.4073 0
      vertex 95.8926 83.5249 0
    endloop
  endfacet
  facet normal 0 0 -1
    outer loop
      vertex 101.5 7.5 0
      vertex 95.5927 11.8023 0
      vertex 101.5 87.5 0
    endloop
  endfacet
  facet normal 0 0 -1
    outer loop
      vertex 101.5 87.5 0
      vertex 95.7021 83.2979 0
      vertex 95.8023 83.4073 0
    endloop
  endfacet
  facet normal 0 0 -1
    outer loop
      vertex 95.5927 83.1977 0
      vertex 101.5 87.5 0
      vertex 95.5927 11.8023 0
    endloop
  endfacet
  facet normal 0 0 -1
    outer loop
      vertex 101.5 87.5 0
      vertex 95.5927 83.1977 0
      vertex 95.7021 83.2979 0
    endloop
  endfacet
  facet normal 0 0 -1
    outer loop
      vertex 95.4751 11.8926 0
      vertex 95.5927 83.1977 0
      vertex 95.5927 11.8023 0
    endloop
  endfacet
  facet normal 0 0 -1
    outer loop
      vertex 95.4751 11.8926 0
      vertex 95.4751 83.1074 0
      vertex 95.5927 83.1977 0
    endloop
  endfacet
  facet normal 0 0 -1
    outer loop
      vertex 95.35 11.9722 0
      vertex 95.4751 83.1074 0
      vertex 95.4751 11.8926 0
    endloop
  endfacet
  facet normal 0 0 -1
    outer loop
      vertex 95.35 11.9722 0
      vertex 95.35 83.0278 0
      vertex 95.4751 83.1074 0
    endloop
  endfacet
  facet normal 0 0 -1
    outer loop
      vertex 95.2185 12.0407 0
      vertex 95.35 83.0278 0
      vertex 95.35 11.9722 0
    endloop
  endfacet
  facet normal 0 0 -1
    outer loop
      vertex 95.2185 12.0407 0
      vertex 95.2185 82.9593 0
      vertex 95.35 83.0278 0
    endloop
  endfacet
  facet normal 0 0 -1
    outer loop
      vertex 95.0814 12.0975 0
      vertex 95.2185 82.9593 0
      vertex 95.2185 12.0407 0
    endloop
  endfacet
  facet normal 0 0 -1
    outer loop
      vertex 95.0814 12.0975 0
      vertex 95.0814 82.9025 0
      vertex 95.2185 82.9593 0
    endloop
  endfacet
  facet normal 0 0 -1
    outer loop
      vertex 94.94 12.1421 0
      vertex 95.0814 82.9025 0
      vertex 95.0814 12.0975 0
    endloop
  endfacet
  facet normal 0 0 -1
    outer loop
      vertex 94.94 12.1421 0
      vertex 94.94 82.8579 0
      vertex 95.0814 82.9025 0
    endloop
  endfacet
  facet normal 0 0 -1
    outer loop
      vertex 70.1859 34.1173 0
      vertex 94.94 12.1421 0
      vertex 94.7952 12.1742 0
    endloop
  endfacet
  facet normal 0 0 -1
    outer loop
      vertex 94.94 12.1421 0
      vertex 70.1859 34.1173 0
      vertex 94.94 82.8579 0
    endloop
  endfacet
  facet normal 0 0 -1
    outer loop
      vertex 70.54 32.9941 0
      vertex 94.7952 12.1742 0
      vertex 94.6482 12.1935 0
    endloop
  endfacet
  facet normal 0 0 -1
    outer loop
      vertex 94.94 82.8579 0
      vertex 70.1859 34.1173 0
      vertex 94.7952 82.8258 0
    endloop
  endfacet
  facet normal 0 0 -1
    outer loop
      vertex 70.54 32.9941 0
      vertex 94.6482 12.1935 0
      vertex 94.5 12.2 0
    endloop
  endfacet
  facet normal 0 0 -1
    outer loop
      vertex 69.7352 35.2053 0
      vertex 94.7952 82.8258 0
      vertex 70.1859 34.1173 0
    endloop
  endfacet
  facet normal 0 0 -1
    outer loop
      vertex 70.7949 31.8442 0
      vertex 94.5 12.2 0
      vertex 94.3518 12.1935 0
    endloop
  endfacet
  facet normal 0 0 -1
    outer loop
      vertex 94.7952 82.8258 0
      vertex 69.7352 35.2053 0
      vertex 94.6482 82.8065 0
    endloop
  endfacet
  facet normal 0 0 -1
    outer loop
      vertex 70.9486 30.6766 0
      vertex 94.3518 12.1935 0
      vertex 94.2048 12.1742 0
    endloop
  endfacet
  facet normal 0 0 -1
    outer loop
      vertex 69.1913 36.25 0
      vertex 94.6482 82.8065 0
      vertex 69.7352 35.2053 0
    endloop
  endfacet
  facet normal 0 0 -1
    outer loop
      vertex 70.9486 30.6766 0
      vertex 94.2048 12.1742 0
      vertex 94.06 12.1421 0
    endloop
  endfacet
  facet normal 0 0 -1
    outer loop
      vertex 94.6482 82.8065 0
      vertex 69.1913 36.25 0
      vertex 94.5 82.8 0
    endloop
  endfacet
  facet normal 0 0 -1
    outer loop
      vertex 71 29.5 0
      vertex 94.06 12.1421 0
      vertex 93.9186 12.0975 0
    endloop
  endfacet
  facet normal 0 0 -1
    outer loop
      vertex 68.5585 37.2433 0
      vertex 94.5 82.8 0
      vertex 69.1913 36.25 0
    endloop
  endfacet
  facet normal 0 0 -1
    outer loop
      vertex 70.9486 28.3234 0
      vertex 93.9186 12.0975 0
      vertex 93.7815 12.0407 0
    endloop
  endfacet
  facet normal -0 0 -1
    outer loop
      vertex 94.5 82.8 0
      vertex 68.5585 37.2433 0
      vertex 94.3518 82.8065 0
    endloop
  endfacet
  facet normal 0 0 -1
    outer loop
      vertex 70.9486 28.3234 0
      vertex 93.7815 12.0407 0
      vertex 93.65 11.9722 0
    endloop
  endfacet
  facet normal -0 0 -1
    outer loop
      vertex 94.3518 82.8065 0
      vertex 68.5585 37.2433 0
      vertex 94.2048 82.8258 0
    endloop
  endfacet
  facet normal 0 0 -1
    outer loop
      vertex 70.7949 27.1558 0
      vertex 93.65 11.9722 0
      vertex 93.5249 11.8926 0
    endloop
  endfacet
  facet normal 0 0 -1
    outer loop
      vertex 67.8416 38.1776 0
      vertex 94.2048 82.8258 0
      vertex 68.5585 37.2433 0
    endloop
  endfacet
  facet normal 0 0 -1
    outer loop
      vertex 70.54 26.0059 0
      vertex 93.5249 11.8926 0
      vertex 93.4073 11.8023 0
    endloop
  endfacet
  facet normal -0 0 -1
    outer loop
      vertex 94.2048 82.8258 0
      vertex 67.8416 38.1776 0
      vertex 94.06 82.8579 0
    endloop
  endfacet
  facet normal 0 0 -1
    outer loop
      vertex 70.54 26.0059 0
      vertex 93.4073 11.8023 0
      vertex 93.2979 11.7021 0
    endloop
  endfacet
  facet normal 0 0 -1
    outer loop
      vertex 67.0459 39.0459 0
      vertex 94.06 82.8579 0
      vertex 67.8416 38.1776 0
    endloop
  endfacet
  facet normal 0 0 -1
    outer loop
      vertex 70.1859 24.8827 0
      vertex 93.2979 11.7021 0
      vertex 93.1977 11.5927 0
    endloop
  endfacet
  facet normal -0 0 -1
    outer loop
      vertex 94.06 82.8579 0
      vertex 67.0459 39.0459 0
      vertex 93.9186 82.9025 0
    endloop
  endfacet
  facet normal 0 0 -1
    outer loop
      vertex 70.1859 24.8827 0
      vertex 93.1977 11.5927 0
      vertex 93.1074 11.4751 0
    endloop
  endfacet
  facet normal 0 0 -1
    outer loop
      vertex 66.1776 39.8416 0
      vertex 93.9186 82.9025 0
      vertex 67.0459 39.0459 0
    endloop
  endfacet
  facet normal 0 0 -1
    outer loop
      vertex 69.7352 23.7947 0
      vertex 93.1074 11.4751 0
      vertex 93.0278 11.35 0
    endloop
  endfacet
  facet normal -0 0 -1
    outer loop
      vertex 93.9186 82.9025 0
      vertex 66.1776 39.8416 0
      vertex 93.7815 82.9593 0
    endloop
  endfacet
  facet normal 0 0 -1
    outer loop
      vertex 69.7352 23.7947 0
      vertex 93.0278 11.35 0
      vertex 92.9593 11.2185 0
    endloop
  endfacet
  facet normal -0 0 -1
    outer loop
      vertex 93.7815 82.9593 0
      vertex 66.1776 39.8416 0
      vertex 93.65 83.0278 0
    endloop
  endfacet
  facet normal 0 0 -1
    outer loop
      vertex 69.1913 22.75 0
      vertex 92.9593 11.2185 0
      vertex 92.9025 11.0814 0
    endloop
  endfacet
  facet normal 0 0 -1
    outer loop
      vertex 65.2433 40.5586 0
      vertex 93.65 83.0278 0
      vertex 66.1776 39.8416 0
    endloop
  endfacet
  facet normal 0 0 -1
    outer loop
      vertex 69.1913 22.75 0
      vertex 92.9025 11.0814 0
      vertex 92.8579 10.94 0
    endloop
  endfacet
  facet normal -0 0 -1
    outer loop
      vertex 93.65 83.0278 0
      vertex 65.2433 40.5586 0
      vertex 93.5249 83.1074 0
    endloop
  endfacet
  facet normal 0 0 -1
    outer loop
      vertex 68.5585 21.7567 0
      vertex 92.8579 10.94 0
      vertex 92.8258 10.7952 0
    endloop
  endfacet
  facet normal 0 0 -1
    outer loop
      vertex 64.25 41.1913 0
      vertex 93.5249 83.1074 0
      vertex 65.2433 40.5586 0
    endloop
  endfacet
  facet normal 0 0 -1
    outer loop
      vertex 67.8416 20.8224 0
      vertex 92.8258 10.7952 0
      vertex 92.8065 10.6482 0
    endloop
  endfacet
  facet normal -0 0 -1
    outer loop
      vertex 93.5249 83.1074 0
      vertex 64.25 41.1913 0
      vertex 93.4073 83.1977 0
    endloop
  endfacet
  facet normal 0 0 -1
    outer loop
      vertex 67.8416 20.8224 0
      vertex 92.8065 10.6482 0
      vertex 92.8 10.5 0
    endloop
  endfacet
  facet normal -0 0 -1
    outer loop
      vertex 93.4073 83.1977 0
      vertex 64.25 41.1913 0
      vertex 93.2979 83.2979 0
    endloop
  endfacet
  facet normal 0 0 -1
    outer loop
      vertex 95.8023 9.40726 0
      vertex 101.5 7.5 0
      vertex 101.485 7.15138 0
    endloop
  endfacet
  facet normal 0 0 -1
    outer loop
      vertex 96.1935 10.6482 0
      vertex 101.5 7.5 0
      vertex 96.2 10.5 0
    endloop
  endfacet
  facet normal 0 0 -1
    outer loop
      vertex 95.8023 9.40726 0
      vertex 101.485 7.15138 0
      vertex 101.439 6.80541 0
    endloop
  endfacet
  facet normal 0 0 -1
    outer loop
      vertex 96.1742 10.7952 0
      vertex 101.5 7.5 0
      vertex 96.1935 10.6482 0
    endloop
  endfacet
  facet normal 0 0 -1
    outer loop
      vertex 95.8023 9.40726 0
      vertex 101.439 6.80541 0
      vertex 101.364 6.46472 0
    endloop
  endfacet
  facet normal 0 0 -1
    outer loop
      vertex 96.1935 84.6482 0
      vertex 101.5 87.5 0
      vertex 96.2 84.5 0
    endloop
  endfacet
  facet normal 0 0 -1
    outer loop
      vertex 95.8023 9.40726 0
      vertex 101.364 6.46472 0
      vertex 101.259 6.13192 0
    endloop
  endfacet
  facet normal 0 0 -1
    outer loop
      vertex 96.1742 84.7952 0
      vertex 101.5 87.5 0
      vertex 96.1935 84.6482 0
    endloop
  endfacet
  facet normal 0 0 -1
    outer loop
      vertex 95.8023 9.40726 0
      vertex 101.259 6.13192 0
      vertex 101.125 5.80953 0
    endloop
  endfacet
  facet normal 0 0 -1
    outer loop
      vertex 96.1421 84.94 0
      vertex 101.5 87.5 0
      vertex 96.1742 84.7952 0
    endloop
  endfacet
  facet normal 0 0 -1
    outer loop
      vertex 95.8023 9.40726 0
      vertex 101.125 5.80953 0
      vertex 100.964 5.5 0
    endloop
  endfacet
  facet normal 0 0 -1
    outer loop
      vertex 96.0975 85.0814 0
      vertex 101.5 87.5 0
      vertex 96.1421 84.94 0
    endloop
  endfacet
  facet normal 0 0 -1
    outer loop
      vertex 95.7021 9.29792 0
      vertex 100.964 5.5 0
      vertex 100.777 5.20569 0
    endloop
  endfacet
  facet normal 0 0 -1
    outer loop
      vertex 96.0407 85.2185 0
      vertex 101.5 87.5 0
      vertex 96.0975 85.0814 0
    endloop
  endfacet
  facet normal 0 0 -1
    outer loop
      vertex 95.7021 9.29792 0
      vertex 100.777 5.20569 0
      vertex 100.564 4.92885 0
    endloop
  endfacet
  facet normal 0 0 -1
    outer loop
      vertex 95.9722 85.35 0
      vertex 101.5 87.5 0
      vertex 96.0407 85.2185 0
    endloop
  endfacet
  facet normal 0 0 -1
    outer loop
      vertex 95.7021 9.29792 0
      vertex 100.564 4.92885 0
      vertex 100.328 4.67157 0
    endloop
  endfacet
  facet normal 0 0 -1
    outer loop
      vertex 95.8926 85.4751 0
      vertex 101.5 87.5 0
      vertex 95.9722 85.35 0
    endloop
  endfacet
  facet normal 0 0 -1
    outer loop
      vertex 95.7021 9.29792 0
      vertex 100.328 4.67157 0
      vertex 100.071 4.43582 0
    endloop
  endfacet
  facet normal 0 0 -1
    outer loop
      vertex 95.8023 85.5927 0
      vertex 101.5 87.5 0
      vertex 95.8926 85.4751 0
    endloop
  endfacet
  facet normal 0 0 -1
    outer loop
      vertex 95.7021 9.29792 0
      vertex 100.071 4.43582 0
      vertex 99.7943 4.22339 0
    endloop
  endfacet
  facet normal -0 0 -1
    outer loop
      vertex 101.5 87.5 0
      vertex 95.8023 85.5927 0
      vertex 101.485 87.8486 0
    endloop
  endfacet
  facet normal 0 0 -1
    outer loop
      vertex 95.7021 9.29792 0
      vertex 99.7943 4.22339 0
      vertex 99.5 4.0359 0
    endloop
  endfacet
  facet normal -0 0 -1
    outer loop
      vertex 101.485 87.8486 0
      vertex 95.8023 85.5927 0
      vertex 101.439 88.1946 0
    endloop
  endfacet
  facet normal 0 0 -1
    outer loop
      vertex 95.7021 9.29792 0
      vertex 99.5 4.0359 0
      vertex 99.1905 3.87477 0
    endloop
  endfacet
  facet normal -0 0 -1
    outer loop
      vertex 101.439 88.1946 0
      vertex 95.8023 85.5927 0
      vertex 101.364 88.5353 0
    endloop
  endfacet
  facet normal 0 0 -1
    outer loop
      vertex 95.5927 9.19772 0
      vertex 99.1905 3.87477 0
      vertex 98.8681 3.74123 0
    endloop
  endfacet
  facet normal -0 0 -1
    outer loop
      vertex 101.364 88.5353 0
      vertex 95.8023 85.5927 0
      vertex 101.259 88.8681 0
    endloop
  endfacet
  facet normal 0 0 -1
    outer loop
      vertex 95.5927 9.19772 0
      vertex 98.8681 3.74123 0
      vertex 98.5353 3.6363 0
    endloop
  endfacet
  facet normal -0 0 -1
    outer loop
      vertex 101.259 88.8681 0
      vertex 95.8023 85.5927 0
      vertex 101.125 89.1905 0
    endloop
  endfacet
  facet normal 0 0 -1
    outer loop
      vertex 95.5927 9.19772 0
      vertex 98.5353 3.6363 0
      vertex 98.1946 3.56077 0
    endloop
  endfacet
  facet normal -0 0 -1
    outer loop
      vertex 101.125 89.1905 0
      vertex 95.8023 85.5927 0
      vertex 100.964 89.5 0
    endloop
  endfacet
  facet normal 0 0 -1
    outer loop
      vertex 95.5927 9.19772 0
      vertex 98.1946 3.56077 0
      vertex 97.8486 3.51522 0
    endloop
  endfacet
  facet normal 0 0 -1
    outer loop
      vertex 95.7021 85.7021 0
      vertex 100.964 89.5 0
      vertex 95.8023 85.5927 0
    endloop
  endfacet
  facet normal 0 0 -1
    outer loop
      vertex 95.5927 9.19772 0
      vertex 97.8486 3.51522 0
      vertex 97.5 3.5 0
    endloop
  endfacet
  facet normal -0 0 -1
    outer loop
      vertex 100.964 89.5 0
      vertex 95.7021 85.7021 0
      vertex 100.777 89.7943 0
    endloop
  endfacet
  facet normal -0 0 -1
    outer loop
      vertex 100.777 89.7943 0
      vertex 95.7021 85.7021 0
      vertex 100.564 90.0712 0
    endloop
  endfacet
  facet normal 0 0 -1
    outer loop
      vertex 101.5 7.5 0
      vertex 96.1935 10.3518 0
      vertex 96.2 10.5 0
    endloop
  endfacet
  facet normal 0 0 -1
    outer loop
      vertex 101.5 7.5 0
      vertex 96.1742 10.2048 0
      vertex 96.1935 10.3518 0
    endloop
  endfacet
  facet normal 0 0 -1
    outer loop
      vertex 101.5 7.5 0
      vertex 96.1421 10.06 0
      vertex 96.1742 10.2048 0
    endloop
  endfacet
  facet normal 0 0 -1
    outer loop
      vertex 101.5 7.5 0
      vertex 96.0975 9.91857 0
      vertex 96.1421 10.06 0
    endloop
  endfacet
  facet normal 0 0 -1
    outer loop
      vertex 101.5 7.5 0
      vertex 96.0407 9.78155 0
      vertex 96.0975 9.91857 0
    endloop
  endfacet
  facet normal 0 0 -1
    outer loop
      vertex 101.5 7.5 0
      vertex 95.9722 9.65 0
      vertex 96.0407 9.78155 0
    endloop
  endfacet
  facet normal 0 0 -1
    outer loop
      vertex 101.5 7.5 0
      vertex 95.8926 9.52492 0
      vertex 95.9722 9.65 0
    endloop
  endfacet
  facet normal 0 0 -1
    outer loop
      vertex 101.5 7.5 0
      vertex 95.8023 9.40726 0
      vertex 95.8926 9.52492 0
    endloop
  endfacet
  facet normal 0 0 -1
    outer loop
      vertex 100.964 5.5 0
      vertex 95.7021 9.29792 0
      vertex 95.8023 9.40726 0
    endloop
  endfacet
  facet normal 0 0 -1
    outer loop
      vertex 99.1905 3.87477 0
      vertex 95.5927 9.19772 0
      vertex 95.7021 9.29792 0
    endloop
  endfacet
  facet normal 0 0 -1
    outer loop
      vertex 97.5 3.5 0
      vertex 95.4751 9.10744 0
      vertex 95.5927 9.19772 0
    endloop
  endfacet
  facet normal 0 0 -1
    outer loop
      vertex 97.5 3.5 0
      vertex 95.35 9.02776 0
      vertex 95.4751 9.10744 0
    endloop
  endfacet
  facet normal 0 0 -1
    outer loop
      vertex 97.5 3.5 0
      vertex 95.2185 8.95928 0
      vertex 95.35 9.02776 0
    endloop
  endfacet
  facet normal 0 0 -1
    outer loop
      vertex 97.5 3.5 0
      vertex 95.0814 8.90252 0
      vertex 95.2185 8.95928 0
    endloop
  endfacet
  facet normal 0 0 -1
    outer loop
      vertex 97.5 3.5 0
      vertex 94.94 8.85793 0
      vertex 95.0814 8.90252 0
    endloop
  endfacet
  facet normal 0 0 -1
    outer loop
      vertex 97.5 3.5 0
      vertex 94.7952 8.82583 0
      vertex 94.94 8.85793 0
    endloop
  endfacet
  facet normal 0 0 -1
    outer loop
      vertex 97.5 3.5 0
      vertex 94.6482 8.80647 0
      vertex 94.7952 8.82583 0
    endloop
  endfacet
  facet normal 0 0 -1
    outer loop
      vertex 97.5 3.5 0
      vertex 94.5 8.8 0
      vertex 94.6482 8.80647 0
    endloop
  endfacet
  facet normal 0 0 -1
    outer loop
      vertex 97.5 3.5 0
      vertex 94.3518 8.80647 0
      vertex 94.5 8.8 0
    endloop
  endfacet
  facet normal 0 0 -1
    outer loop
      vertex 97.5 3.5 0
      vertex 94.2048 8.82583 0
      vertex 94.3518 8.80647 0
    endloop
  endfacet
  facet normal 0 0 -1
    outer loop
      vertex 97.5 3.5 0
      vertex 94.06 8.85793 0
      vertex 94.2048 8.82583 0
    endloop
  endfacet
  facet normal 0 0 -1
    outer loop
      vertex 97.5 3.5 0
      vertex 93.9186 8.90252 0
      vertex 94.06 8.85793 0
    endloop
  endfacet
  facet normal 0 0 -1
    outer loop
      vertex 97.5 3.5 0
      vertex 93.7815 8.95928 0
      vertex 93.9186 8.90252 0
    endloop
  endfacet
  facet normal 0 0 -1
    outer loop
      vertex 97.5 3.5 0
      vertex 93.65 9.02776 0
      vertex 93.7815 8.95928 0
    endloop
  endfacet
  facet normal 0 0 -1
    outer loop
      vertex 97.5 3.5 0
      vertex 93.5249 9.10744 0
      vertex 93.65 9.02776 0
    endloop
  endfacet
  facet normal 0 0 -1
    outer loop
      vertex 97.5 3.5 0
      vertex 93.4073 9.19772 0
      vertex 93.5249 9.10744 0
    endloop
  endfacet
  facet normal 0 0 -1
    outer loop
      vertex 97.5 3.5 0
      vertex 93.2979 9.29792 0
      vertex 93.4073 9.19772 0
    endloop
  endfacet
  facet normal 0 0 -1
    outer loop
      vertex 62.1173 16.8141 0
      vertex 93.2979 9.29792 0
      vertex 97.5 3.5 0
    endloop
  endfacet
  facet normal 0 0 -1
    outer loop
      vertex 93.2979 9.29792 0
      vertex 62.1173 16.8141 0
      vertex 93.1977 9.40726 0
    endloop
  endfacet
  facet normal 0 0 -1
    outer loop
      vertex 94.06 12.1421 0
      vertex 71 29.5 0
      vertex 70.9486 30.6766 0
    endloop
  endfacet
  facet normal 0 0 -1
    outer loop
      vertex 67.0459 19.9541 0
      vertex 92.8 10.5 0
      vertex 92.8065 10.3518 0
    endloop
  endfacet
  facet normal 0 0 -1
    outer loop
      vertex 67.0459 19.9541 0
      vertex 92.8065 10.3518 0
      vertex 92.8258 10.2048 0
    endloop
  endfacet
  facet normal 0 0 -1
    outer loop
      vertex 66.1776 19.1584 0
      vertex 92.8258 10.2048 0
      vertex 92.8579 10.06 0
    endloop
  endfacet
  facet normal 0 0 -1
    outer loop
      vertex 65.2433 18.4414 0
      vertex 92.8579 10.06 0
      vertex 92.9025 9.91857 0
    endloop
  endfacet
  facet normal 0 0 -1
    outer loop
      vertex 65.2433 18.4414 0
      vertex 92.9025 9.91857 0
      vertex 92.9593 9.78155 0
    endloop
  endfacet
  facet normal 0 0 -1
    outer loop
      vertex 64.25 17.8087 0
      vertex 92.9593 9.78155 0
      vertex 93.0278 9.65 0
    endloop
  endfacet
  facet normal 0 0 -1
    outer loop
      vertex 64.25 17.8087 0
      vertex 93.0278 9.65 0
      vertex 93.1074 9.52492 0
    endloop
  endfacet
  facet normal 0 -0 -1
    outer loop
      vertex 63.2053 17.2648 0
      vertex 93.1977 9.40726 0
      vertex 62.1173 16.8141 0
    endloop
  endfacet
  facet normal 0 0 -1
    outer loop
      vertex 93.9186 12.0975 0
      vertex 70.9486 28.3234 0
      vertex 71 29.5 0
    endloop
  endfacet
  facet normal 0 0 -1
    outer loop
      vertex 93.65 11.9722 0
      vertex 70.7949 27.1558 0
      vertex 70.9486 28.3234 0
    endloop
  endfacet
  facet normal 0 0 -1
    outer loop
      vertex 93.5249 11.8926 0
      vertex 70.54 26.0059 0
      vertex 70.7949 27.1558 0
    endloop
  endfacet
  facet normal 0 0 -1
    outer loop
      vertex 93.2979 11.7021 0
      vertex 70.1859 24.8827 0
      vertex 70.54 26.0059 0
    endloop
  endfacet
  facet normal 0 0 -1
    outer loop
      vertex 93.1074 11.4751 0
      vertex 69.7352 23.7947 0
      vertex 70.1859 24.8827 0
    endloop
  endfacet
  facet normal 0 0 -1
    outer loop
      vertex 92.9593 11.2185 0
      vertex 69.1913 22.75 0
      vertex 69.7352 23.7947 0
    endloop
  endfacet
  facet normal 0 0 -1
    outer loop
      vertex 92.8579 10.94 0
      vertex 68.5585 21.7567 0
      vertex 69.1913 22.75 0
    endloop
  endfacet
  facet normal 0 0 -1
    outer loop
      vertex 92.8258 10.7952 0
      vertex 67.8416 20.8224 0
      vertex 68.5585 21.7567 0
    endloop
  endfacet
  facet normal 0 0 -1
    outer loop
      vertex 92.8 10.5 0
      vertex 67.0459 19.9541 0
      vertex 67.8416 20.8224 0
    endloop
  endfacet
  facet normal 0 0 -1
    outer loop
      vertex 92.8258 10.2048 0
      vertex 66.1776 19.1584 0
      vertex 67.0459 19.9541 0
    endloop
  endfacet
  facet normal 0 0 -1
    outer loop
      vertex 92.8579 10.06 0
      vertex 65.2433 18.4414 0
      vertex 66.1776 19.1584 0
    endloop
  endfacet
  facet normal 0 0 -1
    outer loop
      vertex 92.9593 9.78155 0
      vertex 64.25 17.8087 0
      vertex 65.2433 18.4414 0
    endloop
  endfacet
  facet normal 0 0 -1
    outer loop
      vertex 93.1074 9.52492 0
      vertex 63.2053 17.2648 0
      vertex 64.25 17.8087 0
    endloop
  endfacet
  facet normal 0 0 -1
    outer loop
      vertex 93.1977 9.40726 0
      vertex 63.2053 17.2648 0
      vertex 93.1074 9.52492 0
    endloop
  endfacet
  facet normal 0 0 -1
    outer loop
      vertex 97.5 3.5 0
      vertex 60.9941 16.46 0
      vertex 62.1173 16.8141 0
    endloop
  endfacet
  facet normal 0 0 -1
    outer loop
      vertex 97.5 3.5 0
      vertex 59.8442 16.2051 0
      vertex 60.9941 16.46 0
    endloop
  endfacet
  facet normal 0 0 -1
    outer loop
      vertex 97.5 3.5 0
      vertex 58.6766 16.0514 0
      vertex 59.8442 16.2051 0
    endloop
  endfacet
  facet normal 0 0 -1
    outer loop
      vertex 97.5 3.5 0
      vertex 57.5 16 0
      vertex 58.6766 16.0514 0
    endloop
  endfacet
  facet normal 0 0 -1
    outer loop
      vertex 17.5 3.5 0
      vertex 57.5 16 0
      vertex 97.5 3.5 0
    endloop
  endfacet
  facet normal -0 0 -1
    outer loop
      vertex 57.5 16 0
      vertex 17.5 3.5 0
      vertex 56.3234 16.0514 0
    endloop
  endfacet
  facet normal -0 0 -1
    outer loop
      vertex 56.3234 16.0514 0
      vertex 17.5 3.5 0
      vertex 55.1558 16.2051 0
    endloop
  endfacet
  facet normal -0 0 -1
    outer loop
      vertex 45.8087 22.75 0
      vertex 22.0407 11.2185 0
      vertex 45.2648 23.7947 0
    endloop
  endfacet
  facet normal 0 0 -1
    outer loop
      vertex 22.0407 11.2185 0
      vertex 45.8087 22.75 0
      vertex 22.0975 11.0814 0
    endloop
  endfacet
  facet normal 0 0 -1
    outer loop
      vertex 22.0975 11.0814 0
      vertex 45.8087 22.75 0
      vertex 22.1421 10.94 0
    endloop
  endfacet
  facet normal -0 0 -1
    outer loop
      vertex 46.4414 21.7567 0
      vertex 22.1421 10.94 0
      vertex 45.8087 22.75 0
    endloop
  endfacet
  facet normal 0 0 -1
    outer loop
      vertex 22.1421 10.94 0
      vertex 46.4414 21.7567 0
      vertex 22.1742 10.7952 0
    endloop
  endfacet
  facet normal -0 0 -1
    outer loop
      vertex 47.1584 20.8224 0
      vertex 22.1742 10.7952 0
      vertex 46.4414 21.7567 0
    endloop
  endfacet
  facet normal 0 0 -1
    outer loop
      vertex 22.1742 10.7952 0
      vertex 47.1584 20.8224 0
      vertex 22.1935 10.6482 0
    endloop
  endfacet
  facet normal 0 0 -1
    outer loop
      vertex 22.1935 10.6482 0
      vertex 47.1584 20.8224 0
      vertex 22.2 10.5 0
    endloop
  endfacet
  facet normal -0 0 -1
    outer loop
      vertex 47.9541 19.9541 0
      vertex 22.2 10.5 0
      vertex 47.1584 20.8224 0
    endloop
  endfacet
  facet normal 0 0 -1
    outer loop
      vertex 22.1742 10.2048 0
      vertex 47.9541 19.9541 0
      vertex 48.8224 19.1584 0
    endloop
  endfacet
  facet normal 0 0 -1
    outer loop
      vertex 22.1421 10.06 0
      vertex 48.8224 19.1584 0
      vertex 49.7567 18.4414 0
    endloop
  endfacet
  facet normal 0 0 -1
    outer loop
      vertex 22.0407 9.78155 0
      vertex 49.7567 18.4414 0
      vertex 50.75 17.8087 0
    endloop
  endfacet
  facet normal 0 0 -1
    outer loop
      vertex 21.9722 9.65 0
      vertex 50.75 17.8087 0
      vertex 51.7947 17.2648 0
    endloop
  endfacet
  facet normal 0 0 -1
    outer loop
      vertex 21.8023 9.40726 0
      vertex 51.7947 17.2648 0
      vertex 52.8827 16.8141 0
    endloop
  endfacet
  facet normal 0 0 -1
    outer loop
      vertex 17.5 3.5 0
      vertex 52.8827 16.8141 0
      vertex 54.0059 16.46 0
    endloop
  endfacet
  facet normal -0 0 -1
    outer loop
      vertex 55.1558 16.2051 0
      vertex 17.5 3.5 0
      vertex 54.0059 16.46 0
    endloop
  endfacet
  facet normal 0 0 -1
    outer loop
      vertex 47.9541 19.9541 0
      vertex 22.1935 10.3518 0
      vertex 22.2 10.5 0
    endloop
  endfacet
  facet normal 0 0 -1
    outer loop
      vertex 47.9541 19.9541 0
      vertex 22.1742 10.2048 0
      vertex 22.1935 10.3518 0
    endloop
  endfacet
  facet normal 0 0 -1
    outer loop
      vertex 48.8224 19.1584 0
      vertex 22.1421 10.06 0
      vertex 22.1742 10.2048 0
    endloop
  endfacet
  facet normal 0 0 -1
    outer loop
      vertex 49.7567 18.4414 0
      vertex 22.0975 9.91857 0
      vertex 22.1421 10.06 0
    endloop
  endfacet
  facet normal 0 0 -1
    outer loop
      vertex 49.7567 18.4414 0
      vertex 22.0407 9.78155 0
      vertex 22.0975 9.91857 0
    endloop
  endfacet
  facet normal 0 0 -1
    outer loop
      vertex 50.75 17.8087 0
      vertex 21.9722 9.65 0
      vertex 22.0407 9.78155 0
    endloop
  endfacet
  facet normal 0 0 -1
    outer loop
      vertex 51.7947 17.2648 0
      vertex 21.8926 9.52492 0
      vertex 21.9722 9.65 0
    endloop
  endfacet
  facet normal 0 0 -1
    outer loop
      vertex 51.7947 17.2648 0
      vertex 21.8023 9.40726 0
      vertex 21.8926 9.52492 0
    endloop
  endfacet
  facet normal 0 0 -1
    outer loop
      vertex 52.8827 16.8141 0
      vertex 17.5 3.5 0
      vertex 21.7021 9.29792 0
    endloop
  endfacet
  facet normal 0 0 -1
    outer loop
      vertex 52.8827 16.8141 0
      vertex 21.7021 9.29792 0
      vertex 21.8023 9.40726 0
    endloop
  endfacet
  facet normal 0 0 -1
    outer loop
      vertex 21.7021 9.29792 0
      vertex 17.5 3.5 0
      vertex 21.5927 9.19772 0
    endloop
  endfacet
  facet normal 0 0 -1
    outer loop
      vertex 21.5927 9.19772 0
      vertex 17.5 3.5 0
      vertex 21.4751 9.10744 0
    endloop
  endfacet
  facet normal 0 0 -1
    outer loop
      vertex 21.4751 9.10744 0
      vertex 17.5 3.5 0
      vertex 21.35 9.02776 0
    endloop
  endfacet
  facet normal 0 0 -1
    outer loop
      vertex 21.35 9.02776 0
      vertex 17.5 3.5 0
      vertex 21.2185 8.95928 0
    endloop
  endfacet
  facet normal 0 0 -1
    outer loop
      vertex 21.2185 8.95928 0
      vertex 17.5 3.5 0
      vertex 21.0814 8.90252 0
    endloop
  endfacet
  facet normal 0 0 -1
    outer loop
      vertex 21.0814 8.90252 0
      vertex 17.5 3.5 0
      vertex 20.94 8.85793 0
    endloop
  endfacet
  facet normal 0 0 -1
    outer loop
      vertex 20.94 8.85793 0
      vertex 17.5 3.5 0
      vertex 20.7952 8.82583 0
    endloop
  endfacet
  facet normal 0 0 -1
    outer loop
      vertex 20.7952 8.82583 0
      vertex 17.5 3.5 0
      vertex 20.6482 8.80647 0
    endloop
  endfacet
  facet normal 0 0 -1
    outer loop
      vertex 20.6482 8.80647 0
      vertex 17.5 3.5 0
      vertex 20.5 8.8 0
    endloop
  endfacet
  facet normal 0 0 -1
    outer loop
      vertex 14.4358 4.92885 0
      vertex 19.2979 9.29792 0
      vertex 14.6716 4.67157 0
    endloop
  endfacet
  facet normal 0 0 -1
    outer loop
      vertex 14.6716 4.67157 0
      vertex 19.2979 9.29792 0
      vertex 14.9288 4.43582 0
    endloop
  endfacet
  facet normal 0 0 -1
    outer loop
      vertex 14.9288 4.43582 0
      vertex 19.2979 9.29792 0
      vertex 15.2057 4.22339 0
    endloop
  endfacet
  facet normal 0 0 -1
    outer loop
      vertex 15.2057 4.22339 0
      vertex 19.2979 9.29792 0
      vertex 15.5 4.0359 0
    endloop
  endfacet
  facet normal 0 0 -1
    outer loop
      vertex 15.5 4.0359 0
      vertex 19.2979 9.29792 0
      vertex 15.8095 3.87477 0
    endloop
  endfacet
  facet normal -0 0 -1
    outer loop
      vertex 19.4073 9.19772 0
      vertex 15.8095 3.87477 0
      vertex 19.2979 9.29792 0
    endloop
  endfacet
  facet normal 0 0 -1
    outer loop
      vertex 15.8095 3.87477 0
      vertex 19.4073 9.19772 0
      vertex 16.1319 3.74123 0
    endloop
  endfacet
  facet normal 0 0 -1
    outer loop
      vertex 16.1319 3.74123 0
      vertex 19.4073 9.19772 0
      vertex 16.4647 3.6363 0
    endloop
  endfacet
  facet normal 0 0 -1
    outer loop
      vertex 16.4647 3.6363 0
      vertex 19.4073 9.19772 0
      vertex 16.8054 3.56077 0
    endloop
  endfacet
  facet normal 0 0 -1
    outer loop
      vertex 16.8054 3.56077 0
      vertex 19.4073 9.19772 0
      vertex 17.1514 3.51522 0
    endloop
  endfacet
  facet normal 0 0 -1
    outer loop
      vertex 17.1514 3.51522 0
      vertex 19.4073 9.19772 0
      vertex 17.5 3.5 0
    endloop
  endfacet
  facet normal -0 0 -1
    outer loop
      vertex 19.5249 9.10744 0
      vertex 17.5 3.5 0
      vertex 19.4073 9.19772 0
    endloop
  endfacet
  facet normal -0 0 -1
    outer loop
      vertex 19.65 9.02776 0
      vertex 17.5 3.5 0
      vertex 19.5249 9.10744 0
    endloop
  endfacet
  facet normal -0 0 -1
    outer loop
      vertex 19.7815 8.95928 0
      vertex 17.5 3.5 0
      vertex 19.65 9.02776 0
    endloop
  endfacet
  facet normal -0 0 -1
    outer loop
      vertex 19.9186 8.90252 0
      vertex 17.5 3.5 0
      vertex 19.7815 8.95928 0
    endloop
  endfacet
  facet normal -0 0 -1
    outer loop
      vertex 20.06 8.85793 0
      vertex 17.5 3.5 0
      vertex 19.9186 8.90252 0
    endloop
  endfacet
  facet normal -0 0 -1
    outer loop
      vertex 20.2048 8.82583 0
      vertex 17.5 3.5 0
      vertex 20.06 8.85793 0
    endloop
  endfacet
  facet normal -0 0 -1
    outer loop
      vertex 20.3518 8.80647 0
      vertex 17.5 3.5 0
      vertex 20.2048 8.82583 0
    endloop
  endfacet
  facet normal -0 0 -1
    outer loop
      vertex 20.5 8.8 0
      vertex 17.5 3.5 0
      vertex 20.3518 8.80647 0
    endloop
  endfacet
  facet normal -0 0 -1
    outer loop
      vertex 100.564 90.0712 0
      vertex 95.7021 85.7021 0
      vertex 100.328 90.3284 0
    endloop
  endfacet
  facet normal -0 0 -1
    outer loop
      vertex 100.328 90.3284 0
      vertex 95.7021 85.7021 0
      vertex 100.071 90.5642 0
    endloop
  endfacet
  facet normal -0 0 -1
    outer loop
      vertex 100.071 90.5642 0
      vertex 95.7021 85.7021 0
      vertex 99.7943 90.7766 0
    endloop
  endfacet
  facet normal -0 0 -1
    outer loop
      vertex 99.7943 90.7766 0
      vertex 95.7021 85.7021 0
      vertex 99.5 90.9641 0
    endloop
  endfacet
  facet normal -0 0 -1
    outer loop
      vertex 99.5 90.9641 0
      vertex 95.7021 85.7021 0
      vertex 99.1905 91.1252 0
    endloop
  endfacet
  facet normal 0 0 -1
    outer loop
      vertex 95.5927 85.8023 0
      vertex 99.1905 91.1252 0
      vertex 95.7021 85.7021 0
    endloop
  endfacet
  facet normal -0 0 -1
    outer loop
      vertex 99.1905 91.1252 0
      vertex 95.5927 85.8023 0
      vertex 98.8681 91.2588 0
    endloop
  endfacet
  facet normal -0 0 -1
    outer loop
      vertex 98.8681 91.2588 0
      vertex 95.5927 85.8023 0
      vertex 98.5353 91.3637 0
    endloop
  endfacet
  facet normal -0 0 -1
    outer loop
      vertex 98.5353 91.3637 0
      vertex 95.5927 85.8023 0
      vertex 98.1946 91.4392 0
    endloop
  endfacet
  facet normal -0 0 -1
    outer loop
      vertex 98.1946 91.4392 0
      vertex 95.5927 85.8023 0
      vertex 97.8486 91.4848 0
    endloop
  endfacet
  facet normal -0 0 -1
    outer loop
      vertex 97.8486 91.4848 0
      vertex 95.5927 85.8023 0
      vertex 97.5 91.5 0
    endloop
  endfacet
  facet normal 0 0 -1
    outer loop
      vertex 95.4751 85.8926 0
      vertex 97.5 91.5 0
      vertex 95.5927 85.8023 0
    endloop
  endfacet
  facet normal 0 0 -1
    outer loop
      vertex 95.35 85.9722 0
      vertex 97.5 91.5 0
      vertex 95.4751 85.8926 0
    endloop
  endfacet
  facet normal 0 0 -1
    outer loop
      vertex 95.2185 86.0407 0
      vertex 97.5 91.5 0
      vertex 95.35 85.9722 0
    endloop
  endfacet
  facet normal 0 0 -1
    outer loop
      vertex 95.0814 86.0975 0
      vertex 97.5 91.5 0
      vertex 95.2185 86.0407 0
    endloop
  endfacet
  facet normal 0 0 -1
    outer loop
      vertex 94.94 86.1421 0
      vertex 97.5 91.5 0
      vertex 95.0814 86.0975 0
    endloop
  endfacet
  facet normal 0 0 -1
    outer loop
      vertex 94.7952 86.1742 0
      vertex 97.5 91.5 0
      vertex 94.94 86.1421 0
    endloop
  endfacet
  facet normal 0 0 -1
    outer loop
      vertex 94.6482 86.1935 0
      vertex 97.5 91.5 0
      vertex 94.7952 86.1742 0
    endloop
  endfacet
  facet normal 0 0 -1
    outer loop
      vertex 94.5 86.2 0
      vertex 97.5 91.5 0
      vertex 94.6482 86.1935 0
    endloop
  endfacet
  facet normal 0 0 -1
    outer loop
      vertex 94.3518 86.1935 0
      vertex 97.5 91.5 0
      vertex 94.5 86.2 0
    endloop
  endfacet
  facet normal 0 0 -1
    outer loop
      vertex 94.2048 86.1742 0
      vertex 97.5 91.5 0
      vertex 94.3518 86.1935 0
    endloop
  endfacet
  facet normal 0 0 -1
    outer loop
      vertex 94.06 86.1421 0
      vertex 97.5 91.5 0
      vertex 94.2048 86.1742 0
    endloop
  endfacet
  facet normal 0 0 -1
    outer loop
      vertex 93.9186 86.0975 0
      vertex 97.5 91.5 0
      vertex 94.06 86.1421 0
    endloop
  endfacet
  facet normal 0 0 -1
    outer loop
      vertex 93.7815 86.0407 0
      vertex 97.5 91.5 0
      vertex 93.9186 86.0975 0
    endloop
  endfacet
  facet normal 0 0 -1
    outer loop
      vertex 93.65 85.9722 0
      vertex 97.5 91.5 0
      vertex 93.7815 86.0407 0
    endloop
  endfacet
  facet normal 0 0 -1
    outer loop
      vertex 93.5249 85.8926 0
      vertex 97.5 91.5 0
      vertex 93.65 85.9722 0
    endloop
  endfacet
  facet normal 0 0 -1
    outer loop
      vertex 93.4073 85.8023 0
      vertex 97.5 91.5 0
      vertex 93.5249 85.8926 0
    endloop
  endfacet
  facet normal 0 0 -1
    outer loop
      vertex 93.2979 85.7021 0
      vertex 97.5 91.5 0
      vertex 93.4073 85.8023 0
    endloop
  endfacet
  facet normal 0 0 -1
    outer loop
      vertex 93.1977 85.5927 0
      vertex 97.5 91.5 0
      vertex 93.2979 85.7021 0
    endloop
  endfacet
  facet normal 0 0 -1
    outer loop
      vertex 21.8023 85.5927 0
      vertex 93.1977 85.5927 0
      vertex 93.1074 85.4751 0
    endloop
  endfacet
  facet normal 0 0 -1
    outer loop
      vertex 94.3518 12.1935 0
      vertex 70.9486 30.6766 0
      vertex 70.7949 31.8442 0
    endloop
  endfacet
  facet normal 0 0 -1
    outer loop
      vertex 94.5 12.2 0
      vertex 70.7949 31.8442 0
      vertex 70.54 32.9941 0
    endloop
  endfacet
  facet normal 0 0 -1
    outer loop
      vertex 94.7952 12.1742 0
      vertex 70.54 32.9941 0
      vertex 70.1859 34.1173 0
    endloop
  endfacet
  facet normal 0 0 -1
    outer loop
      vertex 63.2053 41.7352 0
      vertex 93.2979 83.2979 0
      vertex 64.25 41.1913 0
    endloop
  endfacet
  facet normal -0 0 -1
    outer loop
      vertex 93.2979 83.2979 0
      vertex 63.2053 41.7352 0
      vertex 93.1977 83.4073 0
    endloop
  endfacet
  facet normal 0 0 -1
    outer loop
      vertex 62.1173 42.1859 0
      vertex 93.1977 83.4073 0
      vertex 63.2053 41.7352 0
    endloop
  endfacet
  facet normal -0 0 -1
    outer loop
      vertex 93.1977 83.4073 0
      vertex 62.1173 42.1859 0
      vertex 93.1074 83.5249 0
    endloop
  endfacet
  facet normal -0 0 -1
    outer loop
      vertex 93.1074 83.5249 0
      vertex 62.1173 42.1859 0
      vertex 93.0278 83.65 0
    endloop
  endfacet
  facet normal 0 0 -1
    outer loop
      vertex 60.9941 42.54 0
      vertex 93.0278 83.65 0
      vertex 62.1173 42.1859 0
    endloop
  endfacet
  facet normal -0 0 -1
    outer loop
      vertex 93.0278 83.65 0
      vertex 60.9941 42.54 0
      vertex 92.9593 83.7815 0
    endloop
  endfacet
  facet normal 0 0 -1
    outer loop
      vertex 59.8442 42.7949 0
      vertex 92.9593 83.7815 0
      vertex 60.9941 42.54 0
    endloop
  endfacet
  facet normal -0 0 -1
    outer loop
      vertex 92.9593 83.7815 0
      vertex 59.8442 42.7949 0
      vertex 92.9025 83.9186 0
    endloop
  endfacet
  facet normal 0 0 -1
    outer loop
      vertex 58.6766 42.9486 0
      vertex 92.9025 83.9186 0
      vertex 59.8442 42.7949 0
    endloop
  endfacet
  facet normal -0 0 -1
    outer loop
      vertex 92.9025 83.9186 0
      vertex 58.6766 42.9486 0
      vertex 92.8579 84.06 0
    endloop
  endfacet
  facet normal -0 0 -1
    outer loop
      vertex 92.8579 84.06 0
      vertex 58.6766 42.9486 0
      vertex 92.8258 84.2048 0
    endloop
  endfacet
  facet normal 0 0 -1
    outer loop
      vertex 57.5 43 0
      vertex 92.8258 84.2048 0
      vertex 58.6766 42.9486 0
    endloop
  endfacet
  facet normal 0 0 -1
    outer loop
      vertex 22.2 84.5 0
      vertex 92.8258 84.2048 0
      vertex 57.5 43 0
    endloop
  endfacet
  facet normal 0 0 -1
    outer loop
      vertex 92.8258 84.2048 0
      vertex 22.2 84.5 0
      vertex 92.8065 84.3518 0
    endloop
  endfacet
  facet normal 0 0 -1
    outer loop
      vertex 92.8065 84.3518 0
      vertex 22.2 84.5 0
      vertex 92.8 84.5 0
    endloop
  endfacet
  facet normal 0 0 -1
    outer loop
      vertex 92.8 84.5 0
      vertex 22.2 84.5 0
      vertex 92.8065 84.6482 0
    endloop
  endfacet
  facet normal 0 0 -1
    outer loop
      vertex 22.1935 84.6482 0
      vertex 92.8065 84.6482 0
      vertex 22.2 84.5 0
    endloop
  endfacet
  facet normal 0 0 -1
    outer loop
      vertex 92.8065 84.6482 0
      vertex 22.1935 84.6482 0
      vertex 92.8258 84.7952 0
    endloop
  endfacet
  facet normal 0 0 -1
    outer loop
      vertex 22.1742 84.7952 0
      vertex 92.8258 84.7952 0
      vertex 22.1935 84.6482 0
    endloop
  endfacet
  facet normal 0 0 -1
    outer loop
      vertex 92.8258 84.7952 0
      vertex 22.1742 84.7952 0
      vertex 92.8579 84.94 0
    endloop
  endfacet
  facet normal 0 0 -1
    outer loop
      vertex 22.1421 84.94 0
      vertex 92.8579 84.94 0
      vertex 22.1742 84.7952 0
    endloop
  endfacet
  facet normal 0 0 -1
    outer loop
      vertex 92.8579 84.94 0
      vertex 22.1421 84.94 0
      vertex 92.9025 85.0814 0
    endloop
  endfacet
  facet normal 0 0 -1
    outer loop
      vertex 22.2 84.5 0
      vertex 57.5 43 0
      vertex 56.3234 42.9486 0
    endloop
  endfacet
  facet normal 0 0 -1
    outer loop
      vertex 22.2 84.5 0
      vertex 56.3234 42.9486 0
      vertex 55.1558 42.7949 0
    endloop
  endfacet
  facet normal 0 0 -1
    outer loop
      vertex 22.2 84.5 0
      vertex 55.1558 42.7949 0
      vertex 54.0059 42.54 0
    endloop
  endfacet
  facet normal 0 0 -1
    outer loop
      vertex 22.2 84.5 0
      vertex 54.0059 42.54 0
      vertex 52.8827 42.1859 0
    endloop
  endfacet
  facet normal 0 0 -1
    outer loop
      vertex 22.2 84.5 0
      vertex 52.8827 42.1859 0
      vertex 51.7947 41.7352 0
    endloop
  endfacet
  facet normal 0 0 -1
    outer loop
      vertex 22.2 84.5 0
      vertex 51.7947 41.7352 0
      vertex 50.75 41.1913 0
    endloop
  endfacet
  facet normal 0 0 -1
    outer loop
      vertex 22.2 84.5 0
      vertex 50.75 41.1913 0
      vertex 49.7567 40.5586 0
    endloop
  endfacet
  facet normal 0 0 -1
    outer loop
      vertex 22.2 84.5 0
      vertex 49.7567 40.5586 0
      vertex 48.8224 39.8416 0
    endloop
  endfacet
  facet normal 0 0 -1
    outer loop
      vertex 22.2 84.5 0
      vertex 48.8224 39.8416 0
      vertex 47.9541 39.0459 0
    endloop
  endfacet
  facet normal 0 0 -1
    outer loop
      vertex 21.9722 11.35 0
      vertex 45.2648 23.7947 0
      vertex 22.0407 11.2185 0
    endloop
  endfacet
  facet normal 0 0 -1
    outer loop
      vertex 21.8926 11.4751 0
      vertex 45.2648 23.7947 0
      vertex 21.9722 11.35 0
    endloop
  endfacet
  facet normal -0 0 -1
    outer loop
      vertex 45.2648 23.7947 0
      vertex 21.8926 11.4751 0
      vertex 44.8141 24.8827 0
    endloop
  endfacet
  facet normal 0 0 -1
    outer loop
      vertex 21.8023 11.5927 0
      vertex 44.8141 24.8827 0
      vertex 21.8926 11.4751 0
    endloop
  endfacet
  facet normal 0 0 -1
    outer loop
      vertex 21.7021 11.7021 0
      vertex 44.8141 24.8827 0
      vertex 21.8023 11.5927 0
    endloop
  endfacet
  facet normal 0 0 -1
    outer loop
      vertex 44.8141 34.1173 0
      vertex 22.2 84.5 0
      vertex 45.2648 35.2053 0
    endloop
  endfacet
  facet normal 0 0 -1
    outer loop
      vertex 45.2648 35.2053 0
      vertex 22.2 84.5 0
      vertex 45.8087 36.25 0
    endloop
  endfacet
  facet normal 0 0 -1
    outer loop
      vertex 45.8087 36.25 0
      vertex 22.2 84.5 0
      vertex 46.4414 37.2433 0
    endloop
  endfacet
  facet normal 0 0 -1
    outer loop
      vertex 46.4414 37.2433 0
      vertex 22.2 84.5 0
      vertex 47.1584 38.1776 0
    endloop
  endfacet
  facet normal 0 0 -1
    outer loop
      vertex 22.2 84.5 0
      vertex 47.9541 39.0459 0
      vertex 47.1584 38.1776 0
    endloop
  endfacet
  facet normal 0 0 -1
    outer loop
      vertex 22.0975 85.0814 0
      vertex 92.9025 85.0814 0
      vertex 22.1421 84.94 0
    endloop
  endfacet
  facet normal 0 0 -1
    outer loop
      vertex 92.9025 85.0814 0
      vertex 22.0975 85.0814 0
      vertex 92.9593 85.2185 0
    endloop
  endfacet
  facet normal 0 0 -1
    outer loop
      vertex 22.0407 85.2185 0
      vertex 92.9593 85.2185 0
      vertex 22.0975 85.0814 0
    endloop
  endfacet
  facet normal 0 0 -1
    outer loop
      vertex 92.9593 85.2185 0
      vertex 22.0407 85.2185 0
      vertex 93.0278 85.35 0
    endloop
  endfacet
  facet normal 0 0 -1
    outer loop
      vertex 21.9722 85.35 0
      vertex 93.0278 85.35 0
      vertex 22.0407 85.2185 0
    endloop
  endfacet
  facet normal 0 0 -1
    outer loop
      vertex 93.0278 85.35 0
      vertex 21.9722 85.35 0
      vertex 93.1074 85.4751 0
    endloop
  endfacet
  facet normal 0 0 -1
    outer loop
      vertex 21.8926 85.4751 0
      vertex 93.1074 85.4751 0
      vertex 21.9722 85.35 0
    endloop
  endfacet
  facet normal 0 0 -1
    outer loop
      vertex 21.8023 85.5927 0
      vertex 93.1074 85.4751 0
      vertex 21.8926 85.4751 0
    endloop
  endfacet
  facet normal 0 0 -1
    outer loop
      vertex 93.1977 85.5927 0
      vertex 21.8023 85.5927 0
      vertex 97.5 91.5 0
    endloop
  endfacet
  facet normal 0 0 -1
    outer loop
      vertex 17.5 91.5 0
      vertex 21.8023 85.5927 0
      vertex 21.7021 85.7021 0
    endloop
  endfacet
  facet normal 0 0 -1
    outer loop
      vertex 17.5 91.5 0
      vertex 21.7021 85.7021 0
      vertex 21.5927 85.8023 0
    endloop
  endfacet
  facet normal 0 0 -1
    outer loop
      vertex 17.5 91.5 0
      vertex 21.5927 85.8023 0
      vertex 21.4751 85.8926 0
    endloop
  endfacet
  facet normal 0 0 -1
    outer loop
      vertex 17.5 91.5 0
      vertex 21.4751 85.8926 0
      vertex 21.35 85.9722 0
    endloop
  endfacet
  facet normal 0 0 -1
    outer loop
      vertex 17.5 91.5 0
      vertex 21.35 85.9722 0
      vertex 21.2185 86.0407 0
    endloop
  endfacet
  facet normal 0 0 -1
    outer loop
      vertex 17.5 91.5 0
      vertex 21.2185 86.0407 0
      vertex 21.0814 86.0975 0
    endloop
  endfacet
  facet normal 0 0 -1
    outer loop
      vertex 17.5 91.5 0
      vertex 21.0814 86.0975 0
      vertex 20.94 86.1421 0
    endloop
  endfacet
  facet normal 0 0 -1
    outer loop
      vertex 17.5 91.5 0
      vertex 20.94 86.1421 0
      vertex 20.7952 86.1742 0
    endloop
  endfacet
  facet normal 0 0 -1
    outer loop
      vertex 17.5 91.5 0
      vertex 20.7952 86.1742 0
      vertex 20.6482 86.1935 0
    endloop
  endfacet
  facet normal 0 0 -1
    outer loop
      vertex 17.5 91.5 0
      vertex 20.6482 86.1935 0
      vertex 20.5 86.2 0
    endloop
  endfacet
  facet normal 0 0 -1
    outer loop
      vertex 17.5 91.5 0
      vertex 20.5 86.2 0
      vertex 20.3518 86.1935 0
    endloop
  endfacet
  facet normal 0 0 -1
    outer loop
      vertex 21.8023 85.5927 0
      vertex 17.5 91.5 0
      vertex 97.5 91.5 0
    endloop
  endfacet
  facet normal 0 0 -1
    outer loop
      vertex 20.2048 86.1742 0
      vertex 17.5 91.5 0
      vertex 20.3518 86.1935 0
    endloop
  endfacet
  facet normal 0 0 -1
    outer loop
      vertex 20.06 86.1421 0
      vertex 17.5 91.5 0
      vertex 20.2048 86.1742 0
    endloop
  endfacet
  facet normal 0 0 -1
    outer loop
      vertex 19.9186 86.0975 0
      vertex 17.5 91.5 0
      vertex 20.06 86.1421 0
    endloop
  endfacet
  facet normal 0 0 -1
    outer loop
      vertex 19.7815 86.0407 0
      vertex 17.5 91.5 0
      vertex 19.9186 86.0975 0
    endloop
  endfacet
  facet normal 0 0 -1
    outer loop
      vertex 19.65 85.9722 0
      vertex 17.5 91.5 0
      vertex 19.7815 86.0407 0
    endloop
  endfacet
  facet normal 0 0 -1
    outer loop
      vertex 19.5249 85.8926 0
      vertex 17.5 91.5 0
      vertex 19.65 85.9722 0
    endloop
  endfacet
  facet normal 0 0 -1
    outer loop
      vertex 19.4073 85.8023 0
      vertex 17.5 91.5 0
      vertex 19.5249 85.8926 0
    endloop
  endfacet
  facet normal 0 0 -1
    outer loop
      vertex 15.8095 91.1252 0
      vertex 19.4073 85.8023 0
      vertex 19.2979 85.7021 0
    endloop
  endfacet
  facet normal 0 0 -1
    outer loop
      vertex 14.0359 89.5 0
      vertex 19.2979 85.7021 0
      vertex 19.1977 85.5927 0
    endloop
  endfacet
  facet normal 0 0 -1
    outer loop
      vertex 13.5 87.5 0
      vertex 19.1977 85.5927 0
      vertex 19.1074 85.4751 0
    endloop
  endfacet
  facet normal 0 0 -1
    outer loop
      vertex 13.5 87.5 0
      vertex 19.1074 85.4751 0
      vertex 19.0278 85.35 0
    endloop
  endfacet
  facet normal 0 0 -1
    outer loop
      vertex 13.5 87.5 0
      vertex 19.0278 85.35 0
      vertex 18.9593 85.2185 0
    endloop
  endfacet
  facet normal 0 0 -1
    outer loop
      vertex 13.5 87.5 0
      vertex 18.9593 85.2185 0
      vertex 18.9025 85.0814 0
    endloop
  endfacet
  facet normal 0 0 -1
    outer loop
      vertex 13.5 87.5 0
      vertex 18.9025 85.0814 0
      vertex 18.8579 84.94 0
    endloop
  endfacet
  facet normal 0 0 -1
    outer loop
      vertex 13.5 87.5 0
      vertex 18.8579 84.94 0
      vertex 18.8258 84.7952 0
    endloop
  endfacet
  facet normal 0 0 -1
    outer loop
      vertex 13.5 87.5 0
      vertex 18.8258 84.7952 0
      vertex 18.8065 84.6482 0
    endloop
  endfacet
  facet normal 0 0 -1
    outer loop
      vertex 13.5 87.5 0
      vertex 18.8065 84.6482 0
      vertex 18.8 84.5 0
    endloop
  endfacet
  facet normal 0 0 -1
    outer loop
      vertex 18.8258 84.2048 0
      vertex 13.5 87.5 0
      vertex 18.8065 84.3518 0
    endloop
  endfacet
  facet normal 0 0 -1
    outer loop
      vertex 14.2234 5.20569 0
      vertex 19.2979 9.29792 0
      vertex 14.4358 4.92885 0
    endloop
  endfacet
  facet normal 0 0 -1
    outer loop
      vertex 18.8065 84.3518 0
      vertex 13.5 87.5 0
      vertex 18.8 84.5 0
    endloop
  endfacet
  facet normal 0 0 -1
    outer loop
      vertex 14.0359 5.5 0
      vertex 19.2979 9.29792 0
      vertex 14.2234 5.20569 0
    endloop
  endfacet
  facet normal 0 0 -1
    outer loop
      vertex 19.1977 85.5927 0
      vertex 13.5 87.5 0
      vertex 13.5152 87.8486 0
    endloop
  endfacet
  facet normal -0 0 -1
    outer loop
      vertex 19.2979 9.29792 0
      vertex 14.0359 5.5 0
      vertex 19.1977 9.40726 0
    endloop
  endfacet
  facet normal 0 0 -1
    outer loop
      vertex 19.4073 85.8023 0
      vertex 17.1514 91.4848 0
      vertex 17.5 91.5 0
    endloop
  endfacet
  facet normal 0 0 -1
    outer loop
      vertex 13.8748 5.80953 0
      vertex 19.1977 9.40726 0
      vertex 14.0359 5.5 0
    endloop
  endfacet
  facet normal 0 0 -1
    outer loop
      vertex 19.4073 85.8023 0
      vertex 16.8054 91.4392 0
      vertex 17.1514 91.4848 0
    endloop
  endfacet
  facet normal 0 0 -1
    outer loop
      vertex 13.7412 6.13192 0
      vertex 19.1977 9.40726 0
      vertex 13.8748 5.80953 0
    endloop
  endfacet
  facet normal 0 0 -1
    outer loop
      vertex 19.4073 85.8023 0
      vertex 16.4647 91.3637 0
      vertex 16.8054 91.4392 0
    endloop
  endfacet
  facet normal 0 0 -1
    outer loop
      vertex 13.6363 6.46472 0
      vertex 19.1977 9.40726 0
      vertex 13.7412 6.13192 0
    endloop
  endfacet
  facet normal 0 0 -1
    outer loop
      vertex 19.4073 85.8023 0
      vertex 16.1319 91.2588 0
      vertex 16.4647 91.3637 0
    endloop
  endfacet
  facet normal 0 0 -1
    outer loop
      vertex 13.5608 6.80541 0
      vertex 19.1977 9.40726 0
      vertex 13.6363 6.46472 0
    endloop
  endfacet
  facet normal 0 0 -1
    outer loop
      vertex 19.4073 85.8023 0
      vertex 15.8095 91.1252 0
      vertex 16.1319 91.2588 0
    endloop
  endfacet
  facet normal 0 0 -1
    outer loop
      vertex 13.5152 7.15138 0
      vertex 19.1977 9.40726 0
      vertex 13.5608 6.80541 0
    endloop
  endfacet
  facet normal 0 0 -1
    outer loop
      vertex 19.2979 85.7021 0
      vertex 15.5 90.9641 0
      vertex 15.8095 91.1252 0
    endloop
  endfacet
  facet normal 0 0 -1
    outer loop
      vertex 13.5 7.5 0
      vertex 19.1977 9.40726 0
      vertex 13.5152 7.15138 0
    endloop
  endfacet
  facet normal 0 0 -1
    outer loop
      vertex 19.2979 85.7021 0
      vertex 15.2057 90.7766 0
      vertex 15.5 90.9641 0
    endloop
  endfacet
  facet normal -0 0 -1
    outer loop
      vertex 19.1977 9.40726 0
      vertex 13.5 7.5 0
      vertex 19.1074 9.52492 0
    endloop
  endfacet
  facet normal 0 0 -1
    outer loop
      vertex 19.2979 85.7021 0
      vertex 14.9288 90.5642 0
      vertex 15.2057 90.7766 0
    endloop
  endfacet
  facet normal -0 0 -1
    outer loop
      vertex 19.1074 9.52492 0
      vertex 13.5 7.5 0
      vertex 19.0278 9.65 0
    endloop
  endfacet
  facet normal 0 0 -1
    outer loop
      vertex 19.2979 85.7021 0
      vertex 14.6716 90.3284 0
      vertex 14.9288 90.5642 0
    endloop
  endfacet
  facet normal -0 0 -1
    outer loop
      vertex 19.0278 9.65 0
      vertex 13.5 7.5 0
      vertex 18.9593 9.78155 0
    endloop
  endfacet
  facet normal 0 0 -1
    outer loop
      vertex 19.2979 85.7021 0
      vertex 14.4358 90.0712 0
      vertex 14.6716 90.3284 0
    endloop
  endfacet
  facet normal -0 0 -1
    outer loop
      vertex 18.9593 9.78155 0
      vertex 13.5 7.5 0
      vertex 18.9025 9.91857 0
    endloop
  endfacet
  facet normal 0 0 -1
    outer loop
      vertex 19.2979 85.7021 0
      vertex 14.2234 89.7943 0
      vertex 14.4358 90.0712 0
    endloop
  endfacet
  facet normal -0 0 -1
    outer loop
      vertex 18.9025 9.91857 0
      vertex 13.5 7.5 0
      vertex 18.8579 10.06 0
    endloop
  endfacet
  facet normal 0 0 -1
    outer loop
      vertex 19.2979 85.7021 0
      vertex 14.0359 89.5 0
      vertex 14.2234 89.7943 0
    endloop
  endfacet
  facet normal -0 0 -1
    outer loop
      vertex 18.8579 10.06 0
      vertex 13.5 7.5 0
      vertex 18.8258 10.2048 0
    endloop
  endfacet
  facet normal 0 0 -1
    outer loop
      vertex 19.1977 85.5927 0
      vertex 13.8748 89.1905 0
      vertex 14.0359 89.5 0
    endloop
  endfacet
  facet normal -0 0 -1
    outer loop
      vertex 18.8258 10.2048 0
      vertex 13.5 7.5 0
      vertex 18.8065 10.3518 0
    endloop
  endfacet
  facet normal 0 0 -1
    outer loop
      vertex 19.1977 85.5927 0
      vertex 13.7412 88.8681 0
      vertex 13.8748 89.1905 0
    endloop
  endfacet
  facet normal -0 0 -1
    outer loop
      vertex 18.8065 10.3518 0
      vertex 13.5 7.5 0
      vertex 18.8 10.5 0
    endloop
  endfacet
  facet normal 0 0 -1
    outer loop
      vertex 19.1977 85.5927 0
      vertex 13.6363 88.5353 0
      vertex 13.7412 88.8681 0
    endloop
  endfacet
  facet normal 0 0 -1
    outer loop
      vertex 19.1977 85.5927 0
      vertex 13.5608 88.1946 0
      vertex 13.6363 88.5353 0
    endloop
  endfacet
  facet normal 0 0 -1
    outer loop
      vertex 19.1977 85.5927 0
      vertex 13.5152 87.8486 0
      vertex 13.5608 88.1946 0
    endloop
  endfacet
  facet normal -0.999051 0.0435616 0
    outer loop
      vertex 13.5 87.5 0
      vertex 13.5152 87.8486 5
      vertex 13.5152 87.8486 0
    endloop
  endfacet
  facet normal -0.999051 0.0435616 0
    outer loop
      vertex 13.5152 87.8486 5
      vertex 13.5 87.5 0
      vertex 13.5 87.5 5
    endloop
  endfacet
  facet normal 0 1 -0
    outer loop
      vertex 97.5 91.5 0
      vertex 17.5 91.5 5
      vertex 97.5 91.5 5
    endloop
  endfacet
  facet normal 0 1 0
    outer loop
      vertex 17.5 91.5 5
      vertex 97.5 91.5 0
      vertex 17.5 91.5 0
    endloop
  endfacet
  facet normal -0.991425 -0.130673 0
    outer loop
      vertex 13.5608 6.80541 0
      vertex 13.5152 7.15138 5
      vertex 13.5152 7.15138 0
    endloop
  endfacet
  facet normal -0.991425 -0.130673 0
    outer loop
      vertex 13.5152 7.15138 5
      vertex 13.5608 6.80541 0
      vertex 13.5608 6.80541 5
    endloop
  endfacet
  facet normal -0.999051 -0.0435591 0
    outer loop
      vertex 13.5152 7.15138 0
      vertex 13.5 7.5 5
      vertex 13.5 7.5 0
    endloop
  endfacet
  facet normal -0.999051 -0.0435591 0
    outer loop
      vertex 13.5 7.5 5
      vertex 13.5152 7.15138 0
      vertex 13.5152 7.15138 5
    endloop
  endfacet
  facet normal -0.461781 -0.886994 0
    outer loop
      vertex 15.5 4.0359 0
      vertex 15.8095 3.87477 5
      vertex 15.5 4.0359 5
    endloop
  endfacet
  facet normal -0.461781 -0.886994 -0
    outer loop
      vertex 15.8095 3.87477 5
      vertex 15.5 4.0359 0
      vertex 15.8095 3.87477 0
    endloop
  endfacet
  facet normal 0.130662 0.991427 -0
    outer loop
      vertex 98.1946 91.4392 0
      vertex 97.8486 91.4848 5
      vertex 98.1946 91.4392 5
    endloop
  endfacet
  facet normal 0.130662 0.991427 0
    outer loop
      vertex 97.8486 91.4848 5
      vertex 98.1946 91.4392 0
      vertex 97.8486 91.4848 0
    endloop
  endfacet
  facet normal -0.976314 -0.21636 0
    outer loop
      vertex 13.6363 6.46472 0
      vertex 13.5608 6.80541 5
      vertex 13.5608 6.80541 0
    endloop
  endfacet
  facet normal -0.976314 -0.21636 0
    outer loop
      vertex 13.5608 6.80541 5
      vertex 13.6363 6.46472 0
      vertex 13.6363 6.46472 5
    endloop
  endfacet
  facet normal -0.953743 -0.300624 0
    outer loop
      vertex 13.7412 6.13192 0
      vertex 13.6363 6.46472 5
      vertex 13.6363 6.46472 0
    endloop
  endfacet
  facet normal -0.953743 -0.300624 0
    outer loop
      vertex 13.6363 6.46472 5
      vertex 13.7412 6.13192 0
      vertex 13.7412 6.13192 5
    endloop
  endfacet
  facet normal -0.79339 -0.608713 0
    outer loop
      vertex 14.4358 4.92885 0
      vertex 14.2234 5.20569 5
      vertex 14.2234 5.20569 0
    endloop
  endfacet
  facet normal -0.79339 -0.608713 0
    outer loop
      vertex 14.2234 5.20569 5
      vertex 14.4358 4.92885 0
      vertex 14.4358 4.92885 5
    endloop
  endfacet
  facet normal -0.887047 -0.461678 0
    outer loop
      vertex 14.0359 5.5 0
      vertex 13.8748 5.80953 5
      vertex 13.8748 5.80953 0
    endloop
  endfacet
  facet normal -0.887047 -0.461678 0
    outer loop
      vertex 13.8748 5.80953 5
      vertex 14.0359 5.5 0
      vertex 14.0359 5.5 5
    endloop
  endfacet
  facet normal -0.608684 -0.793413 0
    outer loop
      vertex 14.9288 4.43582 0
      vertex 15.2057 4.22339 5
      vertex 14.9288 4.43582 5
    endloop
  endfacet
  facet normal -0.608684 -0.793413 -0
    outer loop
      vertex 15.2057 4.22339 5
      vertex 14.9288 4.43582 0
      vertex 15.2057 4.22339 0
    endloop
  endfacet
  facet normal -0.382677 -0.923882 0
    outer loop
      vertex 15.8095 3.87477 0
      vertex 16.1319 3.74123 5
      vertex 15.8095 3.87477 5
    endloop
  endfacet
  facet normal -0.382677 -0.923882 -0
    outer loop
      vertex 16.1319 3.74123 5
      vertex 15.8095 3.87477 0
      vertex 16.1319 3.74123 0
    endloop
  endfacet
  facet normal 0.923416 0.383802 0
    outer loop
      vertex 101.259 88.8681 5
      vertex 101.125 89.1905 0
      vertex 101.125 89.1905 5
    endloop
  endfacet
  facet normal 0.923416 0.383802 0
    outer loop
      vertex 101.125 89.1905 0
      vertex 101.259 88.8681 5
      vertex 101.259 88.8681 0
    endloop
  endfacet
  facet normal 0.844027 0.5363 0
    outer loop
      vertex 100.964 89.5 5
      vertex 100.777 89.7943 0
      vertex 100.777 89.7943 5
    endloop
  endfacet
  facet normal 0.844027 0.5363 0
    outer loop
      vertex 100.777 89.7943 0
      vertex 100.964 89.5 5
      vertex 100.964 89.5 0
    endloop
  endfacet
  facet normal 0.608907 0.793242 -0
    outer loop
      vertex 100.071 90.5642 0
      vertex 99.7943 90.7766 5
      vertex 100.071 90.5642 5
    endloop
  endfacet
  facet normal 0.608907 0.793242 0
    outer loop
      vertex 99.7943 90.7766 5
      vertex 100.071 90.5642 0
      vertex 99.7943 90.7766 0
    endloop
  endfacet
  facet normal 0.216354 0.976315 -0
    outer loop
      vertex 98.5353 91.3637 0
      vertex 98.1946 91.4392 5
      vertex 98.5353 91.3637 5
    endloop
  endfacet
  facet normal 0.216354 0.976315 0
    outer loop
      vertex 98.1946 91.4392 5
      vertex 98.5353 91.3637 0
      vertex 98.1946 91.4392 0
    endloop
  endfacet
  facet normal 0.675984 -0.736916 0
    outer loop
      vertex 100.071 4.43582 0
      vertex 100.328 4.67157 5
      vertex 100.071 4.43582 5
    endloop
  endfacet
  facet normal 0.675984 -0.736916 0
    outer loop
      vertex 100.328 4.67157 5
      vertex 100.071 4.43582 0
      vertex 100.328 4.67157 0
    endloop
  endfacet
  facet normal 0.736926 -0.675974 0
    outer loop
      vertex 100.328 4.67157 5
      vertex 100.564 4.92885 0
      vertex 100.564 4.92885 5
    endloop
  endfacet
  facet normal 0.736926 -0.675974 0
    outer loop
      vertex 100.564 4.92885 0
      vertex 100.328 4.67157 5
      vertex 100.328 4.67157 0
    endloop
  endfacet
  facet normal 0.461781 -0.886994 0
    outer loop
      vertex 99.1905 3.87477 0
      vertex 99.5 4.0359 5
      vertex 99.1905 3.87477 5
    endloop
  endfacet
  facet normal 0.461781 -0.886994 0
    outer loop
      vertex 99.5 4.0359 5
      vertex 99.1905 3.87477 0
      vertex 99.5 4.0359 0
    endloop
  endfacet
  facet normal -0.923817 -0.382834 0
    outer loop
      vertex 13.8748 5.80953 0
      vertex 13.7412 6.13192 5
      vertex 13.7412 6.13192 0
    endloop
  endfacet
  facet normal -0.923817 -0.382834 0
    outer loop
      vertex 13.7412 6.13192 5
      vertex 13.8748 5.80953 0
      vertex 13.8748 5.80953 5
    endloop
  endfacet
  facet normal -0.737211 -0.675662 0
    outer loop
      vertex 14.6716 4.67157 0
      vertex 14.4358 4.92885 5
      vertex 14.4358 4.92885 0
    endloop
  endfacet
  facet normal -0.737211 -0.675662 0
    outer loop
      vertex 14.4358 4.92885 5
      vertex 14.6716 4.67157 0
      vertex 14.6716 4.67157 5
    endloop
  endfacet
  facet normal -0.843386 -0.537307 0
    outer loop
      vertex 14.2234 5.20569 0
      vertex 14.0359 5.5 5
      vertex 14.0359 5.5 0
    endloop
  endfacet
  facet normal -0.843386 -0.537307 0
    outer loop
      vertex 14.0359 5.5 5
      vertex 14.2234 5.20569 0
      vertex 14.2234 5.20569 5
    endloop
  endfacet
  facet normal -0.5373 -0.843391 0
    outer loop
      vertex 15.2057 4.22339 0
      vertex 15.5 4.0359 5
      vertex 15.2057 4.22339 5
    endloop
  endfacet
  facet normal -0.5373 -0.843391 -0
    outer loop
      vertex 15.5 4.0359 5
      vertex 15.2057 4.22339 0
      vertex 15.5 4.0359 0
    endloop
  endfacet
  facet normal -0.300702 -0.953718 0
    outer loop
      vertex 16.1319 3.74123 0
      vertex 16.4647 3.6363 5
      vertex 16.1319 3.74123 5
    endloop
  endfacet
  facet normal -0.300702 -0.953718 -0
    outer loop
      vertex 16.4647 3.6363 5
      vertex 16.1319 3.74123 0
      vertex 16.4647 3.6363 0
    endloop
  endfacet
  facet normal -0.382824 0.923821 0
    outer loop
      vertex 16.1319 91.2588 0
      vertex 15.8095 91.1252 5
      vertex 16.1319 91.2588 5
    endloop
  endfacet
  facet normal -0.382824 0.923821 0
    outer loop
      vertex 15.8095 91.1252 5
      vertex 16.1319 91.2588 0
      vertex 15.8095 91.1252 0
    endloop
  endfacet
  facet normal 0.736821 0.676088 0
    outer loop
      vertex 100.564 90.0712 5
      vertex 100.328 90.3284 0
      vertex 100.328 90.3284 5
    endloop
  endfacet
  facet normal 0.736821 0.676088 0
    outer loop
      vertex 100.328 90.3284 0
      vertex 100.564 90.0712 5
      vertex 100.564 90.0712 0
    endloop
  endfacet
  facet normal 0.999076 0.0429895 0
    outer loop
      vertex 101.5 87.5 5
      vertex 101.485 87.8486 0
      vertex 101.485 87.8486 5
    endloop
  endfacet
  facet normal 0.999076 0.0429895 0
    outer loop
      vertex 101.485 87.8486 0
      vertex 101.5 87.5 5
      vertex 101.5 87.5 0
    endloop
  endfacet
  facet normal 0.991278 0.131788 0
    outer loop
      vertex 101.485 87.8486 5
      vertex 101.439 88.1946 0
      vertex 101.439 88.1946 5
    endloop
  endfacet
  facet normal 0.991278 0.131788 0
    outer loop
      vertex 101.439 88.1946 0
      vertex 101.485 87.8486 5
      vertex 101.485 87.8486 0
    endloop
  endfacet
  facet normal 0.887146 0.461488 0
    outer loop
      vertex 101.125 89.1905 5
      vertex 100.964 89.5 0
      vertex 100.964 89.5 5
    endloop
  endfacet
  facet normal 0.887146 0.461488 0
    outer loop
      vertex 100.964 89.5 0
      vertex 101.125 89.1905 5
      vertex 101.125 89.1905 0
    endloop
  endfacet
  facet normal 0.0435616 0.999051 -0
    outer loop
      vertex 97.8486 91.4848 0
      vertex 97.5 91.5 5
      vertex 97.8486 91.4848 5
    endloop
  endfacet
  facet normal 0.0435616 0.999051 0
    outer loop
      vertex 97.5 91.5 5
      vertex 97.8486 91.4848 0
      vertex 97.5 91.5 0
    endloop
  endfacet
  facet normal 0.382824 0.923821 -0
    outer loop
      vertex 99.1905 91.1252 0
      vertex 98.8681 91.2588 5
      vertex 99.1905 91.1252 5
    endloop
  endfacet
  facet normal 0.382824 0.923821 0
    outer loop
      vertex 98.8681 91.2588 5
      vertex 99.1905 91.1252 0
      vertex 98.8681 91.2588 0
    endloop
  endfacet
  facet normal 0.53732 0.843378 -0
    outer loop
      vertex 99.7943 90.7766 0
      vertex 99.5 90.9641 5
      vertex 99.7943 90.7766 5
    endloop
  endfacet
  facet normal 0.53732 0.843378 0
    outer loop
      vertex 99.5 90.9641 5
      vertex 99.7943 90.7766 0
      vertex 99.5 90.9641 0
    endloop
  endfacet
  facet normal 0.676062 0.736845 -0
    outer loop
      vertex 100.328 90.3284 0
      vertex 100.071 90.5642 5
      vertex 100.328 90.3284 5
    endloop
  endfacet
  facet normal 0.676062 0.736845 0
    outer loop
      vertex 100.071 90.5642 5
      vertex 100.328 90.3284 0
      vertex 100.071 90.5642 0
    endloop
  endfacet
  facet normal 0.461714 0.887029 -0
    outer loop
      vertex 99.5 90.9641 0
      vertex 99.1905 91.1252 5
      vertex 99.5 90.9641 5
    endloop
  endfacet
  facet normal 0.461714 0.887029 0
    outer loop
      vertex 99.1905 91.1252 5
      vertex 99.5 90.9641 0
      vertex 99.1905 91.1252 0
    endloop
  endfacet
  facet normal 0.382677 -0.923882 0
    outer loop
      vertex 98.8681 3.74123 0
      vertex 99.1905 3.87477 5
      vertex 98.8681 3.74123 5
    endloop
  endfacet
  facet normal 0.382677 -0.923882 0
    outer loop
      vertex 99.1905 3.87477 5
      vertex 98.8681 3.74123 0
      vertex 99.1905 3.87477 0
    endloop
  endfacet
  facet normal 0.130521 -0.991446 0
    outer loop
      vertex 97.8486 3.51522 0
      vertex 98.1946 3.56077 5
      vertex 97.8486 3.51522 5
    endloop
  endfacet
  facet normal 0.130521 -0.991446 0
    outer loop
      vertex 98.1946 3.56077 5
      vertex 97.8486 3.51522 0
      vertex 98.1946 3.56077 0
    endloop
  endfacet
  facet normal 0.0436188 -0.999048 0
    outer loop
      vertex 97.5 3.5 0
      vertex 97.8486 3.51522 5
      vertex 97.5 3.5 5
    endloop
  endfacet
  facet normal 0.0436188 -0.999048 0
    outer loop
      vertex 97.8486 3.51522 5
      vertex 97.5 3.5 0
      vertex 97.8486 3.51522 0
    endloop
  endfacet
  facet normal 0.5373 -0.843391 0
    outer loop
      vertex 99.5 4.0359 0
      vertex 99.7943 4.22339 5
      vertex 99.5 4.0359 5
    endloop
  endfacet
  facet normal 0.5373 -0.843391 0
    outer loop
      vertex 99.7943 4.22339 5
      vertex 99.5 4.0359 0
      vertex 99.7943 4.22339 0
    endloop
  endfacet
  facet normal 0.608961 -0.7932 0
    outer loop
      vertex 99.7943 4.22339 0
      vertex 100.071 4.43582 5
      vertex 99.7943 4.22339 5
    endloop
  endfacet
  facet normal 0.608961 -0.7932 0
    outer loop
      vertex 100.071 4.43582 5
      vertex 99.7943 4.22339 0
      vertex 100.071 4.43582 0
    endloop
  endfacet
  facet normal -0.0435616 0.999051 0
    outer loop
      vertex 17.5 91.5 0
      vertex 17.1514 91.4848 5
      vertex 17.5 91.5 5
    endloop
  endfacet
  facet normal -0.0435616 0.999051 0
    outer loop
      vertex 17.1514 91.4848 5
      vertex 17.5 91.5 0
      vertex 17.1514 91.4848 0
    endloop
  endfacet
  facet normal -0.991427 0.130662 0
    outer loop
      vertex 13.5152 87.8486 0
      vertex 13.5608 88.1946 5
      vertex 13.5608 88.1946 0
    endloop
  endfacet
  facet normal -0.991427 0.130662 0
    outer loop
      vertex 13.5608 88.1946 5
      vertex 13.5152 87.8486 0
      vertex 13.5152 87.8486 5
    endloop
  endfacet
  facet normal -0.953743 0.300624 0
    outer loop
      vertex 13.6363 88.5353 0
      vertex 13.7412 88.8681 5
      vertex 13.7412 88.8681 0
    endloop
  endfacet
  facet normal -0.953743 0.300624 0
    outer loop
      vertex 13.7412 88.8681 5
      vertex 13.6363 88.5353 0
      vertex 13.6363 88.5353 5
    endloop
  endfacet
  facet normal -0.923821 0.382824 0
    outer loop
      vertex 13.7412 88.8681 0
      vertex 13.8748 89.1905 5
      vertex 13.8748 89.1905 0
    endloop
  endfacet
  facet normal -0.923821 0.382824 0
    outer loop
      vertex 13.8748 89.1905 5
      vertex 13.7412 88.8681 0
      vertex 13.7412 88.8681 5
    endloop
  endfacet
  facet normal -0.793454 0.60863 0
    outer loop
      vertex 14.2234 89.7943 0
      vertex 14.4358 90.0712 5
      vertex 14.4358 90.0712 0
    endloop
  endfacet
  facet normal -0.793454 0.60863 0
    outer loop
      vertex 14.4358 90.0712 5
      vertex 14.2234 89.7943 0
      vertex 14.2234 89.7943 5
    endloop
  endfacet
  facet normal -0.60863 0.793454 0
    outer loop
      vertex 15.2057 90.7766 0
      vertex 14.9288 90.5642 5
      vertex 15.2057 90.7766 5
    endloop
  endfacet
  facet normal -0.60863 0.793454 0
    outer loop
      vertex 14.9288 90.5642 5
      vertex 15.2057 90.7766 0
      vertex 14.9288 90.5642 0
    endloop
  endfacet
  facet normal 0.792624 0.609711 0
    outer loop
      vertex 100.777 89.7943 5
      vertex 100.564 90.0712 0
      vertex 100.564 90.0712 5
    endloop
  endfacet
  facet normal 0.792624 0.609711 0
    outer loop
      vertex 100.564 90.0712 0
      vertex 100.777 89.7943 5
      vertex 100.777 89.7943 0
    endloop
  endfacet
  facet normal 0.953661 0.300885 0
    outer loop
      vertex 101.364 88.5353 5
      vertex 101.259 88.8681 0
      vertex 101.259 88.8681 5
    endloop
  endfacet
  facet normal 0.953661 0.300885 0
    outer loop
      vertex 101.259 88.8681 0
      vertex 101.364 88.5353 5
      vertex 101.364 88.5353 0
    endloop
  endfacet
  facet normal 0.976617 0.214988 0
    outer loop
      vertex 101.439 88.1946 5
      vertex 101.364 88.5353 0
      vertex 101.364 88.5353 5
    endloop
  endfacet
  facet normal 0.976617 0.214988 0
    outer loop
      vertex 101.364 88.5353 0
      vertex 101.439 88.1946 5
      vertex 101.439 88.1946 0
    endloop
  endfacet
  facet normal 0.999076 -0.042987 0
    outer loop
      vertex 101.485 7.15138 5
      vertex 101.5 7.5 0
      vertex 101.5 7.5 5
    endloop
  endfacet
  facet normal 0.999076 -0.042987 0
    outer loop
      vertex 101.5 7.5 0
      vertex 101.485 7.15138 5
      vertex 101.485 7.15138 0
    endloop
  endfacet
  facet normal 0.953661 -0.300885 0
    outer loop
      vertex 101.259 6.13192 5
      vertex 101.364 6.46472 0
      vertex 101.364 6.46472 5
    endloop
  endfacet
  facet normal 0.953661 -0.300885 0
    outer loop
      vertex 101.364 6.46472 0
      vertex 101.259 6.13192 5
      vertex 101.259 6.13192 0
    endloop
  endfacet
  facet normal 0.991276 -0.1318 0
    outer loop
      vertex 101.439 6.80541 5
      vertex 101.485 7.15138 0
      vertex 101.485 7.15138 5
    endloop
  endfacet
  facet normal 0.991276 -0.1318 0
    outer loop
      vertex 101.485 7.15138 0
      vertex 101.439 6.80541 5
      vertex 101.439 6.80541 0
    endloop
  endfacet
  facet normal 0.844036 -0.536287 0
    outer loop
      vertex 100.777 5.20569 5
      vertex 100.964 5.5 0
      vertex 100.964 5.5 5
    endloop
  endfacet
  facet normal 0.844036 -0.536287 0
    outer loop
      vertex 100.964 5.5 0
      vertex 100.777 5.20569 5
      vertex 100.777 5.20569 0
    endloop
  endfacet
  facet normal 0.300624 0.953743 -0
    outer loop
      vertex 98.8681 91.2588 0
      vertex 98.5353 91.3637 5
      vertex 98.8681 91.2588 5
    endloop
  endfacet
  facet normal 0.300624 0.953743 0
    outer loop
      vertex 98.5353 91.3637 5
      vertex 98.8681 91.2588 0
      vertex 98.5353 91.3637 0
    endloop
  endfacet
  facet normal 0.300702 -0.953718 0
    outer loop
      vertex 98.5353 3.6363 0
      vertex 98.8681 3.74123 5
      vertex 98.5353 3.6363 5
    endloop
  endfacet
  facet normal 0.300702 -0.953718 0
    outer loop
      vertex 98.8681 3.74123 5
      vertex 98.5353 3.6363 0
      vertex 98.8681 3.74123 0
    endloop
  endfacet
  facet normal 0.216436 -0.976297 0
    outer loop
      vertex 98.1946 3.56077 0
      vertex 98.5353 3.6363 5
      vertex 98.1946 3.56077 5
    endloop
  endfacet
  facet normal 0.216436 -0.976297 0
    outer loop
      vertex 98.5353 3.6363 5
      vertex 98.1946 3.56077 0
      vertex 98.5353 3.6363 0
    endloop
  endfacet
  facet normal -0.216436 -0.976297 0
    outer loop
      vertex 16.4647 3.6363 0
      vertex 16.8054 3.56077 5
      vertex 16.4647 3.6363 5
    endloop
  endfacet
  facet normal -0.216436 -0.976297 -0
    outer loop
      vertex 16.8054 3.56077 5
      vertex 16.4647 3.6363 0
      vertex 16.8054 3.56077 0
    endloop
  endfacet
  facet normal -0.300624 0.953743 0
    outer loop
      vertex 16.4647 91.3637 0
      vertex 16.1319 91.2588 5
      vertex 16.4647 91.3637 5
    endloop
  endfacet
  facet normal -0.300624 0.953743 0
    outer loop
      vertex 16.1319 91.2588 5
      vertex 16.4647 91.3637 0
      vertex 16.1319 91.2588 0
    endloop
  endfacet
  facet normal -0.216354 0.976315 0
    outer loop
      vertex 16.8054 91.4392 0
      vertex 16.4647 91.3637 5
      vertex 16.8054 91.4392 5
    endloop
  endfacet
  facet normal -0.216354 0.976315 0
    outer loop
      vertex 16.4647 91.3637 5
      vertex 16.8054 91.4392 0
      vertex 16.4647 91.3637 0
    endloop
  endfacet
  facet normal -0.130662 0.991427 0
    outer loop
      vertex 17.1514 91.4848 0
      vertex 16.8054 91.4392 5
      vertex 17.1514 91.4848 5
    endloop
  endfacet
  facet normal -0.130662 0.991427 0
    outer loop
      vertex 16.8054 91.4392 5
      vertex 17.1514 91.4848 0
      vertex 16.8054 91.4392 0
    endloop
  endfacet
  facet normal -0.976315 0.216354 0
    outer loop
      vertex 13.5608 88.1946 0
      vertex 13.6363 88.5353 5
      vertex 13.6363 88.5353 0
    endloop
  endfacet
  facet normal -0.976315 0.216354 0
    outer loop
      vertex 13.6363 88.5353 5
      vertex 13.5608 88.1946 0
      vertex 13.5608 88.1946 5
    endloop
  endfacet
  facet normal -0.887029 0.461714 0
    outer loop
      vertex 13.8748 89.1905 0
      vertex 14.0359 89.5 5
      vertex 14.0359 89.5 0
    endloop
  endfacet
  facet normal -0.887029 0.461714 0
    outer loop
      vertex 14.0359 89.5 5
      vertex 13.8748 89.1905 0
      vertex 13.8748 89.1905 5
    endloop
  endfacet
  facet normal -0.843378 0.53732 0
    outer loop
      vertex 14.0359 89.5 0
      vertex 14.2234 89.7943 5
      vertex 14.2234 89.7943 0
    endloop
  endfacet
  facet normal -0.843378 0.53732 0
    outer loop
      vertex 14.2234 89.7943 5
      vertex 14.0359 89.5 0
      vertex 14.0359 89.5 5
    endloop
  endfacet
  facet normal -0.675777 0.737107 0
    outer loop
      vertex 14.9288 90.5642 0
      vertex 14.6716 90.3284 5
      vertex 14.9288 90.5642 5
    endloop
  endfacet
  facet normal -0.675777 0.737107 0
    outer loop
      vertex 14.6716 90.3284 5
      vertex 14.9288 90.5642 0
      vertex 14.6716 90.3284 0
    endloop
  endfacet
  facet normal -0.53732 0.843378 0
    outer loop
      vertex 15.5 90.9641 0
      vertex 15.2057 90.7766 5
      vertex 15.5 90.9641 5
    endloop
  endfacet
  facet normal -0.53732 0.843378 0
    outer loop
      vertex 15.2057 90.7766 5
      vertex 15.5 90.9641 0
      vertex 15.2057 90.7766 0
    endloop
  endfacet
  facet normal -0.461714 0.887029 0
    outer loop
      vertex 15.8095 91.1252 0
      vertex 15.5 90.9641 5
      vertex 15.8095 91.1252 5
    endloop
  endfacet
  facet normal -0.461714 0.887029 0
    outer loop
      vertex 15.5 90.9641 5
      vertex 15.8095 91.1252 0
      vertex 15.5 90.9641 0
    endloop
  endfacet
  facet normal 0.976615 -0.214994 0
    outer loop
      vertex 101.364 6.46472 5
      vertex 101.439 6.80541 0
      vertex 101.439 6.80541 5
    endloop
  endfacet
  facet normal 0.976615 -0.214994 0
    outer loop
      vertex 101.439 6.80541 0
      vertex 101.364 6.46472 5
      vertex 101.364 6.46472 0
    endloop
  endfacet
  facet normal 0.923411 -0.383812 0
    outer loop
      vertex 101.125 5.80953 5
      vertex 101.259 6.13192 0
      vertex 101.259 6.13192 5
    endloop
  endfacet
  facet normal 0.923411 -0.383812 0
    outer loop
      vertex 101.259 6.13192 0
      vertex 101.125 5.80953 5
      vertex 101.125 5.80953 0
    endloop
  endfacet
  facet normal -0.130521 -0.991446 0
    outer loop
      vertex 16.8054 3.56077 0
      vertex 17.1514 3.51522 5
      vertex 16.8054 3.56077 5
    endloop
  endfacet
  facet normal -0.130521 -0.991446 -0
    outer loop
      vertex 17.1514 3.51522 5
      vertex 16.8054 3.56077 0
      vertex 17.1514 3.51522 0
    endloop
  endfacet
  facet normal -0.737107 0.675777 0
    outer loop
      vertex 14.4358 90.0712 0
      vertex 14.6716 90.3284 5
      vertex 14.6716 90.3284 0
    endloop
  endfacet
  facet normal -0.737107 0.675777 0
    outer loop
      vertex 14.6716 90.3284 5
      vertex 14.4358 90.0712 0
      vertex 14.4358 90.0712 5
    endloop
  endfacet
  facet normal 0.887165 -0.461453 0
    outer loop
      vertex 100.964 5.5 5
      vertex 101.125 5.80953 0
      vertex 101.125 5.80953 5
    endloop
  endfacet
  facet normal 0.887165 -0.461453 0
    outer loop
      vertex 101.125 5.80953 0
      vertex 100.964 5.5 5
      vertex 100.964 5.5 0
    endloop
  endfacet
  facet normal -0.608808 -0.793318 0
    outer loop
      vertex 65.2433 40.5586 0
      vertex 66.1776 39.8416 5
      vertex 65.2433 40.5586 5
    endloop
  endfacet
  facet normal -0.608808 -0.793318 -0
    outer loop
      vertex 66.1776 39.8416 5
      vertex 65.2433 40.5586 0
      vertex 66.1776 39.8416 0
    endloop
  endfacet
  facet normal 0.382709 -0.923869 0
    outer loop
      vertex 51.7947 41.7352 0
      vertex 52.8827 42.1859 5
      vertex 51.7947 41.7352 5
    endloop
  endfacet
  facet normal 0.382709 -0.923869 0
    outer loop
      vertex 52.8827 42.1859 5
      vertex 51.7947 41.7352 0
      vertex 52.8827 42.1859 0
    endloop
  endfacet
  facet normal 0.923869 -0.382709 0
    outer loop
      vertex 44.8141 34.1173 5
      vertex 45.2648 35.2053 0
      vertex 45.2648 35.2053 5
    endloop
  endfacet
  facet normal 0.923869 -0.382709 0
    outer loop
      vertex 45.2648 35.2053 0
      vertex 44.8141 34.1173 5
      vertex 44.8141 34.1173 0
    endloop
  endfacet
  facet normal -0.608808 0.793318 0
    outer loop
      vertex 66.1776 19.1584 0
      vertex 65.2433 18.4414 5
      vertex 66.1776 19.1584 5
    endloop
  endfacet
  facet normal -0.608808 0.793318 0
    outer loop
      vertex 65.2433 18.4414 5
      vertex 66.1776 19.1584 0
      vertex 65.2433 18.4414 0
    endloop
  endfacet
  facet normal -0.923869 0.382709 0
    outer loop
      vertex 69.7352 23.7947 0
      vertex 70.1859 24.8827 5
      vertex 70.1859 24.8827 0
    endloop
  endfacet
  facet normal -0.923869 0.382709 0
    outer loop
      vertex 70.1859 24.8827 5
      vertex 69.7352 23.7947 0
      vertex 69.7352 23.7947 5
    endloop
  endfacet
  facet normal 0.382709 0.923869 -0
    outer loop
      vertex 52.8827 16.8141 0
      vertex 51.7947 17.2648 5
      vertex 52.8827 16.8141 5
    endloop
  endfacet
  facet normal 0.382709 0.923869 0
    outer loop
      vertex 51.7947 17.2648 5
      vertex 52.8827 16.8141 0
      vertex 51.7947 17.2648 0
    endloop
  endfacet
  facet normal -0.923869 -0.382709 0
    outer loop
      vertex 70.1859 34.1173 0
      vertex 69.7352 35.2053 5
      vertex 69.7352 35.2053 0
    endloop
  endfacet
  facet normal -0.923869 -0.382709 0
    outer loop
      vertex 69.7352 35.2053 5
      vertex 70.1859 34.1173 0
      vertex 70.1859 34.1173 5
    endloop
  endfacet
  facet normal -0.886989 -0.461791 0
    outer loop
      vertex 69.7352 35.2053 0
      vertex 69.1913 36.25 5
      vertex 69.1913 36.25 0
    endloop
  endfacet
  facet normal -0.886989 -0.461791 0
    outer loop
      vertex 69.1913 36.25 5
      vertex 69.7352 35.2053 0
      vertex 69.7352 35.2053 5
    endloop
  endfacet
  facet normal -0.382709 -0.923869 0
    outer loop
      vertex 62.1173 42.1859 0
      vertex 63.2053 41.7352 5
      vertex 62.1173 42.1859 5
    endloop
  endfacet
  facet normal -0.382709 -0.923869 -0
    outer loop
      vertex 63.2053 41.7352 5
      vertex 62.1173 42.1859 0
      vertex 63.2053 41.7352 0
    endloop
  endfacet
  facet normal 0.793318 -0.608808 0
    outer loop
      vertex 46.4414 37.2433 5
      vertex 47.1584 38.1776 0
      vertex 47.1584 38.1776 5
    endloop
  endfacet
  facet normal 0.793318 -0.608808 0
    outer loop
      vertex 47.1584 38.1776 0
      vertex 46.4414 37.2433 5
      vertex 46.4414 37.2433 0
    endloop
  endfacet
  facet normal 0.216418 -0.976301 0
    outer loop
      vertex 54.0059 42.54 0
      vertex 55.1558 42.7949 5
      vertex 54.0059 42.54 5
    endloop
  endfacet
  facet normal 0.216418 -0.976301 0
    outer loop
      vertex 55.1558 42.7949 5
      vertex 54.0059 42.54 0
      vertex 55.1558 42.7949 0
    endloop
  endfacet
  facet normal -0.999047 0.0436436 0
    outer loop
      vertex 70.9486 28.3234 0
      vertex 71 29.5 5
      vertex 71 29.5 0
    endloop
  endfacet
  facet normal -0.999047 0.0436436 0
    outer loop
      vertex 71 29.5 5
      vertex 70.9486 28.3234 0
      vertex 70.9486 28.3234 5
    endloop
  endfacet
  facet normal -0.793359 0.608754 0
    outer loop
      vertex 67.8416 20.8224 0
      vertex 68.5585 21.7567 5
      vertex 68.5585 21.7567 0
    endloop
  endfacet
  facet normal -0.793359 0.608754 0
    outer loop
      vertex 68.5585 21.7567 5
      vertex 67.8416 20.8224 0
      vertex 67.8416 20.8224 5
    endloop
  endfacet
  facet normal 0.0436436 0.999047 -0
    outer loop
      vertex 57.5 16 0
      vertex 56.3234 16.0514 5
      vertex 57.5 16 5
    endloop
  endfacet
  facet normal 0.0436436 0.999047 0
    outer loop
      vertex 56.3234 16.0514 5
      vertex 57.5 16 0
      vertex 56.3234 16.0514 0
    endloop
  endfacet
  facet normal 0.608808 0.793318 -0
    outer loop
      vertex 49.7567 18.4414 0
      vertex 48.8224 19.1584 5
      vertex 49.7567 18.4414 5
    endloop
  endfacet
  facet normal 0.608808 0.793318 0
    outer loop
      vertex 48.8224 19.1584 5
      vertex 49.7567 18.4414 0
      vertex 48.8224 19.1584 0
    endloop
  endfacet
  facet normal -0.976301 -0.216418 0
    outer loop
      vertex 70.7949 31.8442 0
      vertex 70.54 32.9941 5
      vertex 70.54 32.9941 0
    endloop
  endfacet
  facet normal -0.976301 -0.216418 0
    outer loop
      vertex 70.54 32.9941 5
      vertex 70.7949 31.8442 0
      vertex 70.7949 31.8442 5
    endloop
  endfacet
  facet normal -0.953728 -0.300672 0
    outer loop
      vertex 70.54 32.9941 0
      vertex 70.1859 34.1173 5
      vertex 70.1859 34.1173 0
    endloop
  endfacet
  facet normal -0.953728 -0.300672 0
    outer loop
      vertex 70.1859 34.1173 5
      vertex 70.54 32.9941 0
      vertex 70.54 32.9941 5
    endloop
  endfacet
  facet normal -0.737256 -0.675613 0
    outer loop
      vertex 67.8416 38.1776 0
      vertex 67.0459 39.0459 5
      vertex 67.0459 39.0459 0
    endloop
  endfacet
  facet normal -0.737256 -0.675613 0
    outer loop
      vertex 67.0459 39.0459 5
      vertex 67.8416 38.1776 0
      vertex 67.8416 38.1776 5
    endloop
  endfacet
  facet normal -0.793359 -0.608754 0
    outer loop
      vertex 68.5585 37.2433 0
      vertex 67.8416 38.1776 5
      vertex 67.8416 38.1776 0
    endloop
  endfacet
  facet normal -0.793359 -0.608754 0
    outer loop
      vertex 67.8416 38.1776 5
      vertex 68.5585 37.2433 0
      vertex 68.5585 37.2433 5
    endloop
  endfacet
  facet normal -0.675613 -0.737256 0
    outer loop
      vertex 66.1776 39.8416 0
      vertex 67.0459 39.0459 5
      vertex 66.1776 39.8416 5
    endloop
  endfacet
  facet normal -0.675613 -0.737256 -0
    outer loop
      vertex 67.0459 39.0459 5
      vertex 66.1776 39.8416 0
      vertex 67.0459 39.0459 0
    endloop
  endfacet
  facet normal -0.537238 -0.843431 0
    outer loop
      vertex 64.25 41.1913 0
      vertex 65.2433 40.5586 5
      vertex 64.25 41.1913 5
    endloop
  endfacet
  facet normal -0.537238 -0.843431 -0
    outer loop
      vertex 65.2433 40.5586 5
      vertex 64.25 41.1913 0
      vertex 65.2433 40.5586 0
    endloop
  endfacet
  facet normal 0.0436436 -0.999047 0
    outer loop
      vertex 56.3234 42.9486 0
      vertex 57.5 43 5
      vertex 56.3234 42.9486 5
    endloop
  endfacet
  facet normal 0.0436436 -0.999047 0
    outer loop
      vertex 57.5 43 5
      vertex 56.3234 42.9486 0
      vertex 57.5 43 0
    endloop
  endfacet
  facet normal -0.461791 -0.886989 0
    outer loop
      vertex 63.2053 41.7352 0
      vertex 64.25 41.1913 5
      vertex 63.2053 41.7352 5
    endloop
  endfacet
  facet normal -0.461791 -0.886989 -0
    outer loop
      vertex 64.25 41.1913 5
      vertex 63.2053 41.7352 0
      vertex 64.25 41.1913 0
    endloop
  endfacet
  facet normal -0.300672 -0.953728 0
    outer loop
      vertex 60.9941 42.54 0
      vertex 62.1173 42.1859 5
      vertex 60.9941 42.54 5
    endloop
  endfacet
  facet normal -0.300672 -0.953728 -0
    outer loop
      vertex 62.1173 42.1859 5
      vertex 60.9941 42.54 0
      vertex 62.1173 42.1859 0
    endloop
  endfacet
  facet normal -0.130512 -0.991447 0
    outer loop
      vertex 58.6766 42.9486 0
      vertex 59.8442 42.7949 5
      vertex 58.6766 42.9486 5
    endloop
  endfacet
  facet normal -0.130512 -0.991447 -0
    outer loop
      vertex 59.8442 42.7949 5
      vertex 58.6766 42.9486 0
      vertex 59.8442 42.7949 0
    endloop
  endfacet
  facet normal 0.999047 0.0436436 0
    outer loop
      vertex 44.0514 28.3234 5
      vertex 44 29.5 0
      vertex 44 29.5 5
    endloop
  endfacet
  facet normal 0.999047 0.0436436 0
    outer loop
      vertex 44 29.5 0
      vertex 44.0514 28.3234 5
      vertex 44.0514 28.3234 0
    endloop
  endfacet
  facet normal 0.953728 -0.300672 0
    outer loop
      vertex 44.46 32.9941 5
      vertex 44.8141 34.1173 0
      vertex 44.8141 34.1173 5
    endloop
  endfacet
  facet normal 0.953728 -0.300672 0
    outer loop
      vertex 44.8141 34.1173 0
      vertex 44.46 32.9941 5
      vertex 44.46 32.9941 0
    endloop
  endfacet
  facet normal 0.991447 -0.130512 0
    outer loop
      vertex 44.0514 30.6766 5
      vertex 44.2051 31.8442 0
      vertex 44.2051 31.8442 5
    endloop
  endfacet
  facet normal 0.991447 -0.130512 0
    outer loop
      vertex 44.2051 31.8442 0
      vertex 44.0514 30.6766 5
      vertex 44.0514 30.6766 0
    endloop
  endfacet
  facet normal 0.886989 -0.461791 0
    outer loop
      vertex 45.2648 35.2053 5
      vertex 45.8087 36.25 0
      vertex 45.8087 36.25 5
    endloop
  endfacet
  facet normal 0.886989 -0.461791 0
    outer loop
      vertex 45.8087 36.25 0
      vertex 45.2648 35.2053 5
      vertex 45.2648 35.2053 0
    endloop
  endfacet
  facet normal 0.843431 -0.537238 0
    outer loop
      vertex 45.8087 36.25 5
      vertex 46.4414 37.2433 0
      vertex 46.4414 37.2433 5
    endloop
  endfacet
  facet normal 0.843431 -0.537238 0
    outer loop
      vertex 46.4414 37.2433 0
      vertex 45.8087 36.25 5
      vertex 45.8087 36.25 0
    endloop
  endfacet
  facet normal 0.300672 -0.953728 0
    outer loop
      vertex 52.8827 42.1859 0
      vertex 54.0059 42.54 5
      vertex 52.8827 42.1859 5
    endloop
  endfacet
  facet normal 0.300672 -0.953728 0
    outer loop
      vertex 54.0059 42.54 5
      vertex 52.8827 42.1859 0
      vertex 54.0059 42.54 0
    endloop
  endfacet
  facet normal 0.130512 -0.991447 0
    outer loop
      vertex 55.1558 42.7949 0
      vertex 56.3234 42.9486 5
      vertex 55.1558 42.7949 5
    endloop
  endfacet
  facet normal 0.130512 -0.991447 0
    outer loop
      vertex 56.3234 42.9486 5
      vertex 55.1558 42.7949 0
      vertex 56.3234 42.9486 0
    endloop
  endfacet
  facet normal 0.608808 -0.793318 0
    outer loop
      vertex 48.8224 39.8416 0
      vertex 49.7567 40.5586 5
      vertex 48.8224 39.8416 5
    endloop
  endfacet
  facet normal 0.608808 -0.793318 0
    outer loop
      vertex 49.7567 40.5586 5
      vertex 48.8224 39.8416 0
      vertex 49.7567 40.5586 0
    endloop
  endfacet
  facet normal 0.675613 -0.737256 0
    outer loop
      vertex 47.9541 39.0459 0
      vertex 48.8224 39.8416 5
      vertex 47.9541 39.0459 5
    endloop
  endfacet
  facet normal 0.675613 -0.737256 0
    outer loop
      vertex 48.8224 39.8416 5
      vertex 47.9541 39.0459 0
      vertex 48.8224 39.8416 0
    endloop
  endfacet
  facet normal 0.537238 -0.843431 0
    outer loop
      vertex 49.7567 40.5586 0
      vertex 50.75 41.1913 5
      vertex 49.7567 40.5586 5
    endloop
  endfacet
  facet normal 0.537238 -0.843431 0
    outer loop
      vertex 50.75 41.1913 5
      vertex 49.7567 40.5586 0
      vertex 50.75 41.1913 0
    endloop
  endfacet
  facet normal 0.737256 -0.675613 0
    outer loop
      vertex 47.1584 38.1776 5
      vertex 47.9541 39.0459 0
      vertex 47.9541 39.0459 5
    endloop
  endfacet
  facet normal 0.737256 -0.675613 0
    outer loop
      vertex 47.9541 39.0459 0
      vertex 47.1584 38.1776 5
      vertex 47.1584 38.1776 0
    endloop
  endfacet
  facet normal -0.999047 -0.0436436 0
    outer loop
      vertex 71 29.5 0
      vertex 70.9486 30.6766 5
      vertex 70.9486 30.6766 0
    endloop
  endfacet
  facet normal -0.999047 -0.0436436 0
    outer loop
      vertex 70.9486 30.6766 5
      vertex 71 29.5 0
      vertex 71 29.5 5
    endloop
  endfacet
  facet normal -0.130512 0.991447 0
    outer loop
      vertex 59.8442 16.2051 0
      vertex 58.6766 16.0514 5
      vertex 59.8442 16.2051 5
    endloop
  endfacet
  facet normal -0.130512 0.991447 0
    outer loop
      vertex 58.6766 16.0514 5
      vertex 59.8442 16.2051 0
      vertex 58.6766 16.0514 0
    endloop
  endfacet
  facet normal -0.216418 0.976301 0
    outer loop
      vertex 60.9941 16.46 0
      vertex 59.8442 16.2051 5
      vertex 60.9941 16.46 5
    endloop
  endfacet
  facet normal -0.216418 0.976301 0
    outer loop
      vertex 59.8442 16.2051 5
      vertex 60.9941 16.46 0
      vertex 59.8442 16.2051 0
    endloop
  endfacet
  facet normal -0.300672 0.953728 0
    outer loop
      vertex 62.1173 16.8141 0
      vertex 60.9941 16.46 5
      vertex 62.1173 16.8141 5
    endloop
  endfacet
  facet normal -0.300672 0.953728 0
    outer loop
      vertex 60.9941 16.46 5
      vertex 62.1173 16.8141 0
      vertex 60.9941 16.46 0
    endloop
  endfacet
  facet normal -0.675613 0.737256 0
    outer loop
      vertex 67.0459 19.9541 0
      vertex 66.1776 19.1584 5
      vertex 67.0459 19.9541 5
    endloop
  endfacet
  facet normal -0.675613 0.737256 0
    outer loop
      vertex 66.1776 19.1584 5
      vertex 67.0459 19.9541 0
      vertex 66.1776 19.1584 0
    endloop
  endfacet
  facet normal -0.461791 0.886989 0
    outer loop
      vertex 64.25 17.8087 0
      vertex 63.2053 17.2648 5
      vertex 64.25 17.8087 5
    endloop
  endfacet
  facet normal -0.461791 0.886989 0
    outer loop
      vertex 63.2053 17.2648 5
      vertex 64.25 17.8087 0
      vertex 63.2053 17.2648 0
    endloop
  endfacet
  facet normal -0.886989 0.461791 0
    outer loop
      vertex 69.1913 22.75 0
      vertex 69.7352 23.7947 5
      vertex 69.7352 23.7947 0
    endloop
  endfacet
  facet normal -0.886989 0.461791 0
    outer loop
      vertex 69.7352 23.7947 5
      vertex 69.1913 22.75 0
      vertex 69.1913 22.75 5
    endloop
  endfacet
  facet normal -0.0436436 0.999047 0
    outer loop
      vertex 58.6766 16.0514 0
      vertex 57.5 16 5
      vertex 58.6766 16.0514 5
    endloop
  endfacet
  facet normal -0.0436436 0.999047 0
    outer loop
      vertex 57.5 16 5
      vertex 58.6766 16.0514 0
      vertex 57.5 16 0
    endloop
  endfacet
  facet normal 0.300672 0.953728 -0
    outer loop
      vertex 54.0059 16.46 0
      vertex 52.8827 16.8141 5
      vertex 54.0059 16.46 5
    endloop
  endfacet
  facet normal 0.300672 0.953728 0
    outer loop
      vertex 52.8827 16.8141 5
      vertex 54.0059 16.46 0
      vertex 52.8827 16.8141 0
    endloop
  endfacet
  facet normal 0.461791 0.886989 -0
    outer loop
      vertex 51.7947 17.2648 0
      vertex 50.75 17.8087 5
      vertex 51.7947 17.2648 5
    endloop
  endfacet
  facet normal 0.461791 0.886989 0
    outer loop
      vertex 50.75 17.8087 5
      vertex 51.7947 17.2648 0
      vertex 50.75 17.8087 0
    endloop
  endfacet
  facet normal 0.953728 0.300672 0
    outer loop
      vertex 44.8141 24.8827 5
      vertex 44.46 26.0059 0
      vertex 44.46 26.0059 5
    endloop
  endfacet
  facet normal 0.953728 0.300672 0
    outer loop
      vertex 44.46 26.0059 0
      vertex 44.8141 24.8827 5
      vertex 44.8141 24.8827 0
    endloop
  endfacet
  facet normal 0.991447 0.130512 0
    outer loop
      vertex 44.2051 27.1558 5
      vertex 44.0514 28.3234 0
      vertex 44.0514 28.3234 5
    endloop
  endfacet
  facet normal 0.991447 0.130512 0
    outer loop
      vertex 44.0514 28.3234 0
      vertex 44.2051 27.1558 5
      vertex 44.2051 27.1558 0
    endloop
  endfacet
  facet normal 0.737256 0.675613 0
    outer loop
      vertex 47.9541 19.9541 5
      vertex 47.1584 20.8224 0
      vertex 47.1584 20.8224 5
    endloop
  endfacet
  facet normal 0.737256 0.675613 0
    outer loop
      vertex 47.1584 20.8224 0
      vertex 47.9541 19.9541 5
      vertex 47.9541 19.9541 0
    endloop
  endfacet
  facet normal 0.675613 0.737256 -0
    outer loop
      vertex 48.8224 19.1584 0
      vertex 47.9541 19.9541 5
      vertex 48.8224 19.1584 5
    endloop
  endfacet
  facet normal 0.675613 0.737256 0
    outer loop
      vertex 47.9541 19.9541 5
      vertex 48.8224 19.1584 0
      vertex 47.9541 19.9541 0
    endloop
  endfacet
  facet normal -0.991447 -0.130512 0
    outer loop
      vertex 70.9486 30.6766 0
      vertex 70.7949 31.8442 5
      vertex 70.7949 31.8442 0
    endloop
  endfacet
  facet normal -0.991447 -0.130512 0
    outer loop
      vertex 70.7949 31.8442 5
      vertex 70.9486 30.6766 0
      vertex 70.9486 30.6766 5
    endloop
  endfacet
  facet normal -0.843392 -0.537298 0
    outer loop
      vertex 69.1913 36.25 0
      vertex 68.5585 37.2433 5
      vertex 68.5585 37.2433 0
    endloop
  endfacet
  facet normal -0.843392 -0.537298 0
    outer loop
      vertex 68.5585 37.2433 5
      vertex 69.1913 36.25 0
      vertex 69.1913 36.25 5
    endloop
  endfacet
  facet normal -0.0436436 -0.999047 0
    outer loop
      vertex 57.5 43 0
      vertex 58.6766 42.9486 5
      vertex 57.5 43 5
    endloop
  endfacet
  facet normal -0.0436436 -0.999047 -0
    outer loop
      vertex 58.6766 42.9486 5
      vertex 57.5 43 0
      vertex 58.6766 42.9486 0
    endloop
  endfacet
  facet normal -0.216418 -0.976301 0
    outer loop
      vertex 59.8442 42.7949 0
      vertex 60.9941 42.54 5
      vertex 59.8442 42.7949 5
    endloop
  endfacet
  facet normal -0.216418 -0.976301 -0
    outer loop
      vertex 60.9941 42.54 5
      vertex 59.8442 42.7949 0
      vertex 60.9941 42.54 0
    endloop
  endfacet
  facet normal 0.999047 -0.0436436 0
    outer loop
      vertex 44 29.5 5
      vertex 44.0514 30.6766 0
      vertex 44.0514 30.6766 5
    endloop
  endfacet
  facet normal 0.999047 -0.0436436 0
    outer loop
      vertex 44.0514 30.6766 0
      vertex 44 29.5 5
      vertex 44 29.5 0
    endloop
  endfacet
  facet normal 0.976301 -0.216418 0
    outer loop
      vertex 44.2051 31.8442 5
      vertex 44.46 32.9941 0
      vertex 44.46 32.9941 5
    endloop
  endfacet
  facet normal 0.976301 -0.216418 0
    outer loop
      vertex 44.46 32.9941 0
      vertex 44.2051 31.8442 5
      vertex 44.2051 31.8442 0
    endloop
  endfacet
  facet normal 0.461791 -0.886989 0
    outer loop
      vertex 50.75 41.1913 0
      vertex 51.7947 41.7352 5
      vertex 50.75 41.1913 5
    endloop
  endfacet
  facet normal 0.461791 -0.886989 0
    outer loop
      vertex 51.7947 41.7352 5
      vertex 50.75 41.1913 0
      vertex 51.7947 41.7352 0
    endloop
  endfacet
  facet normal -0.953728 0.300672 0
    outer loop
      vertex 70.1859 24.8827 0
      vertex 70.54 26.0059 5
      vertex 70.54 26.0059 0
    endloop
  endfacet
  facet normal -0.953728 0.300672 0
    outer loop
      vertex 70.54 26.0059 5
      vertex 70.1859 24.8827 0
      vertex 70.1859 24.8827 5
    endloop
  endfacet
  facet normal -0.976301 0.216418 0
    outer loop
      vertex 70.54 26.0059 0
      vertex 70.7949 27.1558 5
      vertex 70.7949 27.1558 0
    endloop
  endfacet
  facet normal -0.976301 0.216418 0
    outer loop
      vertex 70.7949 27.1558 5
      vertex 70.54 26.0059 0
      vertex 70.54 26.0059 5
    endloop
  endfacet
  facet normal -0.991447 0.130512 0
    outer loop
      vertex 70.7949 27.1558 0
      vertex 70.9486 28.3234 5
      vertex 70.9486 28.3234 0
    endloop
  endfacet
  facet normal -0.991447 0.130512 0
    outer loop
      vertex 70.9486 28.3234 5
      vertex 70.7949 27.1558 0
      vertex 70.7949 27.1558 5
    endloop
  endfacet
  facet normal -0.382709 0.923869 0
    outer loop
      vertex 63.2053 17.2648 0
      vertex 62.1173 16.8141 5
      vertex 63.2053 17.2648 5
    endloop
  endfacet
  facet normal -0.382709 0.923869 0
    outer loop
      vertex 62.1173 16.8141 5
      vertex 63.2053 17.2648 0
      vertex 62.1173 16.8141 0
    endloop
  endfacet
  facet normal -0.737256 0.675613 0
    outer loop
      vertex 67.0459 19.9541 0
      vertex 67.8416 20.8224 5
      vertex 67.8416 20.8224 0
    endloop
  endfacet
  facet normal -0.737256 0.675613 0
    outer loop
      vertex 67.8416 20.8224 5
      vertex 67.0459 19.9541 0
      vertex 67.0459 19.9541 5
    endloop
  endfacet
  facet normal -0.537238 0.843431 0
    outer loop
      vertex 65.2433 18.4414 0
      vertex 64.25 17.8087 5
      vertex 65.2433 18.4414 5
    endloop
  endfacet
  facet normal -0.537238 0.843431 0
    outer loop
      vertex 64.25 17.8087 5
      vertex 65.2433 18.4414 0
      vertex 64.25 17.8087 0
    endloop
  endfacet
  facet normal -0.843392 0.537298 0
    outer loop
      vertex 68.5585 21.7567 0
      vertex 69.1913 22.75 5
      vertex 69.1913 22.75 0
    endloop
  endfacet
  facet normal -0.843392 0.537298 0
    outer loop
      vertex 69.1913 22.75 5
      vertex 68.5585 21.7567 0
      vertex 68.5585 21.7567 5
    endloop
  endfacet
  facet normal 0.216418 0.976301 -0
    outer loop
      vertex 55.1558 16.2051 0
      vertex 54.0059 16.46 5
      vertex 55.1558 16.2051 5
    endloop
  endfacet
  facet normal 0.216418 0.976301 0
    outer loop
      vertex 54.0059 16.46 5
      vertex 55.1558 16.2051 0
      vertex 54.0059 16.46 0
    endloop
  endfacet
  facet normal 0.537238 0.843431 -0
    outer loop
      vertex 50.75 17.8087 0
      vertex 49.7567 18.4414 5
      vertex 50.75 17.8087 5
    endloop
  endfacet
  facet normal 0.537238 0.843431 0
    outer loop
      vertex 49.7567 18.4414 5
      vertex 50.75 17.8087 0
      vertex 49.7567 18.4414 0
    endloop
  endfacet
  facet normal 0.923869 0.382709 0
    outer loop
      vertex 45.2648 23.7947 5
      vertex 44.8141 24.8827 0
      vertex 44.8141 24.8827 5
    endloop
  endfacet
  facet normal 0.923869 0.382709 0
    outer loop
      vertex 44.8141 24.8827 0
      vertex 45.2648 23.7947 5
      vertex 45.2648 23.7947 0
    endloop
  endfacet
  facet normal 0.976301 0.216418 0
    outer loop
      vertex 44.46 26.0059 5
      vertex 44.2051 27.1558 0
      vertex 44.2051 27.1558 5
    endloop
  endfacet
  facet normal 0.976301 0.216418 0
    outer loop
      vertex 44.2051 27.1558 0
      vertex 44.46 26.0059 5
      vertex 44.46 26.0059 0
    endloop
  endfacet
  facet normal 0.793318 0.608808 0
    outer loop
      vertex 47.1584 20.8224 5
      vertex 46.4414 21.7567 0
      vertex 46.4414 21.7567 5
    endloop
  endfacet
  facet normal 0.793318 0.608808 0
    outer loop
      vertex 46.4414 21.7567 0
      vertex 47.1584 20.8224 5
      vertex 47.1584 20.8224 0
    endloop
  endfacet
  facet normal 0.886989 0.461791 0
    outer loop
      vertex 45.8087 22.75 5
      vertex 45.2648 23.7947 0
      vertex 45.2648 23.7947 5
    endloop
  endfacet
  facet normal 0.886989 0.461791 0
    outer loop
      vertex 45.2648 23.7947 0
      vertex 45.8087 22.75 5
      vertex 45.8087 22.75 0
    endloop
  endfacet
  facet normal 0.130512 0.991447 -0
    outer loop
      vertex 56.3234 16.0514 0
      vertex 55.1558 16.2051 5
      vertex 56.3234 16.0514 5
    endloop
  endfacet
  facet normal 0.130512 0.991447 0
    outer loop
      vertex 55.1558 16.2051 5
      vertex 56.3234 16.0514 0
      vertex 55.1558 16.2051 0
    endloop
  endfacet
  facet normal 0.843431 0.537238 0
    outer loop
      vertex 46.4414 21.7567 5
      vertex 45.8087 22.75 0
      vertex 45.8087 22.75 5
    endloop
  endfacet
  facet normal 0.843431 0.537238 0
    outer loop
      vertex 45.8087 22.75 0
      vertex 46.4414 21.7567 5
      vertex 46.4414 21.7567 0
    endloop
  endfacet
endsolid OpenSCAD_Model
