solid OpenSCAD_Model
  facet normal 0.999047 0.0436362 0
    outer loop
      vertex 30 15 25
      vertex 29.9429 16.3073 22
      vertex 29.9429 16.3073 25
    endloop
  endfacet
  facet normal 0.999047 0.0436362 0
    outer loop
      vertex 29.9429 16.3073 22
      vertex 30 15 25
      vertex 30 15 22
    endloop
  endfacet
  facet normal -0.0436362 0.999047 0
    outer loop
      vertex 15 30 22
      vertex 13.6927 29.9429 25
      vertex 15 30 25
    endloop
  endfacet
  facet normal -0.0436362 0.999047 0
    outer loop
      vertex 13.6927 29.9429 25
      vertex 15 30 22
      vertex 13.6927 29.9429 22
    endloop
  endfacet
  facet normal 0.6756 0.737268 -0
    outer loop
      vertex 25.6066 25.6066 22
      vertex 24.6418 26.4907 25
      vertex 25.6066 25.6066 25
    endloop
  endfacet
  facet normal 0.6756 0.737268 0
    outer loop
      vertex 24.6418 26.4907 25
      vertex 25.6066 25.6066 22
      vertex 24.6418 26.4907 22
    endloop
  endfacet
  facet normal -0.73728 0.675588 0
    outer loop
      vertex 3.50933 24.6418 22
      vertex 4.3934 25.6066 25
      vertex 4.3934 25.6066 22
    endloop
  endfacet
  facet normal -0.73728 0.675588 0
    outer loop
      vertex 4.3934 25.6066 25
      vertex 3.50933 24.6418 22
      vertex 3.50933 24.6418 25
    endloop
  endfacet
  facet normal -0.382702 0.923872 0
    outer loop
      vertex 9.8697 29.0954 22
      vertex 8.66073 28.5946 25
      vertex 9.8697 29.0954 25
    endloop
  endfacet
  facet normal -0.382702 0.923872 0
    outer loop
      vertex 8.66073 28.5946 25
      vertex 9.8697 29.0954 22
      vertex 8.66073 28.5946 22
    endloop
  endfacet
  facet normal 0.887018 0.461735 0
    outer loop
      vertex 28.5946 21.3393 25
      vertex 27.9904 22.5 22
      vertex 27.9904 22.5 25
    endloop
  endfacet
  facet normal 0.887018 0.461735 0
    outer loop
      vertex 27.9904 22.5 22
      vertex 28.5946 21.3393 25
      vertex 28.5946 21.3393 22
    endloop
  endfacet
  facet normal 0.300711 0.953715 -0
    outer loop
      vertex 20.1303 29.0954 22
      vertex 18.8823 29.4889 25
      vertex 20.1303 29.0954 25
    endloop
  endfacet
  facet normal 0.300711 0.953715 0
    outer loop
      vertex 18.8823 29.4889 25
      vertex 20.1303 29.0954 22
      vertex 18.8823 29.4889 22
    endloop
  endfacet
  facet normal 0.537316 0.843381 -0
    outer loop
      vertex 23.6036 27.2873 22
      vertex 22.5 27.9904 25
      vertex 23.6036 27.2873 25
    endloop
  endfacet
  facet normal 0.537316 0.843381 0
    outer loop
      vertex 22.5 27.9904 25
      vertex 23.6036 27.2873 22
      vertex 22.5 27.9904 22
    endloop
  endfacet
  facet normal -0.953716 0.30071 0
    outer loop
      vertex 0.511112 18.8823 22
      vertex 0.904611 20.1303 25
      vertex 0.904611 20.1303 22
    endloop
  endfacet
  facet normal -0.953716 0.30071 0
    outer loop
      vertex 0.904611 20.1303 25
      vertex 0.511112 18.8823 22
      vertex 0.511112 18.8823 25
    endloop
  endfacet
  facet normal -0.216413 0.976302 0
    outer loop
      vertex 12.3953 29.7721 22
      vertex 11.1177 29.4889 25
      vertex 12.3953 29.7721 25
    endloop
  endfacet
  facet normal -0.216413 0.976302 0
    outer loop
      vertex 11.1177 29.4889 25
      vertex 12.3953 29.7721 22
      vertex 11.1177 29.4889 22
    endloop
  endfacet
  facet normal 0.976302 0.216413 0
    outer loop
      vertex 29.7721 17.6047 25
      vertex 29.4889 18.8823 22
      vertex 29.4889 18.8823 25
    endloop
  endfacet
  facet normal 0.976302 0.216413 0
    outer loop
      vertex 29.4889 18.8823 22
      vertex 29.7721 17.6047 25
      vertex 29.7721 17.6047 22
    endloop
  endfacet
  facet normal 0.991445 0.130522 0
    outer loop
      vertex 29.9429 16.3073 25
      vertex 29.7721 17.6047 22
      vertex 29.7721 17.6047 25
    endloop
  endfacet
  facet normal 0.991445 0.130522 0
    outer loop
      vertex 29.7721 17.6047 22
      vertex 29.9429 16.3073 25
      vertex 29.9429 16.3073 22
    endloop
  endfacet
  facet normal 0.793368 0.608743 0
    outer loop
      vertex 27.2873 23.6036 25
      vertex 26.4907 24.6418 22
      vertex 26.4907 24.6418 25
    endloop
  endfacet
  facet normal 0.793368 0.608743 0
    outer loop
      vertex 26.4907 24.6418 22
      vertex 27.2873 23.6036 25
      vertex 27.2873 23.6036 22
    endloop
  endfacet
  facet normal 0.737268 0.6756 0
    outer loop
      vertex 26.4907 24.6418 25
      vertex 25.6066 25.6066 22
      vertex 25.6066 25.6066 25
    endloop
  endfacet
  facet normal 0.737268 0.6756 0
    outer loop
      vertex 25.6066 25.6066 22
      vertex 26.4907 24.6418 25
      vertex 26.4907 24.6418 22
    endloop
  endfacet
  facet normal 0.843381 0.537316 0
    outer loop
      vertex 27.9904 22.5 25
      vertex 27.2873 23.6036 22
      vertex 27.2873 23.6036 25
    endloop
  endfacet
  facet normal 0.843381 0.537316 0
    outer loop
      vertex 27.2873 23.6036 22
      vertex 27.9904 22.5 25
      vertex 27.9904 22.5 22
    endloop
  endfacet
  facet normal 0.130522 0.991445 -0
    outer loop
      vertex 17.6047 29.7721 22
      vertex 16.3073 29.9429 25
      vertex 17.6047 29.7721 25
    endloop
  endfacet
  facet normal 0.130522 0.991445 0
    outer loop
      vertex 16.3073 29.9429 25
      vertex 17.6047 29.7721 22
      vertex 16.3073 29.9429 22
    endloop
  endfacet
  facet normal 0.216413 0.976302 -0
    outer loop
      vertex 18.8823 29.4889 22
      vertex 17.6047 29.7721 25
      vertex 18.8823 29.4889 25
    endloop
  endfacet
  facet normal 0.216413 0.976302 0
    outer loop
      vertex 17.6047 29.7721 25
      vertex 18.8823 29.4889 22
      vertex 17.6047 29.7721 22
    endloop
  endfacet
  facet normal 0.0436362 0.999047 -0
    outer loop
      vertex 16.3073 29.9429 22
      vertex 15 30 25
      vertex 16.3073 29.9429 25
    endloop
  endfacet
  facet normal 0.0436362 0.999047 0
    outer loop
      vertex 15 30 25
      vertex 16.3073 29.9429 22
      vertex 15 30 22
    endloop
  endfacet
  facet normal 0.461735 0.887018 -0
    outer loop
      vertex 22.5 27.9904 22
      vertex 21.3393 28.5946 25
      vertex 22.5 27.9904 25
    endloop
  endfacet
  facet normal 0.461735 0.887018 0
    outer loop
      vertex 21.3393 28.5946 25
      vertex 22.5 27.9904 22
      vertex 21.3393 28.5946 22
    endloop
  endfacet
  facet normal 0.608743 0.793368 -0
    outer loop
      vertex 24.6418 26.4907 22
      vertex 23.6036 27.2873 25
      vertex 24.6418 26.4907 25
    endloop
  endfacet
  facet normal 0.608743 0.793368 0
    outer loop
      vertex 23.6036 27.2873 25
      vertex 24.6418 26.4907 22
      vertex 23.6036 27.2873 22
    endloop
  endfacet
  facet normal -0.991445 0.130525 0
    outer loop
      vertex 0.0570793 16.3073 22
      vertex 0.227883 17.6047 25
      vertex 0.227883 17.6047 22
    endloop
  endfacet
  facet normal -0.991445 0.130525 0
    outer loop
      vertex 0.227883 17.6047 25
      vertex 0.0570793 16.3073 22
      vertex 0.0570793 16.3073 25
    endloop
  endfacet
  facet normal 0 0 -1
    outer loop
      vertex 29 15 22
      vertex 30 15 22
      vertex 29.9429 13.6927 22
    endloop
  endfacet
  facet normal 0 0 -1
    outer loop
      vertex 28.9467 13.7798 22
      vertex 29.9429 13.6927 22
      vertex 29.7721 12.3953 22
    endloop
  endfacet
  facet normal 0 0 -1
    outer loop
      vertex 30 15 22
      vertex 29 15 22
      vertex 29.9429 16.3073 22
    endloop
  endfacet
  facet normal 0 0 -1
    outer loop
      vertex 28.7873 12.5689 22
      vertex 29.7721 12.3953 22
      vertex 29.4889 11.1177 22
    endloop
  endfacet
  facet normal 0 0 -1
    outer loop
      vertex 28.9467 16.2202 22
      vertex 29.9429 16.3073 22
      vertex 29 15 22
    endloop
  endfacet
  facet normal 0 0 -1
    outer loop
      vertex 28.523 11.3765 22
      vertex 29.4889 11.1177 22
      vertex 29.0954 9.8697 22
    endloop
  endfacet
  facet normal -0 0 -1
    outer loop
      vertex 29.9429 16.3073 22
      vertex 28.9467 16.2202 22
      vertex 29.7721 17.6047 22
    endloop
  endfacet
  facet normal 0 0 -1
    outer loop
      vertex 28.7873 17.4311 22
      vertex 29.7721 17.6047 22
      vertex 28.9467 16.2202 22
    endloop
  endfacet
  facet normal 0 0 -1
    outer loop
      vertex 29.9429 13.6927 22
      vertex 28.9467 13.7798 22
      vertex 29 15 22
    endloop
  endfacet
  facet normal 0 0 -1
    outer loop
      vertex 29.7721 12.3953 22
      vertex 28.7873 12.5689 22
      vertex 28.9467 13.7798 22
    endloop
  endfacet
  facet normal 0 0 -1
    outer loop
      vertex 28.1557 10.2117 22
      vertex 29.0954 9.8697 22
      vertex 28.5946 8.66073 22
    endloop
  endfacet
  facet normal 0 0 -1
    outer loop
      vertex 29.4889 11.1177 22
      vertex 28.523 11.3765 22
      vertex 28.7873 12.5689 22
    endloop
  endfacet
  facet normal 0 0 -1
    outer loop
      vertex 29.0954 9.8697 22
      vertex 28.1557 10.2117 22
      vertex 28.523 11.3765 22
    endloop
  endfacet
  facet normal 0 0 -1
    outer loop
      vertex 27.6883 9.08334 22
      vertex 28.5946 8.66073 22
      vertex 27.9904 7.5 22
    endloop
  endfacet
  facet normal 0 0 -1
    outer loop
      vertex 28.5946 8.66073 22
      vertex 27.6883 9.08334 22
      vertex 28.1557 10.2117 22
    endloop
  endfacet
  facet normal 0 0 -1
    outer loop
      vertex 27.1244 8 22
      vertex 27.9904 7.5 22
      vertex 27.2873 6.39635 22
    endloop
  endfacet
  facet normal 0 0 -1
    outer loop
      vertex 27.9904 7.5 22
      vertex 27.1244 8 22
      vertex 27.6883 9.08334 22
    endloop
  endfacet
  facet normal 0 0 -1
    outer loop
      vertex 26.4681 6.96993 22
      vertex 27.2873 6.39635 22
      vertex 26.4907 5.35819 22
    endloop
  endfacet
  facet normal 0 0 -1
    outer loop
      vertex 27.2873 6.39635 22
      vertex 26.4681 6.96993 22
      vertex 27.1244 8 22
    endloop
  endfacet
  facet normal 0 0 -1
    outer loop
      vertex 26.4907 5.35819 22
      vertex 25.7246 6.00097 22
      vertex 26.4681 6.96993 22
    endloop
  endfacet
  facet normal 0 0 -1
    outer loop
      vertex 25.6066 4.3934 22
      vertex 25.7246 6.00097 22
      vertex 26.4907 5.35819 22
    endloop
  endfacet
  facet normal 0 0 -1
    outer loop
      vertex 25.6066 4.3934 22
      vertex 24.8995 5.1005 22
      vertex 25.7246 6.00097 22
    endloop
  endfacet
  facet normal 0 0 -1
    outer loop
      vertex 24.6418 3.50933 22
      vertex 24.8995 5.1005 22
      vertex 25.6066 4.3934 22
    endloop
  endfacet
  facet normal 0 0 -1
    outer loop
      vertex 24.6418 3.50933 22
      vertex 23.999 4.27538 22
      vertex 24.8995 5.1005 22
    endloop
  endfacet
  facet normal 0 0 -1
    outer loop
      vertex 23.6036 2.71272 22
      vertex 23.999 4.27538 22
      vertex 24.6418 3.50933 22
    endloop
  endfacet
  facet normal 0 0 -1
    outer loop
      vertex 23.6036 2.71272 22
      vertex 23.0301 3.53187 22
      vertex 23.999 4.27538 22
    endloop
  endfacet
  facet normal 0 0 -1
    outer loop
      vertex 22.5 2.00962 22
      vertex 23.0301 3.53187 22
      vertex 23.6036 2.71272 22
    endloop
  endfacet
  facet normal 0 0 -1
    outer loop
      vertex 22.5 2.00962 22
      vertex 22 2.87564 22
      vertex 23.0301 3.53187 22
    endloop
  endfacet
  facet normal 0 0 -1
    outer loop
      vertex 21.3393 1.40538 22
      vertex 22 2.87564 22
      vertex 22.5 2.00962 22
    endloop
  endfacet
  facet normal 0 0 -1
    outer loop
      vertex 21.3393 1.40538 22
      vertex 20.9167 2.31169 22
      vertex 22 2.87564 22
    endloop
  endfacet
  facet normal 0 0 -1
    outer loop
      vertex 20.1303 0.904611 22
      vertex 20.9167 2.31169 22
      vertex 21.3393 1.40538 22
    endloop
  endfacet
  facet normal 0 0 -1
    outer loop
      vertex 20.1303 0.904611 22
      vertex 19.7883 1.8443 22
      vertex 20.9167 2.31169 22
    endloop
  endfacet
  facet normal 0 0 -1
    outer loop
      vertex 18.8823 0.511112 22
      vertex 19.7883 1.8443 22
      vertex 20.1303 0.904611 22
    endloop
  endfacet
  facet normal 0 0 -1
    outer loop
      vertex 18.8823 0.511112 22
      vertex 18.6235 1.47704 22
      vertex 19.7883 1.8443 22
    endloop
  endfacet
  facet normal 0 0 -1
    outer loop
      vertex 17.6047 0.227883 22
      vertex 18.6235 1.47704 22
      vertex 18.8823 0.511112 22
    endloop
  endfacet
  facet normal 0 0 -1
    outer loop
      vertex 17.6047 0.227883 22
      vertex 17.4311 1.21269 22
      vertex 18.6235 1.47704 22
    endloop
  endfacet
  facet normal 0 0 -1
    outer loop
      vertex 16.3073 0.0570793 22
      vertex 17.4311 1.21269 22
      vertex 17.6047 0.227883 22
    endloop
  endfacet
  facet normal 0 0 -1
    outer loop
      vertex 16.3073 0.0570793 22
      vertex 16.2202 1.05327 22
      vertex 17.4311 1.21269 22
    endloop
  endfacet
  facet normal 0 0 -1
    outer loop
      vertex 15 0 22
      vertex 16.2202 1.05327 22
      vertex 16.3073 0.0570793 22
    endloop
  endfacet
  facet normal 0 0 -1
    outer loop
      vertex 15 0 22
      vertex 15 1 22
      vertex 16.2202 1.05327 22
    endloop
  endfacet
  facet normal 0 0 -1
    outer loop
      vertex 15 0 22
      vertex 13.7798 1.05327 22
      vertex 15 1 22
    endloop
  endfacet
  facet normal 0 0 -1
    outer loop
      vertex 13.6927 0.0570793 22
      vertex 13.7798 1.05327 22
      vertex 15 0 22
    endloop
  endfacet
  facet normal 0 0 -1
    outer loop
      vertex 13.6927 0.0570793 22
      vertex 12.5689 1.21269 22
      vertex 13.7798 1.05327 22
    endloop
  endfacet
  facet normal 0 0 -1
    outer loop
      vertex 12.3953 0.227883 22
      vertex 12.5689 1.21269 22
      vertex 13.6927 0.0570793 22
    endloop
  endfacet
  facet normal 0 0 -1
    outer loop
      vertex 12.3953 0.227883 22
      vertex 11.3765 1.47704 22
      vertex 12.5689 1.21269 22
    endloop
  endfacet
  facet normal 0 0 -1
    outer loop
      vertex 11.1177 0.511112 22
      vertex 11.3765 1.47704 22
      vertex 12.3953 0.227883 22
    endloop
  endfacet
  facet normal 0 0 -1
    outer loop
      vertex 11.1177 0.511112 22
      vertex 10.2117 1.8443 22
      vertex 11.3765 1.47704 22
    endloop
  endfacet
  facet normal 0 0 -1
    outer loop
      vertex 9.8697 0.904611 22
      vertex 10.2117 1.8443 22
      vertex 11.1177 0.511112 22
    endloop
  endfacet
  facet normal 0 0 -1
    outer loop
      vertex 9.8697 0.904611 22
      vertex 9.08334 2.31169 22
      vertex 10.2117 1.8443 22
    endloop
  endfacet
  facet normal 0 0 -1
    outer loop
      vertex 8.66073 1.40538 22
      vertex 9.08334 2.31169 22
      vertex 9.8697 0.904611 22
    endloop
  endfacet
  facet normal 0 0 -1
    outer loop
      vertex 8.66073 1.40538 22
      vertex 8 2.87564 22
      vertex 9.08334 2.31169 22
    endloop
  endfacet
  facet normal 0 0 -1
    outer loop
      vertex 7.5 2.00962 22
      vertex 8 2.87564 22
      vertex 8.66073 1.40538 22
    endloop
  endfacet
  facet normal 0 0 -1
    outer loop
      vertex 7.5 2.00962 22
      vertex 6.96993 3.53187 22
      vertex 8 2.87564 22
    endloop
  endfacet
  facet normal 0 0 -1
    outer loop
      vertex 6.39635 2.71272 22
      vertex 6.96993 3.53187 22
      vertex 7.5 2.00962 22
    endloop
  endfacet
  facet normal 0 0 -1
    outer loop
      vertex 6.39635 2.71272 22
      vertex 6.00097 4.27538 22
      vertex 6.96993 3.53187 22
    endloop
  endfacet
  facet normal 0 0 -1
    outer loop
      vertex 5.35819 3.50933 22
      vertex 6.00097 4.27538 22
      vertex 6.39635 2.71272 22
    endloop
  endfacet
  facet normal 0 0 -1
    outer loop
      vertex 5.35819 3.50933 22
      vertex 5.1005 5.1005 22
      vertex 6.00097 4.27538 22
    endloop
  endfacet
  facet normal 0 0 -1
    outer loop
      vertex 4.3934 4.3934 22
      vertex 5.1005 5.1005 22
      vertex 5.35819 3.50933 22
    endloop
  endfacet
  facet normal 0 0 -1
    outer loop
      vertex 4.3934 4.3934 22
      vertex 4.27538 6.00097 22
      vertex 5.1005 5.1005 22
    endloop
  endfacet
  facet normal 0 0 -1
    outer loop
      vertex 3.50933 5.35819 22
      vertex 4.27538 6.00097 22
      vertex 4.3934 4.3934 22
    endloop
  endfacet
  facet normal -0 0 -1
    outer loop
      vertex 4.27538 6.00097 22
      vertex 3.50933 5.35819 22
      vertex 3.53187 6.96993 22
    endloop
  endfacet
  facet normal 0 0 -1
    outer loop
      vertex 2.71272 6.39635 22
      vertex 3.53187 6.96993 22
      vertex 3.50933 5.35819 22
    endloop
  endfacet
  facet normal -0 0 -1
    outer loop
      vertex 3.53187 6.96993 22
      vertex 2.71272 6.39635 22
      vertex 2.87564 8 22
    endloop
  endfacet
  facet normal 0 0 -1
    outer loop
      vertex 2.00962 7.5 22
      vertex 2.87564 8 22
      vertex 2.71272 6.39635 22
    endloop
  endfacet
  facet normal -0 0 -1
    outer loop
      vertex 2.87564 8 22
      vertex 2.00962 7.5 22
      vertex 2.31169 9.08334 22
    endloop
  endfacet
  facet normal 0 0 -1
    outer loop
      vertex 1.40538 8.66073 22
      vertex 2.31169 9.08334 22
      vertex 2.00962 7.5 22
    endloop
  endfacet
  facet normal -0 0 -1
    outer loop
      vertex 2.31169 9.08334 22
      vertex 1.40538 8.66073 22
      vertex 1.8443 10.2117 22
    endloop
  endfacet
  facet normal 0 0 -1
    outer loop
      vertex 0.904611 9.8697 22
      vertex 1.8443 10.2117 22
      vertex 1.40538 8.66073 22
    endloop
  endfacet
  facet normal -0 0 -1
    outer loop
      vertex 1.8443 10.2117 22
      vertex 0.904611 9.8697 22
      vertex 1.47704 11.3765 22
    endloop
  endfacet
  facet normal 0 0 -1
    outer loop
      vertex 0.511112 11.1177 22
      vertex 1.47704 11.3765 22
      vertex 0.904611 9.8697 22
    endloop
  endfacet
  facet normal 0 0 -1
    outer loop
      vertex 0.227883 12.3953 22
      vertex 1.21269 12.5689 22
      vertex 0.511112 11.1177 22
    endloop
  endfacet
  facet normal -0 0 -1
    outer loop
      vertex 1.47704 11.3765 22
      vertex 0.511112 11.1177 22
      vertex 1.21269 12.5689 22
    endloop
  endfacet
  facet normal -0 0 -1
    outer loop
      vertex 29.7721 17.6047 22
      vertex 28.7873 17.4311 22
      vertex 29.4889 18.8823 22
    endloop
  endfacet
  facet normal 0 0 -1
    outer loop
      vertex 28.523 18.6235 22
      vertex 29.4889 18.8823 22
      vertex 28.7873 17.4311 22
    endloop
  endfacet
  facet normal -0 0 -1
    outer loop
      vertex 29.4889 18.8823 22
      vertex 28.523 18.6235 22
      vertex 29.0954 20.1303 22
    endloop
  endfacet
  facet normal 0 0 -1
    outer loop
      vertex 28.1557 19.7883 22
      vertex 29.0954 20.1303 22
      vertex 28.523 18.6235 22
    endloop
  endfacet
  facet normal -0 0 -1
    outer loop
      vertex 29.0954 20.1303 22
      vertex 28.1557 19.7883 22
      vertex 28.5946 21.3393 22
    endloop
  endfacet
  facet normal 0 0 -1
    outer loop
      vertex 27.6883 20.9167 22
      vertex 28.5946 21.3393 22
      vertex 28.1557 19.7883 22
    endloop
  endfacet
  facet normal -0 0 -1
    outer loop
      vertex 28.5946 21.3393 22
      vertex 27.6883 20.9167 22
      vertex 27.9904 22.5 22
    endloop
  endfacet
  facet normal 0 0 -1
    outer loop
      vertex 27.1244 22 22
      vertex 27.9904 22.5 22
      vertex 27.6883 20.9167 22
    endloop
  endfacet
  facet normal -0 0 -1
    outer loop
      vertex 27.9904 22.5 22
      vertex 27.1244 22 22
      vertex 27.2873 23.6036 22
    endloop
  endfacet
  facet normal 0 0 -1
    outer loop
      vertex 26.4681 23.0301 22
      vertex 27.2873 23.6036 22
      vertex 27.1244 22 22
    endloop
  endfacet
  facet normal -0 0 -1
    outer loop
      vertex 27.2873 23.6036 22
      vertex 26.4681 23.0301 22
      vertex 26.4907 24.6418 22
    endloop
  endfacet
  facet normal 0 0 -1
    outer loop
      vertex 25.7246 23.999 22
      vertex 26.4907 24.6418 22
      vertex 26.4681 23.0301 22
    endloop
  endfacet
  facet normal 0 0 -1
    outer loop
      vertex 25.7246 23.999 22
      vertex 25.6066 25.6066 22
      vertex 26.4907 24.6418 22
    endloop
  endfacet
  facet normal 0 0 -1
    outer loop
      vertex 24.8995 24.8995 22
      vertex 25.6066 25.6066 22
      vertex 25.7246 23.999 22
    endloop
  endfacet
  facet normal 0 0 -1
    outer loop
      vertex 24.8995 24.8995 22
      vertex 24.6418 26.4907 22
      vertex 25.6066 25.6066 22
    endloop
  endfacet
  facet normal 0 0 -1
    outer loop
      vertex 23.999 25.7246 22
      vertex 24.6418 26.4907 22
      vertex 24.8995 24.8995 22
    endloop
  endfacet
  facet normal 0 0 -1
    outer loop
      vertex 23.999 25.7246 22
      vertex 23.6036 27.2873 22
      vertex 24.6418 26.4907 22
    endloop
  endfacet
  facet normal 0 0 -1
    outer loop
      vertex 23.0301 26.4681 22
      vertex 23.6036 27.2873 22
      vertex 23.999 25.7246 22
    endloop
  endfacet
  facet normal 0 0 -1
    outer loop
      vertex 23.0301 26.4681 22
      vertex 22.5 27.9904 22
      vertex 23.6036 27.2873 22
    endloop
  endfacet
  facet normal 0 0 -1
    outer loop
      vertex 22 27.1244 22
      vertex 22.5 27.9904 22
      vertex 23.0301 26.4681 22
    endloop
  endfacet
  facet normal 0 0 -1
    outer loop
      vertex 22 27.1244 22
      vertex 21.3393 28.5946 22
      vertex 22.5 27.9904 22
    endloop
  endfacet
  facet normal 0 0 -1
    outer loop
      vertex 20.9167 27.6883 22
      vertex 21.3393 28.5946 22
      vertex 22 27.1244 22
    endloop
  endfacet
  facet normal 0 0 -1
    outer loop
      vertex 20.9167 27.6883 22
      vertex 20.1303 29.0954 22
      vertex 21.3393 28.5946 22
    endloop
  endfacet
  facet normal 0 0 -1
    outer loop
      vertex 19.7883 28.1557 22
      vertex 20.1303 29.0954 22
      vertex 20.9167 27.6883 22
    endloop
  endfacet
  facet normal 0 0 -1
    outer loop
      vertex 19.7883 28.1557 22
      vertex 18.8823 29.4889 22
      vertex 20.1303 29.0954 22
    endloop
  endfacet
  facet normal 0 0 -1
    outer loop
      vertex 18.6235 28.523 22
      vertex 18.8823 29.4889 22
      vertex 19.7883 28.1557 22
    endloop
  endfacet
  facet normal 0 0 -1
    outer loop
      vertex 18.6235 28.523 22
      vertex 17.6047 29.7721 22
      vertex 18.8823 29.4889 22
    endloop
  endfacet
  facet normal 0 0 -1
    outer loop
      vertex 17.4311 28.7873 22
      vertex 17.6047 29.7721 22
      vertex 18.6235 28.523 22
    endloop
  endfacet
  facet normal 0 0 -1
    outer loop
      vertex 17.4311 28.7873 22
      vertex 16.3073 29.9429 22
      vertex 17.6047 29.7721 22
    endloop
  endfacet
  facet normal 0 0 -1
    outer loop
      vertex 16.2202 28.9467 22
      vertex 16.3073 29.9429 22
      vertex 17.4311 28.7873 22
    endloop
  endfacet
  facet normal 0 0 -1
    outer loop
      vertex 15 29 22
      vertex 16.3073 29.9429 22
      vertex 16.2202 28.9467 22
    endloop
  endfacet
  facet normal 0 0 -1
    outer loop
      vertex 15 29 22
      vertex 15 30 22
      vertex 16.3073 29.9429 22
    endloop
  endfacet
  facet normal 0 0 -1
    outer loop
      vertex 13.7798 28.9467 22
      vertex 15 30 22
      vertex 15 29 22
    endloop
  endfacet
  facet normal 0 0 -1
    outer loop
      vertex 13.7798 28.9467 22
      vertex 13.6927 29.9429 22
      vertex 15 30 22
    endloop
  endfacet
  facet normal 0 0 -1
    outer loop
      vertex 12.5689 28.7873 22
      vertex 13.6927 29.9429 22
      vertex 13.7798 28.9467 22
    endloop
  endfacet
  facet normal 0 0 -1
    outer loop
      vertex 12.5689 28.7873 22
      vertex 12.3953 29.7721 22
      vertex 13.6927 29.9429 22
    endloop
  endfacet
  facet normal 0 0 -1
    outer loop
      vertex 11.3765 28.523 22
      vertex 12.3953 29.7721 22
      vertex 12.5689 28.7873 22
    endloop
  endfacet
  facet normal 0 0 -1
    outer loop
      vertex 11.3765 28.523 22
      vertex 11.1177 29.4889 22
      vertex 12.3953 29.7721 22
    endloop
  endfacet
  facet normal 0 0 -1
    outer loop
      vertex 10.2117 28.1557 22
      vertex 11.1177 29.4889 22
      vertex 11.3765 28.523 22
    endloop
  endfacet
  facet normal 0 0 -1
    outer loop
      vertex 10.2117 28.1557 22
      vertex 9.8697 29.0954 22
      vertex 11.1177 29.4889 22
    endloop
  endfacet
  facet normal 0 0 -1
    outer loop
      vertex 9.08334 27.6883 22
      vertex 9.8697 29.0954 22
      vertex 10.2117 28.1557 22
    endloop
  endfacet
  facet normal 0 0 -1
    outer loop
      vertex 9.08334 27.6883 22
      vertex 8.66073 28.5946 22
      vertex 9.8697 29.0954 22
    endloop
  endfacet
  facet normal 0 0 -1
    outer loop
      vertex 8 27.1244 22
      vertex 8.66073 28.5946 22
      vertex 9.08334 27.6883 22
    endloop
  endfacet
  facet normal 0 0 -1
    outer loop
      vertex 8 27.1244 22
      vertex 7.5 27.9904 22
      vertex 8.66073 28.5946 22
    endloop
  endfacet
  facet normal 0 0 -1
    outer loop
      vertex 6.96993 26.4681 22
      vertex 7.5 27.9904 22
      vertex 8 27.1244 22
    endloop
  endfacet
  facet normal 0 0 -1
    outer loop
      vertex 6.96993 26.4681 22
      vertex 6.39635 27.2873 22
      vertex 7.5 27.9904 22
    endloop
  endfacet
  facet normal 0 0 -1
    outer loop
      vertex 6.00097 25.7246 22
      vertex 6.39635 27.2873 22
      vertex 6.96993 26.4681 22
    endloop
  endfacet
  facet normal 0 0 -1
    outer loop
      vertex 6.00097 25.7246 22
      vertex 5.35819 26.4907 22
      vertex 6.39635 27.2873 22
    endloop
  endfacet
  facet normal 0 0 -1
    outer loop
      vertex 5.1005 24.8995 22
      vertex 5.35819 26.4907 22
      vertex 6.00097 25.7246 22
    endloop
  endfacet
  facet normal 0 0 -1
    outer loop
      vertex 5.1005 24.8995 22
      vertex 4.3934 25.6066 22
      vertex 5.35819 26.4907 22
    endloop
  endfacet
  facet normal 0 0 -1
    outer loop
      vertex 4.27538 23.999 22
      vertex 4.3934 25.6066 22
      vertex 5.1005 24.8995 22
    endloop
  endfacet
  facet normal 0 0 -1
    outer loop
      vertex 3.50933 24.6418 22
      vertex 4.27538 23.999 22
      vertex 3.53187 23.0301 22
    endloop
  endfacet
  facet normal 0 0 -1
    outer loop
      vertex 4.27538 23.999 22
      vertex 3.50933 24.6418 22
      vertex 4.3934 25.6066 22
    endloop
  endfacet
  facet normal 0 0 -1
    outer loop
      vertex 2.71272 23.6036 22
      vertex 3.53187 23.0301 22
      vertex 2.87564 22 22
    endloop
  endfacet
  facet normal 0 0 -1
    outer loop
      vertex 3.53187 23.0301 22
      vertex 2.71272 23.6036 22
      vertex 3.50933 24.6418 22
    endloop
  endfacet
  facet normal 0 0 -1
    outer loop
      vertex 2.00962 22.5 22
      vertex 2.87564 22 22
      vertex 2.31169 20.9167 22
    endloop
  endfacet
  facet normal 0 0 -1
    outer loop
      vertex 2.87564 22 22
      vertex 2.00962 22.5 22
      vertex 2.71272 23.6036 22
    endloop
  endfacet
  facet normal 0 0 -1
    outer loop
      vertex 1.40538 21.3393 22
      vertex 2.31169 20.9167 22
      vertex 1.8443 19.7883 22
    endloop
  endfacet
  facet normal 0 0 -1
    outer loop
      vertex 0.904611 20.1303 22
      vertex 1.8443 19.7883 22
      vertex 1.47704 18.6235 22
    endloop
  endfacet
  facet normal 0 0 -1
    outer loop
      vertex 2.31169 20.9167 22
      vertex 1.40538 21.3393 22
      vertex 2.00962 22.5 22
    endloop
  endfacet
  facet normal 0 0 -1
    outer loop
      vertex 0.511112 18.8823 22
      vertex 1.47704 18.6235 22
      vertex 1.21269 17.4311 22
    endloop
  endfacet
  facet normal 0 0 -1
    outer loop
      vertex 0.227883 17.6047 22
      vertex 1.21269 17.4311 22
      vertex 1.05327 16.2202 22
    endloop
  endfacet
  facet normal 0 0 -1
    outer loop
      vertex 1.8443 19.7883 22
      vertex 0.904611 20.1303 22
      vertex 1.40538 21.3393 22
    endloop
  endfacet
  facet normal 0 0 -1
    outer loop
      vertex 0.0570793 16.3073 22
      vertex 1.05327 16.2202 22
      vertex 1 15 22
    endloop
  endfacet
  facet normal -0 0 -1
    outer loop
      vertex 1.21269 12.5689 22
      vertex 0.227883 12.3953 22
      vertex 1.05327 13.7798 22
    endloop
  endfacet
  facet normal 0 0 -1
    outer loop
      vertex 0.0570793 13.6927 22
      vertex 1.05327 13.7798 22
      vertex 0.227883 12.3953 22
    endloop
  endfacet
  facet normal 0 0 -1
    outer loop
      vertex 1.47704 18.6235 22
      vertex 0.511112 18.8823 22
      vertex 0.904611 20.1303 22
    endloop
  endfacet
  facet normal -0 0 -1
    outer loop
      vertex 1.05327 13.7798 22
      vertex 0.0570793 13.6927 22
      vertex 1 15 22
    endloop
  endfacet
  facet normal 0 0 -1
    outer loop
      vertex 1.21269 17.4311 22
      vertex 0.227883 17.6047 22
      vertex 0.511112 18.8823 22
    endloop
  endfacet
  facet normal 0 0 -1
    outer loop
      vertex 0 15 22
      vertex 1 15 22
      vertex 0.0570793 13.6927 22
    endloop
  endfacet
  facet normal 0 0 -1
    outer loop
      vertex 1.05327 16.2202 22
      vertex 0.0570793 16.3073 22
      vertex 0.227883 17.6047 22
    endloop
  endfacet
  facet normal 0 0 -1
    outer loop
      vertex 1 15 22
      vertex 0 15 22
      vertex 0.0570793 16.3073 22
    endloop
  endfacet
  facet normal -0.843381 0.537316 0
    outer loop
      vertex 2.00962 22.5 22
      vertex 2.71272 23.6036 25
      vertex 2.71272 23.6036 22
    endloop
  endfacet
  facet normal -0.843381 0.537316 0
    outer loop
      vertex 2.71272 23.6036 25
      vertex 2.00962 22.5 22
      vertex 2.00962 22.5 25
    endloop
  endfacet
  facet normal -0.793364 0.608748 0
    outer loop
      vertex 2.71272 23.6036 22
      vertex 3.50933 24.6418 25
      vertex 3.50933 24.6418 22
    endloop
  endfacet
  facet normal -0.793364 0.608748 0
    outer loop
      vertex 3.50933 24.6418 25
      vertex 2.71272 23.6036 22
      vertex 2.71272 23.6036 25
    endloop
  endfacet
  facet normal -0.887005 0.461759 0
    outer loop
      vertex 1.40538 21.3393 22
      vertex 2.00962 22.5 25
      vertex 2.00962 22.5 22
    endloop
  endfacet
  facet normal -0.887005 0.461759 0
    outer loop
      vertex 2.00962 22.5 25
      vertex 1.40538 21.3393 22
      vertex 1.40538 21.3393 25
    endloop
  endfacet
  facet normal -0.976297 0.216434 0
    outer loop
      vertex 0.227883 17.6047 22
      vertex 0.511112 18.8823 25
      vertex 0.511112 18.8823 22
    endloop
  endfacet
  facet normal -0.976297 0.216434 0
    outer loop
      vertex 0.511112 18.8823 25
      vertex 0.227883 17.6047 22
      vertex 0.227883 17.6047 25
    endloop
  endfacet
  facet normal -0.999048 0.0436204 0
    outer loop
      vertex 0 15 22
      vertex 0.0570793 16.3073 25
      vertex 0.0570793 16.3073 22
    endloop
  endfacet
  facet normal -0.999048 0.0436204 0
    outer loop
      vertex 0.0570793 16.3073 25
      vertex 0 15 22
      vertex 0 15 25
    endloop
  endfacet
  facet normal 0 0 1
    outer loop
      vertex 28.1 15 25
      vertex 30 15 25
      vertex 29.9429 16.3073 25
    endloop
  endfacet
  facet normal 0 0 1
    outer loop
      vertex 28.0501 16.1417 25
      vertex 29.9429 16.3073 25
      vertex 29.7721 17.6047 25
    endloop
  endfacet
  facet normal 0 0 1
    outer loop
      vertex 30 15 25
      vertex 28.1 15 25
      vertex 29.9429 13.6927 25
    endloop
  endfacet
  facet normal 0 0 1
    outer loop
      vertex 27.901 17.2748 25
      vertex 29.7721 17.6047 25
      vertex 29.4889 18.8823 25
    endloop
  endfacet
  facet normal -0 0 1
    outer loop
      vertex 28.0501 13.8583 25
      vertex 29.9429 13.6927 25
      vertex 28.1 15 25
    endloop
  endfacet
  facet normal 0 0 1
    outer loop
      vertex 27.6536 18.3905 25
      vertex 29.4889 18.8823 25
      vertex 29.0954 20.1303 25
    endloop
  endfacet
  facet normal 0 0 1
    outer loop
      vertex 29.9429 13.6927 25
      vertex 28.0501 13.8583 25
      vertex 29.7721 12.3953 25
    endloop
  endfacet
  facet normal 0 0 1
    outer loop
      vertex 27.31 19.4805 25
      vertex 29.0954 20.1303 25
      vertex 28.5946 21.3393 25
    endloop
  endfacet
  facet normal -0 0 1
    outer loop
      vertex 27.901 12.7252 25
      vertex 29.7721 12.3953 25
      vertex 28.0501 13.8583 25
    endloop
  endfacet
  facet normal 0 0 1
    outer loop
      vertex 29.7721 12.3953 25
      vertex 27.901 12.7252 25
      vertex 29.4889 11.1177 25
    endloop
  endfacet
  facet normal 0 0 1
    outer loop
      vertex 29.9429 16.3073 25
      vertex 28.0501 16.1417 25
      vertex 28.1 15 25
    endloop
  endfacet
  facet normal 0 0 1
    outer loop
      vertex 26.8726 20.5363 25
      vertex 28.5946 21.3393 25
      vertex 27.9904 22.5 25
    endloop
  endfacet
  facet normal 0 0 1
    outer loop
      vertex 29.7721 17.6047 25
      vertex 27.901 17.2748 25
      vertex 28.0501 16.1417 25
    endloop
  endfacet
  facet normal 0 0 1
    outer loop
      vertex 29.4889 18.8823 25
      vertex 27.6536 18.3905 25
      vertex 27.901 17.2748 25
    endloop
  endfacet
  facet normal 0 0 1
    outer loop
      vertex 29.0954 20.1303 25
      vertex 27.31 19.4805 25
      vertex 27.6536 18.3905 25
    endloop
  endfacet
  facet normal 0 0 1
    outer loop
      vertex 26.3449 21.55 25
      vertex 27.9904 22.5 25
      vertex 27.2873 23.6036 25
    endloop
  endfacet
  facet normal 0 0 1
    outer loop
      vertex 28.5946 21.3393 25
      vertex 26.8726 20.5363 25
      vertex 27.31 19.4805 25
    endloop
  endfacet
  facet normal 0 0 1
    outer loop
      vertex 25.7309 22.5139 25
      vertex 27.2873 23.6036 25
      vertex 26.4907 24.6418 25
    endloop
  endfacet
  facet normal 0 0 1
    outer loop
      vertex 27.9904 22.5 25
      vertex 26.3449 21.55 25
      vertex 26.8726 20.5363 25
    endloop
  endfacet
  facet normal 0 0 1
    outer loop
      vertex 27.2873 23.6036 25
      vertex 25.7309 22.5139 25
      vertex 26.3449 21.55 25
    endloop
  endfacet
  facet normal 0 0 1
    outer loop
      vertex 25.0352 23.4205 25
      vertex 26.4907 24.6418 25
      vertex 25.6066 25.6066 25
    endloop
  endfacet
  facet normal 0 0 1
    outer loop
      vertex 26.4907 24.6418 25
      vertex 25.0352 23.4205 25
      vertex 25.7309 22.5139 25
    endloop
  endfacet
  facet normal 0 0 1
    outer loop
      vertex 24.2631 24.2631 25
      vertex 25.6066 25.6066 25
      vertex 24.6418 26.4907 25
    endloop
  endfacet
  facet normal 0 0 1
    outer loop
      vertex 25.6066 25.6066 25
      vertex 24.2631 24.2631 25
      vertex 25.0352 23.4205 25
    endloop
  endfacet
  facet normal 0 0 1
    outer loop
      vertex 23.4205 25.0352 25
      vertex 24.6418 26.4907 25
      vertex 23.6036 27.2873 25
    endloop
  endfacet
  facet normal 0 0 1
    outer loop
      vertex 24.6418 26.4907 25
      vertex 23.4205 25.0352 25
      vertex 24.2631 24.2631 25
    endloop
  endfacet
  facet normal 0 0 1
    outer loop
      vertex 23.6036 27.2873 25
      vertex 22.5139 25.7309 25
      vertex 23.4205 25.0352 25
    endloop
  endfacet
  facet normal 0 0 1
    outer loop
      vertex 22.5 27.9904 25
      vertex 22.5139 25.7309 25
      vertex 23.6036 27.2873 25
    endloop
  endfacet
  facet normal 0 0 1
    outer loop
      vertex 22.5 27.9904 25
      vertex 21.55 26.3449 25
      vertex 22.5139 25.7309 25
    endloop
  endfacet
  facet normal 0 0 1
    outer loop
      vertex 21.3393 28.5946 25
      vertex 21.55 26.3449 25
      vertex 22.5 27.9904 25
    endloop
  endfacet
  facet normal 0 0 1
    outer loop
      vertex 21.3393 28.5946 25
      vertex 20.5363 26.8726 25
      vertex 21.55 26.3449 25
    endloop
  endfacet
  facet normal 0 0 1
    outer loop
      vertex 20.1303 29.0954 25
      vertex 20.5363 26.8726 25
      vertex 21.3393 28.5946 25
    endloop
  endfacet
  facet normal 0 0 1
    outer loop
      vertex 20.1303 29.0954 25
      vertex 19.4805 27.31 25
      vertex 20.5363 26.8726 25
    endloop
  endfacet
  facet normal 0 0 1
    outer loop
      vertex 18.8823 29.4889 25
      vertex 19.4805 27.31 25
      vertex 20.1303 29.0954 25
    endloop
  endfacet
  facet normal 0 0 1
    outer loop
      vertex 18.8823 29.4889 25
      vertex 18.3905 27.6536 25
      vertex 19.4805 27.31 25
    endloop
  endfacet
  facet normal 0 0 1
    outer loop
      vertex 17.6047 29.7721 25
      vertex 18.3905 27.6536 25
      vertex 18.8823 29.4889 25
    endloop
  endfacet
  facet normal 0 0 1
    outer loop
      vertex 17.6047 29.7721 25
      vertex 17.2748 27.901 25
      vertex 18.3905 27.6536 25
    endloop
  endfacet
  facet normal 0 0 1
    outer loop
      vertex 16.3073 29.9429 25
      vertex 17.2748 27.901 25
      vertex 17.6047 29.7721 25
    endloop
  endfacet
  facet normal 0 0 1
    outer loop
      vertex 16.3073 29.9429 25
      vertex 16.1417 28.0501 25
      vertex 17.2748 27.901 25
    endloop
  endfacet
  facet normal 0 0 1
    outer loop
      vertex 15 30 25
      vertex 16.1417 28.0501 25
      vertex 16.3073 29.9429 25
    endloop
  endfacet
  facet normal 0 0 1
    outer loop
      vertex 15 30 25
      vertex 15 28.1 25
      vertex 16.1417 28.0501 25
    endloop
  endfacet
  facet normal 0 0 1
    outer loop
      vertex 15 30 25
      vertex 13.8583 28.0501 25
      vertex 15 28.1 25
    endloop
  endfacet
  facet normal -0 0 1
    outer loop
      vertex 13.6927 29.9429 25
      vertex 13.8583 28.0501 25
      vertex 15 30 25
    endloop
  endfacet
  facet normal 0 0 1
    outer loop
      vertex 13.6927 29.9429 25
      vertex 12.7252 27.901 25
      vertex 13.8583 28.0501 25
    endloop
  endfacet
  facet normal -0 0 1
    outer loop
      vertex 12.3953 29.7721 25
      vertex 12.7252 27.901 25
      vertex 13.6927 29.9429 25
    endloop
  endfacet
  facet normal 0 0 1
    outer loop
      vertex 12.3953 29.7721 25
      vertex 11.6095 27.6536 25
      vertex 12.7252 27.901 25
    endloop
  endfacet
  facet normal -0 0 1
    outer loop
      vertex 11.1177 29.4889 25
      vertex 11.6095 27.6536 25
      vertex 12.3953 29.7721 25
    endloop
  endfacet
  facet normal 0 0 1
    outer loop
      vertex 11.1177 29.4889 25
      vertex 10.5195 27.31 25
      vertex 11.6095 27.6536 25
    endloop
  endfacet
  facet normal -0 0 1
    outer loop
      vertex 9.8697 29.0954 25
      vertex 10.5195 27.31 25
      vertex 11.1177 29.4889 25
    endloop
  endfacet
  facet normal 0 0 1
    outer loop
      vertex 9.8697 29.0954 25
      vertex 9.4637 26.8726 25
      vertex 10.5195 27.31 25
    endloop
  endfacet
  facet normal -0 0 1
    outer loop
      vertex 8.66073 28.5946 25
      vertex 9.4637 26.8726 25
      vertex 9.8697 29.0954 25
    endloop
  endfacet
  facet normal 0 0 1
    outer loop
      vertex 8.66073 28.5946 25
      vertex 8.45 26.3449 25
      vertex 9.4637 26.8726 25
    endloop
  endfacet
  facet normal -0 0 1
    outer loop
      vertex 7.5 27.9904 25
      vertex 8.45 26.3449 25
      vertex 8.66073 28.5946 25
    endloop
  endfacet
  facet normal 0 0 1
    outer loop
      vertex 7.5 27.9904 25
      vertex 7.48615 25.7309 25
      vertex 8.45 26.3449 25
    endloop
  endfacet
  facet normal -0 0 1
    outer loop
      vertex 6.39635 27.2873 25
      vertex 7.48615 25.7309 25
      vertex 7.5 27.9904 25
    endloop
  endfacet
  facet normal 0 0 1
    outer loop
      vertex 7.48615 25.7309 25
      vertex 6.39635 27.2873 25
      vertex 6.57948 25.0352 25
    endloop
  endfacet
  facet normal -0 0 1
    outer loop
      vertex 5.35819 26.4907 25
      vertex 6.57948 25.0352 25
      vertex 6.39635 27.2873 25
    endloop
  endfacet
  facet normal 0 0 1
    outer loop
      vertex 6.57948 25.0352 25
      vertex 5.35819 26.4907 25
      vertex 5.7369 24.2631 25
    endloop
  endfacet
  facet normal -0 0 1
    outer loop
      vertex 4.3934 25.6066 25
      vertex 5.7369 24.2631 25
      vertex 5.35819 26.4907 25
    endloop
  endfacet
  facet normal 0 0 1
    outer loop
      vertex 5.7369 24.2631 25
      vertex 4.3934 25.6066 25
      vertex 4.96482 23.4205 25
    endloop
  endfacet
  facet normal -0 0 1
    outer loop
      vertex 3.50933 24.6418 25
      vertex 4.96482 23.4205 25
      vertex 4.3934 25.6066 25
    endloop
  endfacet
  facet normal 0 0 1
    outer loop
      vertex 4.96482 23.4205 25
      vertex 3.50933 24.6418 25
      vertex 4.26911 22.5139 25
    endloop
  endfacet
  facet normal -0 0 1
    outer loop
      vertex 2.71272 23.6036 25
      vertex 4.26911 22.5139 25
      vertex 3.50933 24.6418 25
    endloop
  endfacet
  facet normal 0 0 1
    outer loop
      vertex 4.26911 22.5139 25
      vertex 2.71272 23.6036 25
      vertex 3.65507 21.55 25
    endloop
  endfacet
  facet normal -0 0 1
    outer loop
      vertex 2.00962 22.5 25
      vertex 3.65507 21.55 25
      vertex 2.71272 23.6036 25
    endloop
  endfacet
  facet normal 0 0 1
    outer loop
      vertex 3.65507 21.55 25
      vertex 2.00962 22.5 25
      vertex 3.12737 20.5363 25
    endloop
  endfacet
  facet normal -0 0 1
    outer loop
      vertex 1.40538 21.3393 25
      vertex 3.12737 20.5363 25
      vertex 2.00962 22.5 25
    endloop
  endfacet
  facet normal 0 0 1
    outer loop
      vertex 3.12737 20.5363 25
      vertex 1.40538 21.3393 25
      vertex 2.69003 19.4805 25
    endloop
  endfacet
  facet normal -0 0 1
    outer loop
      vertex 0.904611 20.1303 25
      vertex 2.69003 19.4805 25
      vertex 1.40538 21.3393 25
    endloop
  endfacet
  facet normal 0 0 1
    outer loop
      vertex 2.69003 19.4805 25
      vertex 0.904611 20.1303 25
      vertex 2.34637 18.3905 25
    endloop
  endfacet
  facet normal -0 0 1
    outer loop
      vertex 0.511112 18.8823 25
      vertex 2.34637 18.3905 25
      vertex 0.904611 20.1303 25
    endloop
  endfacet
  facet normal 0 0 1
    outer loop
      vertex 2.34637 18.3905 25
      vertex 0.511112 18.8823 25
      vertex 2.09902 17.2748 25
    endloop
  endfacet
  facet normal -0 0 1
    outer loop
      vertex 27.6536 11.6095 25
      vertex 29.4889 11.1177 25
      vertex 27.901 12.7252 25
    endloop
  endfacet
  facet normal 0 0 1
    outer loop
      vertex 29.4889 11.1177 25
      vertex 27.6536 11.6095 25
      vertex 29.0954 9.8697 25
    endloop
  endfacet
  facet normal -0 0 1
    outer loop
      vertex 27.31 10.5195 25
      vertex 29.0954 9.8697 25
      vertex 27.6536 11.6095 25
    endloop
  endfacet
  facet normal 0 0 1
    outer loop
      vertex 29.0954 9.8697 25
      vertex 27.31 10.5195 25
      vertex 28.5946 8.66073 25
    endloop
  endfacet
  facet normal -0 0 1
    outer loop
      vertex 26.8726 9.4637 25
      vertex 28.5946 8.66073 25
      vertex 27.31 10.5195 25
    endloop
  endfacet
  facet normal 0 0 1
    outer loop
      vertex 28.5946 8.66073 25
      vertex 26.8726 9.4637 25
      vertex 27.9904 7.5 25
    endloop
  endfacet
  facet normal -0 0 1
    outer loop
      vertex 26.3449 8.45 25
      vertex 27.9904 7.5 25
      vertex 26.8726 9.4637 25
    endloop
  endfacet
  facet normal 0 0 1
    outer loop
      vertex 27.9904 7.5 25
      vertex 26.3449 8.45 25
      vertex 27.2873 6.39635 25
    endloop
  endfacet
  facet normal -0 0 1
    outer loop
      vertex 25.7309 7.48615 25
      vertex 27.2873 6.39635 25
      vertex 26.3449 8.45 25
    endloop
  endfacet
  facet normal 0 0 1
    outer loop
      vertex 27.2873 6.39635 25
      vertex 25.7309 7.48615 25
      vertex 26.4907 5.35819 25
    endloop
  endfacet
  facet normal -0 0 1
    outer loop
      vertex 25.0352 6.57948 25
      vertex 26.4907 5.35819 25
      vertex 25.7309 7.48615 25
    endloop
  endfacet
  facet normal 0 0 1
    outer loop
      vertex 26.4907 5.35819 25
      vertex 25.0352 6.57948 25
      vertex 25.6066 4.3934 25
    endloop
  endfacet
  facet normal -0 0 1
    outer loop
      vertex 24.2631 5.7369 25
      vertex 25.6066 4.3934 25
      vertex 25.0352 6.57948 25
    endloop
  endfacet
  facet normal 0 0 1
    outer loop
      vertex 25.6066 4.3934 25
      vertex 24.2631 5.7369 25
      vertex 24.6418 3.50933 25
    endloop
  endfacet
  facet normal -0 0 1
    outer loop
      vertex 23.4205 4.96482 25
      vertex 24.6418 3.50933 25
      vertex 24.2631 5.7369 25
    endloop
  endfacet
  facet normal 0 0 1
    outer loop
      vertex 24.6418 3.50933 25
      vertex 23.4205 4.96482 25
      vertex 23.6036 2.71272 25
    endloop
  endfacet
  facet normal -0 0 1
    outer loop
      vertex 22.5139 4.26911 25
      vertex 23.6036 2.71272 25
      vertex 23.4205 4.96482 25
    endloop
  endfacet
  facet normal 0 0 1
    outer loop
      vertex 22.5139 4.26911 25
      vertex 22.5 2.00962 25
      vertex 23.6036 2.71272 25
    endloop
  endfacet
  facet normal -0 0 1
    outer loop
      vertex 21.55 3.65507 25
      vertex 22.5 2.00962 25
      vertex 22.5139 4.26911 25
    endloop
  endfacet
  facet normal 0 0 1
    outer loop
      vertex 21.55 3.65507 25
      vertex 21.3393 1.40538 25
      vertex 22.5 2.00962 25
    endloop
  endfacet
  facet normal -0 0 1
    outer loop
      vertex 20.5363 3.12737 25
      vertex 21.3393 1.40538 25
      vertex 21.55 3.65507 25
    endloop
  endfacet
  facet normal 0 0 1
    outer loop
      vertex 20.5363 3.12737 25
      vertex 20.1303 0.904611 25
      vertex 21.3393 1.40538 25
    endloop
  endfacet
  facet normal -0 0 1
    outer loop
      vertex 19.4805 2.69003 25
      vertex 20.1303 0.904611 25
      vertex 20.5363 3.12737 25
    endloop
  endfacet
  facet normal 0 0 1
    outer loop
      vertex 19.4805 2.69003 25
      vertex 18.8823 0.511112 25
      vertex 20.1303 0.904611 25
    endloop
  endfacet
  facet normal -0 0 1
    outer loop
      vertex 18.3905 2.34637 25
      vertex 18.8823 0.511112 25
      vertex 19.4805 2.69003 25
    endloop
  endfacet
  facet normal 0 0 1
    outer loop
      vertex 18.3905 2.34637 25
      vertex 17.6047 0.227883 25
      vertex 18.8823 0.511112 25
    endloop
  endfacet
  facet normal -0 0 1
    outer loop
      vertex 17.2748 2.09902 25
      vertex 17.6047 0.227883 25
      vertex 18.3905 2.34637 25
    endloop
  endfacet
  facet normal 0 0 1
    outer loop
      vertex 17.2748 2.09902 25
      vertex 16.3073 0.0570793 25
      vertex 17.6047 0.227883 25
    endloop
  endfacet
  facet normal -0 0 1
    outer loop
      vertex 16.1417 1.94985 25
      vertex 16.3073 0.0570793 25
      vertex 17.2748 2.09902 25
    endloop
  endfacet
  facet normal -0 0 1
    outer loop
      vertex 15 1.9 25
      vertex 16.3073 0.0570793 25
      vertex 16.1417 1.94985 25
    endloop
  endfacet
  facet normal 0 0 1
    outer loop
      vertex 15 1.9 25
      vertex 15 0 25
      vertex 16.3073 0.0570793 25
    endloop
  endfacet
  facet normal 0 0 1
    outer loop
      vertex 13.8583 1.94985 25
      vertex 15 0 25
      vertex 15 1.9 25
    endloop
  endfacet
  facet normal 0 0 1
    outer loop
      vertex 13.8583 1.94985 25
      vertex 13.6927 0.0570793 25
      vertex 15 0 25
    endloop
  endfacet
  facet normal 0 0 1
    outer loop
      vertex 12.7252 2.09902 25
      vertex 13.6927 0.0570793 25
      vertex 13.8583 1.94985 25
    endloop
  endfacet
  facet normal 0 0 1
    outer loop
      vertex 12.7252 2.09902 25
      vertex 12.3953 0.227883 25
      vertex 13.6927 0.0570793 25
    endloop
  endfacet
  facet normal 0 0 1
    outer loop
      vertex 11.6095 2.34637 25
      vertex 12.3953 0.227883 25
      vertex 12.7252 2.09902 25
    endloop
  endfacet
  facet normal 0 0 1
    outer loop
      vertex 11.6095 2.34637 25
      vertex 11.1177 0.511112 25
      vertex 12.3953 0.227883 25
    endloop
  endfacet
  facet normal 0 0 1
    outer loop
      vertex 10.5195 2.69003 25
      vertex 11.1177 0.511112 25
      vertex 11.6095 2.34637 25
    endloop
  endfacet
  facet normal 0 0 1
    outer loop
      vertex 10.5195 2.69003 25
      vertex 9.8697 0.904611 25
      vertex 11.1177 0.511112 25
    endloop
  endfacet
  facet normal 0 0 1
    outer loop
      vertex 9.4637 3.12737 25
      vertex 9.8697 0.904611 25
      vertex 10.5195 2.69003 25
    endloop
  endfacet
  facet normal 0 0 1
    outer loop
      vertex 9.4637 3.12737 25
      vertex 8.66073 1.40538 25
      vertex 9.8697 0.904611 25
    endloop
  endfacet
  facet normal 0 0 1
    outer loop
      vertex 8.45 3.65507 25
      vertex 8.66073 1.40538 25
      vertex 9.4637 3.12737 25
    endloop
  endfacet
  facet normal 0 0 1
    outer loop
      vertex 8.45 3.65507 25
      vertex 7.5 2.00962 25
      vertex 8.66073 1.40538 25
    endloop
  endfacet
  facet normal 0 0 1
    outer loop
      vertex 7.48615 4.26911 25
      vertex 7.5 2.00962 25
      vertex 8.45 3.65507 25
    endloop
  endfacet
  facet normal 0 0 1
    outer loop
      vertex 6.39635 2.71272 25
      vertex 7.48615 4.26911 25
      vertex 6.57948 4.96482 25
    endloop
  endfacet
  facet normal 0 0 1
    outer loop
      vertex 7.48615 4.26911 25
      vertex 6.39635 2.71272 25
      vertex 7.5 2.00962 25
    endloop
  endfacet
  facet normal 0 0 1
    outer loop
      vertex 5.35819 3.50933 25
      vertex 6.57948 4.96482 25
      vertex 5.7369 5.7369 25
    endloop
  endfacet
  facet normal 0 0 1
    outer loop
      vertex 6.57948 4.96482 25
      vertex 5.35819 3.50933 25
      vertex 6.39635 2.71272 25
    endloop
  endfacet
  facet normal 0 0 1
    outer loop
      vertex 4.3934 4.3934 25
      vertex 5.7369 5.7369 25
      vertex 4.96482 6.57948 25
    endloop
  endfacet
  facet normal 0 0 1
    outer loop
      vertex 5.7369 5.7369 25
      vertex 4.3934 4.3934 25
      vertex 5.35819 3.50933 25
    endloop
  endfacet
  facet normal 0 0 1
    outer loop
      vertex 3.50933 5.35819 25
      vertex 4.96482 6.57948 25
      vertex 4.26911 7.48615 25
    endloop
  endfacet
  facet normal 0 0 1
    outer loop
      vertex 2.71272 6.39635 25
      vertex 4.26911 7.48615 25
      vertex 3.65507 8.45 25
    endloop
  endfacet
  facet normal 0 0 1
    outer loop
      vertex 4.96482 6.57948 25
      vertex 3.50933 5.35819 25
      vertex 4.3934 4.3934 25
    endloop
  endfacet
  facet normal 0 0 1
    outer loop
      vertex 2.00962 7.5 25
      vertex 3.65507 8.45 25
      vertex 3.12737 9.4637 25
    endloop
  endfacet
  facet normal 0 0 1
    outer loop
      vertex 4.26911 7.48615 25
      vertex 2.71272 6.39635 25
      vertex 3.50933 5.35819 25
    endloop
  endfacet
  facet normal 0 0 1
    outer loop
      vertex 1.40538 8.66073 25
      vertex 3.12737 9.4637 25
      vertex 2.69003 10.5195 25
    endloop
  endfacet
  facet normal 0 0 1
    outer loop
      vertex 0.904611 9.8697 25
      vertex 2.69003 10.5195 25
      vertex 2.34637 11.6095 25
    endloop
  endfacet
  facet normal 0 0 1
    outer loop
      vertex 0.511112 11.1177 25
      vertex 2.34637 11.6095 25
      vertex 2.09902 12.7252 25
    endloop
  endfacet
  facet normal 0 0 1
    outer loop
      vertex 3.65507 8.45 25
      vertex 2.00962 7.5 25
      vertex 2.71272 6.39635 25
    endloop
  endfacet
  facet normal 0 0 1
    outer loop
      vertex 0.227883 12.3953 25
      vertex 2.09902 12.7252 25
      vertex 1.94985 13.8583 25
    endloop
  endfacet
  facet normal 0 0 1
    outer loop
      vertex 0.0570793 13.6927 25
      vertex 1.94985 13.8583 25
      vertex 1.9 15 25
    endloop
  endfacet
  facet normal -0 0 1
    outer loop
      vertex 0.227883 17.6047 25
      vertex 2.09902 17.2748 25
      vertex 0.511112 18.8823 25
    endloop
  endfacet
  facet normal 0 0 1
    outer loop
      vertex 3.12737 9.4637 25
      vertex 1.40538 8.66073 25
      vertex 2.00962 7.5 25
    endloop
  endfacet
  facet normal 0 0 1
    outer loop
      vertex 2.09902 17.2748 25
      vertex 0.227883 17.6047 25
      vertex 1.94985 16.1417 25
    endloop
  endfacet
  facet normal 0 0 1
    outer loop
      vertex 2.69003 10.5195 25
      vertex 0.904611 9.8697 25
      vertex 1.40538 8.66073 25
    endloop
  endfacet
  facet normal -0 0 1
    outer loop
      vertex 0.0570793 16.3073 25
      vertex 1.94985 16.1417 25
      vertex 0.227883 17.6047 25
    endloop
  endfacet
  facet normal 0 0 1
    outer loop
      vertex 2.34637 11.6095 25
      vertex 0.511112 11.1177 25
      vertex 0.904611 9.8697 25
    endloop
  endfacet
  facet normal 0 0 1
    outer loop
      vertex 1.94985 16.1417 25
      vertex 0.0570793 16.3073 25
      vertex 1.9 15 25
    endloop
  endfacet
  facet normal 0 0 1
    outer loop
      vertex 2.09902 12.7252 25
      vertex 0.227883 12.3953 25
      vertex 0.511112 11.1177 25
    endloop
  endfacet
  facet normal 0 0 1
    outer loop
      vertex 0 15 25
      vertex 1.9 15 25
      vertex 0.0570793 16.3073 25
    endloop
  endfacet
  facet normal 0 0 1
    outer loop
      vertex 1.94985 13.8583 25
      vertex 0.0570793 13.6927 25
      vertex 0.227883 12.3953 25
    endloop
  endfacet
  facet normal 0 0 1
    outer loop
      vertex 1.9 15 25
      vertex 0 15 25
      vertex 0.0570793 13.6927 25
    endloop
  endfacet
  facet normal -0.537298 0.843392 0
    outer loop
      vertex 7.5 27.9904 22
      vertex 6.39635 27.2873 25
      vertex 7.5 27.9904 25
    endloop
  endfacet
  facet normal -0.537298 0.843392 0
    outer loop
      vertex 6.39635 27.2873 25
      vertex 7.5 27.9904 22
      vertex 6.39635 27.2873 22
    endloop
  endfacet
  facet normal -0.461726 0.887023 0
    outer loop
      vertex 8.66073 28.5946 22
      vertex 7.5 27.9904 25
      vertex 8.66073 28.5946 25
    endloop
  endfacet
  facet normal -0.461726 0.887023 0
    outer loop
      vertex 7.5 27.9904 25
      vertex 8.66073 28.5946 22
      vertex 7.5 27.9904 22
    endloop
  endfacet
  facet normal -0.300711 0.953715 0
    outer loop
      vertex 11.1177 29.4889 22
      vertex 9.8697 29.0954 25
      vertex 11.1177 29.4889 25
    endloop
  endfacet
  facet normal -0.300711 0.953715 0
    outer loop
      vertex 9.8697 29.0954 25
      vertex 11.1177 29.4889 22
      vertex 9.8697 29.0954 22
    endloop
  endfacet
  facet normal -0.130522 0.991445 0
    outer loop
      vertex 13.6927 29.9429 22
      vertex 12.3953 29.7721 25
      vertex 13.6927 29.9429 25
    endloop
  endfacet
  facet normal -0.130522 0.991445 0
    outer loop
      vertex 12.3953 29.7721 25
      vertex 13.6927 29.9429 22
      vertex 12.3953 29.7721 22
    endloop
  endfacet
  facet normal 0.999047 -0.0436362 0
    outer loop
      vertex 29.9429 13.6927 25
      vertex 30 15 22
      vertex 30 15 25
    endloop
  endfacet
  facet normal 0.999047 -0.0436362 0
    outer loop
      vertex 30 15 22
      vertex 29.9429 13.6927 25
      vertex 29.9429 13.6927 22
    endloop
  endfacet
  facet normal 0.130525 -0.991445 0
    outer loop
      vertex 16.3073 0.0570793 22
      vertex 17.6047 0.227883 25
      vertex 16.3073 0.0570793 25
    endloop
  endfacet
  facet normal 0.130525 -0.991445 0
    outer loop
      vertex 17.6047 0.227883 25
      vertex 16.3073 0.0570793 22
      vertex 17.6047 0.227883 22
    endloop
  endfacet
  facet normal 0.675588 -0.73728 0
    outer loop
      vertex 24.6418 3.50933 22
      vertex 25.6066 4.3934 25
      vertex 24.6418 3.50933 25
    endloop
  endfacet
  facet normal 0.675588 -0.73728 0
    outer loop
      vertex 25.6066 4.3934 25
      vertex 24.6418 3.50933 22
      vertex 25.6066 4.3934 22
    endloop
  endfacet
  facet normal 0.537316 -0.843381 0
    outer loop
      vertex 22.5 2.00962 22
      vertex 23.6036 2.71272 25
      vertex 22.5 2.00962 25
    endloop
  endfacet
  facet normal 0.537316 -0.843381 0
    outer loop
      vertex 23.6036 2.71272 25
      vertex 22.5 2.00962 22
      vertex 23.6036 2.71272 22
    endloop
  endfacet
  facet normal 0.793356 -0.608757 0
    outer loop
      vertex 26.4907 5.35819 25
      vertex 27.2873 6.39635 22
      vertex 27.2873 6.39635 25
    endloop
  endfacet
  facet normal 0.793356 -0.608757 0
    outer loop
      vertex 27.2873 6.39635 22
      vertex 26.4907 5.35819 25
      vertex 26.4907 5.35819 22
    endloop
  endfacet
  facet normal 0.923872 -0.382702 0
    outer loop
      vertex 28.5946 8.66073 25
      vertex 29.0954 9.8697 22
      vertex 29.0954 9.8697 25
    endloop
  endfacet
  facet normal 0.923872 -0.382702 0
    outer loop
      vertex 29.0954 9.8697 22
      vertex 28.5946 8.66073 25
      vertex 28.5946 8.66073 22
    endloop
  endfacet
  facet normal -0.608762 -0.793353 0
    outer loop
      vertex 5.35819 3.50933 22
      vertex 6.39635 2.71272 25
      vertex 5.35819 3.50933 25
    endloop
  endfacet
  facet normal -0.608762 -0.793353 -0
    outer loop
      vertex 6.39635 2.71272 25
      vertex 5.35819 3.50933 22
      vertex 6.39635 2.71272 22
    endloop
  endfacet
  facet normal -0.382682 -0.92388 0
    outer loop
      vertex 8.66073 1.40538 22
      vertex 9.8697 0.904611 25
      vertex 8.66073 1.40538 25
    endloop
  endfacet
  facet normal -0.382682 -0.92388 -0
    outer loop
      vertex 9.8697 0.904611 25
      vertex 8.66073 1.40538 22
      vertex 9.8697 0.904611 22
    endloop
  endfacet
  facet normal -0.216434 -0.976297 0
    outer loop
      vertex 11.1177 0.511112 22
      vertex 12.3953 0.227883 25
      vertex 11.1177 0.511112 25
    endloop
  endfacet
  facet normal -0.216434 -0.976297 -0
    outer loop
      vertex 12.3953 0.227883 25
      vertex 11.1177 0.511112 22
      vertex 12.3953 0.227883 22
    endloop
  endfacet
  facet normal -0.0436204 -0.999048 0
    outer loop
      vertex 13.6927 0.0570793 22
      vertex 15 0 25
      vertex 13.6927 0.0570793 25
    endloop
  endfacet
  facet normal -0.0436204 -0.999048 -0
    outer loop
      vertex 15 0 25
      vertex 13.6927 0.0570793 22
      vertex 15 0 22
    endloop
  endfacet
  facet normal -0.88701 -0.46175 0
    outer loop
      vertex 2.00962 7.5 22
      vertex 1.40538 8.66073 25
      vertex 1.40538 8.66073 22
    endloop
  endfacet
  facet normal -0.88701 -0.46175 0
    outer loop
      vertex 1.40538 8.66073 25
      vertex 2.00962 7.5 22
      vertex 2.00962 7.5 25
    endloop
  endfacet
  facet normal -0.953716 -0.30071 0
    outer loop
      vertex 0.904611 9.8697 22
      vertex 0.511112 11.1177 25
      vertex 0.511112 11.1177 22
    endloop
  endfacet
  facet normal -0.953716 -0.30071 0
    outer loop
      vertex 0.511112 11.1177 25
      vertex 0.904611 9.8697 22
      vertex 0.904611 9.8697 25
    endloop
  endfacet
  facet normal -0.991445 -0.130525 0
    outer loop
      vertex 0.227883 12.3953 22
      vertex 0.0570793 13.6927 25
      vertex 0.0570793 13.6927 22
    endloop
  endfacet
  facet normal -0.991445 -0.130525 0
    outer loop
      vertex 0.0570793 13.6927 25
      vertex 0.227883 12.3953 22
      vertex 0.227883 12.3953 25
    endloop
  endfacet
  facet normal 0.923875 0.382694 0
    outer loop
      vertex 29.0954 20.1303 25
      vertex 28.5946 21.3393 22
      vertex 28.5946 21.3393 25
    endloop
  endfacet
  facet normal 0.923875 0.382694 0
    outer loop
      vertex 28.5946 21.3393 22
      vertex 29.0954 20.1303 25
      vertex 29.0954 20.1303 22
    endloop
  endfacet
  facet normal 0.953715 0.300711 0
    outer loop
      vertex 29.4889 18.8823 25
      vertex 29.0954 20.1303 22
      vertex 29.0954 20.1303 25
    endloop
  endfacet
  facet normal 0.953715 0.300711 0
    outer loop
      vertex 29.0954 20.1303 22
      vertex 29.4889 18.8823 25
      vertex 29.4889 18.8823 22
    endloop
  endfacet
  facet normal 0.382694 0.923875 -0
    outer loop
      vertex 21.3393 28.5946 22
      vertex 20.1303 29.0954 25
      vertex 21.3393 28.5946 25
    endloop
  endfacet
  facet normal 0.382694 0.923875 0
    outer loop
      vertex 20.1303 29.0954 25
      vertex 21.3393 28.5946 22
      vertex 20.1303 29.0954 22
    endloop
  endfacet
  facet normal -0.923884 0.382674 0
    outer loop
      vertex 0.904611 20.1303 22
      vertex 1.40538 21.3393 25
      vertex 1.40538 21.3393 22
    endloop
  endfacet
  facet normal -0.923884 0.382674 0
    outer loop
      vertex 1.40538 21.3393 25
      vertex 0.904611 20.1303 22
      vertex 0.904611 20.1303 25
    endloop
  endfacet
  facet normal -0.999048 -0.0436204 0
    outer loop
      vertex 0.0570793 13.6927 22
      vertex 0 15 25
      vertex 0 15 22
    endloop
  endfacet
  facet normal -0.999048 -0.0436204 0
    outer loop
      vertex 0 15 25
      vertex 0.0570793 13.6927 22
      vertex 0.0570793 13.6927 25
    endloop
  endfacet
  facet normal -0.608757 0.793356 0
    outer loop
      vertex 6.39635 27.2873 22
      vertex 5.35819 26.4907 25
      vertex 6.39635 27.2873 25
    endloop
  endfacet
  facet normal -0.608757 0.793356 0
    outer loop
      vertex 5.35819 26.4907 25
      vertex 6.39635 27.2873 22
      vertex 5.35819 26.4907 22
    endloop
  endfacet
  facet normal -0.675604 0.737265 0
    outer loop
      vertex 5.35819 26.4907 22
      vertex 4.3934 25.6066 25
      vertex 5.35819 26.4907 25
    endloop
  endfacet
  facet normal -0.675604 0.737265 0
    outer loop
      vertex 4.3934 25.6066 25
      vertex 5.35819 26.4907 22
      vertex 4.3934 25.6066 22
    endloop
  endfacet
  facet normal 0.216434 -0.976297 0
    outer loop
      vertex 17.6047 0.227883 22
      vertex 18.8823 0.511112 25
      vertex 17.6047 0.227883 25
    endloop
  endfacet
  facet normal 0.216434 -0.976297 0
    outer loop
      vertex 18.8823 0.511112 25
      vertex 17.6047 0.227883 22
      vertex 18.8823 0.511112 22
    endloop
  endfacet
  facet normal 0.461759 -0.887005 0
    outer loop
      vertex 21.3393 1.40538 22
      vertex 22.5 2.00962 25
      vertex 21.3393 1.40538 25
    endloop
  endfacet
  facet normal 0.461759 -0.887005 0
    outer loop
      vertex 22.5 2.00962 25
      vertex 21.3393 1.40538 22
      vertex 22.5 2.00962 22
    endloop
  endfacet
  facet normal 0.30071 -0.953716 0
    outer loop
      vertex 18.8823 0.511112 22
      vertex 20.1303 0.904611 25
      vertex 18.8823 0.511112 25
    endloop
  endfacet
  facet normal 0.30071 -0.953716 0
    outer loop
      vertex 20.1303 0.904611 25
      vertex 18.8823 0.511112 22
      vertex 20.1303 0.904611 22
    endloop
  endfacet
  facet normal 0.737265 -0.675604 0
    outer loop
      vertex 25.6066 4.3934 25
      vertex 26.4907 5.35819 22
      vertex 26.4907 5.35819 25
    endloop
  endfacet
  facet normal 0.737265 -0.675604 0
    outer loop
      vertex 26.4907 5.35819 22
      vertex 25.6066 4.3934 25
      vertex 25.6066 4.3934 22
    endloop
  endfacet
  facet normal 0.608748 -0.793364 0
    outer loop
      vertex 23.6036 2.71272 22
      vertex 24.6418 3.50933 25
      vertex 23.6036 2.71272 25
    endloop
  endfacet
  facet normal 0.608748 -0.793364 0
    outer loop
      vertex 24.6418 3.50933 25
      vertex 23.6036 2.71272 22
      vertex 24.6418 3.50933 22
    endloop
  endfacet
  facet normal 0.843392 -0.537298 0
    outer loop
      vertex 27.2873 6.39635 25
      vertex 27.9904 7.5 22
      vertex 27.9904 7.5 25
    endloop
  endfacet
  facet normal 0.843392 -0.537298 0
    outer loop
      vertex 27.9904 7.5 22
      vertex 27.2873 6.39635 25
      vertex 27.2873 6.39635 22
    endloop
  endfacet
  facet normal 0.953715 -0.300711 0
    outer loop
      vertex 29.0954 9.8697 25
      vertex 29.4889 11.1177 22
      vertex 29.4889 11.1177 25
    endloop
  endfacet
  facet normal 0.953715 -0.300711 0
    outer loop
      vertex 29.4889 11.1177 22
      vertex 29.0954 9.8697 25
      vertex 29.0954 9.8697 22
    endloop
  endfacet
  facet normal 0.991445 -0.130522 0
    outer loop
      vertex 29.7721 12.3953 25
      vertex 29.9429 13.6927 22
      vertex 29.9429 13.6927 25
    endloop
  endfacet
  facet normal 0.991445 -0.130522 0
    outer loop
      vertex 29.9429 13.6927 22
      vertex 29.7721 12.3953 25
      vertex 29.7721 12.3953 22
    endloop
  endfacet
  facet normal 0.976302 -0.216413 0
    outer loop
      vertex 29.4889 11.1177 25
      vertex 29.7721 12.3953 22
      vertex 29.7721 12.3953 25
    endloop
  endfacet
  facet normal 0.976302 -0.216413 0
    outer loop
      vertex 29.7721 12.3953 22
      vertex 29.4889 11.1177 25
      vertex 29.4889 11.1177 22
    endloop
  endfacet
  facet normal -0.537298 -0.843392 0
    outer loop
      vertex 6.39635 2.71272 22
      vertex 7.5 2.00962 25
      vertex 6.39635 2.71272 25
    endloop
  endfacet
  facet normal -0.537298 -0.843392 -0
    outer loop
      vertex 7.5 2.00962 25
      vertex 6.39635 2.71272 22
      vertex 7.5 2.00962 22
    endloop
  endfacet
  facet normal -0.30071 -0.953716 0
    outer loop
      vertex 9.8697 0.904611 22
      vertex 11.1177 0.511112 25
      vertex 9.8697 0.904611 25
    endloop
  endfacet
  facet normal -0.30071 -0.953716 -0
    outer loop
      vertex 11.1177 0.511112 25
      vertex 9.8697 0.904611 22
      vertex 11.1177 0.511112 22
    endloop
  endfacet
  facet normal -0.130525 -0.991445 0
    outer loop
      vertex 12.3953 0.227883 22
      vertex 13.6927 0.0570793 25
      vertex 12.3953 0.227883 25
    endloop
  endfacet
  facet normal -0.130525 -0.991445 -0
    outer loop
      vertex 13.6927 0.0570793 25
      vertex 12.3953 0.227883 22
      vertex 13.6927 0.0570793 22
    endloop
  endfacet
  facet normal 0.0436204 -0.999048 0
    outer loop
      vertex 15 0 22
      vertex 16.3073 0.0570793 25
      vertex 15 0 25
    endloop
  endfacet
  facet normal 0.0436204 -0.999048 0
    outer loop
      vertex 16.3073 0.0570793 25
      vertex 15 0 22
      vertex 16.3073 0.0570793 22
    endloop
  endfacet
  facet normal -0.843392 -0.537298 0
    outer loop
      vertex 2.71272 6.39635 22
      vertex 2.00962 7.5 25
      vertex 2.00962 7.5 22
    endloop
  endfacet
  facet normal -0.843392 -0.537298 0
    outer loop
      vertex 2.00962 7.5 25
      vertex 2.71272 6.39635 22
      vertex 2.71272 6.39635 25
    endloop
  endfacet
  facet normal -0.793353 -0.608762 0
    outer loop
      vertex 3.50933 5.35819 22
      vertex 2.71272 6.39635 25
      vertex 2.71272 6.39635 22
    endloop
  endfacet
  facet normal -0.793353 -0.608762 0
    outer loop
      vertex 2.71272 6.39635 25
      vertex 3.50933 5.35819 22
      vertex 3.50933 5.35819 25
    endloop
  endfacet
  facet normal -0.675591 -0.737276 0
    outer loop
      vertex 4.3934 4.3934 22
      vertex 5.35819 3.50933 25
      vertex 4.3934 4.3934 25
    endloop
  endfacet
  facet normal -0.675591 -0.737276 -0
    outer loop
      vertex 5.35819 3.50933 25
      vertex 4.3934 4.3934 22
      vertex 5.35819 3.50933 22
    endloop
  endfacet
  facet normal -0.92388 -0.382682 0
    outer loop
      vertex 1.40538 8.66073 22
      vertex 0.904611 9.8697 25
      vertex 0.904611 9.8697 22
    endloop
  endfacet
  facet normal -0.92388 -0.382682 0
    outer loop
      vertex 0.904611 9.8697 25
      vertex 1.40538 8.66073 22
      vertex 1.40538 8.66073 25
    endloop
  endfacet
  facet normal -0.976297 -0.216434 0
    outer loop
      vertex 0.511112 11.1177 22
      vertex 0.227883 12.3953 25
      vertex 0.227883 12.3953 22
    endloop
  endfacet
  facet normal -0.976297 -0.216434 0
    outer loop
      vertex 0.227883 12.3953 25
      vertex 0.511112 11.1177 22
      vertex 0.511112 11.1177 25
    endloop
  endfacet
  facet normal 0.382674 -0.923884 0
    outer loop
      vertex 20.1303 0.904611 22
      vertex 21.3393 1.40538 25
      vertex 20.1303 0.904611 25
    endloop
  endfacet
  facet normal 0.382674 -0.923884 0
    outer loop
      vertex 21.3393 1.40538 25
      vertex 20.1303 0.904611 22
      vertex 21.3393 1.40538 22
    endloop
  endfacet
  facet normal 0.887023 -0.461726 0
    outer loop
      vertex 27.9904 7.5 25
      vertex 28.5946 8.66073 22
      vertex 28.5946 8.66073 25
    endloop
  endfacet
  facet normal 0.887023 -0.461726 0
    outer loop
      vertex 28.5946 8.66073 22
      vertex 27.9904 7.5 25
      vertex 27.9904 7.5 22
    endloop
  endfacet
  facet normal -0.46175 -0.88701 0
    outer loop
      vertex 7.5 2.00962 22
      vertex 8.66073 1.40538 25
      vertex 7.5 2.00962 25
    endloop
  endfacet
  facet normal -0.46175 -0.88701 -0
    outer loop
      vertex 8.66073 1.40538 25
      vertex 7.5 2.00962 22
      vertex 8.66073 1.40538 22
    endloop
  endfacet
  facet normal -0.737276 -0.675591 0
    outer loop
      vertex 4.3934 4.3934 22
      vertex 3.50933 5.35819 25
      vertex 3.50933 5.35819 22
    endloop
  endfacet
  facet normal -0.737276 -0.675591 0
    outer loop
      vertex 3.50933 5.35819 25
      vertex 4.3934 4.3934 22
      vertex 4.3934 4.3934 25
    endloop
  endfacet
  facet normal 0.999046 0.0436651 0
    outer loop
      vertex 28.1 15 27.8
      vertex 28.0501 16.1417 25
      vertex 28.0501 16.1417 27.8
    endloop
  endfacet
  facet normal 0.999046 0.0436651 0
    outer loop
      vertex 28.0501 16.1417 25
      vertex 28.1 15 27.8
      vertex 28.1 15 25
    endloop
  endfacet
  facet normal -0.0436651 0.999046 0
    outer loop
      vertex 15 28.1 25
      vertex 13.8583 28.0501 27.8
      vertex 15 28.1 27.8
    endloop
  endfacet
  facet normal -0.0436651 0.999046 0
    outer loop
      vertex 13.8583 28.0501 27.8
      vertex 15 28.1 25
      vertex 13.8583 28.0501 25
    endloop
  endfacet
  facet normal 0.0436214 -0.999048 0
    outer loop
      vertex 15 1.9 25
      vertex 16.1417 1.94985 27.8
      vertex 15 1.9 27.8
    endloop
  endfacet
  facet normal 0.0436214 -0.999048 0
    outer loop
      vertex 16.1417 1.94985 27.8
      vertex 15 1.9 25
      vertex 16.1417 1.94985 25
    endloop
  endfacet
  facet normal 0.67559 0.737278 -0
    outer loop
      vertex 24.2631 24.2631 25
      vertex 23.4205 25.0352 27.8
      vertex 24.2631 24.2631 27.8
    endloop
  endfacet
  facet normal 0.67559 0.737278 0
    outer loop
      vertex 23.4205 25.0352 27.8
      vertex 24.2631 24.2631 25
      vertex 23.4205 25.0352 25
    endloop
  endfacet
  facet normal -0.737286 0.67558 0
    outer loop
      vertex 4.96482 23.4205 25
      vertex 5.7369 24.2631 27.8
      vertex 5.7369 24.2631 25
    endloop
  endfacet
  facet normal -0.737286 0.67558 0
    outer loop
      vertex 5.7369 24.2631 27.8
      vertex 4.96482 23.4205 25
      vertex 4.96482 23.4205 27.8
    endloop
  endfacet
  facet normal -0.461749 0.88701 0
    outer loop
      vertex 9.4637 26.8726 25
      vertex 8.45 26.3449 27.8
      vertex 9.4637 26.8726 27.8
    endloop
  endfacet
  facet normal -0.461749 0.88701 0
    outer loop
      vertex 8.45 26.3449 27.8
      vertex 9.4637 26.8726 25
      vertex 8.45 26.3449 25
    endloop
  endfacet
  facet normal 0.88701 0.461749 0
    outer loop
      vertex 26.8726 20.5363 27.8
      vertex 26.3449 21.55 25
      vertex 26.3449 21.55 27.8
    endloop
  endfacet
  facet normal 0.88701 0.461749 0
    outer loop
      vertex 26.3449 21.55 25
      vertex 26.8726 20.5363 27.8
      vertex 26.8726 20.5363 25
    endloop
  endfacet
  facet normal 0.382738 0.923857 -0
    outer loop
      vertex 20.5363 26.8726 25
      vertex 19.4805 27.31 27.8
      vertex 20.5363 26.8726 27.8
    endloop
  endfacet
  facet normal 0.382738 0.923857 0
    outer loop
      vertex 19.4805 27.31 27.8
      vertex 20.5363 26.8726 25
      vertex 19.4805 27.31 25
    endloop
  endfacet
  facet normal 0.537255 0.84342 -0
    outer loop
      vertex 22.5139 25.7309 25
      vertex 21.55 26.3449 27.8
      vertex 22.5139 25.7309 27.8
    endloop
  endfacet
  facet normal 0.537255 0.84342 0
    outer loop
      vertex 21.55 26.3449 27.8
      vertex 22.5139 25.7309 25
      vertex 21.55 26.3449 25
    endloop
  endfacet
  facet normal -0.88701 0.461749 0
    outer loop
      vertex 3.12737 20.5363 25
      vertex 3.65507 21.55 27.8
      vertex 3.65507 21.55 25
    endloop
  endfacet
  facet normal -0.88701 0.461749 0
    outer loop
      vertex 3.65507 21.55 27.8
      vertex 3.12737 20.5363 25
      vertex 3.12737 20.5363 27.8
    endloop
  endfacet
  facet normal -0.843404 0.53728 0
    outer loop
      vertex 3.65507 21.55 25
      vertex 4.26911 22.5139 27.8
      vertex 4.26911 22.5139 25
    endloop
  endfacet
  facet normal -0.843404 0.53728 0
    outer loop
      vertex 4.26911 22.5139 27.8
      vertex 3.65507 21.55 25
      vertex 3.65507 21.55 27.8
    endloop
  endfacet
  facet normal -0.216486 0.976286 0
    outer loop
      vertex 12.7252 27.901 25
      vertex 11.6095 27.6536 27.8
      vertex 12.7252 27.901 27.8
    endloop
  endfacet
  facet normal -0.216486 0.976286 0
    outer loop
      vertex 11.6095 27.6536 27.8
      vertex 12.7252 27.901 25
      vertex 11.6095 27.6536 25
    endloop
  endfacet
  facet normal 0.382693 -0.923875 0
    outer loop
      vertex 19.4805 2.69003 25
      vertex 20.5363 3.12737 27.8
      vertex 19.4805 2.69003 27.8
    endloop
  endfacet
  facet normal 0.382693 -0.923875 0
    outer loop
      vertex 20.5363 3.12737 27.8
      vertex 19.4805 2.69003 25
      vertex 20.5363 3.12737 25
    endloop
  endfacet
  facet normal 0.976286 0.216486 0
    outer loop
      vertex 27.901 17.2748 27.8
      vertex 27.6536 18.3905 25
      vertex 27.6536 18.3905 27.8
    endloop
  endfacet
  facet normal 0.976286 0.216486 0
    outer loop
      vertex 27.6536 18.3905 25
      vertex 27.901 17.2748 27.8
      vertex 27.901 17.2748 25
    endloop
  endfacet
  facet normal 0.991453 0.130461 0
    outer loop
      vertex 28.0501 16.1417 27.8
      vertex 27.901 17.2748 25
      vertex 27.901 17.2748 27.8
    endloop
  endfacet
  facet normal 0.991453 0.130461 0
    outer loop
      vertex 27.901 17.2748 25
      vertex 28.0501 16.1417 27.8
      vertex 28.0501 16.1417 25
    endloop
  endfacet
  facet normal 0.923857 0.382738 0
    outer loop
      vertex 27.31 19.4805 27.8
      vertex 26.8726 20.5363 25
      vertex 26.8726 20.5363 27.8
    endloop
  endfacet
  facet normal 0.923857 0.382738 0
    outer loop
      vertex 26.8726 20.5363 25
      vertex 27.31 19.4805 27.8
      vertex 27.31 19.4805 25
    endloop
  endfacet
  facet normal 0.793336 0.608784 0
    outer loop
      vertex 25.7309 22.5139 27.8
      vertex 25.0352 23.4205 25
      vertex 25.0352 23.4205 27.8
    endloop
  endfacet
  facet normal 0.793336 0.608784 0
    outer loop
      vertex 25.0352 23.4205 25
      vertex 25.7309 22.5139 27.8
      vertex 25.7309 22.5139 25
    endloop
  endfacet
  facet normal 0.737278 0.67559 0
    outer loop
      vertex 25.0352 23.4205 27.8
      vertex 24.2631 24.2631 25
      vertex 24.2631 24.2631 27.8
    endloop
  endfacet
  facet normal 0.737278 0.67559 0
    outer loop
      vertex 24.2631 24.2631 25
      vertex 25.0352 23.4205 27.8
      vertex 25.0352 23.4205 25
    endloop
  endfacet
  facet normal 0.216486 0.976286 -0
    outer loop
      vertex 18.3905 27.6536 25
      vertex 17.2748 27.901 27.8
      vertex 18.3905 27.6536 27.8
    endloop
  endfacet
  facet normal 0.216486 0.976286 0
    outer loop
      vertex 17.2748 27.901 27.8
      vertex 18.3905 27.6536 25
      vertex 17.2748 27.901 25
    endloop
  endfacet
  facet normal 0.461749 0.88701 -0
    outer loop
      vertex 21.55 26.3449 25
      vertex 20.5363 26.8726 27.8
      vertex 21.55 26.3449 27.8
    endloop
  endfacet
  facet normal 0.461749 0.88701 0
    outer loop
      vertex 20.5363 26.8726 27.8
      vertex 21.55 26.3449 25
      vertex 20.5363 26.8726 25
    endloop
  endfacet
  facet normal 0.608784 0.793336 -0
    outer loop
      vertex 23.4205 25.0352 25
      vertex 22.5139 25.7309 27.8
      vertex 23.4205 25.0352 27.8
    endloop
  endfacet
  facet normal 0.608784 0.793336 0
    outer loop
      vertex 22.5139 25.7309 27.8
      vertex 23.4205 25.0352 25
      vertex 22.5139 25.7309 25
    endloop
  endfacet
  facet normal -0.976295 0.216444 0
    outer loop
      vertex 2.09902 17.2748 25
      vertex 2.34637 18.3905 27.8
      vertex 2.34637 18.3905 25
    endloop
  endfacet
  facet normal -0.976295 0.216444 0
    outer loop
      vertex 2.34637 18.3905 27.8
      vertex 2.09902 17.2748 25
      vertex 2.09902 17.2748 27.8
    endloop
  endfacet
  facet normal -0.793332 0.60879 0
    outer loop
      vertex 4.26911 22.5139 25
      vertex 4.96482 23.4205 27.8
      vertex 4.96482 23.4205 25
    endloop
  endfacet
  facet normal -0.793332 0.60879 0
    outer loop
      vertex 4.96482 23.4205 27.8
      vertex 4.26911 22.5139 25
      vertex 4.26911 22.5139 27.8
    endloop
  endfacet
  facet normal -0.923875 0.382693 0
    outer loop
      vertex 2.69003 19.4805 25
      vertex 3.12737 20.5363 27.8
      vertex 3.12737 20.5363 25
    endloop
  endfacet
  facet normal -0.923875 0.382693 0
    outer loop
      vertex 3.12737 20.5363 27.8
      vertex 2.69003 19.4805 25
      vertex 2.69003 19.4805 27.8
    endloop
  endfacet
  facet normal -0.953721 0.300693 0
    outer loop
      vertex 2.34637 18.3905 25
      vertex 2.69003 19.4805 27.8
      vertex 2.69003 19.4805 25
    endloop
  endfacet
  facet normal -0.953721 0.300693 0
    outer loop
      vertex 2.69003 19.4805 27.8
      vertex 2.34637 18.3905 25
      vertex 2.34637 18.3905 27.8
    endloop
  endfacet
  facet normal -0.537275 0.843407 0
    outer loop
      vertex 8.45 26.3449 25
      vertex 7.48615 25.7309 27.8
      vertex 8.45 26.3449 27.8
    endloop
  endfacet
  facet normal -0.537275 0.843407 0
    outer loop
      vertex 7.48615 25.7309 27.8
      vertex 8.45 26.3449 25
      vertex 7.48615 25.7309 25
    endloop
  endfacet
  facet normal -0.608755 0.793359 0
    outer loop
      vertex 7.48615 25.7309 25
      vertex 6.57948 25.0352 27.8
      vertex 7.48615 25.7309 27.8
    endloop
  endfacet
  facet normal -0.608755 0.793359 0
    outer loop
      vertex 6.57948 25.0352 27.8
      vertex 7.48615 25.7309 25
      vertex 6.57948 25.0352 25
    endloop
  endfacet
  facet normal -0.675599 0.73727 0
    outer loop
      vertex 6.57948 25.0352 25
      vertex 5.7369 24.2631 27.8
      vertex 6.57948 25.0352 27.8
    endloop
  endfacet
  facet normal -0.675599 0.73727 0
    outer loop
      vertex 5.7369 24.2631 27.8
      vertex 6.57948 25.0352 25
      vertex 5.7369 24.2631 25
    endloop
  endfacet
  facet normal -0.130461 0.991453 0
    outer loop
      vertex 13.8583 28.0501 25
      vertex 12.7252 27.901 27.8
      vertex 13.8583 28.0501 27.8
    endloop
  endfacet
  facet normal -0.130461 0.991453 0
    outer loop
      vertex 12.7252 27.901 27.8
      vertex 13.8583 28.0501 25
      vertex 12.7252 27.901 25
    endloop
  endfacet
  facet normal 0.73727 -0.675599 0
    outer loop
      vertex 24.2631 5.7369 27.8
      vertex 25.0352 6.57948 25
      vertex 25.0352 6.57948 27.8
    endloop
  endfacet
  facet normal 0.73727 -0.675599 0
    outer loop
      vertex 25.0352 6.57948 25
      vertex 24.2631 5.7369 27.8
      vertex 24.2631 5.7369 25
    endloop
  endfacet
  facet normal -0.88701 -0.461749 0
    outer loop
      vertex 3.65507 8.45 25
      vertex 3.12737 9.4637 27.8
      vertex 3.12737 9.4637 25
    endloop
  endfacet
  facet normal -0.88701 -0.461749 0
    outer loop
      vertex 3.12737 9.4637 27.8
      vertex 3.65507 8.45 25
      vertex 3.65507 8.45 27.8
    endloop
  endfacet
  facet normal 0.130522 -0.991445 0
    outer loop
      vertex 16.1417 1.94985 25
      vertex 17.2748 2.09902 27.8
      vertex 16.1417 1.94985 27.8
    endloop
  endfacet
  facet normal 0.130522 -0.991445 0
    outer loop
      vertex 17.2748 2.09902 27.8
      vertex 16.1417 1.94985 25
      vertex 17.2748 2.09902 25
    endloop
  endfacet
  facet normal 0.300693 -0.953721 0
    outer loop
      vertex 18.3905 2.34637 25
      vertex 19.4805 2.69003 27.8
      vertex 18.3905 2.34637 27.8
    endloop
  endfacet
  facet normal 0.300693 -0.953721 0
    outer loop
      vertex 19.4805 2.69003 27.8
      vertex 18.3905 2.34637 25
      vertex 19.4805 2.69003 25
    endloop
  endfacet
  facet normal 0.953736 0.300646 0
    outer loop
      vertex 27.6536 18.3905 27.8
      vertex 27.31 19.4805 25
      vertex 27.31 19.4805 27.8
    endloop
  endfacet
  facet normal 0.953736 0.300646 0
    outer loop
      vertex 27.31 19.4805 25
      vertex 27.6536 18.3905 27.8
      vertex 27.6536 18.3905 25
    endloop
  endfacet
  facet normal 0.84342 0.537255 0
    outer loop
      vertex 26.3449 21.55 27.8
      vertex 25.7309 22.5139 25
      vertex 25.7309 22.5139 27.8
    endloop
  endfacet
  facet normal 0.84342 0.537255 0
    outer loop
      vertex 25.7309 22.5139 25
      vertex 26.3449 21.55 27.8
      vertex 26.3449 21.55 25
    endloop
  endfacet
  facet normal 0.300646 0.953736 -0
    outer loop
      vertex 19.4805 27.31 25
      vertex 18.3905 27.6536 27.8
      vertex 19.4805 27.31 27.8
    endloop
  endfacet
  facet normal 0.300646 0.953736 0
    outer loop
      vertex 18.3905 27.6536 27.8
      vertex 19.4805 27.31 25
      vertex 18.3905 27.6536 25
    endloop
  endfacet
  facet normal 0.130461 0.991453 -0
    outer loop
      vertex 17.2748 27.901 25
      vertex 16.1417 28.0501 27.8
      vertex 17.2748 27.901 27.8
    endloop
  endfacet
  facet normal 0.130461 0.991453 0
    outer loop
      vertex 16.1417 28.0501 27.8
      vertex 17.2748 27.901 25
      vertex 16.1417 28.0501 25
    endloop
  endfacet
  facet normal 0.0436651 0.999046 -0
    outer loop
      vertex 16.1417 28.0501 25
      vertex 15 28.1 27.8
      vertex 16.1417 28.0501 27.8
    endloop
  endfacet
  facet normal 0.0436651 0.999046 0
    outer loop
      vertex 15 28.1 27.8
      vertex 16.1417 28.0501 25
      vertex 15 28.1 25
    endloop
  endfacet
  facet normal -0.991445 0.130522 0
    outer loop
      vertex 1.94985 16.1417 25
      vertex 2.09902 17.2748 27.8
      vertex 2.09902 17.2748 25
    endloop
  endfacet
  facet normal -0.991445 0.130522 0
    outer loop
      vertex 2.09902 17.2748 27.8
      vertex 1.94985 16.1417 25
      vertex 1.94985 16.1417 27.8
    endloop
  endfacet
  facet normal -0.999048 0.0436214 0
    outer loop
      vertex 1.9 15 25
      vertex 1.94985 16.1417 27.8
      vertex 1.94985 16.1417 25
    endloop
  endfacet
  facet normal -0.999048 0.0436214 0
    outer loop
      vertex 1.94985 16.1417 27.8
      vertex 1.9 15 25
      vertex 1.9 15 27.8
    endloop
  endfacet
  facet normal -0.999048 -0.0436214 0
    outer loop
      vertex 1.94985 13.8583 25
      vertex 1.9 15 27.8
      vertex 1.9 15 25
    endloop
  endfacet
  facet normal -0.999048 -0.0436214 0
    outer loop
      vertex 1.9 15 27.8
      vertex 1.94985 13.8583 25
      vertex 1.94985 13.8583 27.8
    endloop
  endfacet
  facet normal -0.382738 0.923857 0
    outer loop
      vertex 10.5195 27.31 25
      vertex 9.4637 26.8726 27.8
      vertex 10.5195 27.31 27.8
    endloop
  endfacet
  facet normal -0.382738 0.923857 0
    outer loop
      vertex 9.4637 26.8726 27.8
      vertex 10.5195 27.31 25
      vertex 9.4637 26.8726 25
    endloop
  endfacet
  facet normal -0.300646 0.953736 0
    outer loop
      vertex 11.6095 27.6536 25
      vertex 10.5195 27.31 27.8
      vertex 11.6095 27.6536 27.8
    endloop
  endfacet
  facet normal -0.300646 0.953736 0
    outer loop
      vertex 10.5195 27.31 27.8
      vertex 11.6095 27.6536 25
      vertex 10.5195 27.31 25
    endloop
  endfacet
  facet normal 0.999046 -0.0436651 0
    outer loop
      vertex 28.0501 13.8583 27.8
      vertex 28.1 15 25
      vertex 28.1 15 27.8
    endloop
  endfacet
  facet normal 0.999046 -0.0436651 0
    outer loop
      vertex 28.1 15 25
      vertex 28.0501 13.8583 27.8
      vertex 28.0501 13.8583 25
    endloop
  endfacet
  facet normal 0.793359 -0.608755 0
    outer loop
      vertex 25.0352 6.57948 27.8
      vertex 25.7309 7.48615 25
      vertex 25.7309 7.48615 27.8
    endloop
  endfacet
  facet normal 0.793359 -0.608755 0
    outer loop
      vertex 25.7309 7.48615 25
      vertex 25.0352 6.57948 27.8
      vertex 25.0352 6.57948 25
    endloop
  endfacet
  facet normal 0.88701 -0.461749 0
    outer loop
      vertex 26.3449 8.45 27.8
      vertex 26.8726 9.4637 25
      vertex 26.8726 9.4637 27.8
    endloop
  endfacet
  facet normal 0.88701 -0.461749 0
    outer loop
      vertex 26.8726 9.4637 25
      vertex 26.3449 8.45 27.8
      vertex 26.3449 8.45 25
    endloop
  endfacet
  facet normal 0.953736 -0.300646 0
    outer loop
      vertex 27.31 10.5195 27.8
      vertex 27.6536 11.6095 25
      vertex 27.6536 11.6095 27.8
    endloop
  endfacet
  facet normal 0.953736 -0.300646 0
    outer loop
      vertex 27.6536 11.6095 25
      vertex 27.31 10.5195 27.8
      vertex 27.31 10.5195 25
    endloop
  endfacet
  facet normal 0.976286 -0.216486 0
    outer loop
      vertex 27.6536 11.6095 27.8
      vertex 27.901 12.7252 25
      vertex 27.901 12.7252 27.8
    endloop
  endfacet
  facet normal 0.976286 -0.216486 0
    outer loop
      vertex 27.901 12.7252 25
      vertex 27.6536 11.6095 27.8
      vertex 27.6536 11.6095 25
    endloop
  endfacet
  facet normal 0.991453 -0.130461 0
    outer loop
      vertex 27.901 12.7252 27.8
      vertex 28.0501 13.8583 25
      vertex 28.0501 13.8583 27.8
    endloop
  endfacet
  facet normal 0.991453 -0.130461 0
    outer loop
      vertex 28.0501 13.8583 25
      vertex 27.901 12.7252 27.8
      vertex 27.901 12.7252 25
    endloop
  endfacet
  facet normal -0.300693 -0.953721 0
    outer loop
      vertex 10.5195 2.69003 25
      vertex 11.6095 2.34637 27.8
      vertex 10.5195 2.69003 27.8
    endloop
  endfacet
  facet normal -0.300693 -0.953721 -0
    outer loop
      vertex 11.6095 2.34637 27.8
      vertex 10.5195 2.69003 25
      vertex 11.6095 2.34637 25
    endloop
  endfacet
  facet normal -0.843392 -0.5373 0
    outer loop
      vertex 4.26911 7.48615 25
      vertex 3.65507 8.45 27.8
      vertex 3.65507 8.45 25
    endloop
  endfacet
  facet normal -0.843392 -0.5373 0
    outer loop
      vertex 3.65507 8.45 27.8
      vertex 4.26911 7.48615 25
      vertex 4.26911 7.48615 27.8
    endloop
  endfacet
  facet normal 0.461749 -0.88701 0
    outer loop
      vertex 20.5363 3.12737 25
      vertex 21.55 3.65507 27.8
      vertex 20.5363 3.12737 27.8
    endloop
  endfacet
  facet normal 0.461749 -0.88701 0
    outer loop
      vertex 21.55 3.65507 27.8
      vertex 20.5363 3.12737 25
      vertex 21.55 3.65507 25
    endloop
  endfacet
  facet normal 0.216444 -0.976295 0
    outer loop
      vertex 17.2748 2.09902 25
      vertex 18.3905 2.34637 27.8
      vertex 17.2748 2.09902 27.8
    endloop
  endfacet
  facet normal 0.216444 -0.976295 0
    outer loop
      vertex 18.3905 2.34637 27.8
      vertex 17.2748 2.09902 25
      vertex 18.3905 2.34637 25
    endloop
  endfacet
  facet normal 0 0 1
    outer loop
      vertex 24.88 15 27.8
      vertex 28.1 15 27.8
      vertex 28.0501 16.1417 27.8
    endloop
  endfacet
  facet normal 0 0 1
    outer loop
      vertex 24.8392 15.8853 27.8
      vertex 28.0501 16.1417 27.8
      vertex 27.901 17.2748 27.8
    endloop
  endfacet
  facet normal 0 0 1
    outer loop
      vertex 28.1 15 27.8
      vertex 24.88 15 27.8
      vertex 28.0501 13.8583 27.8
    endloop
  endfacet
  facet normal 0 0 1
    outer loop
      vertex 24.7299 16.7156 27.8
      vertex 27.901 17.2748 27.8
      vertex 27.6536 18.3905 27.8
    endloop
  endfacet
  facet normal -0 0 1
    outer loop
      vertex 24.8435 14.1633 27.8
      vertex 28.0501 13.8583 27.8
      vertex 24.88 15 27.8
    endloop
  endfacet
  facet normal 0 0 1
    outer loop
      vertex 24.5433 17.5571 27.8
      vertex 27.6536 18.3905 27.8
      vertex 27.31 19.4805 27.8
    endloop
  endfacet
  facet normal -0 0 1
    outer loop
      vertex 24.8424 14.1389 27.8
      vertex 28.0501 13.8583 27.8
      vertex 24.8435 14.1633 27.8
    endloop
  endfacet
  facet normal 0 0 1
    outer loop
      vertex 24.2748 18.4017 27.8
      vertex 27.31 19.4805 27.8
      vertex 26.8726 20.5363 27.8
    endloop
  endfacet
  facet normal -0 0 1
    outer loop
      vertex 24.8392 14.1147 27.8
      vertex 28.0501 13.8583 27.8
      vertex 24.8424 14.1389 27.8
    endloop
  endfacet
  facet normal 0 0 1
    outer loop
      vertex 23.9543 19.1755 27.8
      vertex 26.8726 20.5363 27.8
      vertex 26.3449 21.55 27.8
    endloop
  endfacet
  facet normal 0 0 1
    outer loop
      vertex 28.0501 13.8583 27.8
      vertex 24.8392 14.1147 27.8
      vertex 27.901 12.7252 27.8
    endloop
  endfacet
  facet normal 0 0 1
    outer loop
      vertex 23.5432 19.9606 27.8
      vertex 26.3449 21.55 27.8
      vertex 25.7309 22.5139 27.8
    endloop
  endfacet
  facet normal -0 0 1
    outer loop
      vertex 24.7299 13.2844 27.8
      vertex 27.901 12.7252 27.8
      vertex 24.8392 14.1147 27.8
    endloop
  endfacet
  facet normal 0 0 1
    outer loop
      vertex 23.0932 20.6669 27.8
      vertex 25.7309 22.5139 27.8
      vertex 25.0352 23.4205 27.8
    endloop
  endfacet
  facet normal 0 0 1
    outer loop
      vertex 27.901 12.7252 27.8
      vertex 24.7299 13.2844 27.8
      vertex 27.6536 11.6095 27.8
    endloop
  endfacet
  facet normal -0 0 1
    outer loop
      vertex 24.5486 12.4667 27.8
      vertex 27.6536 11.6095 27.8
      vertex 24.7299 13.2844 27.8
    endloop
  endfacet
  facet normal 0 0 1
    outer loop
      vertex 28.0501 16.1417 27.8
      vertex 24.8435 15.8367 27.8
      vertex 24.88 15 27.8
    endloop
  endfacet
  facet normal 0 0 1
    outer loop
      vertex 28.0501 16.1417 27.8
      vertex 24.8424 15.8611 27.8
      vertex 24.8435 15.8367 27.8
    endloop
  endfacet
  facet normal 0 0 1
    outer loop
      vertex 28.0501 16.1417 27.8
      vertex 24.8392 15.8853 27.8
      vertex 24.8424 15.8611 27.8
    endloop
  endfacet
  facet normal 0 0 1
    outer loop
      vertex 27.901 17.2748 27.8
      vertex 24.7299 16.7156 27.8
      vertex 24.8392 15.8853 27.8
    endloop
  endfacet
  facet normal 0 0 1
    outer loop
      vertex 27.6536 18.3905 27.8
      vertex 24.5486 17.5333 27.8
      vertex 24.7299 16.7156 27.8
    endloop
  endfacet
  facet normal 0 0 1
    outer loop
      vertex 27.6536 18.3905 27.8
      vertex 24.5433 17.5571 27.8
      vertex 24.5486 17.5333 27.8
    endloop
  endfacet
  facet normal 0 0 1
    outer loop
      vertex 27.31 19.4805 27.8
      vertex 24.2915 18.3559 27.8
      vertex 24.5433 17.5571 27.8
    endloop
  endfacet
  facet normal 0 0 1
    outer loop
      vertex 27.31 19.4805 27.8
      vertex 24.2842 18.3792 27.8
      vertex 24.2915 18.3559 27.8
    endloop
  endfacet
  facet normal 0 0 1
    outer loop
      vertex 27.31 19.4805 27.8
      vertex 24.2748 18.4017 27.8
      vertex 24.2842 18.3792 27.8
    endloop
  endfacet
  facet normal 0 0 1
    outer loop
      vertex 22.552 21.3687 27.8
      vertex 25.0352 23.4205 27.8
      vertex 24.2631 24.2631 27.8
    endloop
  endfacet
  facet normal 0 0 1
    outer loop
      vertex 26.8726 20.5363 27.8
      vertex 23.9543 19.1755 27.8
      vertex 24.2748 18.4017 27.8
    endloop
  endfacet
  facet normal 0 0 1
    outer loop
      vertex 26.3449 21.55 27.8
      vertex 23.5676 19.9183 27.8
      vertex 23.9543 19.1755 27.8
    endloop
  endfacet
  facet normal 0 0 1
    outer loop
      vertex 26.3449 21.55 27.8
      vertex 23.5563 19.94 27.8
      vertex 23.5676 19.9183 27.8
    endloop
  endfacet
  facet normal 0 0 1
    outer loop
      vertex 26.3449 21.55 27.8
      vertex 23.5432 19.9606 27.8
      vertex 23.5563 19.94 27.8
    endloop
  endfacet
  facet normal 0 0 1
    outer loop
      vertex 21.9862 21.9862 27.8
      vertex 24.2631 24.2631 27.8
      vertex 23.4205 25.0352 27.8
    endloop
  endfacet
  facet normal 0 0 1
    outer loop
      vertex 25.7309 22.5139 27.8
      vertex 23.0932 20.6669 27.8
      vertex 23.5432 19.9606 27.8
    endloop
  endfacet
  facet normal 0 0 1
    outer loop
      vertex 25.0352 23.4205 27.8
      vertex 22.5834 21.3314 27.8
      vertex 23.0932 20.6669 27.8
    endloop
  endfacet
  facet normal 0 0 1
    outer loop
      vertex 25.0352 23.4205 27.8
      vertex 22.5685 21.3507 27.8
      vertex 22.5834 21.3314 27.8
    endloop
  endfacet
  facet normal 0 0 1
    outer loop
      vertex 25.0352 23.4205 27.8
      vertex 22.552 21.3687 27.8
      vertex 22.5685 21.3507 27.8
    endloop
  endfacet
  facet normal 0 0 1
    outer loop
      vertex 21.3314 22.5834 27.8
      vertex 23.4205 25.0352 27.8
      vertex 22.5139 25.7309 27.8
    endloop
  endfacet
  facet normal 0 0 1
    outer loop
      vertex 24.2631 24.2631 27.8
      vertex 21.9862 21.9862 27.8
      vertex 22.552 21.3687 27.8
    endloop
  endfacet
  facet normal 0 0 1
    outer loop
      vertex 20.6669 23.0932 27.8
      vertex 22.5139 25.7309 27.8
      vertex 21.55 26.3449 27.8
    endloop
  endfacet
  facet normal 0 0 1
    outer loop
      vertex 23.4205 25.0352 27.8
      vertex 21.3687 22.552 27.8
      vertex 21.9862 21.9862 27.8
    endloop
  endfacet
  facet normal 0 0 1
    outer loop
      vertex 23.4205 25.0352 27.8
      vertex 21.3507 22.5685 27.8
      vertex 21.3687 22.552 27.8
    endloop
  endfacet
  facet normal 0 0 1
    outer loop
      vertex 23.4205 25.0352 27.8
      vertex 21.3314 22.5834 27.8
      vertex 21.3507 22.5685 27.8
    endloop
  endfacet
  facet normal 0 0 1
    outer loop
      vertex 22.5139 25.7309 27.8
      vertex 20.6669 23.0932 27.8
      vertex 21.3314 22.5834 27.8
    endloop
  endfacet
  facet normal 0 0 1
    outer loop
      vertex 19.9183 23.5676 27.8
      vertex 21.55 26.3449 27.8
      vertex 20.5363 26.8726 27.8
    endloop
  endfacet
  facet normal 0 0 1
    outer loop
      vertex 21.55 26.3449 27.8
      vertex 19.9606 23.5432 27.8
      vertex 20.6669 23.0932 27.8
    endloop
  endfacet
  facet normal 0 0 1
    outer loop
      vertex 21.55 26.3449 27.8
      vertex 19.94 23.5563 27.8
      vertex 19.9606 23.5432 27.8
    endloop
  endfacet
  facet normal 0 0 1
    outer loop
      vertex 21.55 26.3449 27.8
      vertex 19.9183 23.5676 27.8
      vertex 19.94 23.5563 27.8
    endloop
  endfacet
  facet normal 0 0 1
    outer loop
      vertex 19.1755 23.9543 27.8
      vertex 20.5363 26.8726 27.8
      vertex 19.4805 27.31 27.8
    endloop
  endfacet
  facet normal 0 0 1
    outer loop
      vertex 20.5363 26.8726 27.8
      vertex 19.1755 23.9543 27.8
      vertex 19.9183 23.5676 27.8
    endloop
  endfacet
  facet normal 0 0 1
    outer loop
      vertex 19.4805 27.31 27.8
      vertex 18.4017 24.2748 27.8
      vertex 19.1755 23.9543 27.8
    endloop
  endfacet
  facet normal 0 0 1
    outer loop
      vertex 18.3559 24.2915 27.8
      vertex 19.4805 27.31 27.8
      vertex 18.3905 27.6536 27.8
    endloop
  endfacet
  facet normal 0 0 1
    outer loop
      vertex 19.4805 27.31 27.8
      vertex 18.3792 24.2842 27.8
      vertex 18.4017 24.2748 27.8
    endloop
  endfacet
  facet normal 0 0 1
    outer loop
      vertex 19.4805 27.31 27.8
      vertex 18.3559 24.2915 27.8
      vertex 18.3792 24.2842 27.8
    endloop
  endfacet
  facet normal 0 0 1
    outer loop
      vertex 18.3905 27.6536 27.8
      vertex 17.5571 24.5433 27.8
      vertex 18.3559 24.2915 27.8
    endloop
  endfacet
  facet normal 0 0 1
    outer loop
      vertex 18.3905 27.6536 27.8
      vertex 17.5333 24.5486 27.8
      vertex 17.5571 24.5433 27.8
    endloop
  endfacet
  facet normal 0 0 1
    outer loop
      vertex 17.2748 27.901 27.8
      vertex 17.5333 24.5486 27.8
      vertex 18.3905 27.6536 27.8
    endloop
  endfacet
  facet normal 0 0 1
    outer loop
      vertex 17.2748 27.901 27.8
      vertex 16.7156 24.7299 27.8
      vertex 17.5333 24.5486 27.8
    endloop
  endfacet
  facet normal 0 0 1
    outer loop
      vertex 16.1417 28.0501 27.8
      vertex 16.7156 24.7299 27.8
      vertex 17.2748 27.901 27.8
    endloop
  endfacet
  facet normal 0 0 1
    outer loop
      vertex 16.1417 28.0501 27.8
      vertex 15.8853 24.8392 27.8
      vertex 16.7156 24.7299 27.8
    endloop
  endfacet
  facet normal 0 0 1
    outer loop
      vertex 16.1417 28.0501 27.8
      vertex 15.8611 24.8424 27.8
      vertex 15.8853 24.8392 27.8
    endloop
  endfacet
  facet normal 0 0 1
    outer loop
      vertex 16.1417 28.0501 27.8
      vertex 15.8367 24.8435 27.8
      vertex 15.8611 24.8424 27.8
    endloop
  endfacet
  facet normal 0 0 1
    outer loop
      vertex 15 28.1 27.8
      vertex 15.8367 24.8435 27.8
      vertex 16.1417 28.0501 27.8
    endloop
  endfacet
  facet normal 0 0 1
    outer loop
      vertex 15 28.1 27.8
      vertex 15 24.88 27.8
      vertex 15.8367 24.8435 27.8
    endloop
  endfacet
  facet normal 0 0 1
    outer loop
      vertex 15 28.1 27.8
      vertex 14.1633 24.8435 27.8
      vertex 15 24.88 27.8
    endloop
  endfacet
  facet normal -0 0 1
    outer loop
      vertex 13.8583 28.0501 27.8
      vertex 14.1633 24.8435 27.8
      vertex 15 28.1 27.8
    endloop
  endfacet
  facet normal 0 0 1
    outer loop
      vertex 14.1633 24.8435 27.8
      vertex 13.8583 28.0501 27.8
      vertex 14.1389 24.8424 27.8
    endloop
  endfacet
  facet normal 0 0 1
    outer loop
      vertex 14.1389 24.8424 27.8
      vertex 13.8583 28.0501 27.8
      vertex 14.1147 24.8392 27.8
    endloop
  endfacet
  facet normal 0 0 1
    outer loop
      vertex 13.8583 28.0501 27.8
      vertex 13.2844 24.7299 27.8
      vertex 14.1147 24.8392 27.8
    endloop
  endfacet
  facet normal -0 0 1
    outer loop
      vertex 12.7252 27.901 27.8
      vertex 13.2844 24.7299 27.8
      vertex 13.8583 28.0501 27.8
    endloop
  endfacet
  facet normal 0 0 1
    outer loop
      vertex 12.7252 27.901 27.8
      vertex 12.4667 24.5486 27.8
      vertex 13.2844 24.7299 27.8
    endloop
  endfacet
  facet normal -0 0 1
    outer loop
      vertex 11.6095 27.6536 27.8
      vertex 12.4667 24.5486 27.8
      vertex 12.7252 27.901 27.8
    endloop
  endfacet
  facet normal 0 0 1
    outer loop
      vertex 12.4667 24.5486 27.8
      vertex 11.6095 27.6536 27.8
      vertex 12.4429 24.5433 27.8
    endloop
  endfacet
  facet normal 0 0 1
    outer loop
      vertex 12.4429 24.5433 27.8
      vertex 11.6095 27.6536 27.8
      vertex 11.6441 24.2915 27.8
    endloop
  endfacet
  facet normal -0 0 1
    outer loop
      vertex 10.5195 27.31 27.8
      vertex 11.6441 24.2915 27.8
      vertex 11.6095 27.6536 27.8
    endloop
  endfacet
  facet normal 0 0 1
    outer loop
      vertex 11.6441 24.2915 27.8
      vertex 10.5195 27.31 27.8
      vertex 11.6208 24.2842 27.8
    endloop
  endfacet
  facet normal 0 0 1
    outer loop
      vertex 11.6208 24.2842 27.8
      vertex 10.5195 27.31 27.8
      vertex 11.5983 24.2748 27.8
    endloop
  endfacet
  facet normal 0 0 1
    outer loop
      vertex 11.5983 24.2748 27.8
      vertex 10.5195 27.31 27.8
      vertex 10.8245 23.9543 27.8
    endloop
  endfacet
  facet normal -0 0 1
    outer loop
      vertex 9.4637 26.8726 27.8
      vertex 10.8245 23.9543 27.8
      vertex 10.5195 27.31 27.8
    endloop
  endfacet
  facet normal 0 0 1
    outer loop
      vertex 10.8245 23.9543 27.8
      vertex 9.4637 26.8726 27.8
      vertex 10.0817 23.5676 27.8
    endloop
  endfacet
  facet normal -0 0 1
    outer loop
      vertex 8.45 26.3449 27.8
      vertex 10.0817 23.5676 27.8
      vertex 9.4637 26.8726 27.8
    endloop
  endfacet
  facet normal 0 0 1
    outer loop
      vertex 10.0817 23.5676 27.8
      vertex 8.45 26.3449 27.8
      vertex 10.06 23.5563 27.8
    endloop
  endfacet
  facet normal 0 0 1
    outer loop
      vertex 10.06 23.5563 27.8
      vertex 8.45 26.3449 27.8
      vertex 10.0394 23.5432 27.8
    endloop
  endfacet
  facet normal 0 0 1
    outer loop
      vertex 10.0394 23.5432 27.8
      vertex 8.45 26.3449 27.8
      vertex 9.33307 23.0932 27.8
    endloop
  endfacet
  facet normal -0 0 1
    outer loop
      vertex 7.48615 25.7309 27.8
      vertex 9.33307 23.0932 27.8
      vertex 8.45 26.3449 27.8
    endloop
  endfacet
  facet normal 0 0 1
    outer loop
      vertex 9.33307 23.0932 27.8
      vertex 7.48615 25.7309 27.8
      vertex 8.66864 22.5834 27.8
    endloop
  endfacet
  facet normal -0 0 1
    outer loop
      vertex 6.57948 25.0352 27.8
      vertex 8.66864 22.5834 27.8
      vertex 7.48615 25.7309 27.8
    endloop
  endfacet
  facet normal 0 0 1
    outer loop
      vertex 8.66864 22.5834 27.8
      vertex 6.57948 25.0352 27.8
      vertex 8.64926 22.5685 27.8
    endloop
  endfacet
  facet normal 0 0 1
    outer loop
      vertex 8.64926 22.5685 27.8
      vertex 6.57948 25.0352 27.8
      vertex 8.63125 22.552 27.8
    endloop
  endfacet
  facet normal 0 0 1
    outer loop
      vertex 8.63125 22.552 27.8
      vertex 6.57948 25.0352 27.8
      vertex 8.01378 21.9862 27.8
    endloop
  endfacet
  facet normal -0 0 1
    outer loop
      vertex 5.7369 24.2631 27.8
      vertex 8.01378 21.9862 27.8
      vertex 6.57948 25.0352 27.8
    endloop
  endfacet
  facet normal 0 0 1
    outer loop
      vertex 8.01378 21.9862 27.8
      vertex 5.7369 24.2631 27.8
      vertex 7.44798 21.3687 27.8
    endloop
  endfacet
  facet normal -0 0 1
    outer loop
      vertex 4.96482 23.4205 27.8
      vertex 7.44798 21.3687 27.8
      vertex 5.7369 24.2631 27.8
    endloop
  endfacet
  facet normal 0 0 1
    outer loop
      vertex 7.44798 21.3687 27.8
      vertex 4.96482 23.4205 27.8
      vertex 7.43148 21.3507 27.8
    endloop
  endfacet
  facet normal 0 0 1
    outer loop
      vertex 7.43148 21.3507 27.8
      vertex 4.96482 23.4205 27.8
      vertex 7.41661 21.3314 27.8
    endloop
  endfacet
  facet normal 0 0 1
    outer loop
      vertex 7.41661 21.3314 27.8
      vertex 4.96482 23.4205 27.8
      vertex 6.90678 20.6669 27.8
    endloop
  endfacet
  facet normal -0 0 1
    outer loop
      vertex 4.26911 22.5139 27.8
      vertex 6.90678 20.6669 27.8
      vertex 4.96482 23.4205 27.8
    endloop
  endfacet
  facet normal 0 0 1
    outer loop
      vertex 6.90678 20.6669 27.8
      vertex 4.26911 22.5139 27.8
      vertex 6.45679 19.9606 27.8
    endloop
  endfacet
  facet normal -0 0 1
    outer loop
      vertex 3.65507 21.55 27.8
      vertex 6.45679 19.9606 27.8
      vertex 4.26911 22.5139 27.8
    endloop
  endfacet
  facet normal 0 0 1
    outer loop
      vertex 6.45679 19.9606 27.8
      vertex 3.65507 21.55 27.8
      vertex 6.44367 19.94 27.8
    endloop
  endfacet
  facet normal 0 0 1
    outer loop
      vertex 6.44367 19.94 27.8
      vertex 3.65507 21.55 27.8
      vertex 6.43239 19.9183 27.8
    endloop
  endfacet
  facet normal 0 0 1
    outer loop
      vertex 6.43239 19.9183 27.8
      vertex 3.65507 21.55 27.8
      vertex 6.04568 19.1755 27.8
    endloop
  endfacet
  facet normal -0 0 1
    outer loop
      vertex 3.12737 20.5363 27.8
      vertex 6.04568 19.1755 27.8
      vertex 3.65507 21.55 27.8
    endloop
  endfacet
  facet normal 0 0 1
    outer loop
      vertex 6.04568 19.1755 27.8
      vertex 3.12737 20.5363 27.8
      vertex 5.72518 18.4017 27.8
    endloop
  endfacet
  facet normal -0 0 1
    outer loop
      vertex 2.69003 19.4805 27.8
      vertex 5.72518 18.4017 27.8
      vertex 3.12737 20.5363 27.8
    endloop
  endfacet
  facet normal 0 0 1
    outer loop
      vertex 5.72518 18.4017 27.8
      vertex 2.69003 19.4805 27.8
      vertex 5.71584 18.3792 27.8
    endloop
  endfacet
  facet normal 0 0 1
    outer loop
      vertex 5.71584 18.3792 27.8
      vertex 2.69003 19.4805 27.8
      vertex 5.70849 18.3559 27.8
    endloop
  endfacet
  facet normal 0 0 1
    outer loop
      vertex 5.45665 17.5571 27.8
      vertex 2.34637 18.3905 27.8
      vertex 5.45137 17.5333 27.8
    endloop
  endfacet
  facet normal -0 0 1
    outer loop
      vertex 2.34637 18.3905 27.8
      vertex 5.45665 17.5571 27.8
      vertex 2.69003 19.4805 27.8
    endloop
  endfacet
  facet normal 0 0 1
    outer loop
      vertex 5.70849 18.3559 27.8
      vertex 2.69003 19.4805 27.8
      vertex 5.45665 17.5571 27.8
    endloop
  endfacet
  facet normal -0 0 1
    outer loop
      vertex 24.5433 12.4429 27.8
      vertex 27.6536 11.6095 27.8
      vertex 24.5486 12.4667 27.8
    endloop
  endfacet
  facet normal 0 0 1
    outer loop
      vertex 27.6536 11.6095 27.8
      vertex 24.5433 12.4429 27.8
      vertex 27.31 10.5195 27.8
    endloop
  endfacet
  facet normal -0 0 1
    outer loop
      vertex 24.2915 11.6441 27.8
      vertex 27.31 10.5195 27.8
      vertex 24.5433 12.4429 27.8
    endloop
  endfacet
  facet normal -0 0 1
    outer loop
      vertex 24.2842 11.6208 27.8
      vertex 27.31 10.5195 27.8
      vertex 24.2915 11.6441 27.8
    endloop
  endfacet
  facet normal -0 0 1
    outer loop
      vertex 24.2748 11.5983 27.8
      vertex 27.31 10.5195 27.8
      vertex 24.2842 11.6208 27.8
    endloop
  endfacet
  facet normal 0 0 1
    outer loop
      vertex 27.31 10.5195 27.8
      vertex 24.2748 11.5983 27.8
      vertex 26.8726 9.4637 27.8
    endloop
  endfacet
  facet normal -0 0 1
    outer loop
      vertex 23.9543 10.8245 27.8
      vertex 26.8726 9.4637 27.8
      vertex 24.2748 11.5983 27.8
    endloop
  endfacet
  facet normal 0 0 1
    outer loop
      vertex 26.8726 9.4637 27.8
      vertex 23.9543 10.8245 27.8
      vertex 26.3449 8.45 27.8
    endloop
  endfacet
  facet normal -0 0 1
    outer loop
      vertex 23.5676 10.0817 27.8
      vertex 26.3449 8.45 27.8
      vertex 23.9543 10.8245 27.8
    endloop
  endfacet
  facet normal -0 0 1
    outer loop
      vertex 23.5563 10.06 27.8
      vertex 26.3449 8.45 27.8
      vertex 23.5676 10.0817 27.8
    endloop
  endfacet
  facet normal -0 0 1
    outer loop
      vertex 23.5432 10.0394 27.8
      vertex 26.3449 8.45 27.8
      vertex 23.5563 10.06 27.8
    endloop
  endfacet
  facet normal 0 0 1
    outer loop
      vertex 26.3449 8.45 27.8
      vertex 23.5432 10.0394 27.8
      vertex 25.7309 7.48615 27.8
    endloop
  endfacet
  facet normal -0 0 1
    outer loop
      vertex 23.0932 9.33307 27.8
      vertex 25.7309 7.48615 27.8
      vertex 23.5432 10.0394 27.8
    endloop
  endfacet
  facet normal 0 0 1
    outer loop
      vertex 25.7309 7.48615 27.8
      vertex 23.0932 9.33307 27.8
      vertex 25.0352 6.57948 27.8
    endloop
  endfacet
  facet normal -0 0 1
    outer loop
      vertex 22.5834 8.66864 27.8
      vertex 25.0352 6.57948 27.8
      vertex 23.0932 9.33307 27.8
    endloop
  endfacet
  facet normal -0 0 1
    outer loop
      vertex 22.5685 8.64926 27.8
      vertex 25.0352 6.57948 27.8
      vertex 22.5834 8.66864 27.8
    endloop
  endfacet
  facet normal -0 0 1
    outer loop
      vertex 22.552 8.63125 27.8
      vertex 25.0352 6.57948 27.8
      vertex 22.5685 8.64926 27.8
    endloop
  endfacet
  facet normal 0 0 1
    outer loop
      vertex 25.0352 6.57948 27.8
      vertex 22.552 8.63125 27.8
      vertex 24.2631 5.7369 27.8
    endloop
  endfacet
  facet normal -0 0 1
    outer loop
      vertex 21.9862 8.01378 27.8
      vertex 24.2631 5.7369 27.8
      vertex 22.552 8.63125 27.8
    endloop
  endfacet
  facet normal 0 0 1
    outer loop
      vertex 24.2631 5.7369 27.8
      vertex 21.9862 8.01378 27.8
      vertex 23.4205 4.96482 27.8
    endloop
  endfacet
  facet normal -0 0 1
    outer loop
      vertex 21.3687 7.44798 27.8
      vertex 23.4205 4.96482 27.8
      vertex 21.9862 8.01378 27.8
    endloop
  endfacet
  facet normal -0 0 1
    outer loop
      vertex 21.3507 7.43148 27.8
      vertex 23.4205 4.96482 27.8
      vertex 21.3687 7.44798 27.8
    endloop
  endfacet
  facet normal -0 0 1
    outer loop
      vertex 21.3314 7.41661 27.8
      vertex 23.4205 4.96482 27.8
      vertex 21.3507 7.43148 27.8
    endloop
  endfacet
  facet normal 0 0 1
    outer loop
      vertex 23.4205 4.96482 27.8
      vertex 21.3314 7.41661 27.8
      vertex 22.5139 4.26911 27.8
    endloop
  endfacet
  facet normal -0 0 1
    outer loop
      vertex 20.6669 6.90678 27.8
      vertex 22.5139 4.26911 27.8
      vertex 21.3314 7.41661 27.8
    endloop
  endfacet
  facet normal 0 0 1
    outer loop
      vertex 22.5139 4.26911 27.8
      vertex 20.6669 6.90678 27.8
      vertex 21.55 3.65507 27.8
    endloop
  endfacet
  facet normal -0 0 1
    outer loop
      vertex 19.9606 6.45679 27.8
      vertex 21.55 3.65507 27.8
      vertex 20.6669 6.90678 27.8
    endloop
  endfacet
  facet normal -0 0 1
    outer loop
      vertex 19.94 6.44367 27.8
      vertex 21.55 3.65507 27.8
      vertex 19.9606 6.45679 27.8
    endloop
  endfacet
  facet normal -0 0 1
    outer loop
      vertex 19.9183 6.43239 27.8
      vertex 21.55 3.65507 27.8
      vertex 19.94 6.44367 27.8
    endloop
  endfacet
  facet normal 0 0 1
    outer loop
      vertex 21.55 3.65507 27.8
      vertex 19.9183 6.43239 27.8
      vertex 20.5363 3.12737 27.8
    endloop
  endfacet
  facet normal -0 0 1
    outer loop
      vertex 19.1755 6.04568 27.8
      vertex 20.5363 3.12737 27.8
      vertex 19.9183 6.43239 27.8
    endloop
  endfacet
  facet normal 0 0 1
    outer loop
      vertex 20.5363 3.12737 27.8
      vertex 19.1755 6.04568 27.8
      vertex 19.4805 2.69003 27.8
    endloop
  endfacet
  facet normal -0 0 1
    outer loop
      vertex 18.4017 5.72518 27.8
      vertex 19.4805 2.69003 27.8
      vertex 19.1755 6.04568 27.8
    endloop
  endfacet
  facet normal -0 0 1
    outer loop
      vertex 18.3792 5.71584 27.8
      vertex 19.4805 2.69003 27.8
      vertex 18.4017 5.72518 27.8
    endloop
  endfacet
  facet normal -0 0 1
    outer loop
      vertex 18.3559 5.70849 27.8
      vertex 19.4805 2.69003 27.8
      vertex 18.3792 5.71584 27.8
    endloop
  endfacet
  facet normal 0 0 1
    outer loop
      vertex 19.4805 2.69003 27.8
      vertex 18.3559 5.70849 27.8
      vertex 18.3905 2.34637 27.8
    endloop
  endfacet
  facet normal -0 0 1
    outer loop
      vertex 17.5571 5.45665 27.8
      vertex 18.3905 2.34637 27.8
      vertex 18.3559 5.70849 27.8
    endloop
  endfacet
  facet normal -0 0 1
    outer loop
      vertex 17.5333 5.45137 27.8
      vertex 18.3905 2.34637 27.8
      vertex 17.5571 5.45665 27.8
    endloop
  endfacet
  facet normal 0 0 1
    outer loop
      vertex 17.5333 5.45137 27.8
      vertex 17.2748 2.09902 27.8
      vertex 18.3905 2.34637 27.8
    endloop
  endfacet
  facet normal -0 0 1
    outer loop
      vertex 16.7156 5.2701 27.8
      vertex 17.2748 2.09902 27.8
      vertex 17.5333 5.45137 27.8
    endloop
  endfacet
  facet normal 0 0 1
    outer loop
      vertex 16.7156 5.2701 27.8
      vertex 16.1417 1.94985 27.8
      vertex 17.2748 2.09902 27.8
    endloop
  endfacet
  facet normal -0 0 1
    outer loop
      vertex 15.8853 5.16078 27.8
      vertex 16.1417 1.94985 27.8
      vertex 16.7156 5.2701 27.8
    endloop
  endfacet
  facet normal -0 0 1
    outer loop
      vertex 15.8611 5.1576 27.8
      vertex 16.1417 1.94985 27.8
      vertex 15.8853 5.16078 27.8
    endloop
  endfacet
  facet normal -0 0 1
    outer loop
      vertex 15.8367 5.15653 27.8
      vertex 16.1417 1.94985 27.8
      vertex 15.8611 5.1576 27.8
    endloop
  endfacet
  facet normal -0 0 1
    outer loop
      vertex 15 5.12 27.8
      vertex 16.1417 1.94985 27.8
      vertex 15.8367 5.15653 27.8
    endloop
  endfacet
  facet normal 0 0 1
    outer loop
      vertex 15 5.12 27.8
      vertex 15 1.9 27.8
      vertex 16.1417 1.94985 27.8
    endloop
  endfacet
  facet normal 0 0 1
    outer loop
      vertex 14.1633 5.15653 27.8
      vertex 15 1.9 27.8
      vertex 15 5.12 27.8
    endloop
  endfacet
  facet normal 0 0 1
    outer loop
      vertex 13.8583 1.94985 27.8
      vertex 14.1633 5.15653 27.8
      vertex 14.1389 5.1576 27.8
    endloop
  endfacet
  facet normal 0 0 1
    outer loop
      vertex 13.8583 1.94985 27.8
      vertex 14.1389 5.1576 27.8
      vertex 14.1147 5.16078 27.8
    endloop
  endfacet
  facet normal 0 0 1
    outer loop
      vertex 14.1633 5.15653 27.8
      vertex 13.8583 1.94985 27.8
      vertex 15 1.9 27.8
    endloop
  endfacet
  facet normal 0 0 1
    outer loop
      vertex 13.2844 5.2701 27.8
      vertex 13.8583 1.94985 27.8
      vertex 14.1147 5.16078 27.8
    endloop
  endfacet
  facet normal 0 0 1
    outer loop
      vertex 13.2844 5.2701 27.8
      vertex 12.7252 2.09902 27.8
      vertex 13.8583 1.94985 27.8
    endloop
  endfacet
  facet normal 0 0 1
    outer loop
      vertex 12.4667 5.45137 27.8
      vertex 12.7252 2.09902 27.8
      vertex 13.2844 5.2701 27.8
    endloop
  endfacet
  facet normal 0 0 1
    outer loop
      vertex 11.6095 2.34637 27.8
      vertex 12.4667 5.45137 27.8
      vertex 12.4429 5.45665 27.8
    endloop
  endfacet
  facet normal 0 0 1
    outer loop
      vertex 11.6095 2.34637 27.8
      vertex 12.4429 5.45665 27.8
      vertex 11.6441 5.70849 27.8
    endloop
  endfacet
  facet normal 0 0 1
    outer loop
      vertex 10.5195 2.69003 27.8
      vertex 11.6441 5.70849 27.8
      vertex 11.6208 5.71584 27.8
    endloop
  endfacet
  facet normal 0 0 1
    outer loop
      vertex 12.4667 5.45137 27.8
      vertex 11.6095 2.34637 27.8
      vertex 12.7252 2.09902 27.8
    endloop
  endfacet
  facet normal 0 0 1
    outer loop
      vertex 10.5195 2.69003 27.8
      vertex 11.6208 5.71584 27.8
      vertex 11.5983 5.72518 27.8
    endloop
  endfacet
  facet normal 0 0 1
    outer loop
      vertex 10.5195 2.69003 27.8
      vertex 11.5983 5.72518 27.8
      vertex 10.8245 6.04568 27.8
    endloop
  endfacet
  facet normal 0 0 1
    outer loop
      vertex 11.6441 5.70849 27.8
      vertex 10.5195 2.69003 27.8
      vertex 11.6095 2.34637 27.8
    endloop
  endfacet
  facet normal 0 0 1
    outer loop
      vertex 9.4637 3.12737 27.8
      vertex 10.8245 6.04568 27.8
      vertex 10.0817 6.43239 27.8
    endloop
  endfacet
  facet normal 0 0 1
    outer loop
      vertex 8.45 3.65507 27.8
      vertex 10.0817 6.43239 27.8
      vertex 10.06 6.44367 27.8
    endloop
  endfacet
  facet normal 0 0 1
    outer loop
      vertex 8.45 3.65507 27.8
      vertex 10.06 6.44367 27.8
      vertex 10.0394 6.45679 27.8
    endloop
  endfacet
  facet normal 0 0 1
    outer loop
      vertex 10.8245 6.04568 27.8
      vertex 9.4637 3.12737 27.8
      vertex 10.5195 2.69003 27.8
    endloop
  endfacet
  facet normal 0 0 1
    outer loop
      vertex 8.45 3.65507 27.8
      vertex 10.0394 6.45679 27.8
      vertex 9.33307 6.90678 27.8
    endloop
  endfacet
  facet normal 0 0 1
    outer loop
      vertex 7.48615 4.26911 27.8
      vertex 9.33307 6.90678 27.8
      vertex 8.66864 7.41661 27.8
    endloop
  endfacet
  facet normal 0 0 1
    outer loop
      vertex 6.57948 4.96482 27.8
      vertex 8.66864 7.41661 27.8
      vertex 8.64926 7.43148 27.8
    endloop
  endfacet
  facet normal 0 0 1
    outer loop
      vertex 6.57948 4.96482 27.8
      vertex 8.64926 7.43148 27.8
      vertex 8.63125 7.44798 27.8
    endloop
  endfacet
  facet normal 0 0 1
    outer loop
      vertex 10.0817 6.43239 27.8
      vertex 8.45 3.65507 27.8
      vertex 9.4637 3.12737 27.8
    endloop
  endfacet
  facet normal 0 0 1
    outer loop
      vertex 6.57948 4.96482 27.8
      vertex 8.63125 7.44798 27.8
      vertex 8.01378 8.01378 27.8
    endloop
  endfacet
  facet normal 0 0 1
    outer loop
      vertex 9.33307 6.90678 27.8
      vertex 7.48615 4.26911 27.8
      vertex 8.45 3.65507 27.8
    endloop
  endfacet
  facet normal 0 0 1
    outer loop
      vertex 5.7369 5.7369 27.8
      vertex 8.01378 8.01378 27.8
      vertex 7.44798 8.63125 27.8
    endloop
  endfacet
  facet normal 0 0 1
    outer loop
      vertex 4.96482 6.57948 27.8
      vertex 7.44798 8.63125 27.8
      vertex 7.43148 8.64926 27.8
    endloop
  endfacet
  facet normal 0 0 1
    outer loop
      vertex 4.96482 6.57948 27.8
      vertex 7.43148 8.64926 27.8
      vertex 7.41661 8.66864 27.8
    endloop
  endfacet
  facet normal 0 0 1
    outer loop
      vertex 4.96482 6.57948 27.8
      vertex 7.41661 8.66864 27.8
      vertex 6.90678 9.33307 27.8
    endloop
  endfacet
  facet normal 0 0 1
    outer loop
      vertex 8.66864 7.41661 27.8
      vertex 6.57948 4.96482 27.8
      vertex 7.48615 4.26911 27.8
    endloop
  endfacet
  facet normal 0 0 1
    outer loop
      vertex 4.26911 7.48615 27.8
      vertex 6.90678 9.33307 27.8
      vertex 6.45679 10.0394 27.8
    endloop
  endfacet
  facet normal 0 0 1
    outer loop
      vertex 3.65507 8.45 27.8
      vertex 6.45679 10.0394 27.8
      vertex 6.44367 10.06 27.8
    endloop
  endfacet
  facet normal 0 0 1
    outer loop
      vertex 3.65507 8.45 27.8
      vertex 6.44367 10.06 27.8
      vertex 6.43239 10.0817 27.8
    endloop
  endfacet
  facet normal 0 0 1
    outer loop
      vertex 3.65507 8.45 27.8
      vertex 6.43239 10.0817 27.8
      vertex 6.04568 10.8245 27.8
    endloop
  endfacet
  facet normal 0 0 1
    outer loop
      vertex 8.01378 8.01378 27.8
      vertex 5.7369 5.7369 27.8
      vertex 6.57948 4.96482 27.8
    endloop
  endfacet
  facet normal 0 0 1
    outer loop
      vertex 3.12737 9.4637 27.8
      vertex 6.04568 10.8245 27.8
      vertex 5.72518 11.5983 27.8
    endloop
  endfacet
  facet normal 0 0 1
    outer loop
      vertex 2.69003 10.5195 27.8
      vertex 5.72518 11.5983 27.8
      vertex 5.71584 11.6208 27.8
    endloop
  endfacet
  facet normal 0 0 1
    outer loop
      vertex 2.69003 10.5195 27.8
      vertex 5.71584 11.6208 27.8
      vertex 5.70849 11.6441 27.8
    endloop
  endfacet
  facet normal 0 0 1
    outer loop
      vertex 2.69003 10.5195 27.8
      vertex 5.70849 11.6441 27.8
      vertex 5.45665 12.4429 27.8
    endloop
  endfacet
  facet normal 0 0 1
    outer loop
      vertex 2.34637 11.6095 27.8
      vertex 5.45665 12.4429 27.8
      vertex 5.45137 12.4667 27.8
    endloop
  endfacet
  facet normal 0 0 1
    outer loop
      vertex 2.34637 11.6095 27.8
      vertex 5.45137 12.4667 27.8
      vertex 5.2701 13.2844 27.8
    endloop
  endfacet
  facet normal 0 0 1
    outer loop
      vertex 2.09902 12.7252 27.8
      vertex 5.2701 13.2844 27.8
      vertex 5.16078 14.1147 27.8
    endloop
  endfacet
  facet normal 0 0 1
    outer loop
      vertex 1.94985 13.8583 27.8
      vertex 5.16078 14.1147 27.8
      vertex 5.1576 14.1389 27.8
    endloop
  endfacet
  facet normal 0 0 1
    outer loop
      vertex 7.44798 8.63125 27.8
      vertex 4.96482 6.57948 27.8
      vertex 5.7369 5.7369 27.8
    endloop
  endfacet
  facet normal 0 0 1
    outer loop
      vertex 1.94985 13.8583 27.8
      vertex 5.1576 14.1389 27.8
      vertex 5.15653 14.1633 27.8
    endloop
  endfacet
  facet normal 0 0 1
    outer loop
      vertex 1.94985 13.8583 27.8
      vertex 5.15653 14.1633 27.8
      vertex 5.12 15 27.8
    endloop
  endfacet
  facet normal 0 0 1
    outer loop
      vertex 5.45137 17.5333 27.8
      vertex 2.34637 18.3905 27.8
      vertex 5.2701 16.7156 27.8
    endloop
  endfacet
  facet normal -0 0 1
    outer loop
      vertex 2.09902 17.2748 27.8
      vertex 5.2701 16.7156 27.8
      vertex 2.34637 18.3905 27.8
    endloop
  endfacet
  facet normal 0 0 1
    outer loop
      vertex 6.90678 9.33307 27.8
      vertex 4.26911 7.48615 27.8
      vertex 4.96482 6.57948 27.8
    endloop
  endfacet
  facet normal 0 0 1
    outer loop
      vertex 5.2701 16.7156 27.8
      vertex 2.09902 17.2748 27.8
      vertex 5.16078 15.8853 27.8
    endloop
  endfacet
  facet normal 0 0 1
    outer loop
      vertex 6.45679 10.0394 27.8
      vertex 3.65507 8.45 27.8
      vertex 4.26911 7.48615 27.8
    endloop
  endfacet
  facet normal -0 0 1
    outer loop
      vertex 1.94985 16.1417 27.8
      vertex 5.16078 15.8853 27.8
      vertex 2.09902 17.2748 27.8
    endloop
  endfacet
  facet normal 0 0 1
    outer loop
      vertex 6.04568 10.8245 27.8
      vertex 3.12737 9.4637 27.8
      vertex 3.65507 8.45 27.8
    endloop
  endfacet
  facet normal 0 0 1
    outer loop
      vertex 5.16078 15.8853 27.8
      vertex 1.94985 16.1417 27.8
      vertex 5.1576 15.8611 27.8
    endloop
  endfacet
  facet normal 0 0 1
    outer loop
      vertex 5.72518 11.5983 27.8
      vertex 2.69003 10.5195 27.8
      vertex 3.12737 9.4637 27.8
    endloop
  endfacet
  facet normal 0 0 1
    outer loop
      vertex 5.1576 15.8611 27.8
      vertex 1.94985 16.1417 27.8
      vertex 5.15653 15.8367 27.8
    endloop
  endfacet
  facet normal 0 0 1
    outer loop
      vertex 5.45665 12.4429 27.8
      vertex 2.34637 11.6095 27.8
      vertex 2.69003 10.5195 27.8
    endloop
  endfacet
  facet normal 0 0 1
    outer loop
      vertex 5.15653 15.8367 27.8
      vertex 1.94985 16.1417 27.8
      vertex 5.12 15 27.8
    endloop
  endfacet
  facet normal 0 0 1
    outer loop
      vertex 5.2701 13.2844 27.8
      vertex 2.09902 12.7252 27.8
      vertex 2.34637 11.6095 27.8
    endloop
  endfacet
  facet normal 0 0 1
    outer loop
      vertex 1.9 15 27.8
      vertex 5.12 15 27.8
      vertex 1.94985 16.1417 27.8
    endloop
  endfacet
  facet normal 0 0 1
    outer loop
      vertex 5.16078 14.1147 27.8
      vertex 1.94985 13.8583 27.8
      vertex 2.09902 12.7252 27.8
    endloop
  endfacet
  facet normal 0 0 1
    outer loop
      vertex 5.12 15 27.8
      vertex 1.9 15 27.8
      vertex 1.94985 13.8583 27.8
    endloop
  endfacet
  facet normal 0.843407 -0.537275 0
    outer loop
      vertex 25.7309 7.48615 27.8
      vertex 26.3449 8.45 25
      vertex 26.3449 8.45 27.8
    endloop
  endfacet
  facet normal 0.843407 -0.537275 0
    outer loop
      vertex 26.3449 8.45 25
      vertex 25.7309 7.48615 27.8
      vertex 25.7309 7.48615 25
    endloop
  endfacet
  facet normal 0.67558 -0.737286 0
    outer loop
      vertex 23.4205 4.96482 25
      vertex 24.2631 5.7369 27.8
      vertex 23.4205 4.96482 27.8
    endloop
  endfacet
  facet normal 0.67558 -0.737286 0
    outer loop
      vertex 24.2631 5.7369 27.8
      vertex 23.4205 4.96482 25
      vertex 24.2631 5.7369 25
    endloop
  endfacet
  facet normal 0.60879 -0.793332 0
    outer loop
      vertex 22.5139 4.26911 25
      vertex 23.4205 4.96482 27.8
      vertex 22.5139 4.26911 27.8
    endloop
  endfacet
  facet normal 0.60879 -0.793332 0
    outer loop
      vertex 23.4205 4.96482 27.8
      vertex 22.5139 4.26911 25
      vertex 23.4205 4.96482 25
    endloop
  endfacet
  facet normal 0.53728 -0.843404 0
    outer loop
      vertex 21.55 3.65507 25
      vertex 22.5139 4.26911 27.8
      vertex 21.55 3.65507 27.8
    endloop
  endfacet
  facet normal 0.53728 -0.843404 0
    outer loop
      vertex 22.5139 4.26911 27.8
      vertex 21.55 3.65507 25
      vertex 22.5139 4.26911 25
    endloop
  endfacet
  facet normal 0.923857 -0.382738 0
    outer loop
      vertex 26.8726 9.4637 27.8
      vertex 27.31 10.5195 25
      vertex 27.31 10.5195 27.8
    endloop
  endfacet
  facet normal 0.923857 -0.382738 0
    outer loop
      vertex 27.31 10.5195 25
      vertex 26.8726 9.4637 27.8
      vertex 26.8726 9.4637 25
    endloop
  endfacet
  facet normal -0.382693 -0.923875 0
    outer loop
      vertex 9.4637 3.12737 25
      vertex 10.5195 2.69003 27.8
      vertex 9.4637 3.12737 27.8
    endloop
  endfacet
  facet normal -0.382693 -0.923875 -0
    outer loop
      vertex 10.5195 2.69003 27.8
      vertex 9.4637 3.12737 25
      vertex 10.5195 2.69003 25
    endloop
  endfacet
  facet normal -0.675589 -0.737278 0
    outer loop
      vertex 5.7369 5.7369 25
      vertex 6.57948 4.96482 27.8
      vertex 5.7369 5.7369 27.8
    endloop
  endfacet
  facet normal -0.675589 -0.737278 -0
    outer loop
      vertex 6.57948 4.96482 27.8
      vertex 5.7369 5.7369 25
      vertex 6.57948 4.96482 25
    endloop
  endfacet
  facet normal -0.793354 -0.60876 0
    outer loop
      vertex 4.96482 6.57948 25
      vertex 4.26911 7.48615 27.8
      vertex 4.26911 7.48615 25
    endloop
  endfacet
  facet normal -0.793354 -0.60876 0
    outer loop
      vertex 4.26911 7.48615 27.8
      vertex 4.96482 6.57948 25
      vertex 4.96482 6.57948 27.8
    endloop
  endfacet
  facet normal -0.737278 -0.675589 0
    outer loop
      vertex 5.7369 5.7369 25
      vertex 4.96482 6.57948 27.8
      vertex 4.96482 6.57948 25
    endloop
  endfacet
  facet normal -0.737278 -0.675589 0
    outer loop
      vertex 4.96482 6.57948 27.8
      vertex 5.7369 5.7369 25
      vertex 5.7369 5.7369 27.8
    endloop
  endfacet
  facet normal -0.923875 -0.382693 0
    outer loop
      vertex 3.12737 9.4637 25
      vertex 2.69003 10.5195 27.8
      vertex 2.69003 10.5195 25
    endloop
  endfacet
  facet normal -0.923875 -0.382693 0
    outer loop
      vertex 2.69003 10.5195 27.8
      vertex 3.12737 9.4637 25
      vertex 3.12737 9.4637 27.8
    endloop
  endfacet
  facet normal -0.976295 -0.216444 0
    outer loop
      vertex 2.34637 11.6095 25
      vertex 2.09902 12.7252 27.8
      vertex 2.09902 12.7252 25
    endloop
  endfacet
  facet normal -0.976295 -0.216444 0
    outer loop
      vertex 2.09902 12.7252 27.8
      vertex 2.34637 11.6095 25
      vertex 2.34637 11.6095 27.8
    endloop
  endfacet
  facet normal -0.991445 -0.130522 0
    outer loop
      vertex 2.09902 12.7252 25
      vertex 1.94985 13.8583 27.8
      vertex 1.94985 13.8583 25
    endloop
  endfacet
  facet normal -0.991445 -0.130522 0
    outer loop
      vertex 1.94985 13.8583 27.8
      vertex 2.09902 12.7252 25
      vertex 2.09902 12.7252 27.8
    endloop
  endfacet
  facet normal -0.461749 -0.88701 0
    outer loop
      vertex 8.45 3.65507 25
      vertex 9.4637 3.12737 27.8
      vertex 8.45 3.65507 27.8
    endloop
  endfacet
  facet normal -0.461749 -0.88701 -0
    outer loop
      vertex 9.4637 3.12737 27.8
      vertex 8.45 3.65507 25
      vertex 9.4637 3.12737 25
    endloop
  endfacet
  facet normal -0.216444 -0.976295 0
    outer loop
      vertex 11.6095 2.34637 25
      vertex 12.7252 2.09902 27.8
      vertex 11.6095 2.34637 27.8
    endloop
  endfacet
  facet normal -0.216444 -0.976295 -0
    outer loop
      vertex 12.7252 2.09902 27.8
      vertex 11.6095 2.34637 25
      vertex 12.7252 2.09902 25
    endloop
  endfacet
  facet normal -0.130522 -0.991445 0
    outer loop
      vertex 12.7252 2.09902 25
      vertex 13.8583 1.94985 27.8
      vertex 12.7252 2.09902 27.8
    endloop
  endfacet
  facet normal -0.130522 -0.991445 -0
    outer loop
      vertex 13.8583 1.94985 27.8
      vertex 12.7252 2.09902 25
      vertex 13.8583 1.94985 25
    endloop
  endfacet
  facet normal -0.953721 -0.300693 0
    outer loop
      vertex 2.69003 10.5195 25
      vertex 2.34637 11.6095 27.8
      vertex 2.34637 11.6095 25
    endloop
  endfacet
  facet normal -0.953721 -0.300693 0
    outer loop
      vertex 2.34637 11.6095 27.8
      vertex 2.69003 10.5195 25
      vertex 2.69003 10.5195 27.8
    endloop
  endfacet
  facet normal -0.5373 -0.843392 0
    outer loop
      vertex 7.48615 4.26911 25
      vertex 8.45 3.65507 27.8
      vertex 7.48615 4.26911 27.8
    endloop
  endfacet
  facet normal -0.5373 -0.843392 -0
    outer loop
      vertex 8.45 3.65507 27.8
      vertex 7.48615 4.26911 25
      vertex 8.45 3.65507 25
    endloop
  endfacet
  facet normal -0.60876 -0.793354 0
    outer loop
      vertex 6.57948 4.96482 25
      vertex 7.48615 4.26911 27.8
      vertex 6.57948 4.96482 27.8
    endloop
  endfacet
  facet normal -0.60876 -0.793354 -0
    outer loop
      vertex 7.48615 4.26911 27.8
      vertex 6.57948 4.96482 25
      vertex 7.48615 4.26911 25
    endloop
  endfacet
  facet normal -0.0436214 -0.999048 0
    outer loop
      vertex 13.8583 1.94985 25
      vertex 15 1.9 27.8
      vertex 13.8583 1.94985 27.8
    endloop
  endfacet
  facet normal -0.0436214 -0.999048 -0
    outer loop
      vertex 15 1.9 27.8
      vertex 13.8583 1.94985 25
      vertex 15 1.9 25
    endloop
  endfacet
  facet normal 0.982961 0.0429679 -0.17872
    outer loop
      vertex 25 15 0
      vertex 24.9619 15.8716 0
      vertex 29 15 22
    endloop
  endfacet
  facet normal 0.295894 0.938352 -0.178722
    outer loop
      vertex 19.7883 28.1557 22
      vertex 18.4202 24.3969 0
      vertex 18.6235 28.523 22
    endloop
  endfacet
  facet normal -0.376528 -0.909003 -0.178721
    outer loop
      vertex 10.2117 1.8443 22
      vertex 9.08334 2.31169 22
      vertex 11.5798 5.60307 0
    endloop
  endfacet
  facet normal -0.725422 0.664697 -0.17872
    outer loop
      vertex 7.92893 22.0711 0
      vertex 4.27538 23.999 22
      vertex 5.1005 24.8995 22
    endloop
  endfacet
  facet normal -0.872723 0.454328 -0.178721
    outer loop
      vertex 5.93692 19.2262 0
      vertex 2.31169 20.9167 22
      vertex 6.33975 20 0
    endloop
  endfacet
  facet normal -0.664667 0.725449 -0.178722
    outer loop
      vertex 7.92893 22.0711 0
      vertex 6.00097 25.7246 22
      vertex 8.57212 22.6604 0
    endloop
  endfacet
  facet normal -0.0429371 0.982962 -0.178722
    outer loop
      vertex 14.1284 24.9619 0
      vertex 13.7798 28.9467 22
      vertex 15 29 22
    endloop
  endfacet
  facet normal 0.725419 -0.664701 -0.17872
    outer loop
      vertex 24.8995 5.1005 22
      vertex 22.0711 7.92893 0
      vertex 25.7246 6.00097 22
    endloop
  endfacet
  facet normal 0.376516 -0.909007 -0.178721
    outer loop
      vertex 19.7883 1.8443 22
      vertex 18.4202 5.60307 0
      vertex 20.9167 2.31169 22
    endloop
  endfacet
  facet normal -0.0429116 -0.982964 -0.178721
    outer loop
      vertex 15 1 22
      vertex 14.1284 5.03805 0
      vertex 15 5 0
    endloop
  endfacet
  facet normal -0.128426 -0.975482 -0.178721
    outer loop
      vertex 13.7798 1.05327 22
      vertex 12.5689 1.21269 22
      vertex 14.1284 5.03805 0
    endloop
  endfacet
  facet normal -0.598956 0.780584 -0.178721
    outer loop
      vertex 8.57212 22.6604 0
      vertex 6.00097 25.7246 22
      vertex 6.96993 26.4681 22
    endloop
  endfacet
  facet normal -0.975482 -0.128429 -0.178721
    outer loop
      vertex 5.15192 13.2635 0
      vertex 1.21269 12.5689 22
      vertex 5.03805 14.1284 0
    endloop
  endfacet
  facet normal -0.0429679 0.982961 -0.17872
    outer loop
      vertex 15 25 0
      vertex 14.1284 24.9619 0
      vertex 15 29 22
    endloop
  endfacet
  facet normal -0.376534 0.909 -0.178722
    outer loop
      vertex 11.5798 24.3969 0
      vertex 9.08334 27.6883 22
      vertex 10.2117 28.1557 22
    endloop
  endfacet
  facet normal 0.212936 0.960582 -0.17872
    outer loop
      vertex 17.5882 24.6593 0
      vertex 16.7365 24.8481 0
      vertex 17.4311 28.7873 22
    endloop
  endfacet
  facet normal 0.82979 0.528684 -0.178721
    outer loop
      vertex 23.6603 20 0
      vertex 23.1915 20.7358 0
      vertex 26.4681 23.0301 22
    endloop
  endfacet
  facet normal 0.72543 0.664689 -0.178719
    outer loop
      vertex 25.7246 23.999 22
      vertex 22.0711 22.0711 0
      vertex 24.8995 24.8995 22
    endloop
  endfacet
  facet normal 0.938339 0.295938 -0.17872
    outer loop
      vertex 24.6593 17.5882 0
      vertex 24.3969 18.4202 0
      vertex 28.523 18.6235 22
    endloop
  endfacet
  facet normal 0.975484 0.12841 -0.178722
    outer loop
      vertex 28.9467 16.2202 22
      vertex 24.9619 15.8716 0
      vertex 28.7873 17.4311 22
    endloop
  endfacet
  facet normal 0.938339 -0.295938 -0.17872
    outer loop
      vertex 28.523 11.3765 22
      vertex 24.3969 11.5798 0
      vertex 24.6593 12.4118 0
    endloop
  endfacet
  facet normal 0.960586 -0.212918 -0.17872
    outer loop
      vertex 28.523 11.3765 22
      vertex 24.6593 12.4118 0
      vertex 28.7873 12.5689 22
    endloop
  endfacet
  facet normal 0.982961 -0.0429679 -0.17872
    outer loop
      vertex 29 15 22
      vertex 24.9619 14.1284 0
      vertex 25 15 0
    endloop
  endfacet
  facet normal 0.982962 -0.0429371 -0.178722
    outer loop
      vertex 28.9467 13.7798 22
      vertex 24.9619 14.1284 0
      vertex 29 15 22
    endloop
  endfacet
  facet normal 0.938352 -0.295894 -0.178722
    outer loop
      vertex 28.1557 10.2117 22
      vertex 24.3969 11.5798 0
      vertex 28.523 11.3765 22
    endloop
  endfacet
  facet normal 0.829786 -0.528691 -0.17872
    outer loop
      vertex 26.4681 6.96993 22
      vertex 23.6603 10 0
      vertex 27.1244 8 22
    endloop
  endfacet
  facet normal 0.664711 -0.72541 -0.178719
    outer loop
      vertex 23.999 4.27538 22
      vertex 21.4279 7.33955 0
      vertex 22.0711 7.92893 0
    endloop
  endfacet
  facet normal -0.528648 -0.829813 -0.178721
    outer loop
      vertex 10 6.33975 0
      vertex 6.96993 3.53187 22
      vertex 9.26424 6.80848 0
    endloop
  endfacet
  facet normal -0.872723 -0.454328 -0.17872
    outer loop
      vertex 6.33975 10 0
      vertex 2.31169 9.08334 22
      vertex 5.93692 10.7738 0
    endloop
  endfacet
  facet normal -0.725411 -0.664709 -0.178721
    outer loop
      vertex 5.1005 5.1005 22
      vertex 4.27538 6.00097 22
      vertex 7.92893 7.92893 0
    endloop
  endfacet
  facet normal -0.938361 -0.295866 -0.178721
    outer loop
      vertex 5.60307 11.5798 0
      vertex 1.47704 11.3765 22
      vertex 5.34074 12.4118 0
    endloop
  endfacet
  facet normal -0.664701 0.725419 -0.17872
    outer loop
      vertex 7.92893 22.0711 0
      vertex 5.1005 24.8995 22
      vertex 6.00097 25.7246 22
    endloop
  endfacet
  facet normal -0.72541 0.664711 -0.178719
    outer loop
      vertex 7.33955 21.4279 0
      vertex 4.27538 23.999 22
      vertex 7.92893 22.0711 0
    endloop
  endfacet
  facet normal -0.982964 0.042913 -0.178721
    outer loop
      vertex 5.03805 15.8716 0
      vertex 1 15 22
      vertex 1.05327 16.2202 22
    endloop
  endfacet
  facet normal -0.454282 0.872747 -0.17872
    outer loop
      vertex 10 23.6603 0
      vertex 8 27.1244 22
      vertex 9.08334 27.6883 22
    endloop
  endfacet
  facet normal -0.212936 0.960582 -0.17872
    outer loop
      vertex 13.2635 24.8481 0
      vertex 12.4118 24.6593 0
      vertex 12.5689 28.7873 22
    endloop
  endfacet
  facet normal 0.376523 0.909004 -0.178722
    outer loop
      vertex 20.9167 27.6883 22
      vertex 18.4202 24.3969 0
      vertex 19.7883 28.1557 22
    endloop
  endfacet
  facet normal 0.0429679 0.982961 -0.17872
    outer loop
      vertex 15.8716 24.9619 0
      vertex 15 25 0
      vertex 15 29 22
    endloop
  endfacet
  facet normal 0.528684 0.82979 -0.178721
    outer loop
      vertex 20.7358 23.1915 0
      vertex 20 23.6603 0
      vertex 23.0301 26.4681 22
    endloop
  endfacet
  facet normal 0.454295 0.87274 -0.17872
    outer loop
      vertex 22 27.1244 22
      vertex 20 23.6603 0
      vertex 20.9167 27.6883 22
    endloop
  endfacet
  facet normal 0.598984 0.780562 -0.17872
    outer loop
      vertex 21.4279 22.6604 0
      vertex 20.7358 23.1915 0
      vertex 23.0301 26.4681 22
    endloop
  endfacet
  facet normal 0.780562 0.598984 -0.17872
    outer loop
      vertex 23.1915 20.7358 0
      vertex 22.6604 21.4279 0
      vertex 26.4681 23.0301 22
    endloop
  endfacet
  facet normal 0.87274 0.454295 -0.17872
    outer loop
      vertex 27.6883 20.9167 22
      vertex 23.6603 20 0
      vertex 27.1244 22 22
    endloop
  endfacet
  facet normal 0.780566 0.598979 -0.17872
    outer loop
      vertex 26.4681 23.0301 22
      vertex 22.6604 21.4279 0
      vertex 25.7246 23.999 22
    endloop
  endfacet
  facet normal 0.725454 0.664662 -0.17872
    outer loop
      vertex 22.6604 21.4279 0
      vertex 22.0711 22.0711 0
      vertex 25.7246 23.999 22
    endloop
  endfacet
  facet normal 0.938352 0.295894 -0.178722
    outer loop
      vertex 28.523 18.6235 22
      vertex 24.3969 18.4202 0
      vertex 28.1557 19.7883 22
    endloop
  endfacet
  facet normal 0.909004 0.376523 -0.178722
    outer loop
      vertex 28.1557 19.7883 22
      vertex 24.3969 18.4202 0
      vertex 27.6883 20.9167 22
    endloop
  endfacet
  facet normal 0.960586 0.212918 -0.17872
    outer loop
      vertex 28.7873 17.4311 22
      vertex 24.6593 17.5882 0
      vertex 28.523 18.6235 22
    endloop
  endfacet
  facet normal 0.960582 0.212936 -0.17872
    outer loop
      vertex 24.8481 16.7365 0
      vertex 24.6593 17.5882 0
      vertex 28.7873 17.4311 22
    endloop
  endfacet
  facet normal 0.982962 0.0429371 -0.178722
    outer loop
      vertex 29 15 22
      vertex 24.9619 15.8716 0
      vertex 28.9467 16.2202 22
    endloop
  endfacet
  facet normal 0.780571 -0.598973 -0.17872
    outer loop
      vertex 26.4681 6.96993 22
      vertex 22.6604 8.57212 0
      vertex 23.1915 9.26424 0
    endloop
  endfacet
  facet normal 0.872747 -0.454282 -0.17872
    outer loop
      vertex 27.1244 8 22
      vertex 23.6603 10 0
      vertex 27.6883 9.08334 22
    endloop
  endfacet
  facet normal 0.909 -0.376534 -0.178722
    outer loop
      vertex 27.6883 9.08334 22
      vertex 24.3969 11.5798 0
      vertex 28.1557 10.2117 22
    endloop
  endfacet
  facet normal 0.664697 -0.725422 -0.17872
    outer loop
      vertex 23.999 4.27538 22
      vertex 22.0711 7.92893 0
      vertex 24.8995 5.1005 22
    endloop
  endfacet
  facet normal 0.52864 -0.829819 -0.178721
    outer loop
      vertex 22 2.87564 22
      vertex 20 6.33975 0
      vertex 23.0301 3.53187 22
    endloop
  endfacet
  facet normal 0.528628 -0.829826 -0.17872
    outer loop
      vertex 23.0301 3.53187 22
      vertex 20 6.33975 0
      vertex 20.7358 6.80848 0
    endloop
  endfacet
  facet normal 0.128426 -0.975482 -0.178721
    outer loop
      vertex 16.2202 1.05327 22
      vertex 15.8716 5.03805 0
      vertex 17.4311 1.21269 22
    endloop
  endfacet
  facet normal 0.295866 -0.938361 -0.178721
    outer loop
      vertex 18.6235 1.47704 22
      vertex 17.5882 5.34074 0
      vertex 18.4202 5.60307 0
    endloop
  endfacet
  facet normal -0.295864 -0.938362 -0.178721
    outer loop
      vertex 11.3765 1.47704 22
      vertex 10.2117 1.8443 22
      vertex 11.5798 5.60307 0
    endloop
  endfacet
  facet normal -0.454328 -0.872723 -0.17872
    outer loop
      vertex 10.7738 5.93692 0
      vertex 9.08334 2.31169 22
      vertex 10 6.33975 0
    endloop
  endfacet
  facet normal -0.295866 -0.938361 -0.178721
    outer loop
      vertex 12.4118 5.34074 0
      vertex 11.3765 1.47704 22
      vertex 11.5798 5.60307 0
    endloop
  endfacet
  facet normal 0.0429116 -0.982964 -0.178721
    outer loop
      vertex 15.8716 5.03805 0
      vertex 15 1 22
      vertex 15 5 0
    endloop
  endfacet
  facet normal 0.042913 -0.982964 -0.178721
    outer loop
      vertex 16.2202 1.05327 22
      vertex 15 1 22
      vertex 15.8716 5.03805 0
    endloop
  endfacet
  facet normal -0.975482 -0.128426 -0.178721
    outer loop
      vertex 1.21269 12.5689 22
      vertex 1.05327 13.7798 22
      vertex 5.03805 14.1284 0
    endloop
  endfacet
  facet normal -0.960577 -0.212956 -0.178721
    outer loop
      vertex 1.47704 11.3765 22
      vertex 1.21269 12.5689 22
      vertex 5.34074 12.4118 0
    endloop
  endfacet
  facet normal -0.909003 -0.376528 -0.178721
    outer loop
      vertex 2.31169 9.08334 22
      vertex 1.8443 10.2117 22
      vertex 5.60307 11.5798 0
    endloop
  endfacet
  facet normal -0.938362 -0.295864 -0.178721
    outer loop
      vertex 1.8443 10.2117 22
      vertex 1.47704 11.3765 22
      vertex 5.60307 11.5798 0
    endloop
  endfacet
  facet normal -0.725404 -0.664716 -0.17872
    outer loop
      vertex 7.92893 7.92893 0
      vertex 4.27538 6.00097 22
      vertex 7.33955 8.57212 0
    endloop
  endfacet
  facet normal -0.78058 -0.598961 -0.17872
    outer loop
      vertex 4.27538 6.00097 22
      vertex 3.53187 6.96993 22
      vertex 7.33955 8.57212 0
    endloop
  endfacet
  facet normal -0.664709 -0.725411 -0.178721
    outer loop
      vertex 6.00097 4.27538 22
      vertex 5.1005 5.1005 22
      vertex 7.92893 7.92893 0
    endloop
  endfacet
  facet normal -0.87273 -0.454314 -0.178721
    outer loop
      vertex 2.87564 8 22
      vertex 2.31169 9.08334 22
      vertex 6.33975 10 0
    endloop
  endfacet
  facet normal -0.829819 0.52864 -0.178721
    outer loop
      vertex 6.33975 20 0
      vertex 2.87564 22 22
      vertex 3.53187 23.0301 22
    endloop
  endfacet
  facet normal -0.872723 0.454327 -0.178721
    outer loop
      vertex 6.33975 20 0
      vertex 2.31169 20.9167 22
      vertex 2.87564 22 22
    endloop
  endfacet
  facet normal -0.960577 0.212958 -0.178721
    outer loop
      vertex 5.15192 16.7365 0
      vertex 1.21269 17.4311 22
      vertex 5.34074 17.5882 0
    endloop
  endfacet
  facet normal -0.909007 0.376516 -0.178721
    outer loop
      vertex 5.60307 18.4202 0
      vertex 1.8443 19.7883 22
      vertex 2.31169 20.9167 22
    endloop
  endfacet
  facet normal -0.960577 0.212956 -0.178721
    outer loop
      vertex 5.34074 17.5882 0
      vertex 1.21269 17.4311 22
      vertex 1.47704 18.6235 22
    endloop
  endfacet
  facet normal -0.528691 0.829786 -0.17872
    outer loop
      vertex 10 23.6603 0
      vertex 6.96993 26.4681 22
      vertex 8 27.1244 22
    endloop
  endfacet
  facet normal -0.598973 0.780571 -0.17872
    outer loop
      vertex 8.57212 22.6604 0
      vertex 6.96993 26.4681 22
      vertex 9.26424 23.1915 0
    endloop
  endfacet
  facet normal -0.212918 0.960586 -0.17872
    outer loop
      vertex 12.4118 24.6593 0
      vertex 11.3765 28.523 22
      vertex 12.5689 28.7873 22
    endloop
  endfacet
  facet normal -0.295938 0.938339 -0.17872
    outer loop
      vertex 11.5798 24.3969 0
      vertex 11.3765 28.523 22
      vertex 12.4118 24.6593 0
    endloop
  endfacet
  facet normal -0.454301 0.872737 -0.178719
    outer loop
      vertex 10 23.6603 0
      vertex 9.08334 27.6883 22
      vertex 10.7738 24.0631 0
    endloop
  endfacet
  facet normal -0.376468 0.909028 -0.178719
    outer loop
      vertex 10.7738 24.0631 0
      vertex 9.08334 27.6883 22
      vertex 11.5798 24.3969 0
    endloop
  endfacet
  facet normal -0.128351 0.975492 -0.178719
    outer loop
      vertex 13.2635 24.8481 0
      vertex 12.5689 28.7873 22
      vertex 14.1284 24.9619 0
    endloop
  endfacet
  facet normal -0.12841 0.975484 -0.178722
    outer loop
      vertex 14.1284 24.9619 0
      vertex 12.5689 28.7873 22
      vertex 13.7798 28.9467 22
    endloop
  endfacet
  facet normal 0.212918 0.960586 -0.17872
    outer loop
      vertex 17.5882 24.6593 0
      vertex 17.4311 28.7873 22
      vertex 18.6235 28.523 22
    endloop
  endfacet
  facet normal 0.295938 0.938339 -0.17872
    outer loop
      vertex 18.4202 24.3969 0
      vertex 17.5882 24.6593 0
      vertex 18.6235 28.523 22
    endloop
  endfacet
  facet normal 0.376468 0.909028 -0.178719
    outer loop
      vertex 19.2262 24.0631 0
      vertex 18.4202 24.3969 0
      vertex 20.9167 27.6883 22
    endloop
  endfacet
  facet normal 0.454301 0.872737 -0.17872
    outer loop
      vertex 20 23.6603 0
      vertex 19.2262 24.0631 0
      vertex 20.9167 27.6883 22
    endloop
  endfacet
  facet normal 0.664689 0.72543 -0.178719
    outer loop
      vertex 24.8995 24.8995 22
      vertex 22.0711 22.0711 0
      vertex 23.999 25.7246 22
    endloop
  endfacet
  facet normal 0.52868 0.829793 -0.17872
    outer loop
      vertex 23.0301 26.4681 22
      vertex 20 23.6603 0
      vertex 22 27.1244 22
    endloop
  endfacet
  facet normal 0.909028 0.376468 -0.178719
    outer loop
      vertex 24.3969 18.4202 0
      vertex 24.0631 19.2262 0
      vertex 27.6883 20.9167 22
    endloop
  endfacet
  facet normal 0.975492 0.128351 -0.178719
    outer loop
      vertex 24.9619 15.8716 0
      vertex 24.8481 16.7365 0
      vertex 28.7873 17.4311 22
    endloop
  endfacet
  facet normal 0.975484 -0.12841 -0.178722
    outer loop
      vertex 28.7873 12.5689 22
      vertex 24.9619 14.1284 0
      vertex 28.9467 13.7798 22
    endloop
  endfacet
  facet normal 0.872737 -0.454301 -0.178719
    outer loop
      vertex 27.6883 9.08334 22
      vertex 23.6603 10 0
      vertex 24.0631 10.7738 0
    endloop
  endfacet
  facet normal 0.780584 -0.598956 -0.178721
    outer loop
      vertex 25.7246 6.00097 22
      vertex 22.6604 8.57212 0
      vertex 26.4681 6.96993 22
    endloop
  endfacet
  facet normal 0.725449 -0.664667 -0.178722
    outer loop
      vertex 25.7246 6.00097 22
      vertex 22.0711 7.92893 0
      vertex 22.6604 8.57212 0
    endloop
  endfacet
  facet normal 0.454327 -0.872723 -0.178721
    outer loop
      vertex 20.9167 2.31169 22
      vertex 20 6.33975 0
      vertex 22 2.87564 22
    endloop
  endfacet
  facet normal 0.598962 -0.780579 -0.178721
    outer loop
      vertex 23.0301 3.53187 22
      vertex 20.7358 6.80848 0
      vertex 21.4279 7.33955 0
    endloop
  endfacet
  facet normal 0.598984 -0.780562 -0.178719
    outer loop
      vertex 23.0301 3.53187 22
      vertex 21.4279 7.33955 0
      vertex 23.999 4.27538 22
    endloop
  endfacet
  facet normal 0.212956 -0.960577 -0.178721
    outer loop
      vertex 18.6235 1.47704 22
      vertex 17.4311 1.21269 22
      vertex 17.5882 5.34074 0
    endloop
  endfacet
  facet normal 0.128429 -0.975482 -0.178721
    outer loop
      vertex 17.4311 1.21269 22
      vertex 15.8716 5.03805 0
      vertex 16.7365 5.15192 0
    endloop
  endfacet
  facet normal -0.598961 -0.78058 -0.17872
    outer loop
      vertex 6.96993 3.53187 22
      vertex 6.00097 4.27538 22
      vertex 8.57212 7.33955 0
    endloop
  endfacet
  facet normal -0.376516 -0.909007 -0.17872
    outer loop
      vertex 11.5798 5.60307 0
      vertex 9.08334 2.31169 22
      vertex 10.7738 5.93692 0
    endloop
  endfacet
  facet normal -0.212956 -0.960577 -0.178721
    outer loop
      vertex 12.5689 1.21269 22
      vertex 11.3765 1.47704 22
      vertex 12.4118 5.34074 0
    endloop
  endfacet
  facet normal -0.128429 -0.975482 -0.178721
    outer loop
      vertex 14.1284 5.03805 0
      vertex 12.5689 1.21269 22
      vertex 13.2635 5.15192 0
    endloop
  endfacet
  facet normal -0.042913 -0.982964 -0.178721
    outer loop
      vertex 15 1 22
      vertex 13.7798 1.05327 22
      vertex 14.1284 5.03805 0
    endloop
  endfacet
  facet normal -0.909007 -0.376516 -0.17872
    outer loop
      vertex 5.93692 10.7738 0
      vertex 2.31169 9.08334 22
      vertex 5.60307 11.5798 0
    endloop
  endfacet
  facet normal -0.829812 -0.528651 -0.178721
    outer loop
      vertex 3.53187 6.96993 22
      vertex 2.87564 8 22
      vertex 6.33975 10 0
    endloop
  endfacet
  facet normal -0.780562 0.598984 -0.178719
    outer loop
      vertex 7.33955 21.4279 0
      vertex 3.53187 23.0301 22
      vertex 4.27538 23.999 22
    endloop
  endfacet
  facet normal -0.909007 0.376516 -0.178721
    outer loop
      vertex 5.60307 18.4202 0
      vertex 2.31169 20.9167 22
      vertex 5.93692 19.2262 0
    endloop
  endfacet
  facet normal -0.938361 0.295866 -0.178721
    outer loop
      vertex 5.34074 17.5882 0
      vertex 1.47704 18.6235 22
      vertex 5.60307 18.4202 0
    endloop
  endfacet
  facet normal -0.938362 0.295864 -0.178721
    outer loop
      vertex 5.60307 18.4202 0
      vertex 1.47704 18.6235 22
      vertex 1.8443 19.7883 22
    endloop
  endfacet
  facet normal -0.960577 -0.212958 -0.178721
    outer loop
      vertex 5.34074 12.4118 0
      vertex 1.21269 12.5689 22
      vertex 5.15192 13.2635 0
    endloop
  endfacet
  facet normal -0.982964 -0.0429116 -0.178721
    outer loop
      vertex 5.03805 14.1284 0
      vertex 1 15 22
      vertex 5 15 0
    endloop
  endfacet
  facet normal -0.982964 -0.042913 -0.178721
    outer loop
      vertex 1.05327 13.7798 22
      vertex 1 15 22
      vertex 5.03805 14.1284 0
    endloop
  endfacet
  facet normal -0.975482 0.128426 -0.178721
    outer loop
      vertex 5.03805 15.8716 0
      vertex 1.05327 16.2202 22
      vertex 1.21269 17.4311 22
    endloop
  endfacet
  facet normal -0.975482 0.128429 -0.178721
    outer loop
      vertex 5.03805 15.8716 0
      vertex 1.21269 17.4311 22
      vertex 5.15192 16.7365 0
    endloop
  endfacet
  facet normal -0.528704 0.829777 -0.178721
    outer loop
      vertex 9.26424 23.1915 0
      vertex 6.96993 26.4681 22
      vertex 10 23.6603 0
    endloop
  endfacet
  facet normal -0.295894 0.938352 -0.178722
    outer loop
      vertex 11.5798 24.3969 0
      vertex 10.2117 28.1557 22
      vertex 11.3765 28.523 22
    endloop
  endfacet
  facet normal 0.0429371 0.982962 -0.178722
    outer loop
      vertex 15.8716 24.9619 0
      vertex 15 29 22
      vertex 16.2202 28.9467 22
    endloop
  endfacet
  facet normal 0.598979 0.780566 -0.17872
    outer loop
      vertex 23.999 25.7246 22
      vertex 21.4279 22.6604 0
      vertex 23.0301 26.4681 22
    endloop
  endfacet
  facet normal 0.664662 0.725454 -0.17872
    outer loop
      vertex 22.0711 22.0711 0
      vertex 21.4279 22.6604 0
      vertex 23.999 25.7246 22
    endloop
  endfacet
  facet normal 0.829793 0.52868 -0.17872
    outer loop
      vertex 27.1244 22 22
      vertex 23.6603 20 0
      vertex 26.4681 23.0301 22
    endloop
  endfacet
  facet normal 0.872737 0.454301 -0.17872
    outer loop
      vertex 24.0631 19.2262 0
      vertex 23.6603 20 0
      vertex 27.6883 20.9167 22
    endloop
  endfacet
  facet normal 0.975492 -0.128351 -0.178719
    outer loop
      vertex 28.7873 12.5689 22
      vertex 24.8481 13.2635 0
      vertex 24.9619 14.1284 0
    endloop
  endfacet
  facet normal 0.960582 -0.212936 -0.17872
    outer loop
      vertex 28.7873 12.5689 22
      vertex 24.6593 12.4118 0
      vertex 24.8481 13.2635 0
    endloop
  endfacet
  facet normal 0.909028 -0.376468 -0.178719
    outer loop
      vertex 27.6883 9.08334 22
      vertex 24.0631 10.7738 0
      vertex 24.3969 11.5798 0
    endloop
  endfacet
  facet normal 0.829777 -0.528704 -0.178721
    outer loop
      vertex 26.4681 6.96993 22
      vertex 23.1915 9.26424 0
      vertex 23.6603 10 0
    endloop
  endfacet
  facet normal 0.454328 -0.872723 -0.178721
    outer loop
      vertex 20.9167 2.31169 22
      vertex 19.2262 5.93692 0
      vertex 20 6.33975 0
    endloop
  endfacet
  facet normal 0.376516 -0.909007 -0.178721
    outer loop
      vertex 20.9167 2.31169 22
      vertex 18.4202 5.60307 0
      vertex 19.2262 5.93692 0
    endloop
  endfacet
  facet normal 0.295864 -0.938362 -0.178721
    outer loop
      vertex 18.6235 1.47704 22
      vertex 18.4202 5.60307 0
      vertex 19.7883 1.8443 22
    endloop
  endfacet
  facet normal 0.212958 -0.960577 -0.178721
    outer loop
      vertex 17.4311 1.21269 22
      vertex 16.7365 5.15192 0
      vertex 17.5882 5.34074 0
    endloop
  endfacet
  facet normal -0.664716 -0.725404 -0.17872
    outer loop
      vertex 8.57212 7.33955 0
      vertex 6.00097 4.27538 22
      vertex 7.92893 7.92893 0
    endloop
  endfacet
  facet normal -0.528651 -0.829812 -0.178721
    outer loop
      vertex 8 2.87564 22
      vertex 6.96993 3.53187 22
      vertex 10 6.33975 0
    endloop
  endfacet
  facet normal -0.454314 -0.87273 -0.178721
    outer loop
      vertex 9.08334 2.31169 22
      vertex 8 2.87564 22
      vertex 10 6.33975 0
    endloop
  endfacet
  facet normal -0.212958 -0.960577 -0.178721
    outer loop
      vertex 12.5689 1.21269 22
      vertex 12.4118 5.34074 0
      vertex 13.2635 5.15192 0
    endloop
  endfacet
  facet normal -0.780587 -0.598951 -0.178721
    outer loop
      vertex 7.33955 8.57212 0
      vertex 3.53187 6.96993 22
      vertex 6.80848 9.26424 0
    endloop
  endfacet
  facet normal -0.829813 -0.528648 -0.178721
    outer loop
      vertex 6.80848 9.26424 0
      vertex 3.53187 6.96993 22
      vertex 6.33975 10 0
    endloop
  endfacet
  facet normal -0.829826 0.528628 -0.17872
    outer loop
      vertex 6.33975 20 0
      vertex 3.53187 23.0301 22
      vertex 6.80848 20.7358 0
    endloop
  endfacet
  facet normal -0.780579 0.598962 -0.178721
    outer loop
      vertex 6.80848 20.7358 0
      vertex 3.53187 23.0301 22
      vertex 7.33955 21.4279 0
    endloop
  endfacet
  facet normal -0.982964 0.0429116 -0.178721
    outer loop
      vertex 5 15 0
      vertex 1 15 22
      vertex 5.03805 15.8716 0
    endloop
  endfacet
  facet normal 0 0 -1
    outer loop
      vertex 22.0987 14.9709 0
      vertex 25 15 0
      vertex 24.9619 14.1284 0
    endloop
  endfacet
  facet normal 0 0 -1
    outer loop
      vertex 21.9959 13.7959 0
      vertex 24.9619 14.1284 0
      vertex 24.8481 13.2635 0
    endloop
  endfacet
  facet normal -0 0 -1
    outer loop
      vertex 25 15 0
      vertex 22.0987 14.9709 0
      vertex 22.1 15 0
    endloop
  endfacet
  facet normal 0 0 -1
    outer loop
      vertex 21.9858 13.7387 0
      vertex 24.8481 13.2635 0
      vertex 24.6593 12.4118 0
    endloop
  endfacet
  facet normal 0 0 -1
    outer loop
      vertex 22.0987 15.0291 0
      vertex 25 15 0
      vertex 22.1 15 0
    endloop
  endfacet
  facet normal 0 0 -1
    outer loop
      vertex 21.8493 13.1347 0
      vertex 24.6593 12.4118 0
      vertex 24.3969 11.5798 0
    endloop
  endfacet
  facet normal 0 0 -1
    outer loop
      vertex 25 15 0
      vertex 22.0987 15.0291 0
      vertex 24.9619 15.8716 0
    endloop
  endfacet
  facet normal 0 0 -1
    outer loop
      vertex 21.4459 12.0263 0
      vertex 24.3969 11.5798 0
      vertex 24.0631 10.7738 0
    endloop
  endfacet
  facet normal 0 0 -1
    outer loop
      vertex 22.073 15.6188 0
      vertex 24.9619 15.8716 0
      vertex 22.0987 15.0291 0
    endloop
  endfacet
  facet normal 0 0 -1
    outer loop
      vertex 21.4214 11.9736 0
      vertex 24.0631 10.7738 0
      vertex 23.6603 10 0
    endloop
  endfacet
  facet normal 0 0 -1
    outer loop
      vertex 21.9959 16.2041 0
      vertex 24.9619 15.8716 0
      vertex 22.073 15.6188 0
    endloop
  endfacet
  facet normal 0 0 -1
    outer loop
      vertex 20.8316 10.9521 0
      vertex 23.6603 10 0
      vertex 23.1915 9.26424 0
    endloop
  endfacet
  facet normal 0 0 -1
    outer loop
      vertex 24.9619 15.8716 0
      vertex 21.9959 16.2041 0
      vertex 24.8481 16.7365 0
    endloop
  endfacet
  facet normal 0 0 -1
    outer loop
      vertex 20.7983 10.9045 0
      vertex 23.1915 9.26424 0
      vertex 22.6604 8.57212 0
    endloop
  endfacet
  facet normal 0 0 -1
    outer loop
      vertex 21.9921 16.2329 0
      vertex 24.8481 16.7365 0
      vertex 21.9959 16.2041 0
    endloop
  endfacet
  facet normal -0 0 -1
    outer loop
      vertex 24.8481 16.7365 0
      vertex 21.9858 16.2613 0
      vertex 24.6593 17.5882 0
    endloop
  endfacet
  facet normal 0 0 -1
    outer loop
      vertex 21.9858 16.2613 0
      vertex 24.8481 16.7365 0
      vertex 21.9921 16.2329 0
    endloop
  endfacet
  facet normal 0 0 -1
    outer loop
      vertex 24.9619 14.1284 0
      vertex 22.073 14.3812 0
      vertex 22.0987 14.9709 0
    endloop
  endfacet
  facet normal 0 0 -1
    outer loop
      vertex 20.0401 10.001 0
      vertex 22.6604 8.57212 0
      vertex 22.0711 7.92893 0
    endloop
  endfacet
  facet normal -0 0 -1
    outer loop
      vertex 24.9619 14.1284 0
      vertex 21.9959 13.7959 0
      vertex 22.073 14.3812 0
    endloop
  endfacet
  facet normal 0 0 -1
    outer loop
      vertex 24.8481 13.2635 0
      vertex 21.9921 13.7671 0
      vertex 21.9959 13.7959 0
    endloop
  endfacet
  facet normal 0 0 -1
    outer loop
      vertex 24.8481 13.2635 0
      vertex 21.9858 13.7387 0
      vertex 21.9921 13.7671 0
    endloop
  endfacet
  facet normal 0 0 -1
    outer loop
      vertex 24.6593 12.4118 0
      vertex 21.8581 13.1624 0
      vertex 21.9858 13.7387 0
    endloop
  endfacet
  facet normal 0 0 -1
    outer loop
      vertex 24.6593 12.4118 0
      vertex 21.8493 13.1347 0
      vertex 21.8581 13.1624 0
    endloop
  endfacet
  facet normal 0 0 -1
    outer loop
      vertex 24.3969 11.5798 0
      vertex 21.6718 12.5717 0
      vertex 21.8493 13.1347 0
    endloop
  endfacet
  facet normal 0 0 -1
    outer loop
      vertex 24.3969 11.5798 0
      vertex 21.4459 12.0263 0
      vertex 21.6718 12.5717 0
    endloop
  endfacet
  facet normal 0 0 -1
    outer loop
      vertex 24.0631 10.7738 0
      vertex 21.4348 11.9994 0
      vertex 21.4459 12.0263 0
    endloop
  endfacet
  facet normal 0 0 -1
    outer loop
      vertex 19.999 9.9599 0
      vertex 22.0711 7.92893 0
      vertex 21.4279 7.33955 0
    endloop
  endfacet
  facet normal 0 0 -1
    outer loop
      vertex 24.0631 10.7738 0
      vertex 21.4214 11.9736 0
      vertex 21.4348 11.9994 0
    endloop
  endfacet
  facet normal 0 0 -1
    outer loop
      vertex 23.6603 10 0
      vertex 21.1488 11.45 0
      vertex 21.4214 11.9736 0
    endloop
  endfacet
  facet normal 0 0 -1
    outer loop
      vertex 23.6603 10 0
      vertex 20.8316 10.9521 0
      vertex 21.1488 11.45 0
    endloop
  endfacet
  facet normal 0 0 -1
    outer loop
      vertex 23.1915 9.26424 0
      vertex 20.816 10.9276 0
      vertex 20.8316 10.9521 0
    endloop
  endfacet
  facet normal 0 0 -1
    outer loop
      vertex 23.1915 9.26424 0
      vertex 20.7983 10.9045 0
      vertex 20.816 10.9276 0
    endloop
  endfacet
  facet normal 0 0 -1
    outer loop
      vertex 19.0955 9.20172 0
      vertex 21.4279 7.33955 0
      vertex 20.7358 6.80848 0
    endloop
  endfacet
  facet normal 0 0 -1
    outer loop
      vertex 22.6604 8.57212 0
      vertex 20.4389 10.4362 0
      vertex 20.7983 10.9045 0
    endloop
  endfacet
  facet normal 0 0 -1
    outer loop
      vertex 22.6604 8.57212 0
      vertex 20.0401 10.001 0
      vertex 20.4389 10.4362 0
    endloop
  endfacet
  facet normal 0 0 -1
    outer loop
      vertex 22.0711 7.92893 0
      vertex 20.0205 9.97954 0
      vertex 20.0401 10.001 0
    endloop
  endfacet
  facet normal 0 0 -1
    outer loop
      vertex 19.0479 9.1684 0
      vertex 20.7358 6.80848 0
      vertex 20 6.33975 0
    endloop
  endfacet
  facet normal 0 0 -1
    outer loop
      vertex 22.0711 7.92893 0
      vertex 19.999 9.9599 0
      vertex 20.0205 9.97954 0
    endloop
  endfacet
  facet normal 0 0 -1
    outer loop
      vertex 21.4279 7.33955 0
      vertex 19.5638 9.56108 0
      vertex 19.999 9.9599 0
    endloop
  endfacet
  facet normal 0 0 -1
    outer loop
      vertex 18.0264 8.57864 0
      vertex 20 6.33975 0
      vertex 19.2262 5.93692 0
    endloop
  endfacet
  facet normal 0 0 -1
    outer loop
      vertex 21.4279 7.33955 0
      vertex 19.0955 9.20172 0
      vertex 19.5638 9.56108 0
    endloop
  endfacet
  facet normal 0 0 -1
    outer loop
      vertex 20.7358 6.80848 0
      vertex 19.0724 9.18402 0
      vertex 19.0955 9.20172 0
    endloop
  endfacet
  facet normal 0 0 -1
    outer loop
      vertex 20.7358 6.80848 0
      vertex 19.0479 9.1684 0
      vertex 19.0724 9.18402 0
    endloop
  endfacet
  facet normal 0 0 -1
    outer loop
      vertex 20 6.33975 0
      vertex 18.55 8.85122 0
      vertex 19.0479 9.1684 0
    endloop
  endfacet
  facet normal 0 0 -1
    outer loop
      vertex 17.9737 8.55409 0
      vertex 19.2262 5.93692 0
      vertex 18.4202 5.60307 0
    endloop
  endfacet
  facet normal 0 0 -1
    outer loop
      vertex 20 6.33975 0
      vertex 18.0264 8.57864 0
      vertex 18.55 8.85122 0
    endloop
  endfacet
  facet normal 0 0 -1
    outer loop
      vertex 19.2262 5.93692 0
      vertex 18.0006 8.56521 0
      vertex 18.0264 8.57864 0
    endloop
  endfacet
  facet normal 0 0 -1
    outer loop
      vertex 19.2262 5.93692 0
      vertex 17.9737 8.55409 0
      vertex 18.0006 8.56521 0
    endloop
  endfacet
  facet normal 0 0 -1
    outer loop
      vertex 16.8653 8.15067 0
      vertex 18.4202 5.60307 0
      vertex 17.5882 5.34074 0
    endloop
  endfacet
  facet normal 0 0 -1
    outer loop
      vertex 18.4202 5.60307 0
      vertex 17.4283 8.32818 0
      vertex 17.9737 8.55409 0
    endloop
  endfacet
  facet normal 0 0 -1
    outer loop
      vertex 18.4202 5.60307 0
      vertex 16.8653 8.15067 0
      vertex 17.4283 8.32818 0
    endloop
  endfacet
  facet normal 0 0 -1
    outer loop
      vertex 17.5882 5.34074 0
      vertex 16.8376 8.14193 0
      vertex 16.8653 8.15067 0
    endloop
  endfacet
  facet normal 0 0 -1
    outer loop
      vertex 16.2613 8.01416 0
      vertex 17.5882 5.34074 0
      vertex 16.7365 5.15192 0
    endloop
  endfacet
  facet normal 0 0 -1
    outer loop
      vertex 17.5882 5.34074 0
      vertex 16.2613 8.01416 0
      vertex 16.8376 8.14193 0
    endloop
  endfacet
  facet normal 0 0 -1
    outer loop
      vertex 16.7365 5.15192 0
      vertex 16.2329 8.00786 0
      vertex 16.2613 8.01416 0
    endloop
  endfacet
  facet normal 0 0 -1
    outer loop
      vertex 16.7365 5.15192 0
      vertex 16.2041 8.00407 0
      vertex 16.2329 8.00786 0
    endloop
  endfacet
  facet normal 0 0 -1
    outer loop
      vertex 15.8716 5.03805 0
      vertex 16.2041 8.00407 0
      vertex 16.7365 5.15192 0
    endloop
  endfacet
  facet normal 0 0 -1
    outer loop
      vertex 15.8716 5.03805 0
      vertex 15.6188 7.92702 0
      vertex 16.2041 8.00407 0
    endloop
  endfacet
  facet normal 0 0 -1
    outer loop
      vertex 15.8716 5.03805 0
      vertex 15.0291 7.90127 0
      vertex 15.6188 7.92702 0
    endloop
  endfacet
  facet normal 0 0 -1
    outer loop
      vertex 15 5 0
      vertex 15.0291 7.90127 0
      vertex 15.8716 5.03805 0
    endloop
  endfacet
  facet normal 0 0 -1
    outer loop
      vertex 15 5 0
      vertex 15 7.9 0
      vertex 15.0291 7.90127 0
    endloop
  endfacet
  facet normal 0 0 -1
    outer loop
      vertex 15 5 0
      vertex 14.9709 7.90127 0
      vertex 15 7.9 0
    endloop
  endfacet
  facet normal 0 0 -1
    outer loop
      vertex 14.1284 5.03805 0
      vertex 14.9709 7.90127 0
      vertex 15 5 0
    endloop
  endfacet
  facet normal -0 0 -1
    outer loop
      vertex 14.9709 7.90127 0
      vertex 14.1284 5.03805 0
      vertex 14.3812 7.92702 0
    endloop
  endfacet
  facet normal 0 0 -1
    outer loop
      vertex 14.1284 5.03805 0
      vertex 13.7959 8.00407 0
      vertex 14.3812 7.92702 0
    endloop
  endfacet
  facet normal 0 0 -1
    outer loop
      vertex 13.2635 5.15192 0
      vertex 13.7959 8.00407 0
      vertex 14.1284 5.03805 0
    endloop
  endfacet
  facet normal -0 0 -1
    outer loop
      vertex 13.7959 8.00407 0
      vertex 13.2635 5.15192 0
      vertex 13.7671 8.00786 0
    endloop
  endfacet
  facet normal -0 0 -1
    outer loop
      vertex 13.7671 8.00786 0
      vertex 13.2635 5.15192 0
      vertex 13.7387 8.01416 0
    endloop
  endfacet
  facet normal 0 0 -1
    outer loop
      vertex 12.4118 5.34074 0
      vertex 13.7387 8.01416 0
      vertex 13.2635 5.15192 0
    endloop
  endfacet
  facet normal -0 0 -1
    outer loop
      vertex 13.7387 8.01416 0
      vertex 12.4118 5.34074 0
      vertex 13.1624 8.14193 0
    endloop
  endfacet
  facet normal -0 0 -1
    outer loop
      vertex 13.1624 8.14193 0
      vertex 12.4118 5.34074 0
      vertex 13.1347 8.15067 0
    endloop
  endfacet
  facet normal 0 0 -1
    outer loop
      vertex 11.5798 5.60307 0
      vertex 13.1347 8.15067 0
      vertex 12.4118 5.34074 0
    endloop
  endfacet
  facet normal -0 0 -1
    outer loop
      vertex 13.1347 8.15067 0
      vertex 11.5798 5.60307 0
      vertex 12.5717 8.32818 0
    endloop
  endfacet
  facet normal -0 0 -1
    outer loop
      vertex 12.5717 8.32818 0
      vertex 11.5798 5.60307 0
      vertex 12.0263 8.55409 0
    endloop
  endfacet
  facet normal 0 0 -1
    outer loop
      vertex 10.7738 5.93692 0
      vertex 12.0263 8.55409 0
      vertex 11.5798 5.60307 0
    endloop
  endfacet
  facet normal -0 0 -1
    outer loop
      vertex 12.0263 8.55409 0
      vertex 10.7738 5.93692 0
      vertex 11.9994 8.56521 0
    endloop
  endfacet
  facet normal -0 0 -1
    outer loop
      vertex 11.9994 8.56521 0
      vertex 10.7738 5.93692 0
      vertex 11.9736 8.57864 0
    endloop
  endfacet
  facet normal 0 0 -1
    outer loop
      vertex 10 6.33975 0
      vertex 11.9736 8.57864 0
      vertex 10.7738 5.93692 0
    endloop
  endfacet
  facet normal -0 0 -1
    outer loop
      vertex 11.9736 8.57864 0
      vertex 10 6.33975 0
      vertex 11.45 8.85122 0
    endloop
  endfacet
  facet normal -0 0 -1
    outer loop
      vertex 11.45 8.85122 0
      vertex 10 6.33975 0
      vertex 10.9521 9.1684 0
    endloop
  endfacet
  facet normal 0 0 -1
    outer loop
      vertex 9.26424 6.80848 0
      vertex 10.9521 9.1684 0
      vertex 10 6.33975 0
    endloop
  endfacet
  facet normal -0 0 -1
    outer loop
      vertex 10.9521 9.1684 0
      vertex 9.26424 6.80848 0
      vertex 10.9276 9.18402 0
    endloop
  endfacet
  facet normal -0 0 -1
    outer loop
      vertex 10.9276 9.18402 0
      vertex 9.26424 6.80848 0
      vertex 10.9045 9.20172 0
    endloop
  endfacet
  facet normal 0 0 -1
    outer loop
      vertex 8.57212 7.33955 0
      vertex 10.9045 9.20172 0
      vertex 9.26424 6.80848 0
    endloop
  endfacet
  facet normal -0 0 -1
    outer loop
      vertex 10.9045 9.20172 0
      vertex 8.57212 7.33955 0
      vertex 10.4362 9.56108 0
    endloop
  endfacet
  facet normal -0 0 -1
    outer loop
      vertex 10.4362 9.56108 0
      vertex 8.57212 7.33955 0
      vertex 10.001 9.9599 0
    endloop
  endfacet
  facet normal 0 0 -1
    outer loop
      vertex 7.92893 7.92893 0
      vertex 10.001 9.9599 0
      vertex 8.57212 7.33955 0
    endloop
  endfacet
  facet normal -0 0 -1
    outer loop
      vertex 10.001 9.9599 0
      vertex 7.92893 7.92893 0
      vertex 9.97954 9.97954 0
    endloop
  endfacet
  facet normal -0 0 -1
    outer loop
      vertex 9.97954 9.97954 0
      vertex 7.92893 7.92893 0
      vertex 9.9599 10.001 0
    endloop
  endfacet
  facet normal 0 0 -1
    outer loop
      vertex 7.33955 8.57212 0
      vertex 9.9599 10.001 0
      vertex 7.92893 7.92893 0
    endloop
  endfacet
  facet normal -0 0 -1
    outer loop
      vertex 9.9599 10.001 0
      vertex 7.33955 8.57212 0
      vertex 9.56108 10.4362 0
    endloop
  endfacet
  facet normal -0 0 -1
    outer loop
      vertex 9.56108 10.4362 0
      vertex 7.33955 8.57212 0
      vertex 9.20172 10.9045 0
    endloop
  endfacet
  facet normal 0 0 -1
    outer loop
      vertex 6.80848 9.26424 0
      vertex 9.20172 10.9045 0
      vertex 7.33955 8.57212 0
    endloop
  endfacet
  facet normal -0 0 -1
    outer loop
      vertex 9.20172 10.9045 0
      vertex 6.80848 9.26424 0
      vertex 9.18402 10.9276 0
    endloop
  endfacet
  facet normal -0 0 -1
    outer loop
      vertex 9.18402 10.9276 0
      vertex 6.80848 9.26424 0
      vertex 9.1684 10.9521 0
    endloop
  endfacet
  facet normal 0 0 -1
    outer loop
      vertex 6.33975 10 0
      vertex 9.1684 10.9521 0
      vertex 6.80848 9.26424 0
    endloop
  endfacet
  facet normal -0 0 -1
    outer loop
      vertex 9.1684 10.9521 0
      vertex 6.33975 10 0
      vertex 8.85122 11.45 0
    endloop
  endfacet
  facet normal -0 0 -1
    outer loop
      vertex 8.85122 11.45 0
      vertex 6.33975 10 0
      vertex 8.57864 11.9736 0
    endloop
  endfacet
  facet normal 0 0 -1
    outer loop
      vertex 5.93692 10.7738 0
      vertex 8.57864 11.9736 0
      vertex 6.33975 10 0
    endloop
  endfacet
  facet normal -0 0 -1
    outer loop
      vertex 8.57864 11.9736 0
      vertex 5.93692 10.7738 0
      vertex 8.56521 11.9994 0
    endloop
  endfacet
  facet normal -0 0 -1
    outer loop
      vertex 8.56521 11.9994 0
      vertex 5.93692 10.7738 0
      vertex 8.55409 12.0263 0
    endloop
  endfacet
  facet normal 0 0 -1
    outer loop
      vertex 5.60307 11.5798 0
      vertex 8.55409 12.0263 0
      vertex 5.93692 10.7738 0
    endloop
  endfacet
  facet normal -0 0 -1
    outer loop
      vertex 8.55409 12.0263 0
      vertex 5.60307 11.5798 0
      vertex 8.32818 12.5717 0
    endloop
  endfacet
  facet normal -0 0 -1
    outer loop
      vertex 8.32818 12.5717 0
      vertex 5.60307 11.5798 0
      vertex 8.15067 13.1347 0
    endloop
  endfacet
  facet normal 0 0 -1
    outer loop
      vertex 5.34074 12.4118 0
      vertex 8.15067 13.1347 0
      vertex 5.60307 11.5798 0
    endloop
  endfacet
  facet normal -0 0 -1
    outer loop
      vertex 8.15067 13.1347 0
      vertex 5.34074 12.4118 0
      vertex 8.14193 13.1624 0
    endloop
  endfacet
  facet normal -0 0 -1
    outer loop
      vertex 8.14193 13.1624 0
      vertex 5.34074 12.4118 0
      vertex 8.01416 13.7387 0
    endloop
  endfacet
  facet normal 0 0 -1
    outer loop
      vertex 21.8581 16.8376 0
      vertex 24.6593 17.5882 0
      vertex 21.9858 16.2613 0
    endloop
  endfacet
  facet normal 0 0 -1
    outer loop
      vertex 21.8493 16.8653 0
      vertex 24.6593 17.5882 0
      vertex 21.8581 16.8376 0
    endloop
  endfacet
  facet normal -0 0 -1
    outer loop
      vertex 24.6593 17.5882 0
      vertex 21.8493 16.8653 0
      vertex 24.3969 18.4202 0
    endloop
  endfacet
  facet normal 0 0 -1
    outer loop
      vertex 21.6718 17.4283 0
      vertex 24.3969 18.4202 0
      vertex 21.8493 16.8653 0
    endloop
  endfacet
  facet normal 0 0 -1
    outer loop
      vertex 21.4459 17.9737 0
      vertex 24.3969 18.4202 0
      vertex 21.6718 17.4283 0
    endloop
  endfacet
  facet normal -0 0 -1
    outer loop
      vertex 24.3969 18.4202 0
      vertex 21.4459 17.9737 0
      vertex 24.0631 19.2262 0
    endloop
  endfacet
  facet normal 0 0 -1
    outer loop
      vertex 21.4348 18.0006 0
      vertex 24.0631 19.2262 0
      vertex 21.4459 17.9737 0
    endloop
  endfacet
  facet normal 0 0 -1
    outer loop
      vertex 21.4214 18.0264 0
      vertex 24.0631 19.2262 0
      vertex 21.4348 18.0006 0
    endloop
  endfacet
  facet normal -0 0 -1
    outer loop
      vertex 24.0631 19.2262 0
      vertex 21.4214 18.0264 0
      vertex 23.6603 20 0
    endloop
  endfacet
  facet normal 0 0 -1
    outer loop
      vertex 21.1488 18.55 0
      vertex 23.6603 20 0
      vertex 21.4214 18.0264 0
    endloop
  endfacet
  facet normal 0 0 -1
    outer loop
      vertex 20.8316 19.0479 0
      vertex 23.6603 20 0
      vertex 21.1488 18.55 0
    endloop
  endfacet
  facet normal -0 0 -1
    outer loop
      vertex 23.6603 20 0
      vertex 20.8316 19.0479 0
      vertex 23.1915 20.7358 0
    endloop
  endfacet
  facet normal 0 0 -1
    outer loop
      vertex 20.816 19.0724 0
      vertex 23.1915 20.7358 0
      vertex 20.8316 19.0479 0
    endloop
  endfacet
  facet normal 0 0 -1
    outer loop
      vertex 20.7983 19.0955 0
      vertex 23.1915 20.7358 0
      vertex 20.816 19.0724 0
    endloop
  endfacet
  facet normal -0 0 -1
    outer loop
      vertex 23.1915 20.7358 0
      vertex 20.7983 19.0955 0
      vertex 22.6604 21.4279 0
    endloop
  endfacet
  facet normal 0 0 -1
    outer loop
      vertex 20.4389 19.5638 0
      vertex 22.6604 21.4279 0
      vertex 20.7983 19.0955 0
    endloop
  endfacet
  facet normal 0 0 -1
    outer loop
      vertex 20.0401 19.999 0
      vertex 22.6604 21.4279 0
      vertex 20.4389 19.5638 0
    endloop
  endfacet
  facet normal -0 0 -1
    outer loop
      vertex 22.6604 21.4279 0
      vertex 20.0401 19.999 0
      vertex 22.0711 22.0711 0
    endloop
  endfacet
  facet normal 0 0 -1
    outer loop
      vertex 20.0205 20.0205 0
      vertex 22.0711 22.0711 0
      vertex 20.0401 19.999 0
    endloop
  endfacet
  facet normal 0 0 -1
    outer loop
      vertex 19.999 20.0401 0
      vertex 22.0711 22.0711 0
      vertex 20.0205 20.0205 0
    endloop
  endfacet
  facet normal -0 0 -1
    outer loop
      vertex 22.0711 22.0711 0
      vertex 19.999 20.0401 0
      vertex 21.4279 22.6604 0
    endloop
  endfacet
  facet normal 0 0 -1
    outer loop
      vertex 19.5638 20.4389 0
      vertex 21.4279 22.6604 0
      vertex 19.999 20.0401 0
    endloop
  endfacet
  facet normal 0 0 -1
    outer loop
      vertex 19.0955 20.7983 0
      vertex 21.4279 22.6604 0
      vertex 19.5638 20.4389 0
    endloop
  endfacet
  facet normal -0 0 -1
    outer loop
      vertex 21.4279 22.6604 0
      vertex 19.0955 20.7983 0
      vertex 20.7358 23.1915 0
    endloop
  endfacet
  facet normal 0 0 -1
    outer loop
      vertex 19.0724 20.816 0
      vertex 20.7358 23.1915 0
      vertex 19.0955 20.7983 0
    endloop
  endfacet
  facet normal 0 0 -1
    outer loop
      vertex 19.0479 20.8316 0
      vertex 20.7358 23.1915 0
      vertex 19.0724 20.816 0
    endloop
  endfacet
  facet normal -0 0 -1
    outer loop
      vertex 20.7358 23.1915 0
      vertex 19.0479 20.8316 0
      vertex 20 23.6603 0
    endloop
  endfacet
  facet normal 0 0 -1
    outer loop
      vertex 18.55 21.1488 0
      vertex 20 23.6603 0
      vertex 19.0479 20.8316 0
    endloop
  endfacet
  facet normal 0 0 -1
    outer loop
      vertex 18.0264 21.4214 0
      vertex 20 23.6603 0
      vertex 18.55 21.1488 0
    endloop
  endfacet
  facet normal -0 0 -1
    outer loop
      vertex 20 23.6603 0
      vertex 18.0264 21.4214 0
      vertex 19.2262 24.0631 0
    endloop
  endfacet
  facet normal 0 0 -1
    outer loop
      vertex 18.0006 21.4348 0
      vertex 19.2262 24.0631 0
      vertex 18.0264 21.4214 0
    endloop
  endfacet
  facet normal 0 0 -1
    outer loop
      vertex 17.9737 21.4459 0
      vertex 19.2262 24.0631 0
      vertex 18.0006 21.4348 0
    endloop
  endfacet
  facet normal -0 0 -1
    outer loop
      vertex 19.2262 24.0631 0
      vertex 17.9737 21.4459 0
      vertex 18.4202 24.3969 0
    endloop
  endfacet
  facet normal 0 0 -1
    outer loop
      vertex 17.4283 21.6718 0
      vertex 18.4202 24.3969 0
      vertex 17.9737 21.4459 0
    endloop
  endfacet
  facet normal 0 0 -1
    outer loop
      vertex 16.8653 21.8493 0
      vertex 18.4202 24.3969 0
      vertex 17.4283 21.6718 0
    endloop
  endfacet
  facet normal -0 0 -1
    outer loop
      vertex 18.4202 24.3969 0
      vertex 16.8653 21.8493 0
      vertex 17.5882 24.6593 0
    endloop
  endfacet
  facet normal 0 0 -1
    outer loop
      vertex 16.8376 21.8581 0
      vertex 17.5882 24.6593 0
      vertex 16.8653 21.8493 0
    endloop
  endfacet
  facet normal 0 0 -1
    outer loop
      vertex 16.2613 21.9858 0
      vertex 17.5882 24.6593 0
      vertex 16.8376 21.8581 0
    endloop
  endfacet
  facet normal -0 0 -1
    outer loop
      vertex 17.5882 24.6593 0
      vertex 16.2613 21.9858 0
      vertex 16.7365 24.8481 0
    endloop
  endfacet
  facet normal 0 0 -1
    outer loop
      vertex 16.2329 21.9921 0
      vertex 16.7365 24.8481 0
      vertex 16.2613 21.9858 0
    endloop
  endfacet
  facet normal 0 0 -1
    outer loop
      vertex 16.2041 21.9959 0
      vertex 16.7365 24.8481 0
      vertex 16.2329 21.9921 0
    endloop
  endfacet
  facet normal 0 0 -1
    outer loop
      vertex 16.2041 21.9959 0
      vertex 15.8716 24.9619 0
      vertex 16.7365 24.8481 0
    endloop
  endfacet
  facet normal 0 0 -1
    outer loop
      vertex 15.6188 22.073 0
      vertex 15.8716 24.9619 0
      vertex 16.2041 21.9959 0
    endloop
  endfacet
  facet normal 0 0 -1
    outer loop
      vertex 15.0291 22.0987 0
      vertex 15.8716 24.9619 0
      vertex 15.6188 22.073 0
    endloop
  endfacet
  facet normal 0 0 -1
    outer loop
      vertex 15 25 0
      vertex 15.0291 22.0987 0
      vertex 15 22.1 0
    endloop
  endfacet
  facet normal 0 0 -1
    outer loop
      vertex 15.0291 22.0987 0
      vertex 15 25 0
      vertex 15.8716 24.9619 0
    endloop
  endfacet
  facet normal 0 0 -1
    outer loop
      vertex 14.9709 22.0987 0
      vertex 15 25 0
      vertex 15 22.1 0
    endloop
  endfacet
  facet normal 0 0 -1
    outer loop
      vertex 14.1284 24.9619 0
      vertex 14.9709 22.0987 0
      vertex 14.3812 22.073 0
    endloop
  endfacet
  facet normal 0 0 -1
    outer loop
      vertex 14.9709 22.0987 0
      vertex 14.1284 24.9619 0
      vertex 15 25 0
    endloop
  endfacet
  facet normal 0 0 -1
    outer loop
      vertex 13.7959 21.9959 0
      vertex 14.1284 24.9619 0
      vertex 14.3812 22.073 0
    endloop
  endfacet
  facet normal 0 0 -1
    outer loop
      vertex 13.2635 24.8481 0
      vertex 13.7959 21.9959 0
      vertex 13.7671 21.9921 0
    endloop
  endfacet
  facet normal 0 0 -1
    outer loop
      vertex 13.2635 24.8481 0
      vertex 13.7671 21.9921 0
      vertex 13.7387 21.9858 0
    endloop
  endfacet
  facet normal 0 0 -1
    outer loop
      vertex 13.7959 21.9959 0
      vertex 13.2635 24.8481 0
      vertex 14.1284 24.9619 0
    endloop
  endfacet
  facet normal 0 0 -1
    outer loop
      vertex 12.4118 24.6593 0
      vertex 13.7387 21.9858 0
      vertex 13.1624 21.8581 0
    endloop
  endfacet
  facet normal 0 0 -1
    outer loop
      vertex 12.4118 24.6593 0
      vertex 13.1624 21.8581 0
      vertex 13.1347 21.8493 0
    endloop
  endfacet
  facet normal 0 0 -1
    outer loop
      vertex 11.5798 24.3969 0
      vertex 13.1347 21.8493 0
      vertex 12.5717 21.6718 0
    endloop
  endfacet
  facet normal 0 0 -1
    outer loop
      vertex 13.7387 21.9858 0
      vertex 12.4118 24.6593 0
      vertex 13.2635 24.8481 0
    endloop
  endfacet
  facet normal 0 0 -1
    outer loop
      vertex 11.5798 24.3969 0
      vertex 12.5717 21.6718 0
      vertex 12.0263 21.4459 0
    endloop
  endfacet
  facet normal 0 0 -1
    outer loop
      vertex 10.7738 24.0631 0
      vertex 12.0263 21.4459 0
      vertex 11.9994 21.4348 0
    endloop
  endfacet
  facet normal 0 0 -1
    outer loop
      vertex 10.7738 24.0631 0
      vertex 11.9994 21.4348 0
      vertex 11.9736 21.4214 0
    endloop
  endfacet
  facet normal 0 0 -1
    outer loop
      vertex 13.1347 21.8493 0
      vertex 11.5798 24.3969 0
      vertex 12.4118 24.6593 0
    endloop
  endfacet
  facet normal 0 0 -1
    outer loop
      vertex 10 23.6603 0
      vertex 11.9736 21.4214 0
      vertex 11.45 21.1488 0
    endloop
  endfacet
  facet normal 0 0 -1
    outer loop
      vertex 10 23.6603 0
      vertex 11.45 21.1488 0
      vertex 10.9521 20.8316 0
    endloop
  endfacet
  facet normal 0 0 -1
    outer loop
      vertex 9.26424 23.1915 0
      vertex 10.9521 20.8316 0
      vertex 10.9276 20.816 0
    endloop
  endfacet
  facet normal 0 0 -1
    outer loop
      vertex 9.26424 23.1915 0
      vertex 10.9276 20.816 0
      vertex 10.9045 20.7983 0
    endloop
  endfacet
  facet normal 0 0 -1
    outer loop
      vertex 12.0263 21.4459 0
      vertex 10.7738 24.0631 0
      vertex 11.5798 24.3969 0
    endloop
  endfacet
  facet normal 0 0 -1
    outer loop
      vertex 8.57212 22.6604 0
      vertex 10.9045 20.7983 0
      vertex 10.4362 20.4389 0
    endloop
  endfacet
  facet normal 0 0 -1
    outer loop
      vertex 8.57212 22.6604 0
      vertex 10.4362 20.4389 0
      vertex 10.001 20.0401 0
    endloop
  endfacet
  facet normal 0 0 -1
    outer loop
      vertex 11.9736 21.4214 0
      vertex 10 23.6603 0
      vertex 10.7738 24.0631 0
    endloop
  endfacet
  facet normal 0 0 -1
    outer loop
      vertex 7.92893 22.0711 0
      vertex 10.001 20.0401 0
      vertex 9.97954 20.0205 0
    endloop
  endfacet
  facet normal 0 0 -1
    outer loop
      vertex 7.92893 22.0711 0
      vertex 9.97954 20.0205 0
      vertex 9.9599 19.999 0
    endloop
  endfacet
  facet normal 0 0 -1
    outer loop
      vertex 7.33955 21.4279 0
      vertex 9.9599 19.999 0
      vertex 9.56108 19.5638 0
    endloop
  endfacet
  facet normal 0 0 -1
    outer loop
      vertex 10.9521 20.8316 0
      vertex 9.26424 23.1915 0
      vertex 10 23.6603 0
    endloop
  endfacet
  facet normal 0 0 -1
    outer loop
      vertex 7.33955 21.4279 0
      vertex 9.56108 19.5638 0
      vertex 9.20172 19.0955 0
    endloop
  endfacet
  facet normal 0 0 -1
    outer loop
      vertex 6.80848 20.7358 0
      vertex 9.20172 19.0955 0
      vertex 9.18402 19.0724 0
    endloop
  endfacet
  facet normal 0 0 -1
    outer loop
      vertex 6.80848 20.7358 0
      vertex 9.18402 19.0724 0
      vertex 9.1684 19.0479 0
    endloop
  endfacet
  facet normal 0 0 -1
    outer loop
      vertex 6.33975 20 0
      vertex 9.1684 19.0479 0
      vertex 8.85122 18.55 0
    endloop
  endfacet
  facet normal 0 0 -1
    outer loop
      vertex 6.33975 20 0
      vertex 8.85122 18.55 0
      vertex 8.57864 18.0264 0
    endloop
  endfacet
  facet normal 0 0 -1
    outer loop
      vertex 10.9045 20.7983 0
      vertex 8.57212 22.6604 0
      vertex 9.26424 23.1915 0
    endloop
  endfacet
  facet normal 0 0 -1
    outer loop
      vertex 5.93692 19.2262 0
      vertex 8.57864 18.0264 0
      vertex 8.56521 18.0006 0
    endloop
  endfacet
  facet normal 0 0 -1
    outer loop
      vertex 5.93692 19.2262 0
      vertex 8.56521 18.0006 0
      vertex 8.55409 17.9737 0
    endloop
  endfacet
  facet normal 0 0 -1
    outer loop
      vertex 5.60307 18.4202 0
      vertex 8.55409 17.9737 0
      vertex 8.32818 17.4283 0
    endloop
  endfacet
  facet normal 0 0 -1
    outer loop
      vertex 5.60307 18.4202 0
      vertex 8.32818 17.4283 0
      vertex 8.15067 16.8653 0
    endloop
  endfacet
  facet normal 0 0 -1
    outer loop
      vertex 5.34074 17.5882 0
      vertex 8.15067 16.8653 0
      vertex 8.14193 16.8376 0
    endloop
  endfacet
  facet normal 0 0 -1
    outer loop
      vertex 5.34074 17.5882 0
      vertex 8.14193 16.8376 0
      vertex 8.01416 16.2613 0
    endloop
  endfacet
  facet normal 0 0 -1
    outer loop
      vertex 5.15192 16.7365 0
      vertex 8.01416 16.2613 0
      vertex 8.00786 16.2329 0
    endloop
  endfacet
  facet normal 0 0 -1
    outer loop
      vertex 5.15192 16.7365 0
      vertex 8.00786 16.2329 0
      vertex 8.00407 16.2041 0
    endloop
  endfacet
  facet normal 0 0 -1
    outer loop
      vertex 10.001 20.0401 0
      vertex 7.92893 22.0711 0
      vertex 8.57212 22.6604 0
    endloop
  endfacet
  facet normal 0 0 -1
    outer loop
      vertex 5.03805 15.8716 0
      vertex 8.00407 16.2041 0
      vertex 7.92702 15.6188 0
    endloop
  endfacet
  facet normal 0 0 -1
    outer loop
      vertex 5.03805 15.8716 0
      vertex 7.92702 15.6188 0
      vertex 7.90127 15.0291 0
    endloop
  endfacet
  facet normal 0 0 -1
    outer loop
      vertex 5 15 0
      vertex 7.90127 15.0291 0
      vertex 7.9 15 0
    endloop
  endfacet
  facet normal 0 0 -1
    outer loop
      vertex 5.15192 13.2635 0
      vertex 8.01416 13.7387 0
      vertex 5.34074 12.4118 0
    endloop
  endfacet
  facet normal 0 0 -1
    outer loop
      vertex 9.9599 19.999 0
      vertex 7.33955 21.4279 0
      vertex 7.92893 22.0711 0
    endloop
  endfacet
  facet normal -0 0 -1
    outer loop
      vertex 8.01416 13.7387 0
      vertex 5.15192 13.2635 0
      vertex 8.00786 13.7671 0
    endloop
  endfacet
  facet normal 0 0 -1
    outer loop
      vertex 9.20172 19.0955 0
      vertex 6.80848 20.7358 0
      vertex 7.33955 21.4279 0
    endloop
  endfacet
  facet normal -0 0 -1
    outer loop
      vertex 8.00786 13.7671 0
      vertex 5.15192 13.2635 0
      vertex 8.00407 13.7959 0
    endloop
  endfacet
  facet normal 0 0 -1
    outer loop
      vertex 9.1684 19.0479 0
      vertex 6.33975 20 0
      vertex 6.80848 20.7358 0
    endloop
  endfacet
  facet normal 0 0 -1
    outer loop
      vertex 5.03805 14.1284 0
      vertex 8.00407 13.7959 0
      vertex 5.15192 13.2635 0
    endloop
  endfacet
  facet normal 0 0 -1
    outer loop
      vertex 8.57864 18.0264 0
      vertex 5.93692 19.2262 0
      vertex 6.33975 20 0
    endloop
  endfacet
  facet normal 0 0 -1
    outer loop
      vertex 8.00407 13.7959 0
      vertex 5.03805 14.1284 0
      vertex 7.92702 14.3812 0
    endloop
  endfacet
  facet normal 0 0 -1
    outer loop
      vertex 8.55409 17.9737 0
      vertex 5.60307 18.4202 0
      vertex 5.93692 19.2262 0
    endloop
  endfacet
  facet normal -0 0 -1
    outer loop
      vertex 7.92702 14.3812 0
      vertex 5.03805 14.1284 0
      vertex 7.90127 14.9709 0
    endloop
  endfacet
  facet normal 0 0 -1
    outer loop
      vertex 8.15067 16.8653 0
      vertex 5.34074 17.5882 0
      vertex 5.60307 18.4202 0
    endloop
  endfacet
  facet normal 0 0 -1
    outer loop
      vertex 5 15 0
      vertex 7.90127 14.9709 0
      vertex 5.03805 14.1284 0
    endloop
  endfacet
  facet normal 0 0 -1
    outer loop
      vertex 8.01416 16.2613 0
      vertex 5.15192 16.7365 0
      vertex 5.34074 17.5882 0
    endloop
  endfacet
  facet normal 0 0 -1
    outer loop
      vertex 7.90127 14.9709 0
      vertex 5 15 0
      vertex 7.9 15 0
    endloop
  endfacet
  facet normal -0 0 -1
    outer loop
      vertex 8.00407 16.2041 0
      vertex 5.03805 15.8716 0
      vertex 5.15192 16.7365 0
    endloop
  endfacet
  facet normal -0 0 -1
    outer loop
      vertex 7.90127 15.0291 0
      vertex 5 15 0
      vertex 5.03805 15.8716 0
    endloop
  endfacet
  facet normal 0.12841 0.975484 -0.178722
    outer loop
      vertex 17.4311 28.7873 22
      vertex 15.8716 24.9619 0
      vertex 16.2202 28.9467 22
    endloop
  endfacet
  facet normal 0.128351 0.975492 -0.178719
    outer loop
      vertex 16.7365 24.8481 0
      vertex 15.8716 24.9619 0
      vertex 17.4311 28.7873 22
    endloop
  endfacet
  facet normal -0.598951 -0.780587 -0.178721
    outer loop
      vertex 9.26424 6.80848 0
      vertex 6.96993 3.53187 22
      vertex 8.57212 7.33955 0
    endloop
  endfacet
  facet normal -0.986497 0.130163 0.0994033
    outer loop
      vertex 21.9921 13.7671 0
      vertex 24.8392 14.1147 27.8
      vertex 21.9959 13.7959 0
    endloop
  endfacet
  facet normal -0.986535 0.129867 0.0994109
    outer loop
      vertex 24.8392 14.1147 27.8
      vertex 21.9921 13.7671 0
      vertex 24.7299 13.2844 27.8
    endloop
  endfacet
  facet normal -0.994056 -0.044408 0.0994056
    outer loop
      vertex 24.88 15 27.8
      vertex 22.0987 15.0291 0
      vertex 22.1 15 0
    endloop
  endfacet
  facet normal -0.994101 -0.0433664 0.0994112
    outer loop
      vertex 22.0987 15.0291 0
      vertex 24.88 15 27.8
      vertex 24.8435 15.8367 27.8
    endloop
  endfacet
  facet normal -0.994036 -0.0448131 0.0994152
    outer loop
      vertex 22.073 15.6188 0
      vertex 24.8435 15.8367 27.8
      vertex 24.8424 15.8611 27.8
    endloop
  endfacet
  facet normal -0.994103 -0.0433245 0.0994102
    outer loop
      vertex 24.8435 15.8367 27.8
      vertex 22.073 15.6188 0
      vertex 22.0987 15.0291 0
    endloop
  endfacet
  facet normal -0.994103 0.0433245 0.0994102
    outer loop
      vertex 22.073 14.3812 0
      vertex 24.8435 14.1633 27.8
      vertex 22.0987 14.9709 0
    endloop
  endfacet
  facet normal -0.994036 0.0448131 0.0994152
    outer loop
      vertex 24.8435 14.1633 27.8
      vertex 22.073 14.3812 0
      vertex 24.8424 14.1389 27.8
    endloop
  endfacet
  facet normal 0.986565 0.12964 0.099411
    outer loop
      vertex 5.16078 14.1147 27.8
      vertex 7.92702 14.3812 0
      vertex 5.1576 14.1389 27.8
    endloop
  endfacet
  facet normal 0.986535 0.129869 0.0994102
    outer loop
      vertex 7.92702 14.3812 0
      vertex 5.16078 14.1147 27.8
      vertex 8.00407 13.7959 0
    endloop
  endfacet
  facet normal 0.130441 -0.986461 0.0993964
    outer loop
      vertex 13.7959 21.9959 0
      vertex 14.1389 24.8424 27.8
      vertex 14.1147 24.8392 27.8
    endloop
  endfacet
  facet normal 0.129952 -0.986524 0.0994089
    outer loop
      vertex 14.1389 24.8424 27.8
      vertex 13.7959 21.9959 0
      vertex 14.3812 22.073 0
    endloop
  endfacet
  facet normal -0.0435933 0.994091 0.0994107
    outer loop
      vertex 15.6188 7.92702 0
      vertex 15.8367 5.15653 27.8
      vertex 15.8611 5.1576 27.8
    endloop
  endfacet
  facet normal -0.0434086 0.994099 0.0994101
    outer loop
      vertex 15.8367 5.15653 27.8
      vertex 15.6188 7.92702 0
      vertex 15.0291 7.90127 0
    endloop
  endfacet
  facet normal -0.734721 0.67104 0.0994497
    outer loop
      vertex 20.0205 9.97954 0
      vertex 22.552 8.63125 27.8
      vertex 20.0401 10.001 0
    endloop
  endfacet
  facet normal -0.73363 0.672239 0.0994085
    outer loop
      vertex 22.552 8.63125 27.8
      vertex 20.0205 9.97954 0
      vertex 21.9862 8.01378 27.8
    endloop
  endfacet
  facet normal 0.605202 0.78984 0.0994125
    outer loop
      vertex 10.9045 9.20172 0
      vertex 9.33307 6.90678 27.8
      vertex 10.9276 9.18402 0
    endloop
  endfacet
  facet normal 0.605742 0.789427 0.0994089
    outer loop
      vertex 9.33307 6.90678 27.8
      vertex 10.9045 9.20172 0
      vertex 8.66864 7.41661 27.8
    endloop
  endfacet
  facet normal -0.994056 0.044408 0.0994056
    outer loop
      vertex 22.0987 14.9709 0
      vertex 24.88 15 27.8
      vertex 22.1 15 0
    endloop
  endfacet
  facet normal -0.994101 0.0433664 0.0994112
    outer loop
      vertex 24.88 15 27.8
      vertex 22.0987 14.9709 0
      vertex 24.8435 14.1633 27.8
    endloop
  endfacet
  facet normal -0.91931 0.38077 0.099413
    outer loop
      vertex 21.4459 12.0263 0
      vertex 24.2842 11.6208 27.8
      vertex 21.6718 12.5717 0
    endloop
  endfacet
  facet normal -0.918149 0.383582 0.0993354
    outer loop
      vertex 24.2842 11.6208 27.8
      vertex 21.4459 12.0263 0
      vertex 24.2748 11.5983 27.8
    endloop
  endfacet
  facet normal -0.672378 0.733503 0.0994049
    outer loop
      vertex 19.999 9.9599 0
      vertex 21.3507 7.43148 27.8
      vertex 21.3687 7.44798 27.8
    endloop
  endfacet
  facet normal -0.672274 0.733598 0.0994085
    outer loop
      vertex 21.3507 7.43148 27.8
      vertex 19.999 9.9599 0
      vertex 19.5638 9.56108 0
    endloop
  endfacet
  facet normal -0.12989 0.986532 0.0994096
    outer loop
      vertex 16.2329 8.00786 0
      vertex 15.8853 5.16078 27.8
      vertex 16.7156 5.2701 27.8
    endloop
  endfacet
  facet normal -0.129826 0.986541 0.0994113
    outer loop
      vertex 15.8853 5.16078 27.8
      vertex 16.2329 8.00786 0
      vertex 16.2041 8.00407 0
    endloop
  endfacet
  facet normal -0.458939 0.882889 0.0994074
    outer loop
      vertex 18.55 8.85122 0
      vertex 19.9183 6.43239 27.8
      vertex 19.94 6.44367 27.8
    endloop
  endfacet
  facet normal -0.459476 0.882609 0.0994095
    outer loop
      vertex 19.9183 6.43239 27.8
      vertex 18.55 8.85122 0
      vertex 18.0264 8.57864 0
    endloop
  endfacet
  facet normal 0.78984 0.605202 0.0994125
    outer loop
      vertex 6.90678 9.33307 27.8
      vertex 9.20172 10.9045 0
      vertex 9.18402 10.9276 0
    endloop
  endfacet
  facet normal 0.789427 0.605742 0.0994089
    outer loop
      vertex 9.20172 10.9045 0
      vertex 6.90678 9.33307 27.8
      vertex 7.41661 8.66864 27.8
    endloop
  endfacet
  facet normal -0.60581 -0.789374 0.0994116
    outer loop
      vertex 19.5638 20.4389 0
      vertex 21.3314 22.5834 27.8
      vertex 19.0955 20.7983 0
    endloop
  endfacet
  facet normal -0.60807 -0.787634 0.099421
    outer loop
      vertex 21.3314 22.5834 27.8
      vertex 19.5638 20.4389 0
      vertex 21.3507 22.5685 27.8
    endloop
  endfacet
  facet normal 0.733646 -0.672222 0.0994085
    outer loop
      vertex 7.44798 21.3687 27.8
      vertex 9.97954 20.0205 0
      vertex 8.01378 21.9862 27.8
    endloop
  endfacet
  facet normal 0.734662 -0.671105 0.0994469
    outer loop
      vertex 9.97954 20.0205 0
      vertex 7.44798 21.3687 27.8
      vertex 9.9599 19.999 0
    endloop
  endfacet
  facet normal 0.60572 -0.789444 0.0994079
    outer loop
      vertex 10.9045 20.7983 0
      vertex 9.33307 23.0932 27.8
      vertex 8.66864 22.5834 27.8
    endloop
  endfacet
  facet normal 0.605202 -0.78984 0.0994114
    outer loop
      vertex 9.33307 23.0932 27.8
      vertex 10.9045 20.7983 0
      vertex 10.9276 20.816 0
    endloop
  endfacet
  facet normal -0.98646 0.130441 0.0994068
    outer loop
      vertex 22.073 14.3812 0
      vertex 24.8392 14.1147 27.8
      vertex 24.8424 14.1389 27.8
    endloop
  endfacet
  facet normal -0.986524 0.129952 0.0994085
    outer loop
      vertex 24.8392 14.1147 27.8
      vertex 22.073 14.3812 0
      vertex 21.9959 13.7959 0
    endloop
  endfacet
  facet normal -0.971432 0.215494 0.0994103
    outer loop
      vertex 21.9858 13.7387 0
      vertex 24.7299 13.2844 27.8
      vertex 21.9921 13.7671 0
    endloop
  endfacet
  facet normal -0.971455 0.21539 0.0994108
    outer loop
      vertex 24.7299 13.2844 27.8
      vertex 21.9858 13.7387 0
      vertex 24.5486 12.4667 27.8
    endloop
  endfacet
  facet normal -0.948999 0.299196 0.099411
    outer loop
      vertex 21.6718 12.5717 0
      vertex 24.2915 11.6441 27.8
      vertex 21.8493 13.1347 0
    endloop
  endfacet
  facet normal -0.949535 0.297494 0.0994047
    outer loop
      vertex 24.2915 11.6441 27.8
      vertex 21.6718 12.5717 0
      vertex 24.2842 11.6208 27.8
    endloop
  endfacet
  facet normal -0.883046 0.458636 0.0994131
    outer loop
      vertex 21.4214 11.9736 0
      vertex 23.9543 10.8245 27.8
      vertex 21.4348 11.9994 0
    endloop
  endfacet
  facet normal -0.882606 0.459483 0.0994081
    outer loop
      vertex 23.9543 10.8245 27.8
      vertex 21.4214 11.9736 0
      vertex 23.5676 10.0817 27.8
    endloop
  endfacet
  facet normal -0.919811 0.37955 0.0994425
    outer loop
      vertex 21.4348 11.9994 0
      vertex 24.2748 11.5983 27.8
      vertex 21.4459 12.0263 0
    endloop
  endfacet
  facet normal -0.919311 0.380769 0.099409
    outer loop
      vertex 24.2748 11.5983 27.8
      vertex 21.4348 11.9994 0
      vertex 23.9543 10.8245 27.8
    endloop
  endfacet
  facet normal -0.21551 0.971428 0.0994107
    outer loop
      vertex 16.8376 8.14193 0
      vertex 17.5333 5.45137 27.8
      vertex 17.5571 5.45665 27.8
    endloop
  endfacet
  facet normal -0.215379 0.971457 0.0994102
    outer loop
      vertex 17.5333 5.45137 27.8
      vertex 16.8376 8.14193 0
      vertex 16.2613 8.01416 0
    endloop
  endfacet
  facet normal -0.299194 0.949 0.0994103
    outer loop
      vertex 16.8653 8.15067 0
      vertex 17.5571 5.45665 27.8
      vertex 18.3559 5.70849 27.8
    endloop
  endfacet
  facet normal -0.29941 0.948932 0.0994091
    outer loop
      vertex 17.5571 5.45665 27.8
      vertex 16.8653 8.15067 0
      vertex 16.8376 8.14193 0
    endloop
  endfacet
  facet normal -0.605702 0.789457 0.0994085
    outer loop
      vertex 19.0955 9.20172 0
      vertex 20.6669 6.90678 27.8
      vertex 21.3314 7.41661 27.8
    endloop
  endfacet
  facet normal -0.605202 0.78984 0.0994119
    outer loop
      vertex 20.6669 6.90678 27.8
      vertex 19.0955 9.20172 0
      vertex 19.0724 9.18402 0
    endloop
  endfacet
  facet normal -0.672222 0.733646 0.0994085
    outer loop
      vertex 20.0205 9.97954 0
      vertex 21.3687 7.44798 27.8
      vertex 21.9862 8.01378 27.8
    endloop
  endfacet
  facet normal -0.671105 0.734662 0.0994469
    outer loop
      vertex 21.3687 7.44798 27.8
      vertex 20.0205 9.97954 0
      vertex 19.999 9.9599 0
    endloop
  endfacet
  facet normal 0.882626 0.459444 0.0994102
    outer loop
      vertex 6.04568 10.8245 27.8
      vertex 8.57864 11.9736 0
      vertex 8.56521 11.9994 0
    endloop
  endfacet
  facet normal 0.882601 0.459492 0.0994099
    outer loop
      vertex 8.57864 11.9736 0
      vertex 6.04568 10.8245 27.8
      vertex 6.43239 10.0817 27.8
    endloop
  endfacet
  facet normal 0.534617 0.839227 0.09941
    outer loop
      vertex 10.9521 9.1684 0
      vertex 10.06 6.44367 27.8
      vertex 11.45 8.85122 0
    endloop
  endfacet
  facet normal 0.534532 0.839281 0.0994126
    outer loop
      vertex 10.06 6.44367 27.8
      vertex 10.9521 9.1684 0
      vertex 10.0394 6.45679 27.8
    endloop
  endfacet
  facet normal 0.215379 0.971457 0.0994102
    outer loop
      vertex 13.1624 8.14193 0
      vertex 12.4667 5.45137 27.8
      vertex 13.7387 8.01416 0
    endloop
  endfacet
  facet normal 0.21551 0.971428 0.0994107
    outer loop
      vertex 12.4667 5.45137 27.8
      vertex 13.1624 8.14193 0
      vertex 12.4429 5.45665 27.8
    endloop
  endfacet
  facet normal 0.672274 0.733598 0.0994095
    outer loop
      vertex 10.001 9.9599 0
      vertex 8.64926 7.43148 27.8
      vertex 10.4362 9.56108 0
    endloop
  endfacet
  facet normal 0.672174 0.733688 0.0994129
    outer loop
      vertex 8.64926 7.43148 27.8
      vertex 10.001 9.9599 0
      vertex 8.63125 7.44798 27.8
    endloop
  endfacet
  facet normal 0.733598 0.672274 0.0994095
    outer loop
      vertex 7.43148 8.64926 27.8
      vertex 9.9599 10.001 0
      vertex 9.56108 10.4362 0
    endloop
  endfacet
  facet normal 0.733688 0.672174 0.0994129
    outer loop
      vertex 9.9599 10.001 0
      vertex 7.43148 8.64926 27.8
      vertex 7.44798 8.63125 27.8
    endloop
  endfacet
  facet normal 0.919304 0.380785 0.0994109
    outer loop
      vertex 5.71584 11.6208 27.8
      vertex 8.55409 12.0263 0
      vertex 8.32818 12.5717 0
    endloop
  endfacet
  facet normal 0.919013 0.381492 0.0993915
    outer loop
      vertex 8.55409 12.0263 0
      vertex 5.71584 11.6208 27.8
      vertex 5.72518 11.5983 27.8
    endloop
  endfacet
  facet normal -0.839649 -0.533951 0.0994291
    outer loop
      vertex 20.8316 19.0479 0
      vertex 23.5563 19.94 27.8
      vertex 23.5432 19.9606 27.8
    endloop
  endfacet
  facet normal -0.839212 -0.534641 0.0994084
    outer loop
      vertex 23.5563 19.94 27.8
      vertex 20.8316 19.0479 0
      vertex 21.1488 18.55 0
    endloop
  endfacet
  facet normal -0.215267 -0.971483 0.0994077
    outer loop
      vertex 16.8376 21.8581 0
      vertex 17.5333 24.5486 27.8
      vertex 16.2613 21.9858 0
    endloop
  endfacet
  facet normal -0.216288 -0.971255 0.0994113
    outer loop
      vertex 17.5333 24.5486 27.8
      vertex 16.8376 21.8581 0
      vertex 17.5571 24.5433 27.8
    endloop
  endfacet
  facet normal 0.459483 -0.882606 0.0994081
    outer loop
      vertex 11.9736 21.4214 0
      vertex 10.8245 23.9543 27.8
      vertex 10.0817 23.5676 27.8
    endloop
  endfacet
  facet normal 0.458636 -0.883046 0.0994131
    outer loop
      vertex 10.8245 23.9543 27.8
      vertex 11.9736 21.4214 0
      vertex 11.9994 21.4348 0
    endloop
  endfacet
  facet normal 0.839281 -0.534532 0.0994126
    outer loop
      vertex 6.44367 19.94 27.8
      vertex 9.1684 19.0479 0
      vertex 6.45679 19.9606 27.8
    endloop
  endfacet
  facet normal 0.839227 -0.534617 0.09941
    outer loop
      vertex 9.1684 19.0479 0
      vertex 6.44367 19.94 27.8
      vertex 8.85122 18.55 0
    endloop
  endfacet
  facet normal 0.971428 -0.21551 0.0994107
    outer loop
      vertex 5.45137 17.5333 27.8
      vertex 8.14193 16.8376 0
      vertex 5.45665 17.5571 27.8
    endloop
  endfacet
  facet normal 0.971457 -0.215379 0.0994102
    outer loop
      vertex 8.14193 16.8376 0
      vertex 5.45137 17.5333 27.8
      vertex 8.01416 16.2613 0
    endloop
  endfacet
  facet normal 0.672174 -0.733688 0.0994123
    outer loop
      vertex 10.001 20.0401 0
      vertex 8.64926 22.5685 27.8
      vertex 8.63125 22.552 27.8
    endloop
  endfacet
  facet normal 0.672255 -0.733615 0.0994096
    outer loop
      vertex 8.64926 22.5685 27.8
      vertex 10.001 20.0401 0
      vertex 10.4362 20.4389 0
    endloop
  endfacet
  facet normal 0.383582 -0.918149 0.0993354
    outer loop
      vertex 12.0263 21.4459 0
      vertex 11.6208 24.2842 27.8
      vertex 11.5983 24.2748 27.8
    endloop
  endfacet
  facet normal 0.38077 -0.91931 0.099413
    outer loop
      vertex 11.6208 24.2842 27.8
      vertex 12.0263 21.4459 0
      vertex 12.5717 21.6718 0
    endloop
  endfacet
  facet normal -0.971483 0.215267 0.0994077
    outer loop
      vertex 21.8581 13.1624 0
      vertex 24.5486 12.4667 27.8
      vertex 21.9858 13.7387 0
    endloop
  endfacet
  facet normal -0.971255 0.216288 0.0994113
    outer loop
      vertex 24.5486 12.4667 27.8
      vertex 21.8581 13.1624 0
      vertex 24.5433 12.4429 27.8
    endloop
  endfacet
  facet normal -0.948341 0.301278 0.0993977
    outer loop
      vertex 21.8493 13.1347 0
      vertex 24.5433 12.4429 27.8
      vertex 21.8581 13.1624 0
    endloop
  endfacet
  facet normal -0.949013 0.299151 0.0994099
    outer loop
      vertex 24.5433 12.4429 27.8
      vertex 21.8493 13.1347 0
      vertex 24.2915 11.6441 27.8
    endloop
  endfacet
  facet normal -0.839341 0.534437 0.099415
    outer loop
      vertex 20.816 10.9276 0
      vertex 23.5432 10.0394 27.8
      vertex 20.8316 10.9521 0
    endloop
  endfacet
  facet normal -0.839204 0.534654 0.0994085
    outer loop
      vertex 23.5432 10.0394 27.8
      vertex 20.816 10.9276 0
      vertex 23.0932 9.33307 27.8
    endloop
  endfacet
  facet normal -0.12964 0.986565 0.0994159
    outer loop
      vertex 16.2041 8.00407 0
      vertex 15.8611 5.1576 27.8
      vertex 15.8853 5.16078 27.8
    endloop
  endfacet
  facet normal -0.129869 0.986535 0.09941
    outer loop
      vertex 15.8611 5.1576 27.8
      vertex 16.2041 8.00407 0
      vertex 15.6188 7.92702 0
    endloop
  endfacet
  facet normal -0.215356 0.971462 0.0994096
    outer loop
      vertex 16.2613 8.01416 0
      vertex 16.7156 5.2701 27.8
      vertex 17.5333 5.45137 27.8
    endloop
  endfacet
  facet normal -0.215494 0.971432 0.0994089
    outer loop
      vertex 16.7156 5.2701 27.8
      vertex 16.2613 8.01416 0
      vertex 16.2329 8.00786 0
    endloop
  endfacet
  facet normal -0.381492 0.919013 0.0993915
    outer loop
      vertex 17.9737 8.55409 0
      vertex 18.3792 5.71584 27.8
      vertex 18.4017 5.72518 27.8
    endloop
  endfacet
  facet normal -0.380785 0.919304 0.0994109
    outer loop
      vertex 18.3792 5.71584 27.8
      vertex 17.9737 8.55409 0
      vertex 17.4283 8.32818 0
    endloop
  endfacet
  facet normal -0.534661 0.839199 0.0994092
    outer loop
      vertex 19.0724 9.18402 0
      vertex 19.9606 6.45679 27.8
      vertex 20.6669 6.90678 27.8
    endloop
  endfacet
  facet normal -0.534925 0.839032 0.0994012
    outer loop
      vertex 19.9606 6.45679 27.8
      vertex 19.0724 9.18402 0
      vertex 19.0479 9.1684 0
    endloop
  endfacet
  facet normal -0.534532 0.839281 0.0994126
    outer loop
      vertex 19.0479 9.1684 0
      vertex 19.94 6.44367 27.8
      vertex 19.9606 6.45679 27.8
    endloop
  endfacet
  facet normal -0.534617 0.839227 0.09941
    outer loop
      vertex 19.94 6.44367 27.8
      vertex 19.0479 9.1684 0
      vertex 18.55 8.85122 0
    endloop
  endfacet
  facet normal 0.534925 0.839032 0.0994012
    outer loop
      vertex 10.9276 9.18402 0
      vertex 10.0394 6.45679 27.8
      vertex 10.9521 9.1684 0
    endloop
  endfacet
  facet normal 0.534645 0.839209 0.0994097
    outer loop
      vertex 10.0394 6.45679 27.8
      vertex 10.9276 9.18402 0
      vertex 9.33307 6.90678 27.8
    endloop
  endfacet
  facet normal 0.459476 0.882609 0.0994095
    outer loop
      vertex 11.45 8.85122 0
      vertex 10.0817 6.43239 27.8
      vertex 11.9736 8.57864 0
    endloop
  endfacet
  facet normal 0.458939 0.882889 0.0994074
    outer loop
      vertex 10.0817 6.43239 27.8
      vertex 11.45 8.85122 0
      vertex 10.06 6.44367 27.8
    endloop
  endfacet
  facet normal 0.0434086 0.994099 0.0994101
    outer loop
      vertex 14.3812 7.92702 0
      vertex 14.1633 5.15653 27.8
      vertex 14.9709 7.90127 0
    endloop
  endfacet
  facet normal 0.0435933 0.994091 0.0994107
    outer loop
      vertex 14.1633 5.15653 27.8
      vertex 14.3812 7.92702 0
      vertex 14.1389 5.1576 27.8
    endloop
  endfacet
  facet normal 0.605768 0.789407 0.0994097
    outer loop
      vertex 10.4362 9.56108 0
      vertex 8.66864 7.41661 27.8
      vertex 10.9045 9.20172 0
    endloop
  endfacet
  facet normal 0.605726 0.789439 0.0994095
    outer loop
      vertex 8.66864 7.41661 27.8
      vertex 10.4362 9.56108 0
      vertex 8.64926 7.43148 27.8
    endloop
  endfacet
  facet normal 0.839032 0.534925 0.0994012
    outer loop
      vertex 6.45679 10.0394 27.8
      vertex 9.18402 10.9276 0
      vertex 9.1684 10.9521 0
    endloop
  endfacet
  facet normal 0.839209 0.534645 0.0994097
    outer loop
      vertex 9.18402 10.9276 0
      vertex 6.45679 10.0394 27.8
      vertex 6.90678 9.33307 27.8
    endloop
  endfacet
  facet normal 0.839227 0.534617 0.09941
    outer loop
      vertex 6.44367 10.06 27.8
      vertex 9.1684 10.9521 0
      vertex 8.85122 11.45 0
    endloop
  endfacet
  facet normal 0.839281 0.534532 0.0994126
    outer loop
      vertex 9.1684 10.9521 0
      vertex 6.44367 10.06 27.8
      vertex 6.45679 10.0394 27.8
    endloop
  endfacet
  facet normal 0.734041 0.671788 0.0994256
    outer loop
      vertex 7.44798 8.63125 27.8
      vertex 9.97954 9.97954 0
      vertex 9.9599 10.001 0
    endloop
  endfacet
  facet normal 0.733629 0.672239 0.0994101
    outer loop
      vertex 9.97954 9.97954 0
      vertex 7.44798 8.63125 27.8
      vertex 8.01378 8.01378 27.8
    endloop
  endfacet
  facet normal 0.671788 0.734041 0.0994256
    outer loop
      vertex 9.97954 9.97954 0
      vertex 8.63125 7.44798 27.8
      vertex 10.001 9.9599 0
    endloop
  endfacet
  facet normal 0.672239 0.733629 0.0994101
    outer loop
      vertex 8.63125 7.44798 27.8
      vertex 9.97954 9.97954 0
      vertex 8.01378 8.01378 27.8
    endloop
  endfacet
  facet normal 0.919571 0.380135 0.0994274
    outer loop
      vertex 5.72518 11.5983 27.8
      vertex 8.56521 11.9994 0
      vertex 8.55409 12.0263 0
    endloop
  endfacet
  facet normal 0.919311 0.380769 0.09941
    outer loop
      vertex 8.56521 11.9994 0
      vertex 5.72518 11.5983 27.8
      vertex 6.04568 10.8245 27.8
    endloop
  endfacet
  facet normal 0.948994 0.299211 0.0994108
    outer loop
      vertex 5.70849 11.6441 27.8
      vertex 8.32818 12.5717 0
      vertex 8.15067 13.1347 0
    endloop
  endfacet
  facet normal 0.948951 0.299347 0.0994113
    outer loop
      vertex 8.32818 12.5717 0
      vertex 5.70849 11.6441 27.8
      vertex 5.71584 11.6208 27.8
    endloop
  endfacet
  facet normal -0.534437 -0.839341 0.099415
    outer loop
      vertex 19.0724 20.816 0
      vertex 19.9606 23.5432 27.8
      vertex 19.0479 20.8316 0
    endloop
  endfacet
  facet normal -0.53467 -0.839194 0.099408
    outer loop
      vertex 19.9606 23.5432 27.8
      vertex 19.0724 20.816 0
      vertex 20.6669 23.0932 27.8
    endloop
  endfacet
  facet normal -0.605202 -0.78984 0.0994108
    outer loop
      vertex 19.0955 20.7983 0
      vertex 20.6669 23.0932 27.8
      vertex 19.0724 20.816 0
    endloop
  endfacet
  facet normal -0.60568 -0.789475 0.0994076
    outer loop
      vertex 20.6669 23.0932 27.8
      vertex 19.0955 20.7983 0
      vertex 21.3314 22.5834 27.8
    endloop
  endfacet
  facet normal 0.0448131 -0.994036 0.0994152
    outer loop
      vertex 14.3812 22.073 0
      vertex 14.1633 24.8435 27.8
      vertex 14.1389 24.8424 27.8
    endloop
  endfacet
  facet normal 0.0433245 -0.994103 0.0994102
    outer loop
      vertex 14.1633 24.8435 27.8
      vertex 14.3812 22.073 0
      vertex 14.9709 22.0987 0
    endloop
  endfacet
  facet normal -0.299196 -0.948999 0.099411
    outer loop
      vertex 17.4283 21.6718 0
      vertex 18.3559 24.2915 27.8
      vertex 16.8653 21.8493 0
    endloop
  endfacet
  facet normal -0.297494 -0.949535 0.0994047
    outer loop
      vertex 18.3559 24.2915 27.8
      vertex 17.4283 21.6718 0
      vertex 18.3792 24.2842 27.8
    endloop
  endfacet
  facet normal -0.458636 -0.883046 0.0994131
    outer loop
      vertex 18.0264 21.4214 0
      vertex 19.1755 23.9543 27.8
      vertex 18.0006 21.4348 0
    endloop
  endfacet
  facet normal -0.459483 -0.882606 0.0994081
    outer loop
      vertex 19.1755 23.9543 27.8
      vertex 18.0264 21.4214 0
      vertex 19.9183 23.5676 27.8
    endloop
  endfacet
  facet normal 0.789457 -0.605702 0.0994085
    outer loop
      vertex 6.90678 20.6669 27.8
      vertex 9.20172 19.0955 0
      vertex 7.41661 21.3314 27.8
    endloop
  endfacet
  facet normal 0.78984 -0.605202 0.0994119
    outer loop
      vertex 9.20172 19.0955 0
      vertex 6.90678 20.6669 27.8
      vertex 9.18402 19.0724 0
    endloop
  endfacet
  facet normal 0.839199 -0.534661 0.0994092
    outer loop
      vertex 6.45679 19.9606 27.8
      vertex 9.18402 19.0724 0
      vertex 6.90678 20.6669 27.8
    endloop
  endfacet
  facet normal 0.839032 -0.534925 0.0994012
    outer loop
      vertex 9.18402 19.0724 0
      vertex 6.45679 19.9606 27.8
      vertex 9.1684 19.0479 0
    endloop
  endfacet
  facet normal 0.882889 -0.458939 0.0994074
    outer loop
      vertex 6.43239 19.9183 27.8
      vertex 8.85122 18.55 0
      vertex 6.44367 19.94 27.8
    endloop
  endfacet
  facet normal 0.882609 -0.459476 0.0994095
    outer loop
      vertex 8.85122 18.55 0
      vertex 6.43239 19.9183 27.8
      vertex 8.57864 18.0264 0
    endloop
  endfacet
  facet normal 0.994099 0.0434086 0.0994101
    outer loop
      vertex 5.15653 14.1633 27.8
      vertex 7.92702 14.3812 0
      vertex 7.90127 14.9709 0
    endloop
  endfacet
  facet normal 0.994091 0.0435933 0.0994107
    outer loop
      vertex 7.92702 14.3812 0
      vertex 5.15653 14.1633 27.8
      vertex 5.1576 14.1389 27.8
    endloop
  endfacet
  facet normal 0.788226 -0.607302 0.0994171
    outer loop
      vertex 7.41661 21.3314 27.8
      vertex 9.56108 19.5638 0
      vertex 7.43148 21.3507 27.8
    endloop
  endfacet
  facet normal 0.789407 -0.605768 0.0994106
    outer loop
      vertex 9.56108 19.5638 0
      vertex 7.41661 21.3314 27.8
      vertex 9.20172 19.0955 0
    endloop
  endfacet
  facet normal 0.733503 -0.672378 0.0994049
    outer loop
      vertex 7.43148 21.3507 27.8
      vertex 9.9599 19.999 0
      vertex 7.44798 21.3687 27.8
    endloop
  endfacet
  facet normal 0.733598 -0.672274 0.0994085
    outer loop
      vertex 9.9599 19.999 0
      vertex 7.43148 21.3507 27.8
      vertex 9.56108 19.5638 0
    endloop
  endfacet
  facet normal 0.672239 -0.73363 0.0994085
    outer loop
      vertex 9.97954 20.0205 0
      vertex 8.63125 22.552 27.8
      vertex 8.01378 21.9862 27.8
    endloop
  endfacet
  facet normal 0.67104 -0.734721 0.0994497
    outer loop
      vertex 8.63125 22.552 27.8
      vertex 9.97954 20.0205 0
      vertex 10.001 20.0401 0
    endloop
  endfacet
  facet normal 0.534654 -0.839204 0.0994085
    outer loop
      vertex 10.9276 20.816 0
      vertex 10.0394 23.5432 27.8
      vertex 9.33307 23.0932 27.8
    endloop
  endfacet
  facet normal 0.534437 -0.839341 0.099415
    outer loop
      vertex 10.0394 23.5432 27.8
      vertex 10.9276 20.816 0
      vertex 10.9521 20.8316 0
    endloop
  endfacet
  facet normal 0.533951 -0.839649 0.0994291
    outer loop
      vertex 10.9521 20.8316 0
      vertex 10.06 23.5563 27.8
      vertex 10.0394 23.5432 27.8
    endloop
  endfacet
  facet normal 0.534641 -0.839212 0.0994084
    outer loop
      vertex 10.06 23.5563 27.8
      vertex 10.9521 20.8316 0
      vertex 11.45 21.1488 0
    endloop
  endfacet
  facet normal 0.380769 -0.919311 0.099409
    outer loop
      vertex 11.9994 21.4348 0
      vertex 11.5983 24.2748 27.8
      vertex 10.8245 23.9543 27.8
    endloop
  endfacet
  facet normal 0.37955 -0.919811 0.0994425
    outer loop
      vertex 11.5983 24.2748 27.8
      vertex 11.9994 21.4348 0
      vertex 12.0263 21.4459 0
    endloop
  endfacet
  facet normal 0.297494 -0.949535 0.0994047
    outer loop
      vertex 12.5717 21.6718 0
      vertex 11.6441 24.2915 27.8
      vertex 11.6208 24.2842 27.8
    endloop
  endfacet
  facet normal 0.299196 -0.948999 0.099411
    outer loop
      vertex 11.6441 24.2915 27.8
      vertex 12.5717 21.6718 0
      vertex 13.1347 21.8493 0
    endloop
  endfacet
  facet normal -0.882596 0.459503 0.0994086
    outer loop
      vertex 21.1488 11.45 0
      vertex 23.5676 10.0817 27.8
      vertex 21.4214 11.9736 0
    endloop
  endfacet
  facet normal -0.882556 0.45958 0.0994089
    outer loop
      vertex 23.5676 10.0817 27.8
      vertex 21.1488 11.45 0
      vertex 23.5563 10.06 27.8
    endloop
  endfacet
  facet normal -0.839212 0.534641 0.0994084
    outer loop
      vertex 20.8316 10.9521 0
      vertex 23.5563 10.06 27.8
      vertex 21.1488 11.45 0
    endloop
  endfacet
  facet normal -0.839649 0.533951 0.0994291
    outer loop
      vertex 23.5563 10.06 27.8
      vertex 20.8316 10.9521 0
      vertex 23.5432 10.0394 27.8
    endloop
  endfacet
  facet normal -0.78984 0.605202 0.0994114
    outer loop
      vertex 20.7983 10.9045 0
      vertex 23.0932 9.33307 27.8
      vertex 20.816 10.9276 0
    endloop
  endfacet
  facet normal -0.789444 0.60572 0.0994079
    outer loop
      vertex 23.0932 9.33307 27.8
      vertex 20.7983 10.9045 0
      vertex 22.5834 8.66864 27.8
    endloop
  endfacet
  facet normal -0.789374 0.60581 0.0994107
    outer loop
      vertex 20.4389 10.4362 0
      vertex 22.5834 8.66864 27.8
      vertex 20.7983 10.9045 0
    endloop
  endfacet
  facet normal -0.788849 0.606494 0.0994137
    outer loop
      vertex 22.5834 8.66864 27.8
      vertex 20.4389 10.4362 0
      vertex 22.5685 8.64926 27.8
    endloop
  endfacet
  facet normal -0.733615 0.672255 0.0994096
    outer loop
      vertex 20.0401 10.001 0
      vertex 22.5685 8.64926 27.8
      vertex 20.4389 10.4362 0
    endloop
  endfacet
  facet normal -0.733688 0.672174 0.0994123
    outer loop
      vertex 22.5685 8.64926 27.8
      vertex 20.0401 10.001 0
      vertex 22.552 8.63125 27.8
    endloop
  endfacet
  facet normal -0.459492 0.882601 0.0994099
    outer loop
      vertex 18.0264 8.57864 0
      vertex 19.1755 6.04568 27.8
      vertex 19.9183 6.43239 27.8
    endloop
  endfacet
  facet normal -0.459444 0.882626 0.0994102
    outer loop
      vertex 19.1755 6.04568 27.8
      vertex 18.0264 8.57864 0
      vertex 18.0006 8.56521 0
    endloop
  endfacet
  facet normal -0.380769 0.919311 0.09941
    outer loop
      vertex 18.0006 8.56521 0
      vertex 18.4017 5.72518 27.8
      vertex 19.1755 6.04568 27.8
    endloop
  endfacet
  facet normal -0.380135 0.919571 0.0994274
    outer loop
      vertex 18.4017 5.72518 27.8
      vertex 18.0006 8.56521 0
      vertex 17.9737 8.55409 0
    endloop
  endfacet
  facet normal -0.607302 0.788226 0.0994171
    outer loop
      vertex 19.5638 9.56108 0
      vertex 21.3314 7.41661 27.8
      vertex 21.3507 7.43148 27.8
    endloop
  endfacet
  facet normal -0.605768 0.789407 0.0994106
    outer loop
      vertex 21.3314 7.41661 27.8
      vertex 19.5638 9.56108 0
      vertex 19.0955 9.20172 0
    endloop
  endfacet
  facet normal 0.971432 0.215494 0.0994089
    outer loop
      vertex 5.2701 13.2844 27.8
      vertex 8.01416 13.7387 0
      vertex 8.00786 13.7671 0
    endloop
  endfacet
  facet normal 0.971462 0.215356 0.0994096
    outer loop
      vertex 8.01416 13.7387 0
      vertex 5.2701 13.2844 27.8
      vertex 5.45137 12.4667 27.8
    endloop
  endfacet
  facet normal 0.986541 0.129826 0.0994113
    outer loop
      vertex 5.16078 14.1147 27.8
      vertex 8.00786 13.7671 0
      vertex 8.00407 13.7959 0
    endloop
  endfacet
  facet normal 0.986532 0.12989 0.0994096
    outer loop
      vertex 8.00786 13.7671 0
      vertex 5.16078 14.1147 27.8
      vertex 5.2701 13.2844 27.8
    endloop
  endfacet
  facet normal 0.380135 0.919571 0.0994274
    outer loop
      vertex 11.9994 8.56521 0
      vertex 11.5983 5.72518 27.8
      vertex 12.0263 8.55409 0
    endloop
  endfacet
  facet normal 0.380769 0.919311 0.09941
    outer loop
      vertex 11.5983 5.72518 27.8
      vertex 11.9994 8.56521 0
      vertex 10.8245 6.04568 27.8
    endloop
  endfacet
  facet normal 0.29941 0.948932 0.0994091
    outer loop
      vertex 13.1347 8.15067 0
      vertex 12.4429 5.45665 27.8
      vertex 13.1624 8.14193 0
    endloop
  endfacet
  facet normal 0.299194 0.949 0.0994103
    outer loop
      vertex 12.4429 5.45665 27.8
      vertex 13.1347 8.15067 0
      vertex 11.6441 5.70849 27.8
    endloop
  endfacet
  facet normal 0.0433851 0.9941 0.09941
    outer loop
      vertex 14.9709 7.90127 0
      vertex 15 5.12 27.8
      vertex 15 7.9 0
    endloop
  endfacet
  facet normal 0.043402 0.9941 0.0994099
    outer loop
      vertex 15 5.12 27.8
      vertex 14.9709 7.90127 0
      vertex 14.1633 5.15653 27.8
    endloop
  endfacet
  facet normal -0.043402 0.9941 0.0994099
    outer loop
      vertex 15.0291 7.90127 0
      vertex 15 5.12 27.8
      vertex 15.8367 5.15653 27.8
    endloop
  endfacet
  facet normal -0.0433851 0.9941 0.09941
    outer loop
      vertex 15 5.12 27.8
      vertex 15.0291 7.90127 0
      vertex 15 7.9 0
    endloop
  endfacet
  facet normal 0.789407 0.605768 0.0994097
    outer loop
      vertex 7.41661 8.66864 27.8
      vertex 9.56108 10.4362 0
      vertex 9.20172 10.9045 0
    endloop
  endfacet
  facet normal 0.789439 0.605726 0.0994095
    outer loop
      vertex 9.56108 10.4362 0
      vertex 7.41661 8.66864 27.8
      vertex 7.43148 8.64926 27.8
    endloop
  endfacet
  facet normal -0.733503 -0.672378 0.0994044
    outer loop
      vertex 20.0401 19.999 0
      vertex 22.5685 21.3507 27.8
      vertex 22.552 21.3687 27.8
    endloop
  endfacet
  facet normal -0.733615 -0.672255 0.0994086
    outer loop
      vertex 22.5685 21.3507 27.8
      vertex 20.0401 19.999 0
      vertex 20.4389 19.5638 0
    endloop
  endfacet
  facet normal -0.301278 -0.948341 0.0993977
    outer loop
      vertex 16.8653 21.8493 0
      vertex 17.5571 24.5433 27.8
      vertex 16.8376 21.8581 0
    endloop
  endfacet
  facet normal -0.299151 -0.949013 0.0994099
    outer loop
      vertex 17.5571 24.5433 27.8
      vertex 16.8653 21.8493 0
      vertex 18.3559 24.2915 27.8
    endloop
  endfacet
  facet normal 0.0433664 -0.994101 0.0994112
    outer loop
      vertex 14.9709 22.0987 0
      vertex 15 24.88 27.8
      vertex 14.1633 24.8435 27.8
    endloop
  endfacet
  facet normal 0.044408 -0.994056 0.0994056
    outer loop
      vertex 15 24.88 27.8
      vertex 14.9709 22.0987 0
      vertex 15 22.1 0
    endloop
  endfacet
  facet normal -0.38077 -0.91931 0.099413
    outer loop
      vertex 17.9737 21.4459 0
      vertex 18.3792 24.2842 27.8
      vertex 17.4283 21.6718 0
    endloop
  endfacet
  facet normal -0.383582 -0.918149 0.0993354
    outer loop
      vertex 18.3792 24.2842 27.8
      vertex 17.9737 21.4459 0
      vertex 18.4017 24.2748 27.8
    endloop
  endfacet
  facet normal -0.37955 -0.919811 0.0994425
    outer loop
      vertex 18.0006 21.4348 0
      vertex 18.4017 24.2748 27.8
      vertex 17.9737 21.4459 0
    endloop
  endfacet
  facet normal -0.380769 -0.919311 0.099409
    outer loop
      vertex 18.4017 24.2748 27.8
      vertex 18.0006 21.4348 0
      vertex 19.1755 23.9543 27.8
    endloop
  endfacet
  facet normal 0.21539 -0.971455 0.0994108
    outer loop
      vertex 13.7387 21.9858 0
      vertex 13.2844 24.7299 27.8
      vertex 12.4667 24.5486 27.8
    endloop
  endfacet
  facet normal 0.215494 -0.971432 0.0994103
    outer loop
      vertex 13.2844 24.7299 27.8
      vertex 13.7387 21.9858 0
      vertex 13.7671 21.9921 0
    endloop
  endfacet
  facet normal 0.129867 -0.986535 0.0994109
    outer loop
      vertex 13.7671 21.9921 0
      vertex 14.1147 24.8392 27.8
      vertex 13.2844 24.7299 27.8
    endloop
  endfacet
  facet normal 0.130163 -0.986497 0.0994033
    outer loop
      vertex 14.1147 24.8392 27.8
      vertex 13.7671 21.9921 0
      vertex 13.7959 21.9959 0
    endloop
  endfacet
  facet normal 0.919311 -0.380769 0.09941
    outer loop
      vertex 5.72518 18.4017 27.8
      vertex 8.56521 18.0006 0
      vertex 6.04568 19.1755 27.8
    endloop
  endfacet
  facet normal 0.919571 -0.380135 0.0994274
    outer loop
      vertex 8.56521 18.0006 0
      vertex 5.72518 18.4017 27.8
      vertex 8.55409 17.9737 0
    endloop
  endfacet
  facet normal 0.949 -0.299194 0.0994103
    outer loop
      vertex 5.45665 17.5571 27.8
      vertex 8.15067 16.8653 0
      vertex 5.70849 18.3559 27.8
    endloop
  endfacet
  facet normal 0.948932 -0.29941 0.0994091
    outer loop
      vertex 8.15067 16.8653 0
      vertex 5.45665 17.5571 27.8
      vertex 8.14193 16.8376 0
    endloop
  endfacet
  facet normal 0.9941 0.0433851 0.09941
    outer loop
      vertex 5.12 15 27.8
      vertex 7.90127 14.9709 0
      vertex 7.9 15 0
    endloop
  endfacet
  facet normal 0.9941 0.043402 0.0994099
    outer loop
      vertex 7.90127 14.9709 0
      vertex 5.12 15 27.8
      vertex 5.15653 14.1633 27.8
    endloop
  endfacet
  facet normal 0.606494 -0.788849 0.0994137
    outer loop
      vertex 10.4362 20.4389 0
      vertex 8.66864 22.5834 27.8
      vertex 8.64926 22.5685 27.8
    endloop
  endfacet
  facet normal 0.60581 -0.789374 0.0994107
    outer loop
      vertex 8.66864 22.5834 27.8
      vertex 10.4362 20.4389 0
      vertex 10.9045 20.7983 0
    endloop
  endfacet
  facet normal -0.299347 0.948951 0.0994113
    outer loop
      vertex 17.4283 8.32818 0
      vertex 18.3559 5.70849 27.8
      vertex 18.3792 5.71584 27.8
    endloop
  endfacet
  facet normal -0.299211 0.948994 0.0994108
    outer loop
      vertex 18.3559 5.70849 27.8
      vertex 17.4283 8.32818 0
      vertex 16.8653 8.15067 0
    endloop
  endfacet
  facet normal 0.948932 0.29941 0.0994091
    outer loop
      vertex 5.45665 12.4429 27.8
      vertex 8.15067 13.1347 0
      vertex 8.14193 13.1624 0
    endloop
  endfacet
  facet normal 0.949 0.299194 0.0994103
    outer loop
      vertex 8.15067 13.1347 0
      vertex 5.45665 12.4429 27.8
      vertex 5.70849 11.6441 27.8
    endloop
  endfacet
  facet normal 0.971457 0.215379 0.0994102
    outer loop
      vertex 5.45137 12.4667 27.8
      vertex 8.14193 13.1624 0
      vertex 8.01416 13.7387 0
    endloop
  endfacet
  facet normal 0.971428 0.21551 0.0994107
    outer loop
      vertex 8.14193 13.1624 0
      vertex 5.45137 12.4667 27.8
      vertex 5.45665 12.4429 27.8
    endloop
  endfacet
  facet normal 0.299211 0.948994 0.0994108
    outer loop
      vertex 12.5717 8.32818 0
      vertex 11.6441 5.70849 27.8
      vertex 13.1347 8.15067 0
    endloop
  endfacet
  facet normal 0.299347 0.948951 0.0994113
    outer loop
      vertex 11.6441 5.70849 27.8
      vertex 12.5717 8.32818 0
      vertex 11.6208 5.71584 27.8
    endloop
  endfacet
  facet normal 0.380785 0.919304 0.0994109
    outer loop
      vertex 12.0263 8.55409 0
      vertex 11.6208 5.71584 27.8
      vertex 12.5717 8.32818 0
    endloop
  endfacet
  facet normal 0.381492 0.919013 0.0993915
    outer loop
      vertex 11.6208 5.71584 27.8
      vertex 12.0263 8.55409 0
      vertex 11.5983 5.72518 27.8
    endloop
  endfacet
  facet normal 0.459444 0.882626 0.0994102
    outer loop
      vertex 11.9736 8.57864 0
      vertex 10.8245 6.04568 27.8
      vertex 11.9994 8.56521 0
    endloop
  endfacet
  facet normal 0.459492 0.882601 0.0994099
    outer loop
      vertex 10.8245 6.04568 27.8
      vertex 11.9736 8.57864 0
      vertex 10.0817 6.43239 27.8
    endloop
  endfacet
  facet normal 0.12964 0.986565 0.099411
    outer loop
      vertex 14.3812 7.92702 0
      vertex 14.1147 5.16078 27.8
      vertex 14.1389 5.1576 27.8
    endloop
  endfacet
  facet normal 0.129869 0.986535 0.0994102
    outer loop
      vertex 14.1147 5.16078 27.8
      vertex 14.3812 7.92702 0
      vertex 13.7959 8.00407 0
    endloop
  endfacet
  facet normal 0.882609 0.459476 0.0994095
    outer loop
      vertex 6.43239 10.0817 27.8
      vertex 8.85122 11.45 0
      vertex 8.57864 11.9736 0
    endloop
  endfacet
  facet normal 0.882889 0.458939 0.0994074
    outer loop
      vertex 8.85122 11.45 0
      vertex 6.43239 10.0817 27.8
      vertex 6.44367 10.06 27.8
    endloop
  endfacet
  facet normal -0.789475 -0.60568 0.0994076
    outer loop
      vertex 20.7983 19.0955 0
      vertex 23.0932 20.6669 27.8
      vertex 22.5834 21.3314 27.8
    endloop
  endfacet
  facet normal -0.78984 -0.605202 0.0994108
    outer loop
      vertex 23.0932 20.6669 27.8
      vertex 20.7983 19.0955 0
      vertex 20.816 19.0724 0
    endloop
  endfacet
  facet normal -0.839194 -0.53467 0.099408
    outer loop
      vertex 20.816 19.0724 0
      vertex 23.5432 19.9606 27.8
      vertex 23.0932 20.6669 27.8
    endloop
  endfacet
  facet normal -0.839341 -0.534437 0.099415
    outer loop
      vertex 23.5432 19.9606 27.8
      vertex 20.816 19.0724 0
      vertex 20.8316 19.0479 0
    endloop
  endfacet
  facet normal -0.672255 -0.733615 0.0994086
    outer loop
      vertex 19.999 20.0401 0
      vertex 21.3507 22.5685 27.8
      vertex 19.5638 20.4389 0
    endloop
  endfacet
  facet normal -0.672378 -0.733503 0.0994044
    outer loop
      vertex 21.3507 22.5685 27.8
      vertex 19.999 20.0401 0
      vertex 21.3687 22.552 27.8
    endloop
  endfacet
  facet normal -0.949535 -0.297494 0.0994047
    outer loop
      vertex 21.6718 17.4283 0
      vertex 24.2915 18.3559 27.8
      vertex 24.2842 18.3792 27.8
    endloop
  endfacet
  facet normal -0.948999 -0.299196 0.099411
    outer loop
      vertex 24.2915 18.3559 27.8
      vertex 21.6718 17.4283 0
      vertex 21.8493 16.8653 0
    endloop
  endfacet
  facet normal -0.882556 -0.45958 0.0994089
    outer loop
      vertex 21.1488 18.55 0
      vertex 23.5676 19.9183 27.8
      vertex 23.5563 19.94 27.8
    endloop
  endfacet
  facet normal -0.882596 -0.459503 0.0994086
    outer loop
      vertex 23.5676 19.9183 27.8
      vertex 21.1488 18.55 0
      vertex 21.4214 18.0264 0
    endloop
  endfacet
  facet normal -0.459503 -0.882596 0.0994086
    outer loop
      vertex 18.55 21.1488 0
      vertex 19.9183 23.5676 27.8
      vertex 18.0264 21.4214 0
    endloop
  endfacet
  facet normal -0.45958 -0.882556 0.0994089
    outer loop
      vertex 19.9183 23.5676 27.8
      vertex 18.55 21.1488 0
      vertex 19.94 23.5563 27.8
    endloop
  endfacet
  facet normal -0.534641 -0.839212 0.0994084
    outer loop
      vertex 19.0479 20.8316 0
      vertex 19.94 23.5563 27.8
      vertex 18.55 21.1488 0
    endloop
  endfacet
  facet normal -0.533951 -0.839649 0.0994291
    outer loop
      vertex 19.94 23.5563 27.8
      vertex 19.0479 20.8316 0
      vertex 19.9606 23.5432 27.8
    endloop
  endfacet
  facet normal -0.130441 -0.98646 0.0994068
    outer loop
      vertex 15.6188 22.073 0
      vertex 15.8853 24.8392 27.8
      vertex 15.8611 24.8424 27.8
    endloop
  endfacet
  facet normal -0.129952 -0.986524 0.0994085
    outer loop
      vertex 15.8853 24.8392 27.8
      vertex 15.6188 22.073 0
      vertex 16.2041 21.9959 0
    endloop
  endfacet
  facet normal -0.044408 -0.994056 0.0994056
    outer loop
      vertex 15.0291 22.0987 0
      vertex 15 24.88 27.8
      vertex 15 22.1 0
    endloop
  endfacet
  facet normal -0.0433664 -0.994101 0.0994112
    outer loop
      vertex 15 24.88 27.8
      vertex 15.0291 22.0987 0
      vertex 15.8367 24.8435 27.8
    endloop
  endfacet
  facet normal -0.0433245 -0.994103 0.0994102
    outer loop
      vertex 15.6188 22.073 0
      vertex 15.8367 24.8435 27.8
      vertex 15.0291 22.0987 0
    endloop
  endfacet
  facet normal -0.0448131 -0.994036 0.0994152
    outer loop
      vertex 15.8367 24.8435 27.8
      vertex 15.6188 22.073 0
      vertex 15.8611 24.8424 27.8
    endloop
  endfacet
  facet normal 0.299151 -0.949013 0.0994099
    outer loop
      vertex 13.1347 21.8493 0
      vertex 12.4429 24.5433 27.8
      vertex 11.6441 24.2915 27.8
    endloop
  endfacet
  facet normal 0.301278 -0.948341 0.0993977
    outer loop
      vertex 12.4429 24.5433 27.8
      vertex 13.1347 21.8493 0
      vertex 13.1624 21.8581 0
    endloop
  endfacet
  facet normal 0.216288 -0.971255 0.0994113
    outer loop
      vertex 13.1624 21.8581 0
      vertex 12.4667 24.5486 27.8
      vertex 12.4429 24.5433 27.8
    endloop
  endfacet
  facet normal 0.215267 -0.971483 0.0994077
    outer loop
      vertex 12.4667 24.5486 27.8
      vertex 13.1624 21.8581 0
      vertex 13.7387 21.9858 0
    endloop
  endfacet
  facet normal 0.948951 -0.299347 0.0994113
    outer loop
      vertex 5.70849 18.3559 27.8
      vertex 8.32818 17.4283 0
      vertex 5.71584 18.3792 27.8
    endloop
  endfacet
  facet normal 0.948994 -0.299211 0.0994108
    outer loop
      vertex 8.32818 17.4283 0
      vertex 5.70849 18.3559 27.8
      vertex 8.15067 16.8653 0
    endloop
  endfacet
  facet normal 0.919013 -0.381492 0.0993915
    outer loop
      vertex 5.71584 18.3792 27.8
      vertex 8.55409 17.9737 0
      vertex 5.72518 18.4017 27.8
    endloop
  endfacet
  facet normal 0.919304 -0.380785 0.0994109
    outer loop
      vertex 8.55409 17.9737 0
      vertex 5.71584 18.3792 27.8
      vertex 8.32818 17.4283 0
    endloop
  endfacet
  facet normal 0.882601 -0.459492 0.0994099
    outer loop
      vertex 6.04568 19.1755 27.8
      vertex 8.57864 18.0264 0
      vertex 6.43239 19.9183 27.8
    endloop
  endfacet
  facet normal 0.882626 -0.459444 0.0994102
    outer loop
      vertex 8.57864 18.0264 0
      vertex 6.04568 19.1755 27.8
      vertex 8.56521 18.0006 0
    endloop
  endfacet
  facet normal 0.986565 -0.12964 0.0994159
    outer loop
      vertex 5.1576 15.8611 27.8
      vertex 8.00407 16.2041 0
      vertex 5.16078 15.8853 27.8
    endloop
  endfacet
  facet normal 0.986535 -0.129869 0.09941
    outer loop
      vertex 8.00407 16.2041 0
      vertex 5.1576 15.8611 27.8
      vertex 7.92702 15.6188 0
    endloop
  endfacet
  facet normal 0.9941 -0.043402 0.0994099
    outer loop
      vertex 5.12 15 27.8
      vertex 7.90127 15.0291 0
      vertex 5.15653 15.8367 27.8
    endloop
  endfacet
  facet normal 0.9941 -0.0433851 0.09941
    outer loop
      vertex 7.90127 15.0291 0
      vertex 5.12 15 27.8
      vertex 7.9 15 0
    endloop
  endfacet
  facet normal 0.994091 -0.0435933 0.0994107
    outer loop
      vertex 5.15653 15.8367 27.8
      vertex 7.92702 15.6188 0
      vertex 5.1576 15.8611 27.8
    endloop
  endfacet
  facet normal 0.994099 -0.0434086 0.0994101
    outer loop
      vertex 7.92702 15.6188 0
      vertex 5.15653 15.8367 27.8
      vertex 7.90127 15.0291 0
    endloop
  endfacet
  facet normal 0.45958 -0.882556 0.0994089
    outer loop
      vertex 11.45 21.1488 0
      vertex 10.0817 23.5676 27.8
      vertex 10.06 23.5563 27.8
    endloop
  endfacet
  facet normal 0.459503 -0.882596 0.0994086
    outer loop
      vertex 10.0817 23.5676 27.8
      vertex 11.45 21.1488 0
      vertex 11.9736 21.4214 0
    endloop
  endfacet
  facet normal 0.12989 0.986532 0.0994097
    outer loop
      vertex 13.7959 8.00407 0
      vertex 13.2844 5.2701 27.8
      vertex 14.1147 5.16078 27.8
    endloop
  endfacet
  facet normal 0.129826 0.986541 0.0994093
    outer loop
      vertex 13.2844 5.2701 27.8
      vertex 13.7959 8.00407 0
      vertex 13.7671 8.00786 0
    endloop
  endfacet
  facet normal 0.215494 0.971432 0.0994089
    outer loop
      vertex 13.7387 8.01416 0
      vertex 13.2844 5.2701 27.8
      vertex 13.7671 8.00786 0
    endloop
  endfacet
  facet normal 0.215356 0.971462 0.0994096
    outer loop
      vertex 13.2844 5.2701 27.8
      vertex 13.7387 8.01416 0
      vertex 12.4667 5.45137 27.8
    endloop
  endfacet
  facet normal -0.787634 -0.60807 0.099421
    outer loop
      vertex 20.4389 19.5638 0
      vertex 22.5834 21.3314 27.8
      vertex 22.5685 21.3507 27.8
    endloop
  endfacet
  facet normal -0.789374 -0.60581 0.0994116
    outer loop
      vertex 22.5834 21.3314 27.8
      vertex 20.4389 19.5638 0
      vertex 20.7983 19.0955 0
    endloop
  endfacet
  facet normal -0.670357 -0.735341 0.0994709
    outer loop
      vertex 20.0205 20.0205 0
      vertex 21.3687 22.552 27.8
      vertex 19.999 20.0401 0
    endloop
  endfacet
  facet normal -0.672222 -0.733646 0.099407
    outer loop
      vertex 21.3687 22.552 27.8
      vertex 20.0205 20.0205 0
      vertex 21.9862 21.9862 27.8
    endloop
  endfacet
  facet normal -0.733646 -0.672222 0.099407
    outer loop
      vertex 20.0205 20.0205 0
      vertex 22.552 21.3687 27.8
      vertex 21.9862 21.9862 27.8
    endloop
  endfacet
  facet normal -0.735341 -0.670357 0.0994709
    outer loop
      vertex 22.552 21.3687 27.8
      vertex 20.0205 20.0205 0
      vertex 20.0401 19.999 0
    endloop
  endfacet
  facet normal -0.971255 -0.216288 0.0994113
    outer loop
      vertex 21.8581 16.8376 0
      vertex 24.5486 17.5333 27.8
      vertex 24.5433 17.5571 27.8
    endloop
  endfacet
  facet normal -0.971483 -0.215267 0.0994077
    outer loop
      vertex 24.5486 17.5333 27.8
      vertex 21.8581 16.8376 0
      vertex 21.9858 16.2613 0
    endloop
  endfacet
  facet normal -0.949013 -0.299151 0.0994099
    outer loop
      vertex 21.8493 16.8653 0
      vertex 24.5433 17.5571 27.8
      vertex 24.2915 18.3559 27.8
    endloop
  endfacet
  facet normal -0.948341 -0.301278 0.0993977
    outer loop
      vertex 24.5433 17.5571 27.8
      vertex 21.8493 16.8653 0
      vertex 21.8581 16.8376 0
    endloop
  endfacet
  facet normal -0.882606 -0.459483 0.0994081
    outer loop
      vertex 21.4214 18.0264 0
      vertex 23.9543 19.1755 27.8
      vertex 23.5676 19.9183 27.8
    endloop
  endfacet
  facet normal -0.883046 -0.458636 0.0994131
    outer loop
      vertex 23.9543 19.1755 27.8
      vertex 21.4214 18.0264 0
      vertex 21.4348 18.0006 0
    endloop
  endfacet
  facet normal -0.919311 -0.380769 0.099409
    outer loop
      vertex 21.4348 18.0006 0
      vertex 24.2748 18.4017 27.8
      vertex 23.9543 19.1755 27.8
    endloop
  endfacet
  facet normal -0.919811 -0.37955 0.0994425
    outer loop
      vertex 24.2748 18.4017 27.8
      vertex 21.4348 18.0006 0
      vertex 21.4459 17.9737 0
    endloop
  endfacet
  facet normal -0.129867 -0.986535 0.0994106
    outer loop
      vertex 16.2041 21.9959 0
      vertex 16.7156 24.7299 27.8
      vertex 15.8853 24.8392 27.8
    endloop
  endfacet
  facet normal -0.130163 -0.986496 0.0994122
    outer loop
      vertex 16.7156 24.7299 27.8
      vertex 16.2041 21.9959 0
      vertex 16.2329 21.9921 0
    endloop
  endfacet
  facet normal -0.215494 -0.971432 0.0994103
    outer loop
      vertex 16.2613 21.9858 0
      vertex 16.7156 24.7299 27.8
      vertex 16.2329 21.9921 0
    endloop
  endfacet
  facet normal -0.21539 -0.971455 0.0994108
    outer loop
      vertex 16.7156 24.7299 27.8
      vertex 16.2613 21.9858 0
      vertex 17.5333 24.5486 27.8
    endloop
  endfacet
  facet normal 0.986541 -0.129826 0.0994093
    outer loop
      vertex 5.2701 16.7156 27.8
      vertex 8.00407 16.2041 0
      vertex 8.00786 16.2329 0
    endloop
  endfacet
  facet normal 0.986532 -0.12989 0.0994097
    outer loop
      vertex 8.00407 16.2041 0
      vertex 5.2701 16.7156 27.8
      vertex 5.16078 15.8853 27.8
    endloop
  endfacet
  facet normal 0.971462 -0.215356 0.0994096
    outer loop
      vertex 5.2701 16.7156 27.8
      vertex 8.01416 16.2613 0
      vertex 5.45137 17.5333 27.8
    endloop
  endfacet
  facet normal 0.971432 -0.215494 0.0994089
    outer loop
      vertex 8.01416 16.2613 0
      vertex 5.2701 16.7156 27.8
      vertex 8.00786 16.2329 0
    endloop
  endfacet
  facet normal -0.986496 -0.130163 0.0994122
    outer loop
      vertex 21.9959 16.2041 0
      vertex 24.7299 16.7156 27.8
      vertex 21.9921 16.2329 0
    endloop
  endfacet
  facet normal -0.986535 -0.129867 0.0994106
    outer loop
      vertex 24.7299 16.7156 27.8
      vertex 21.9959 16.2041 0
      vertex 24.8392 15.8853 27.8
    endloop
  endfacet
  facet normal -0.971455 -0.21539 0.0994108
    outer loop
      vertex 21.9858 16.2613 0
      vertex 24.7299 16.7156 27.8
      vertex 24.5486 17.5333 27.8
    endloop
  endfacet
  facet normal -0.971432 -0.215494 0.0994103
    outer loop
      vertex 24.7299 16.7156 27.8
      vertex 21.9858 16.2613 0
      vertex 21.9921 16.2329 0
    endloop
  endfacet
  facet normal -0.918149 -0.383582 0.0993354
    outer loop
      vertex 21.4459 17.9737 0
      vertex 24.2842 18.3792 27.8
      vertex 24.2748 18.4017 27.8
    endloop
  endfacet
  facet normal -0.91931 -0.38077 0.099413
    outer loop
      vertex 24.2842 18.3792 27.8
      vertex 21.4459 17.9737 0
      vertex 21.6718 17.4283 0
    endloop
  endfacet
  facet normal -0.986461 -0.130441 0.0993964
    outer loop
      vertex 21.9959 16.2041 0
      vertex 24.8424 15.8611 27.8
      vertex 24.8392 15.8853 27.8
    endloop
  endfacet
  facet normal -0.986524 -0.129952 0.0994089
    outer loop
      vertex 24.8424 15.8611 27.8
      vertex 21.9959 16.2041 0
      vertex 22.073 15.6188 0
    endloop
  endfacet
endsolid OpenSCAD_Model
