solid OpenSCAD_Model
  facet normal -0.999061 0.0433266 0
    outer loop
      vertex 37.2966 30.3216 4.1
      vertex 37.3 30.4 6.3
      vertex 37.3 30.4 4.1
    endloop
  endfacet
  facet normal -0.999061 0.0433266 0
    outer loop
      vertex 37.3 30.4 6.3
      vertex 37.2966 30.3216 4.1
      vertex 37.2966 30.3216 6.3
    endloop
  endfacet
  facet normal 0.0433266 0.999061 -0
    outer loop
      vertex 36.4 29.5 4.1
      vertex 36.3216 29.5034 6.3
      vertex 36.4 29.5 6.3
    endloop
  endfacet
  facet normal 0.0433266 0.999061 0
    outer loop
      vertex 36.3216 29.5034 6.3
      vertex 36.4 29.5 4.1
      vertex 36.3216 29.5034 4.1
    endloop
  endfacet
  facet normal -0.0433266 -0.999061 0
    outer loop
      vertex 36.4 31.3 4.1
      vertex 36.4784 31.2966 6.3
      vertex 36.4 31.3 6.3
    endloop
  endfacet
  facet normal -0.0433266 -0.999061 -0
    outer loop
      vertex 36.4784 31.2966 6.3
      vertex 36.4 31.3 4.1
      vertex 36.4784 31.2966 4.1
    endloop
  endfacet
  facet normal 0.675205 -0.73763 0
    outer loop
      vertex 35.7636 31.0364 4.1
      vertex 35.8215 31.0894 6.3
      vertex 35.7636 31.0364 6.3
    endloop
  endfacet
  facet normal 0.675205 -0.73763 0
    outer loop
      vertex 35.8215 31.0894 6.3
      vertex 35.7636 31.0364 4.1
      vertex 35.8215 31.0894 4.1
    endloop
  endfacet
  facet normal -0.675205 0.73763 0
    outer loop
      vertex 37.0364 29.7636 4.1
      vertex 36.9785 29.7106 6.3
      vertex 37.0364 29.7636 6.3
    endloop
  endfacet
  facet normal -0.675205 0.73763 0
    outer loop
      vertex 36.9785 29.7106 6.3
      vertex 37.0364 29.7636 4.1
      vertex 36.9785 29.7106 4.1
    endloop
  endfacet
  facet normal 0.73763 0.675205 0
    outer loop
      vertex 35.7636 29.7636 6.3
      vertex 35.7106 29.8215 4.1
      vertex 35.7106 29.8215 6.3
    endloop
  endfacet
  facet normal 0.73763 0.675205 0
    outer loop
      vertex 35.7106 29.8215 4.1
      vertex 35.7636 29.7636 6.3
      vertex 35.7636 29.7636 4.1
    endloop
  endfacet
  facet normal 0.462435 0.886653 -0
    outer loop
      vertex 36.0196 29.5843 4.1
      vertex 35.95 29.6206 6.3
      vertex 36.0196 29.5843 6.3
    endloop
  endfacet
  facet normal 0.462435 0.886653 0
    outer loop
      vertex 35.95 29.6206 6.3
      vertex 36.0196 29.5843 4.1
      vertex 35.95 29.6206 4.1
    endloop
  endfacet
  facet normal 0.924203 -0.381902 0
    outer loop
      vertex 35.5543 30.7078 6.3
      vertex 35.5843 30.7804 4.1
      vertex 35.5843 30.7804 6.3
    endloop
  endfacet
  facet normal 0.924203 -0.381902 0
    outer loop
      vertex 35.5843 30.7804 4.1
      vertex 35.5543 30.7078 6.3
      vertex 35.5543 30.7078 4.1
    endloop
  endfacet
  facet normal -0.886653 0.462435 0
    outer loop
      vertex 37.1794 29.95 4.1
      vertex 37.2157 30.0196 6.3
      vertex 37.2157 30.0196 4.1
    endloop
  endfacet
  facet normal -0.886653 0.462435 0
    outer loop
      vertex 37.2157 30.0196 6.3
      vertex 37.1794 29.95 4.1
      vertex 37.1794 29.95 6.3
    endloop
  endfacet
  facet normal -0.381902 0.924203 0
    outer loop
      vertex 36.7804 29.5843 4.1
      vertex 36.7078 29.5543 6.3
      vertex 36.7804 29.5843 6.3
    endloop
  endfacet
  facet normal -0.381902 0.924203 0
    outer loop
      vertex 36.7078 29.5543 6.3
      vertex 36.7804 29.5843 4.1
      vertex 36.7078 29.5543 4.1
    endloop
  endfacet
  facet normal 0.886653 0.462435 0
    outer loop
      vertex 35.6206 29.95 6.3
      vertex 35.5843 30.0196 4.1
      vertex 35.5843 30.0196 6.3
    endloop
  endfacet
  facet normal 0.886653 0.462435 0
    outer loop
      vertex 35.5843 30.0196 4.1
      vertex 35.6206 29.95 6.3
      vertex 35.6206 29.95 4.1
    endloop
  endfacet
  facet normal 0.843242 0.537535 0
    outer loop
      vertex 35.6628 29.8838 6.3
      vertex 35.6206 29.95 4.1
      vertex 35.6206 29.95 6.3
    endloop
  endfacet
  facet normal 0.843242 0.537535 0
    outer loop
      vertex 35.6206 29.95 4.1
      vertex 35.6628 29.8838 6.3
      vertex 35.6628 29.8838 4.1
    endloop
  endfacet
  facet normal 0.216661 0.976247 -0
    outer loop
      vertex 36.2437 29.5137 4.1
      vertex 36.1671 29.5307 6.3
      vertex 36.2437 29.5137 6.3
    endloop
  endfacet
  facet normal 0.216661 0.976247 0
    outer loop
      vertex 36.1671 29.5307 6.3
      vertex 36.2437 29.5137 4.1
      vertex 36.1671 29.5307 4.1
    endloop
  endfacet
  facet normal -0.886653 -0.462435 0
    outer loop
      vertex 37.2157 30.7804 4.1
      vertex 37.1794 30.85 6.3
      vertex 37.1794 30.85 4.1
    endloop
  endfacet
  facet normal -0.886653 -0.462435 0
    outer loop
      vertex 37.1794 30.85 6.3
      vertex 37.2157 30.7804 4.1
      vertex 37.2157 30.7804 6.3
    endloop
  endfacet
  facet normal -0.381902 -0.924203 0
    outer loop
      vertex 36.7078 31.2457 4.1
      vertex 36.7804 31.2157 6.3
      vertex 36.7078 31.2457 6.3
    endloop
  endfacet
  facet normal -0.381902 -0.924203 -0
    outer loop
      vertex 36.7804 31.2157 6.3
      vertex 36.7078 31.2457 4.1
      vertex 36.7804 31.2157 4.1
    endloop
  endfacet
  facet normal -0.73763 -0.675205 0
    outer loop
      vertex 37.0894 30.9785 4.1
      vertex 37.0364 31.0364 6.3
      vertex 37.0364 31.0364 4.1
    endloop
  endfacet
  facet normal -0.73763 -0.675205 0
    outer loop
      vertex 37.0364 31.0364 6.3
      vertex 37.0894 30.9785 4.1
      vertex 37.0894 30.9785 6.3
    endloop
  endfacet
  facet normal 0.300522 -0.953775 0
    outer loop
      vertex 36.0922 31.2457 4.1
      vertex 36.1671 31.2693 6.3
      vertex 36.0922 31.2457 6.3
    endloop
  endfacet
  facet normal 0.300522 -0.953775 0
    outer loop
      vertex 36.1671 31.2693 6.3
      vertex 36.0922 31.2457 4.1
      vertex 36.1671 31.2693 4.1
    endloop
  endfacet
  facet normal 0.73763 -0.675205 0
    outer loop
      vertex 35.7106 30.9785 6.3
      vertex 35.7636 31.0364 4.1
      vertex 35.7636 31.0364 6.3
    endloop
  endfacet
  facet normal 0.73763 -0.675205 0
    outer loop
      vertex 35.7636 31.0364 4.1
      vertex 35.7106 30.9785 6.3
      vertex 35.7106 30.9785 4.1
    endloop
  endfacet
  facet normal -0.991372 0.13108 0
    outer loop
      vertex 37.2863 30.2437 4.1
      vertex 37.2966 30.3216 6.3
      vertex 37.2966 30.3216 4.1
    endloop
  endfacet
  facet normal -0.991372 0.13108 0
    outer loop
      vertex 37.2966 30.3216 6.3
      vertex 37.2863 30.2437 4.1
      vertex 37.2863 30.2437 6.3
    endloop
  endfacet
  facet normal -0.924203 0.381902 0
    outer loop
      vertex 37.2157 30.0196 4.1
      vertex 37.2457 30.0922 6.3
      vertex 37.2457 30.0922 4.1
    endloop
  endfacet
  facet normal -0.924203 0.381902 0
    outer loop
      vertex 37.2457 30.0922 6.3
      vertex 37.2157 30.0196 4.1
      vertex 37.2157 30.0196 6.3
    endloop
  endfacet
  facet normal -0.793381 0.608726 0
    outer loop
      vertex 37.0894 29.8215 4.1
      vertex 37.1372 29.8838 6.3
      vertex 37.1372 29.8838 4.1
    endloop
  endfacet
  facet normal -0.793381 0.608726 0
    outer loop
      vertex 37.1372 29.8838 6.3
      vertex 37.0894 29.8215 4.1
      vertex 37.0894 29.8215 6.3
    endloop
  endfacet
  facet normal -0.843242 0.537535 0
    outer loop
      vertex 37.1372 29.8838 4.1
      vertex 37.1794 29.95 6.3
      vertex 37.1794 29.95 4.1
    endloop
  endfacet
  facet normal -0.843242 0.537535 0
    outer loop
      vertex 37.1794 29.95 6.3
      vertex 37.1372 29.8838 4.1
      vertex 37.1372 29.8838 6.3
    endloop
  endfacet
  facet normal -0.13108 0.991372 0
    outer loop
      vertex 36.5563 29.5137 4.1
      vertex 36.4784 29.5034 6.3
      vertex 36.5563 29.5137 6.3
    endloop
  endfacet
  facet normal -0.13108 0.991372 0
    outer loop
      vertex 36.4784 29.5034 6.3
      vertex 36.5563 29.5137 4.1
      vertex 36.4784 29.5034 4.1
    endloop
  endfacet
  facet normal -0.0433266 0.999061 0
    outer loop
      vertex 36.4784 29.5034 4.1
      vertex 36.4 29.5 6.3
      vertex 36.4784 29.5034 6.3
    endloop
  endfacet
  facet normal -0.0433266 0.999061 0
    outer loop
      vertex 36.4 29.5 6.3
      vertex 36.4784 29.5034 4.1
      vertex 36.4 29.5 4.1
    endloop
  endfacet
  facet normal -0.537535 0.843242 0
    outer loop
      vertex 36.9162 29.6628 4.1
      vertex 36.85 29.6206 6.3
      vertex 36.9162 29.6628 6.3
    endloop
  endfacet
  facet normal -0.537535 0.843242 0
    outer loop
      vertex 36.85 29.6206 6.3
      vertex 36.9162 29.6628 4.1
      vertex 36.85 29.6206 4.1
    endloop
  endfacet
  facet normal -0.608726 0.793381 0
    outer loop
      vertex 36.9785 29.7106 4.1
      vertex 36.9162 29.6628 6.3
      vertex 36.9785 29.7106 6.3
    endloop
  endfacet
  facet normal -0.608726 0.793381 0
    outer loop
      vertex 36.9162 29.6628 6.3
      vertex 36.9785 29.7106 4.1
      vertex 36.9162 29.6628 4.1
    endloop
  endfacet
  facet normal 0.991372 0.13108 0
    outer loop
      vertex 35.5137 30.2437 6.3
      vertex 35.5034 30.3216 4.1
      vertex 35.5034 30.3216 6.3
    endloop
  endfacet
  facet normal 0.991372 0.13108 0
    outer loop
      vertex 35.5034 30.3216 4.1
      vertex 35.5137 30.2437 6.3
      vertex 35.5137 30.2437 4.1
    endloop
  endfacet
  facet normal 0.924203 0.381902 0
    outer loop
      vertex 35.5843 30.0196 6.3
      vertex 35.5543 30.0922 4.1
      vertex 35.5543 30.0922 6.3
    endloop
  endfacet
  facet normal 0.924203 0.381902 0
    outer loop
      vertex 35.5543 30.0922 4.1
      vertex 35.5843 30.0196 6.3
      vertex 35.5843 30.0196 4.1
    endloop
  endfacet
  facet normal 0.999061 0.0433266 0
    outer loop
      vertex 35.5034 30.3216 6.3
      vertex 35.5 30.4 4.1
      vertex 35.5 30.4 6.3
    endloop
  endfacet
  facet normal 0.999061 0.0433266 0
    outer loop
      vertex 35.5 30.4 4.1
      vertex 35.5034 30.3216 6.3
      vertex 35.5034 30.3216 4.1
    endloop
  endfacet
  facet normal 0 0 1
    outer loop
      vertex 37.2966 30.4784 4.1
      vertex 37.2966 30.3216 4.1
      vertex 37.3 30.4 4.1
    endloop
  endfacet
  facet normal 0 0 1
    outer loop
      vertex 37.2863 30.5563 4.1
      vertex 37.2966 30.3216 4.1
      vertex 37.2966 30.4784 4.1
    endloop
  endfacet
  facet normal 0 0 1
    outer loop
      vertex 37.2863 30.5563 4.1
      vertex 37.2863 30.2437 4.1
      vertex 37.2966 30.3216 4.1
    endloop
  endfacet
  facet normal 0 0 1
    outer loop
      vertex 37.2693 30.6329 4.1
      vertex 37.2863 30.2437 4.1
      vertex 37.2863 30.5563 4.1
    endloop
  endfacet
  facet normal 0 0 1
    outer loop
      vertex 37.2693 30.6329 4.1
      vertex 37.2693 30.1671 4.1
      vertex 37.2863 30.2437 4.1
    endloop
  endfacet
  facet normal 0 0 1
    outer loop
      vertex 37.2457 30.7078 4.1
      vertex 37.2693 30.1671 4.1
      vertex 37.2693 30.6329 4.1
    endloop
  endfacet
  facet normal 0 0 1
    outer loop
      vertex 37.2457 30.7078 4.1
      vertex 37.2457 30.0922 4.1
      vertex 37.2693 30.1671 4.1
    endloop
  endfacet
  facet normal 0 0 1
    outer loop
      vertex 37.2157 30.7804 4.1
      vertex 37.2457 30.0922 4.1
      vertex 37.2457 30.7078 4.1
    endloop
  endfacet
  facet normal 0 0 1
    outer loop
      vertex 37.2157 30.7804 4.1
      vertex 37.2157 30.0196 4.1
      vertex 37.2457 30.0922 4.1
    endloop
  endfacet
  facet normal 0 0 1
    outer loop
      vertex 37.1794 30.85 4.1
      vertex 37.2157 30.0196 4.1
      vertex 37.2157 30.7804 4.1
    endloop
  endfacet
  facet normal 0 0 1
    outer loop
      vertex 37.1794 30.85 4.1
      vertex 37.1794 29.95 4.1
      vertex 37.2157 30.0196 4.1
    endloop
  endfacet
  facet normal 0 0 1
    outer loop
      vertex 37.1372 30.9162 4.1
      vertex 37.1794 29.95 4.1
      vertex 37.1794 30.85 4.1
    endloop
  endfacet
  facet normal 0 0 1
    outer loop
      vertex 37.1372 30.9162 4.1
      vertex 37.1372 29.8838 4.1
      vertex 37.1794 29.95 4.1
    endloop
  endfacet
  facet normal 0 0 1
    outer loop
      vertex 37.0894 30.9785 4.1
      vertex 37.1372 29.8838 4.1
      vertex 37.1372 30.9162 4.1
    endloop
  endfacet
  facet normal 0 0 1
    outer loop
      vertex 37.0894 30.9785 4.1
      vertex 37.0894 29.8215 4.1
      vertex 37.1372 29.8838 4.1
    endloop
  endfacet
  facet normal 0 0 1
    outer loop
      vertex 37.0364 31.0364 4.1
      vertex 37.0894 29.8215 4.1
      vertex 37.0894 30.9785 4.1
    endloop
  endfacet
  facet normal 0 0 1
    outer loop
      vertex 37.0364 31.0364 4.1
      vertex 37.0364 29.7636 4.1
      vertex 37.0894 29.8215 4.1
    endloop
  endfacet
  facet normal 0 0 1
    outer loop
      vertex 36.9785 31.0894 4.1
      vertex 37.0364 29.7636 4.1
      vertex 37.0364 31.0364 4.1
    endloop
  endfacet
  facet normal 0 0 1
    outer loop
      vertex 36.9785 31.0894 4.1
      vertex 36.9785 29.7106 4.1
      vertex 37.0364 29.7636 4.1
    endloop
  endfacet
  facet normal 0 0 1
    outer loop
      vertex 36.9162 31.1372 4.1
      vertex 36.9785 29.7106 4.1
      vertex 36.9785 31.0894 4.1
    endloop
  endfacet
  facet normal 0 0 1
    outer loop
      vertex 36.9162 31.1372 4.1
      vertex 36.9162 29.6628 4.1
      vertex 36.9785 29.7106 4.1
    endloop
  endfacet
  facet normal 0 0 1
    outer loop
      vertex 36.85 31.1794 4.1
      vertex 36.9162 29.6628 4.1
      vertex 36.9162 31.1372 4.1
    endloop
  endfacet
  facet normal 0 0 1
    outer loop
      vertex 36.85 31.1794 4.1
      vertex 36.85 29.6206 4.1
      vertex 36.9162 29.6628 4.1
    endloop
  endfacet
  facet normal 0 0 1
    outer loop
      vertex 36.7804 31.2157 4.1
      vertex 36.85 29.6206 4.1
      vertex 36.85 31.1794 4.1
    endloop
  endfacet
  facet normal 0 0 1
    outer loop
      vertex 36.7804 31.2157 4.1
      vertex 36.7804 29.5843 4.1
      vertex 36.85 29.6206 4.1
    endloop
  endfacet
  facet normal 0 0 1
    outer loop
      vertex 36.7078 31.2457 4.1
      vertex 36.7804 29.5843 4.1
      vertex 36.7804 31.2157 4.1
    endloop
  endfacet
  facet normal 0 0 1
    outer loop
      vertex 36.7078 31.2457 4.1
      vertex 36.7078 29.5543 4.1
      vertex 36.7804 29.5843 4.1
    endloop
  endfacet
  facet normal 0 0 1
    outer loop
      vertex 36.6329 31.2693 4.1
      vertex 36.7078 29.5543 4.1
      vertex 36.7078 31.2457 4.1
    endloop
  endfacet
  facet normal 0 0 1
    outer loop
      vertex 36.6329 31.2693 4.1
      vertex 36.6329 29.5307 4.1
      vertex 36.7078 29.5543 4.1
    endloop
  endfacet
  facet normal 0 0 1
    outer loop
      vertex 36.5563 31.2863 4.1
      vertex 36.6329 29.5307 4.1
      vertex 36.6329 31.2693 4.1
    endloop
  endfacet
  facet normal 0 0 1
    outer loop
      vertex 36.5563 31.2863 4.1
      vertex 36.5563 29.5137 4.1
      vertex 36.6329 29.5307 4.1
    endloop
  endfacet
  facet normal 0 0 1
    outer loop
      vertex 36.4784 31.2966 4.1
      vertex 36.5563 29.5137 4.1
      vertex 36.5563 31.2863 4.1
    endloop
  endfacet
  facet normal 0 0 1
    outer loop
      vertex 36.4784 31.2966 4.1
      vertex 36.4784 29.5034 4.1
      vertex 36.5563 29.5137 4.1
    endloop
  endfacet
  facet normal 0 0 1
    outer loop
      vertex 36.4 31.3 4.1
      vertex 36.4784 29.5034 4.1
      vertex 36.4784 31.2966 4.1
    endloop
  endfacet
  facet normal 0 0 1
    outer loop
      vertex 36.4 31.3 4.1
      vertex 36.4 29.5 4.1
      vertex 36.4784 29.5034 4.1
    endloop
  endfacet
  facet normal -0 0 1
    outer loop
      vertex 36.3216 31.2966 4.1
      vertex 36.4 29.5 4.1
      vertex 36.4 31.3 4.1
    endloop
  endfacet
  facet normal 0 0 1
    outer loop
      vertex 36.3216 31.2966 4.1
      vertex 36.3216 29.5034 4.1
      vertex 36.4 29.5 4.1
    endloop
  endfacet
  facet normal -0 0 1
    outer loop
      vertex 36.2437 31.2863 4.1
      vertex 36.3216 29.5034 4.1
      vertex 36.3216 31.2966 4.1
    endloop
  endfacet
  facet normal 0 0 1
    outer loop
      vertex 36.2437 31.2863 4.1
      vertex 36.2437 29.5137 4.1
      vertex 36.3216 29.5034 4.1
    endloop
  endfacet
  facet normal -0 0 1
    outer loop
      vertex 36.1671 31.2693 4.1
      vertex 36.2437 29.5137 4.1
      vertex 36.2437 31.2863 4.1
    endloop
  endfacet
  facet normal 0 0 1
    outer loop
      vertex 36.1671 31.2693 4.1
      vertex 36.1671 29.5307 4.1
      vertex 36.2437 29.5137 4.1
    endloop
  endfacet
  facet normal -0 0 1
    outer loop
      vertex 36.0922 31.2457 4.1
      vertex 36.1671 29.5307 4.1
      vertex 36.1671 31.2693 4.1
    endloop
  endfacet
  facet normal 0 0 1
    outer loop
      vertex 36.0922 31.2457 4.1
      vertex 36.0922 29.5543 4.1
      vertex 36.1671 29.5307 4.1
    endloop
  endfacet
  facet normal -0 0 1
    outer loop
      vertex 36.0196 31.2157 4.1
      vertex 36.0922 29.5543 4.1
      vertex 36.0922 31.2457 4.1
    endloop
  endfacet
  facet normal 0 0 1
    outer loop
      vertex 36.0196 31.2157 4.1
      vertex 36.0196 29.5843 4.1
      vertex 36.0922 29.5543 4.1
    endloop
  endfacet
  facet normal -0 0 1
    outer loop
      vertex 35.95 31.1794 4.1
      vertex 36.0196 29.5843 4.1
      vertex 36.0196 31.2157 4.1
    endloop
  endfacet
  facet normal 0 0 1
    outer loop
      vertex 35.95 31.1794 4.1
      vertex 35.95 29.6206 4.1
      vertex 36.0196 29.5843 4.1
    endloop
  endfacet
  facet normal -0 0 1
    outer loop
      vertex 35.8838 31.1372 4.1
      vertex 35.95 29.6206 4.1
      vertex 35.95 31.1794 4.1
    endloop
  endfacet
  facet normal 0 0 1
    outer loop
      vertex 35.8838 31.1372 4.1
      vertex 35.8838 29.6628 4.1
      vertex 35.95 29.6206 4.1
    endloop
  endfacet
  facet normal -0 0 1
    outer loop
      vertex 35.8215 31.0894 4.1
      vertex 35.8838 29.6628 4.1
      vertex 35.8838 31.1372 4.1
    endloop
  endfacet
  facet normal 0 0 1
    outer loop
      vertex 35.8215 31.0894 4.1
      vertex 35.8215 29.7106 4.1
      vertex 35.8838 29.6628 4.1
    endloop
  endfacet
  facet normal -0 0 1
    outer loop
      vertex 35.7636 31.0364 4.1
      vertex 35.8215 29.7106 4.1
      vertex 35.8215 31.0894 4.1
    endloop
  endfacet
  facet normal 0 0 1
    outer loop
      vertex 35.7636 31.0364 4.1
      vertex 35.7636 29.7636 4.1
      vertex 35.8215 29.7106 4.1
    endloop
  endfacet
  facet normal -0 0 1
    outer loop
      vertex 35.7106 30.9785 4.1
      vertex 35.7636 29.7636 4.1
      vertex 35.7636 31.0364 4.1
    endloop
  endfacet
  facet normal 0 0 1
    outer loop
      vertex 35.7106 30.9785 4.1
      vertex 35.7106 29.8215 4.1
      vertex 35.7636 29.7636 4.1
    endloop
  endfacet
  facet normal -0 0 1
    outer loop
      vertex 35.6628 30.9162 4.1
      vertex 35.7106 29.8215 4.1
      vertex 35.7106 30.9785 4.1
    endloop
  endfacet
  facet normal 0 0 1
    outer loop
      vertex 35.6628 30.9162 4.1
      vertex 35.6628 29.8838 4.1
      vertex 35.7106 29.8215 4.1
    endloop
  endfacet
  facet normal -0 0 1
    outer loop
      vertex 35.6206 30.85 4.1
      vertex 35.6628 29.8838 4.1
      vertex 35.6628 30.9162 4.1
    endloop
  endfacet
  facet normal 0 0 1
    outer loop
      vertex 35.6206 30.85 4.1
      vertex 35.6206 29.95 4.1
      vertex 35.6628 29.8838 4.1
    endloop
  endfacet
  facet normal -0 0 1
    outer loop
      vertex 35.5843 30.7804 4.1
      vertex 35.6206 29.95 4.1
      vertex 35.6206 30.85 4.1
    endloop
  endfacet
  facet normal 0 0 1
    outer loop
      vertex 35.5843 30.7804 4.1
      vertex 35.5843 30.0196 4.1
      vertex 35.6206 29.95 4.1
    endloop
  endfacet
  facet normal -0 0 1
    outer loop
      vertex 35.5543 30.7078 4.1
      vertex 35.5843 30.0196 4.1
      vertex 35.5843 30.7804 4.1
    endloop
  endfacet
  facet normal 0 0 1
    outer loop
      vertex 35.5543 30.7078 4.1
      vertex 35.5543 30.0922 4.1
      vertex 35.5843 30.0196 4.1
    endloop
  endfacet
  facet normal -0 0 1
    outer loop
      vertex 35.5307 30.6329 4.1
      vertex 35.5543 30.0922 4.1
      vertex 35.5543 30.7078 4.1
    endloop
  endfacet
  facet normal 0 0 1
    outer loop
      vertex 35.5307 30.6329 4.1
      vertex 35.5307 30.1671 4.1
      vertex 35.5543 30.0922 4.1
    endloop
  endfacet
  facet normal -0 0 1
    outer loop
      vertex 35.5137 30.5563 4.1
      vertex 35.5307 30.1671 4.1
      vertex 35.5307 30.6329 4.1
    endloop
  endfacet
  facet normal 0 0 1
    outer loop
      vertex 35.5137 30.5563 4.1
      vertex 35.5137 30.2437 4.1
      vertex 35.5307 30.1671 4.1
    endloop
  endfacet
  facet normal -0 0 1
    outer loop
      vertex 35.5034 30.4784 4.1
      vertex 35.5137 30.2437 4.1
      vertex 35.5137 30.5563 4.1
    endloop
  endfacet
  facet normal 0 0 1
    outer loop
      vertex 35.5034 30.4784 4.1
      vertex 35.5034 30.3216 4.1
      vertex 35.5137 30.2437 4.1
    endloop
  endfacet
  facet normal 0 -0 1
    outer loop
      vertex 35.5034 30.3216 4.1
      vertex 35.5034 30.4784 4.1
      vertex 35.5 30.4 4.1
    endloop
  endfacet
  facet normal 0.608726 0.793381 -0
    outer loop
      vertex 35.8838 29.6628 4.1
      vertex 35.8215 29.7106 6.3
      vertex 35.8838 29.6628 6.3
    endloop
  endfacet
  facet normal 0.608726 0.793381 0
    outer loop
      vertex 35.8215 29.7106 6.3
      vertex 35.8838 29.6628 4.1
      vertex 35.8215 29.7106 4.1
    endloop
  endfacet
  facet normal 0.13108 0.991372 -0
    outer loop
      vertex 36.3216 29.5034 4.1
      vertex 36.2437 29.5137 6.3
      vertex 36.3216 29.5034 6.3
    endloop
  endfacet
  facet normal 0.13108 0.991372 0
    outer loop
      vertex 36.2437 29.5137 6.3
      vertex 36.3216 29.5034 4.1
      vertex 36.2437 29.5137 4.1
    endloop
  endfacet
  facet normal -0.13108 -0.991372 0
    outer loop
      vertex 36.4784 31.2966 4.1
      vertex 36.5563 31.2863 6.3
      vertex 36.4784 31.2966 6.3
    endloop
  endfacet
  facet normal -0.13108 -0.991372 -0
    outer loop
      vertex 36.5563 31.2863 6.3
      vertex 36.4784 31.2966 4.1
      vertex 36.5563 31.2863 4.1
    endloop
  endfacet
  facet normal -0.537535 -0.843242 0
    outer loop
      vertex 36.85 31.1794 4.1
      vertex 36.9162 31.1372 6.3
      vertex 36.85 31.1794 6.3
    endloop
  endfacet
  facet normal -0.537535 -0.843242 -0
    outer loop
      vertex 36.9162 31.1372 6.3
      vertex 36.85 31.1794 4.1
      vertex 36.9162 31.1372 4.1
    endloop
  endfacet
  facet normal -0.675205 -0.73763 0
    outer loop
      vertex 36.9785 31.0894 4.1
      vertex 37.0364 31.0364 6.3
      vertex 36.9785 31.0894 6.3
    endloop
  endfacet
  facet normal -0.675205 -0.73763 -0
    outer loop
      vertex 37.0364 31.0364 6.3
      vertex 36.9785 31.0894 4.1
      vertex 37.0364 31.0364 4.1
    endloop
  endfacet
  facet normal -0.608726 -0.793381 0
    outer loop
      vertex 36.9162 31.1372 4.1
      vertex 36.9785 31.0894 6.3
      vertex 36.9162 31.1372 6.3
    endloop
  endfacet
  facet normal -0.608726 -0.793381 -0
    outer loop
      vertex 36.9785 31.0894 6.3
      vertex 36.9162 31.1372 4.1
      vertex 36.9785 31.0894 4.1
    endloop
  endfacet
  facet normal -0.793381 -0.608726 0
    outer loop
      vertex 37.1372 30.9162 4.1
      vertex 37.0894 30.9785 6.3
      vertex 37.0894 30.9785 4.1
    endloop
  endfacet
  facet normal -0.793381 -0.608726 0
    outer loop
      vertex 37.0894 30.9785 6.3
      vertex 37.1372 30.9162 4.1
      vertex 37.1372 30.9162 6.3
    endloop
  endfacet
  facet normal -0.843242 -0.537535 0
    outer loop
      vertex 37.1794 30.85 4.1
      vertex 37.1372 30.9162 6.3
      vertex 37.1372 30.9162 4.1
    endloop
  endfacet
  facet normal -0.843242 -0.537535 0
    outer loop
      vertex 37.1372 30.9162 6.3
      vertex 37.1794 30.85 4.1
      vertex 37.1794 30.85 6.3
    endloop
  endfacet
  facet normal 0.608726 -0.793381 0
    outer loop
      vertex 35.8215 31.0894 4.1
      vertex 35.8838 31.1372 6.3
      vertex 35.8215 31.0894 6.3
    endloop
  endfacet
  facet normal 0.608726 -0.793381 0
    outer loop
      vertex 35.8838 31.1372 6.3
      vertex 35.8215 31.0894 4.1
      vertex 35.8838 31.1372 4.1
    endloop
  endfacet
  facet normal 0.537535 -0.843242 0
    outer loop
      vertex 35.8838 31.1372 4.1
      vertex 35.95 31.1794 6.3
      vertex 35.8838 31.1372 6.3
    endloop
  endfacet
  facet normal 0.537535 -0.843242 0
    outer loop
      vertex 35.95 31.1794 6.3
      vertex 35.8838 31.1372 4.1
      vertex 35.95 31.1794 4.1
    endloop
  endfacet
  facet normal 0.462435 -0.886653 0
    outer loop
      vertex 35.95 31.1794 4.1
      vertex 36.0196 31.2157 6.3
      vertex 35.95 31.1794 6.3
    endloop
  endfacet
  facet normal 0.462435 -0.886653 0
    outer loop
      vertex 36.0196 31.2157 6.3
      vertex 35.95 31.1794 4.1
      vertex 36.0196 31.2157 4.1
    endloop
  endfacet
  facet normal 0.0433266 -0.999061 0
    outer loop
      vertex 36.3216 31.2966 4.1
      vertex 36.4 31.3 6.3
      vertex 36.3216 31.2966 6.3
    endloop
  endfacet
  facet normal 0.0433266 -0.999061 0
    outer loop
      vertex 36.4 31.3 6.3
      vertex 36.3216 31.2966 4.1
      vertex 36.4 31.3 4.1
    endloop
  endfacet
  facet normal 0.843242 -0.537535 0
    outer loop
      vertex 35.6206 30.85 6.3
      vertex 35.6628 30.9162 4.1
      vertex 35.6628 30.9162 6.3
    endloop
  endfacet
  facet normal 0.843242 -0.537535 0
    outer loop
      vertex 35.6628 30.9162 4.1
      vertex 35.6206 30.85 6.3
      vertex 35.6206 30.85 4.1
    endloop
  endfacet
  facet normal 0.991372 -0.13108 0
    outer loop
      vertex 35.5034 30.4784 6.3
      vertex 35.5137 30.5563 4.1
      vertex 35.5137 30.5563 6.3
    endloop
  endfacet
  facet normal 0.991372 -0.13108 0
    outer loop
      vertex 35.5137 30.5563 4.1
      vertex 35.5034 30.4784 6.3
      vertex 35.5034 30.4784 4.1
    endloop
  endfacet
  facet normal -0.953775 0.300522 0
    outer loop
      vertex 37.2457 30.0922 4.1
      vertex 37.2693 30.1671 6.3
      vertex 37.2693 30.1671 4.1
    endloop
  endfacet
  facet normal -0.953775 0.300522 0
    outer loop
      vertex 37.2693 30.1671 6.3
      vertex 37.2457 30.0922 4.1
      vertex 37.2457 30.0922 6.3
    endloop
  endfacet
  facet normal -0.976247 0.216661 0
    outer loop
      vertex 37.2693 30.1671 4.1
      vertex 37.2863 30.2437 6.3
      vertex 37.2863 30.2437 4.1
    endloop
  endfacet
  facet normal -0.976247 0.216661 0
    outer loop
      vertex 37.2863 30.2437 6.3
      vertex 37.2693 30.1671 4.1
      vertex 37.2693 30.1671 6.3
    endloop
  endfacet
  facet normal -0.73763 0.675205 0
    outer loop
      vertex 37.0364 29.7636 4.1
      vertex 37.0894 29.8215 6.3
      vertex 37.0894 29.8215 4.1
    endloop
  endfacet
  facet normal -0.73763 0.675205 0
    outer loop
      vertex 37.0894 29.8215 6.3
      vertex 37.0364 29.7636 4.1
      vertex 37.0364 29.7636 6.3
    endloop
  endfacet
  facet normal -0.300522 0.953775 0
    outer loop
      vertex 36.7078 29.5543 4.1
      vertex 36.6329 29.5307 6.3
      vertex 36.7078 29.5543 6.3
    endloop
  endfacet
  facet normal -0.300522 0.953775 0
    outer loop
      vertex 36.6329 29.5307 6.3
      vertex 36.7078 29.5543 4.1
      vertex 36.6329 29.5307 4.1
    endloop
  endfacet
  facet normal -0.216661 0.976247 0
    outer loop
      vertex 36.6329 29.5307 4.1
      vertex 36.5563 29.5137 6.3
      vertex 36.6329 29.5307 6.3
    endloop
  endfacet
  facet normal -0.216661 0.976247 0
    outer loop
      vertex 36.5563 29.5137 6.3
      vertex 36.6329 29.5307 4.1
      vertex 36.5563 29.5137 4.1
    endloop
  endfacet
  facet normal -0.462435 0.886653 0
    outer loop
      vertex 36.85 29.6206 4.1
      vertex 36.7804 29.5843 6.3
      vertex 36.85 29.6206 6.3
    endloop
  endfacet
  facet normal -0.462435 0.886653 0
    outer loop
      vertex 36.7804 29.5843 6.3
      vertex 36.85 29.6206 4.1
      vertex 36.7804 29.5843 4.1
    endloop
  endfacet
  facet normal 0.793381 0.608726 0
    outer loop
      vertex 35.7106 29.8215 6.3
      vertex 35.6628 29.8838 4.1
      vertex 35.6628 29.8838 6.3
    endloop
  endfacet
  facet normal 0.793381 0.608726 0
    outer loop
      vertex 35.6628 29.8838 4.1
      vertex 35.7106 29.8215 6.3
      vertex 35.7106 29.8215 4.1
    endloop
  endfacet
  facet normal 0.953775 0.300522 0
    outer loop
      vertex 35.5543 30.0922 6.3
      vertex 35.5307 30.1671 4.1
      vertex 35.5307 30.1671 6.3
    endloop
  endfacet
  facet normal 0.953775 0.300522 0
    outer loop
      vertex 35.5307 30.1671 4.1
      vertex 35.5543 30.0922 6.3
      vertex 35.5543 30.0922 4.1
    endloop
  endfacet
  facet normal 0.976247 0.216661 0
    outer loop
      vertex 35.5307 30.1671 6.3
      vertex 35.5137 30.2437 4.1
      vertex 35.5137 30.2437 6.3
    endloop
  endfacet
  facet normal 0.976247 0.216661 0
    outer loop
      vertex 35.5137 30.2437 4.1
      vertex 35.5307 30.1671 6.3
      vertex 35.5307 30.1671 4.1
    endloop
  endfacet
  facet normal 0.999061 -0.0433266 0
    outer loop
      vertex 35.5 30.4 6.3
      vertex 35.5034 30.4784 4.1
      vertex 35.5034 30.4784 6.3
    endloop
  endfacet
  facet normal 0.999061 -0.0433266 0
    outer loop
      vertex 35.5034 30.4784 4.1
      vertex 35.5 30.4 6.3
      vertex 35.5 30.4 4.1
    endloop
  endfacet
  facet normal 0.675205 0.73763 -0
    outer loop
      vertex 35.8215 29.7106 4.1
      vertex 35.7636 29.7636 6.3
      vertex 35.8215 29.7106 6.3
    endloop
  endfacet
  facet normal 0.675205 0.73763 0
    outer loop
      vertex 35.7636 29.7636 6.3
      vertex 35.8215 29.7106 4.1
      vertex 35.7636 29.7636 4.1
    endloop
  endfacet
  facet normal 0.537535 0.843242 -0
    outer loop
      vertex 35.95 29.6206 4.1
      vertex 35.8838 29.6628 6.3
      vertex 35.95 29.6206 6.3
    endloop
  endfacet
  facet normal 0.537535 0.843242 0
    outer loop
      vertex 35.8838 29.6628 6.3
      vertex 35.95 29.6206 4.1
      vertex 35.8838 29.6628 4.1
    endloop
  endfacet
  facet normal 0.381902 0.924203 -0
    outer loop
      vertex 36.0922 29.5543 4.1
      vertex 36.0196 29.5843 6.3
      vertex 36.0922 29.5543 6.3
    endloop
  endfacet
  facet normal 0.381902 0.924203 0
    outer loop
      vertex 36.0196 29.5843 6.3
      vertex 36.0922 29.5543 4.1
      vertex 36.0196 29.5843 4.1
    endloop
  endfacet
  facet normal 0.300522 0.953775 -0
    outer loop
      vertex 36.1671 29.5307 4.1
      vertex 36.0922 29.5543 6.3
      vertex 36.1671 29.5307 6.3
    endloop
  endfacet
  facet normal 0.300522 0.953775 0
    outer loop
      vertex 36.0922 29.5543 6.3
      vertex 36.1671 29.5307 4.1
      vertex 36.0922 29.5543 4.1
    endloop
  endfacet
  facet normal -0.216661 -0.976247 0
    outer loop
      vertex 36.5563 31.2863 4.1
      vertex 36.6329 31.2693 6.3
      vertex 36.5563 31.2863 6.3
    endloop
  endfacet
  facet normal -0.216661 -0.976247 -0
    outer loop
      vertex 36.6329 31.2693 6.3
      vertex 36.5563 31.2863 4.1
      vertex 36.6329 31.2693 4.1
    endloop
  endfacet
  facet normal -0.462435 -0.886653 0
    outer loop
      vertex 36.7804 31.2157 4.1
      vertex 36.85 31.1794 6.3
      vertex 36.7804 31.2157 6.3
    endloop
  endfacet
  facet normal -0.462435 -0.886653 -0
    outer loop
      vertex 36.85 31.1794 6.3
      vertex 36.7804 31.2157 4.1
      vertex 36.85 31.1794 4.1
    endloop
  endfacet
  facet normal -0.924203 -0.381902 0
    outer loop
      vertex 37.2457 30.7078 4.1
      vertex 37.2157 30.7804 6.3
      vertex 37.2157 30.7804 4.1
    endloop
  endfacet
  facet normal -0.924203 -0.381902 0
    outer loop
      vertex 37.2157 30.7804 6.3
      vertex 37.2457 30.7078 4.1
      vertex 37.2457 30.7078 6.3
    endloop
  endfacet
  facet normal -0.991372 -0.13108 0
    outer loop
      vertex 37.2966 30.4784 4.1
      vertex 37.2863 30.5563 6.3
      vertex 37.2863 30.5563 4.1
    endloop
  endfacet
  facet normal -0.991372 -0.13108 0
    outer loop
      vertex 37.2863 30.5563 6.3
      vertex 37.2966 30.4784 4.1
      vertex 37.2966 30.4784 6.3
    endloop
  endfacet
  facet normal -0.953775 -0.300522 0
    outer loop
      vertex 37.2693 30.6329 4.1
      vertex 37.2457 30.7078 6.3
      vertex 37.2457 30.7078 4.1
    endloop
  endfacet
  facet normal -0.953775 -0.300522 0
    outer loop
      vertex 37.2457 30.7078 6.3
      vertex 37.2693 30.6329 4.1
      vertex 37.2693 30.6329 6.3
    endloop
  endfacet
  facet normal 0.381902 -0.924203 0
    outer loop
      vertex 36.0196 31.2157 4.1
      vertex 36.0922 31.2457 6.3
      vertex 36.0196 31.2157 6.3
    endloop
  endfacet
  facet normal 0.381902 -0.924203 0
    outer loop
      vertex 36.0922 31.2457 6.3
      vertex 36.0196 31.2157 4.1
      vertex 36.0922 31.2457 4.1
    endloop
  endfacet
  facet normal 0.13108 -0.991372 0
    outer loop
      vertex 36.2437 31.2863 4.1
      vertex 36.3216 31.2966 6.3
      vertex 36.2437 31.2863 6.3
    endloop
  endfacet
  facet normal 0.13108 -0.991372 0
    outer loop
      vertex 36.3216 31.2966 6.3
      vertex 36.2437 31.2863 4.1
      vertex 36.3216 31.2966 4.1
    endloop
  endfacet
  facet normal 0.793381 -0.608726 0
    outer loop
      vertex 35.6628 30.9162 6.3
      vertex 35.7106 30.9785 4.1
      vertex 35.7106 30.9785 6.3
    endloop
  endfacet
  facet normal 0.793381 -0.608726 0
    outer loop
      vertex 35.7106 30.9785 4.1
      vertex 35.6628 30.9162 6.3
      vertex 35.6628 30.9162 4.1
    endloop
  endfacet
  facet normal 0.886653 -0.462435 0
    outer loop
      vertex 35.5843 30.7804 6.3
      vertex 35.6206 30.85 4.1
      vertex 35.6206 30.85 6.3
    endloop
  endfacet
  facet normal 0.886653 -0.462435 0
    outer loop
      vertex 35.6206 30.85 4.1
      vertex 35.5843 30.7804 6.3
      vertex 35.5843 30.7804 4.1
    endloop
  endfacet
  facet normal 0.976247 -0.216661 0
    outer loop
      vertex 35.5137 30.5563 6.3
      vertex 35.5307 30.6329 4.1
      vertex 35.5307 30.6329 6.3
    endloop
  endfacet
  facet normal 0.976247 -0.216661 0
    outer loop
      vertex 35.5307 30.6329 4.1
      vertex 35.5137 30.5563 6.3
      vertex 35.5137 30.5563 4.1
    endloop
  endfacet
  facet normal -0.300522 -0.953775 0
    outer loop
      vertex 36.6329 31.2693 4.1
      vertex 36.7078 31.2457 6.3
      vertex 36.6329 31.2693 6.3
    endloop
  endfacet
  facet normal -0.300522 -0.953775 -0
    outer loop
      vertex 36.7078 31.2457 6.3
      vertex 36.6329 31.2693 4.1
      vertex 36.7078 31.2457 4.1
    endloop
  endfacet
  facet normal -0.999061 -0.0433266 0
    outer loop
      vertex 37.3 30.4 4.1
      vertex 37.2966 30.4784 6.3
      vertex 37.2966 30.4784 4.1
    endloop
  endfacet
  facet normal -0.999061 -0.0433266 0
    outer loop
      vertex 37.2966 30.4784 6.3
      vertex 37.3 30.4 4.1
      vertex 37.3 30.4 6.3
    endloop
  endfacet
  facet normal -0.976247 -0.216661 0
    outer loop
      vertex 37.2863 30.5563 4.1
      vertex 37.2693 30.6329 6.3
      vertex 37.2693 30.6329 4.1
    endloop
  endfacet
  facet normal -0.976247 -0.216661 0
    outer loop
      vertex 37.2693 30.6329 6.3
      vertex 37.2863 30.5563 4.1
      vertex 37.2863 30.5563 6.3
    endloop
  endfacet
  facet normal 0.216661 -0.976247 0
    outer loop
      vertex 36.1671 31.2693 4.1
      vertex 36.2437 31.2863 6.3
      vertex 36.1671 31.2693 6.3
    endloop
  endfacet
  facet normal 0.216661 -0.976247 0
    outer loop
      vertex 36.2437 31.2863 6.3
      vertex 36.1671 31.2693 4.1
      vertex 36.2437 31.2863 4.1
    endloop
  endfacet
  facet normal 0.953775 -0.300522 0
    outer loop
      vertex 35.5307 30.6329 6.3
      vertex 35.5543 30.7078 4.1
      vertex 35.5543 30.7078 6.3
    endloop
  endfacet
  facet normal 0.953775 -0.300522 0
    outer loop
      vertex 35.5543 30.7078 4.1
      vertex 35.5307 30.6329 6.3
      vertex 35.5307 30.6329 4.1
    endloop
  endfacet
  facet normal -0.999061 0.0433266 0
    outer loop
      vertex 31.2966 24.3216 4.1
      vertex 31.3 24.4 6.3
      vertex 31.3 24.4 4.1
    endloop
  endfacet
  facet normal -0.999061 0.0433266 0
    outer loop
      vertex 31.3 24.4 6.3
      vertex 31.2966 24.3216 4.1
      vertex 31.2966 24.3216 6.3
    endloop
  endfacet
  facet normal 0.0433266 0.999061 -0
    outer loop
      vertex 30.4 23.5 4.1
      vertex 30.3216 23.5034 6.3
      vertex 30.4 23.5 6.3
    endloop
  endfacet
  facet normal 0.0433266 0.999061 0
    outer loop
      vertex 30.3216 23.5034 6.3
      vertex 30.4 23.5 4.1
      vertex 30.3216 23.5034 4.1
    endloop
  endfacet
  facet normal -0.0433266 -0.999061 0
    outer loop
      vertex 30.4 25.3 4.1
      vertex 30.4784 25.2966 6.3
      vertex 30.4 25.3 6.3
    endloop
  endfacet
  facet normal -0.0433266 -0.999061 -0
    outer loop
      vertex 30.4784 25.2966 6.3
      vertex 30.4 25.3 4.1
      vertex 30.4784 25.2966 4.1
    endloop
  endfacet
  facet normal -0.675205 0.73763 0
    outer loop
      vertex 31.0364 23.7636 4.1
      vertex 30.9785 23.7106 6.3
      vertex 31.0364 23.7636 6.3
    endloop
  endfacet
  facet normal -0.675205 0.73763 0
    outer loop
      vertex 30.9785 23.7106 6.3
      vertex 31.0364 23.7636 4.1
      vertex 30.9785 23.7106 4.1
    endloop
  endfacet
  facet normal 0.73763 0.675205 0
    outer loop
      vertex 29.7636 23.7636 6.3
      vertex 29.7106 23.8215 4.1
      vertex 29.7106 23.8215 6.3
    endloop
  endfacet
  facet normal 0.73763 0.675205 0
    outer loop
      vertex 29.7106 23.8215 4.1
      vertex 29.7636 23.7636 6.3
      vertex 29.7636 23.7636 4.1
    endloop
  endfacet
  facet normal 0.462435 0.886653 -0
    outer loop
      vertex 30.0196 23.5843 4.1
      vertex 29.95 23.6206 6.3
      vertex 30.0196 23.5843 6.3
    endloop
  endfacet
  facet normal 0.462435 0.886653 0
    outer loop
      vertex 29.95 23.6206 6.3
      vertex 30.0196 23.5843 4.1
      vertex 29.95 23.6206 4.1
    endloop
  endfacet
  facet normal -0.886653 0.462435 0
    outer loop
      vertex 31.1794 23.95 4.1
      vertex 31.2157 24.0196 6.3
      vertex 31.2157 24.0196 4.1
    endloop
  endfacet
  facet normal -0.886653 0.462435 0
    outer loop
      vertex 31.2157 24.0196 6.3
      vertex 31.1794 23.95 4.1
      vertex 31.1794 23.95 6.3
    endloop
  endfacet
  facet normal -0.381902 0.924203 0
    outer loop
      vertex 30.7804 23.5843 4.1
      vertex 30.7078 23.5543 6.3
      vertex 30.7804 23.5843 6.3
    endloop
  endfacet
  facet normal -0.381902 0.924203 0
    outer loop
      vertex 30.7078 23.5543 6.3
      vertex 30.7804 23.5843 4.1
      vertex 30.7078 23.5543 4.1
    endloop
  endfacet
  facet normal -0.537535 0.843242 0
    outer loop
      vertex 30.9162 23.6628 4.1
      vertex 30.85 23.6206 6.3
      vertex 30.9162 23.6628 6.3
    endloop
  endfacet
  facet normal -0.537535 0.843242 0
    outer loop
      vertex 30.85 23.6206 6.3
      vertex 30.9162 23.6628 4.1
      vertex 30.85 23.6206 4.1
    endloop
  endfacet
  facet normal 0.924203 0.381902 0
    outer loop
      vertex 29.5843 24.0196 6.3
      vertex 29.5543 24.0922 4.1
      vertex 29.5543 24.0922 6.3
    endloop
  endfacet
  facet normal 0.924203 0.381902 0
    outer loop
      vertex 29.5543 24.0922 4.1
      vertex 29.5843 24.0196 6.3
      vertex 29.5843 24.0196 4.1
    endloop
  endfacet
  facet normal 0.300522 0.953775 -0
    outer loop
      vertex 30.1671 23.5307 4.1
      vertex 30.0922 23.5543 6.3
      vertex 30.1671 23.5307 6.3
    endloop
  endfacet
  facet normal 0.300522 0.953775 0
    outer loop
      vertex 30.0922 23.5543 6.3
      vertex 30.1671 23.5307 4.1
      vertex 30.0922 23.5543 4.1
    endloop
  endfacet
  facet normal 0.675205 -0.73763 0
    outer loop
      vertex 29.7636 25.0364 4.1
      vertex 29.8215 25.0894 6.3
      vertex 29.7636 25.0364 6.3
    endloop
  endfacet
  facet normal 0.675205 -0.73763 0
    outer loop
      vertex 29.8215 25.0894 6.3
      vertex 29.7636 25.0364 4.1
      vertex 29.8215 25.0894 4.1
    endloop
  endfacet
  facet normal 0.976247 -0.216661 0
    outer loop
      vertex 29.5137 24.5563 6.3
      vertex 29.5307 24.6329 4.1
      vertex 29.5307 24.6329 6.3
    endloop
  endfacet
  facet normal 0.976247 -0.216661 0
    outer loop
      vertex 29.5307 24.6329 4.1
      vertex 29.5137 24.5563 6.3
      vertex 29.5137 24.5563 4.1
    endloop
  endfacet
  facet normal -0.976247 0.216661 0
    outer loop
      vertex 31.2693 24.1671 4.1
      vertex 31.2863 24.2437 6.3
      vertex 31.2863 24.2437 4.1
    endloop
  endfacet
  facet normal -0.976247 0.216661 0
    outer loop
      vertex 31.2863 24.2437 6.3
      vertex 31.2693 24.1671 4.1
      vertex 31.2693 24.1671 6.3
    endloop
  endfacet
  facet normal -0.991372 0.13108 0
    outer loop
      vertex 31.2863 24.2437 4.1
      vertex 31.2966 24.3216 6.3
      vertex 31.2966 24.3216 4.1
    endloop
  endfacet
  facet normal -0.991372 0.13108 0
    outer loop
      vertex 31.2966 24.3216 6.3
      vertex 31.2863 24.2437 4.1
      vertex 31.2863 24.2437 6.3
    endloop
  endfacet
  facet normal -0.924203 0.381902 0
    outer loop
      vertex 31.2157 24.0196 4.1
      vertex 31.2457 24.0922 6.3
      vertex 31.2457 24.0922 4.1
    endloop
  endfacet
  facet normal -0.924203 0.381902 0
    outer loop
      vertex 31.2457 24.0922 6.3
      vertex 31.2157 24.0196 4.1
      vertex 31.2157 24.0196 6.3
    endloop
  endfacet
  facet normal -0.793381 0.608726 0
    outer loop
      vertex 31.0894 23.8215 4.1
      vertex 31.1372 23.8838 6.3
      vertex 31.1372 23.8838 4.1
    endloop
  endfacet
  facet normal -0.793381 0.608726 0
    outer loop
      vertex 31.1372 23.8838 6.3
      vertex 31.0894 23.8215 4.1
      vertex 31.0894 23.8215 6.3
    endloop
  endfacet
  facet normal -0.73763 0.675205 0
    outer loop
      vertex 31.0364 23.7636 4.1
      vertex 31.0894 23.8215 6.3
      vertex 31.0894 23.8215 4.1
    endloop
  endfacet
  facet normal -0.73763 0.675205 0
    outer loop
      vertex 31.0894 23.8215 6.3
      vertex 31.0364 23.7636 4.1
      vertex 31.0364 23.7636 6.3
    endloop
  endfacet
  facet normal -0.843242 0.537535 0
    outer loop
      vertex 31.1372 23.8838 4.1
      vertex 31.1794 23.95 6.3
      vertex 31.1794 23.95 4.1
    endloop
  endfacet
  facet normal -0.843242 0.537535 0
    outer loop
      vertex 31.1794 23.95 6.3
      vertex 31.1372 23.8838 4.1
      vertex 31.1372 23.8838 6.3
    endloop
  endfacet
  facet normal -0.13108 0.991372 0
    outer loop
      vertex 30.5563 23.5137 4.1
      vertex 30.4784 23.5034 6.3
      vertex 30.5563 23.5137 6.3
    endloop
  endfacet
  facet normal -0.13108 0.991372 0
    outer loop
      vertex 30.4784 23.5034 6.3
      vertex 30.5563 23.5137 4.1
      vertex 30.4784 23.5034 4.1
    endloop
  endfacet
  facet normal -0.216661 0.976247 0
    outer loop
      vertex 30.6329 23.5307 4.1
      vertex 30.5563 23.5137 6.3
      vertex 30.6329 23.5307 6.3
    endloop
  endfacet
  facet normal -0.216661 0.976247 0
    outer loop
      vertex 30.5563 23.5137 6.3
      vertex 30.6329 23.5307 4.1
      vertex 30.5563 23.5137 4.1
    endloop
  endfacet
  facet normal -0.0433266 0.999061 0
    outer loop
      vertex 30.4784 23.5034 4.1
      vertex 30.4 23.5 6.3
      vertex 30.4784 23.5034 6.3
    endloop
  endfacet
  facet normal -0.0433266 0.999061 0
    outer loop
      vertex 30.4 23.5 6.3
      vertex 30.4784 23.5034 4.1
      vertex 30.4 23.5 4.1
    endloop
  endfacet
  facet normal -0.462435 0.886653 0
    outer loop
      vertex 30.85 23.6206 4.1
      vertex 30.7804 23.5843 6.3
      vertex 30.85 23.6206 6.3
    endloop
  endfacet
  facet normal -0.462435 0.886653 0
    outer loop
      vertex 30.7804 23.5843 6.3
      vertex 30.85 23.6206 4.1
      vertex 30.7804 23.5843 4.1
    endloop
  endfacet
  facet normal -0.608726 0.793381 0
    outer loop
      vertex 30.9785 23.7106 4.1
      vertex 30.9162 23.6628 6.3
      vertex 30.9785 23.7106 6.3
    endloop
  endfacet
  facet normal -0.608726 0.793381 0
    outer loop
      vertex 30.9162 23.6628 6.3
      vertex 30.9785 23.7106 4.1
      vertex 30.9162 23.6628 4.1
    endloop
  endfacet
  facet normal 0.991372 0.13108 0
    outer loop
      vertex 29.5137 24.2437 6.3
      vertex 29.5034 24.3216 4.1
      vertex 29.5034 24.3216 6.3
    endloop
  endfacet
  facet normal 0.991372 0.13108 0
    outer loop
      vertex 29.5034 24.3216 4.1
      vertex 29.5137 24.2437 6.3
      vertex 29.5137 24.2437 4.1
    endloop
  endfacet
  facet normal 0.843242 0.537535 0
    outer loop
      vertex 29.6628 23.8838 6.3
      vertex 29.6206 23.95 4.1
      vertex 29.6206 23.95 6.3
    endloop
  endfacet
  facet normal 0.843242 0.537535 0
    outer loop
      vertex 29.6206 23.95 4.1
      vertex 29.6628 23.8838 6.3
      vertex 29.6628 23.8838 4.1
    endloop
  endfacet
  facet normal 0.793381 0.608726 0
    outer loop
      vertex 29.7106 23.8215 6.3
      vertex 29.6628 23.8838 4.1
      vertex 29.6628 23.8838 6.3
    endloop
  endfacet
  facet normal 0.793381 0.608726 0
    outer loop
      vertex 29.6628 23.8838 4.1
      vertex 29.7106 23.8215 6.3
      vertex 29.7106 23.8215 4.1
    endloop
  endfacet
  facet normal 0.886653 0.462435 0
    outer loop
      vertex 29.6206 23.95 6.3
      vertex 29.5843 24.0196 4.1
      vertex 29.5843 24.0196 6.3
    endloop
  endfacet
  facet normal 0.886653 0.462435 0
    outer loop
      vertex 29.5843 24.0196 4.1
      vertex 29.6206 23.95 6.3
      vertex 29.6206 23.95 4.1
    endloop
  endfacet
  facet normal 0.976247 0.216661 0
    outer loop
      vertex 29.5307 24.1671 6.3
      vertex 29.5137 24.2437 4.1
      vertex 29.5137 24.2437 6.3
    endloop
  endfacet
  facet normal 0.976247 0.216661 0
    outer loop
      vertex 29.5137 24.2437 4.1
      vertex 29.5307 24.1671 6.3
      vertex 29.5307 24.1671 4.1
    endloop
  endfacet
  facet normal 0.999061 0.0433266 0
    outer loop
      vertex 29.5034 24.3216 6.3
      vertex 29.5 24.4 4.1
      vertex 29.5 24.4 6.3
    endloop
  endfacet
  facet normal 0.999061 0.0433266 0
    outer loop
      vertex 29.5 24.4 4.1
      vertex 29.5034 24.3216 6.3
      vertex 29.5034 24.3216 4.1
    endloop
  endfacet
  facet normal 0 0 1
    outer loop
      vertex 31.2966 24.4784 4.1
      vertex 31.2966 24.3216 4.1
      vertex 31.3 24.4 4.1
    endloop
  endfacet
  facet normal 0 0 1
    outer loop
      vertex 31.2863 24.5563 4.1
      vertex 31.2966 24.3216 4.1
      vertex 31.2966 24.4784 4.1
    endloop
  endfacet
  facet normal 0 0 1
    outer loop
      vertex 31.2863 24.5563 4.1
      vertex 31.2863 24.2437 4.1
      vertex 31.2966 24.3216 4.1
    endloop
  endfacet
  facet normal 0 0 1
    outer loop
      vertex 31.2693 24.6329 4.1
      vertex 31.2863 24.2437 4.1
      vertex 31.2863 24.5563 4.1
    endloop
  endfacet
  facet normal 0 0 1
    outer loop
      vertex 31.2693 24.6329 4.1
      vertex 31.2693 24.1671 4.1
      vertex 31.2863 24.2437 4.1
    endloop
  endfacet
  facet normal 0 0 1
    outer loop
      vertex 31.2457 24.7078 4.1
      vertex 31.2693 24.1671 4.1
      vertex 31.2693 24.6329 4.1
    endloop
  endfacet
  facet normal 0 0 1
    outer loop
      vertex 31.2457 24.7078 4.1
      vertex 31.2457 24.0922 4.1
      vertex 31.2693 24.1671 4.1
    endloop
  endfacet
  facet normal 0 0 1
    outer loop
      vertex 31.2157 24.7804 4.1
      vertex 31.2457 24.0922 4.1
      vertex 31.2457 24.7078 4.1
    endloop
  endfacet
  facet normal 0 0 1
    outer loop
      vertex 31.2157 24.7804 4.1
      vertex 31.2157 24.0196 4.1
      vertex 31.2457 24.0922 4.1
    endloop
  endfacet
  facet normal 0 0 1
    outer loop
      vertex 31.1794 24.85 4.1
      vertex 31.2157 24.0196 4.1
      vertex 31.2157 24.7804 4.1
    endloop
  endfacet
  facet normal 0 0 1
    outer loop
      vertex 31.1794 24.85 4.1
      vertex 31.1794 23.95 4.1
      vertex 31.2157 24.0196 4.1
    endloop
  endfacet
  facet normal 0 0 1
    outer loop
      vertex 31.1372 24.9162 4.1
      vertex 31.1794 23.95 4.1
      vertex 31.1794 24.85 4.1
    endloop
  endfacet
  facet normal 0 0 1
    outer loop
      vertex 31.1372 24.9162 4.1
      vertex 31.1372 23.8838 4.1
      vertex 31.1794 23.95 4.1
    endloop
  endfacet
  facet normal 0 0 1
    outer loop
      vertex 31.0894 24.9785 4.1
      vertex 31.1372 23.8838 4.1
      vertex 31.1372 24.9162 4.1
    endloop
  endfacet
  facet normal 0 0 1
    outer loop
      vertex 31.0894 24.9785 4.1
      vertex 31.0894 23.8215 4.1
      vertex 31.1372 23.8838 4.1
    endloop
  endfacet
  facet normal 0 0 1
    outer loop
      vertex 31.0364 25.0364 4.1
      vertex 31.0894 23.8215 4.1
      vertex 31.0894 24.9785 4.1
    endloop
  endfacet
  facet normal 0 0 1
    outer loop
      vertex 31.0364 25.0364 4.1
      vertex 31.0364 23.7636 4.1
      vertex 31.0894 23.8215 4.1
    endloop
  endfacet
  facet normal 0 0 1
    outer loop
      vertex 30.9785 25.0894 4.1
      vertex 31.0364 23.7636 4.1
      vertex 31.0364 25.0364 4.1
    endloop
  endfacet
  facet normal 0 0 1
    outer loop
      vertex 30.9785 25.0894 4.1
      vertex 30.9785 23.7106 4.1
      vertex 31.0364 23.7636 4.1
    endloop
  endfacet
  facet normal 0 0 1
    outer loop
      vertex 30.9162 25.1372 4.1
      vertex 30.9785 23.7106 4.1
      vertex 30.9785 25.0894 4.1
    endloop
  endfacet
  facet normal 0 0 1
    outer loop
      vertex 30.9162 25.1372 4.1
      vertex 30.9162 23.6628 4.1
      vertex 30.9785 23.7106 4.1
    endloop
  endfacet
  facet normal 0 0 1
    outer loop
      vertex 30.85 25.1794 4.1
      vertex 30.9162 23.6628 4.1
      vertex 30.9162 25.1372 4.1
    endloop
  endfacet
  facet normal 0 0 1
    outer loop
      vertex 30.85 25.1794 4.1
      vertex 30.85 23.6206 4.1
      vertex 30.9162 23.6628 4.1
    endloop
  endfacet
  facet normal 0 0 1
    outer loop
      vertex 30.7804 25.2157 4.1
      vertex 30.85 23.6206 4.1
      vertex 30.85 25.1794 4.1
    endloop
  endfacet
  facet normal 0 0 1
    outer loop
      vertex 30.7804 25.2157 4.1
      vertex 30.7804 23.5843 4.1
      vertex 30.85 23.6206 4.1
    endloop
  endfacet
  facet normal 0 0 1
    outer loop
      vertex 30.7078 25.2457 4.1
      vertex 30.7804 23.5843 4.1
      vertex 30.7804 25.2157 4.1
    endloop
  endfacet
  facet normal 0 0 1
    outer loop
      vertex 30.7078 25.2457 4.1
      vertex 30.7078 23.5543 4.1
      vertex 30.7804 23.5843 4.1
    endloop
  endfacet
  facet normal 0 0 1
    outer loop
      vertex 30.6329 25.2693 4.1
      vertex 30.7078 23.5543 4.1
      vertex 30.7078 25.2457 4.1
    endloop
  endfacet
  facet normal 0 0 1
    outer loop
      vertex 30.6329 25.2693 4.1
      vertex 30.6329 23.5307 4.1
      vertex 30.7078 23.5543 4.1
    endloop
  endfacet
  facet normal 0 0 1
    outer loop
      vertex 30.5563 25.2863 4.1
      vertex 30.6329 23.5307 4.1
      vertex 30.6329 25.2693 4.1
    endloop
  endfacet
  facet normal 0 0 1
    outer loop
      vertex 30.5563 25.2863 4.1
      vertex 30.5563 23.5137 4.1
      vertex 30.6329 23.5307 4.1
    endloop
  endfacet
  facet normal 0 0 1
    outer loop
      vertex 30.4784 25.2966 4.1
      vertex 30.5563 23.5137 4.1
      vertex 30.5563 25.2863 4.1
    endloop
  endfacet
  facet normal 0 0 1
    outer loop
      vertex 30.4784 25.2966 4.1
      vertex 30.4784 23.5034 4.1
      vertex 30.5563 23.5137 4.1
    endloop
  endfacet
  facet normal 0 0 1
    outer loop
      vertex 30.4 25.3 4.1
      vertex 30.4784 23.5034 4.1
      vertex 30.4784 25.2966 4.1
    endloop
  endfacet
  facet normal 0 0 1
    outer loop
      vertex 30.4 25.3 4.1
      vertex 30.4 23.5 4.1
      vertex 30.4784 23.5034 4.1
    endloop
  endfacet
  facet normal -0 0 1
    outer loop
      vertex 30.3216 25.2966 4.1
      vertex 30.4 23.5 4.1
      vertex 30.4 25.3 4.1
    endloop
  endfacet
  facet normal 0 0 1
    outer loop
      vertex 30.3216 25.2966 4.1
      vertex 30.3216 23.5034 4.1
      vertex 30.4 23.5 4.1
    endloop
  endfacet
  facet normal -0 0 1
    outer loop
      vertex 30.2437 25.2863 4.1
      vertex 30.3216 23.5034 4.1
      vertex 30.3216 25.2966 4.1
    endloop
  endfacet
  facet normal 0 0 1
    outer loop
      vertex 30.2437 25.2863 4.1
      vertex 30.2437 23.5137 4.1
      vertex 30.3216 23.5034 4.1
    endloop
  endfacet
  facet normal -0 0 1
    outer loop
      vertex 30.1671 25.2693 4.1
      vertex 30.2437 23.5137 4.1
      vertex 30.2437 25.2863 4.1
    endloop
  endfacet
  facet normal 0 0 1
    outer loop
      vertex 30.1671 25.2693 4.1
      vertex 30.1671 23.5307 4.1
      vertex 30.2437 23.5137 4.1
    endloop
  endfacet
  facet normal -0 0 1
    outer loop
      vertex 30.0922 25.2457 4.1
      vertex 30.1671 23.5307 4.1
      vertex 30.1671 25.2693 4.1
    endloop
  endfacet
  facet normal 0 0 1
    outer loop
      vertex 30.0922 25.2457 4.1
      vertex 30.0922 23.5543 4.1
      vertex 30.1671 23.5307 4.1
    endloop
  endfacet
  facet normal -0 0 1
    outer loop
      vertex 30.0196 25.2157 4.1
      vertex 30.0922 23.5543 4.1
      vertex 30.0922 25.2457 4.1
    endloop
  endfacet
  facet normal 0 0 1
    outer loop
      vertex 30.0196 25.2157 4.1
      vertex 30.0196 23.5843 4.1
      vertex 30.0922 23.5543 4.1
    endloop
  endfacet
  facet normal -0 0 1
    outer loop
      vertex 29.95 25.1794 4.1
      vertex 30.0196 23.5843 4.1
      vertex 30.0196 25.2157 4.1
    endloop
  endfacet
  facet normal 0 0 1
    outer loop
      vertex 29.95 25.1794 4.1
      vertex 29.95 23.6206 4.1
      vertex 30.0196 23.5843 4.1
    endloop
  endfacet
  facet normal -0 0 1
    outer loop
      vertex 29.8838 25.1372 4.1
      vertex 29.95 23.6206 4.1
      vertex 29.95 25.1794 4.1
    endloop
  endfacet
  facet normal 0 0 1
    outer loop
      vertex 29.8838 25.1372 4.1
      vertex 29.8838 23.6628 4.1
      vertex 29.95 23.6206 4.1
    endloop
  endfacet
  facet normal -0 0 1
    outer loop
      vertex 29.8215 25.0894 4.1
      vertex 29.8838 23.6628 4.1
      vertex 29.8838 25.1372 4.1
    endloop
  endfacet
  facet normal 0 0 1
    outer loop
      vertex 29.8215 25.0894 4.1
      vertex 29.8215 23.7106 4.1
      vertex 29.8838 23.6628 4.1
    endloop
  endfacet
  facet normal -0 0 1
    outer loop
      vertex 29.7636 25.0364 4.1
      vertex 29.8215 23.7106 4.1
      vertex 29.8215 25.0894 4.1
    endloop
  endfacet
  facet normal 0 0 1
    outer loop
      vertex 29.7636 25.0364 4.1
      vertex 29.7636 23.7636 4.1
      vertex 29.8215 23.7106 4.1
    endloop
  endfacet
  facet normal -0 0 1
    outer loop
      vertex 29.7106 24.9785 4.1
      vertex 29.7636 23.7636 4.1
      vertex 29.7636 25.0364 4.1
    endloop
  endfacet
  facet normal 0 0 1
    outer loop
      vertex 29.7106 24.9785 4.1
      vertex 29.7106 23.8215 4.1
      vertex 29.7636 23.7636 4.1
    endloop
  endfacet
  facet normal -0 0 1
    outer loop
      vertex 29.6628 24.9162 4.1
      vertex 29.7106 23.8215 4.1
      vertex 29.7106 24.9785 4.1
    endloop
  endfacet
  facet normal 0 0 1
    outer loop
      vertex 29.6628 24.9162 4.1
      vertex 29.6628 23.8838 4.1
      vertex 29.7106 23.8215 4.1
    endloop
  endfacet
  facet normal -0 0 1
    outer loop
      vertex 29.6206 24.85 4.1
      vertex 29.6628 23.8838 4.1
      vertex 29.6628 24.9162 4.1
    endloop
  endfacet
  facet normal 0 0 1
    outer loop
      vertex 29.6206 24.85 4.1
      vertex 29.6206 23.95 4.1
      vertex 29.6628 23.8838 4.1
    endloop
  endfacet
  facet normal -0 0 1
    outer loop
      vertex 29.5843 24.7804 4.1
      vertex 29.6206 23.95 4.1
      vertex 29.6206 24.85 4.1
    endloop
  endfacet
  facet normal 0 0 1
    outer loop
      vertex 29.5843 24.7804 4.1
      vertex 29.5843 24.0196 4.1
      vertex 29.6206 23.95 4.1
    endloop
  endfacet
  facet normal -0 0 1
    outer loop
      vertex 29.5543 24.7078 4.1
      vertex 29.5843 24.0196 4.1
      vertex 29.5843 24.7804 4.1
    endloop
  endfacet
  facet normal 0 0 1
    outer loop
      vertex 29.5543 24.7078 4.1
      vertex 29.5543 24.0922 4.1
      vertex 29.5843 24.0196 4.1
    endloop
  endfacet
  facet normal -0 0 1
    outer loop
      vertex 29.5307 24.6329 4.1
      vertex 29.5543 24.0922 4.1
      vertex 29.5543 24.7078 4.1
    endloop
  endfacet
  facet normal 0 0 1
    outer loop
      vertex 29.5307 24.6329 4.1
      vertex 29.5307 24.1671 4.1
      vertex 29.5543 24.0922 4.1
    endloop
  endfacet
  facet normal -0 0 1
    outer loop
      vertex 29.5137 24.5563 4.1
      vertex 29.5307 24.1671 4.1
      vertex 29.5307 24.6329 4.1
    endloop
  endfacet
  facet normal 0 0 1
    outer loop
      vertex 29.5137 24.5563 4.1
      vertex 29.5137 24.2437 4.1
      vertex 29.5307 24.1671 4.1
    endloop
  endfacet
  facet normal -0 0 1
    outer loop
      vertex 29.5034 24.4784 4.1
      vertex 29.5137 24.2437 4.1
      vertex 29.5137 24.5563 4.1
    endloop
  endfacet
  facet normal 0 0 1
    outer loop
      vertex 29.5034 24.4784 4.1
      vertex 29.5034 24.3216 4.1
      vertex 29.5137 24.2437 4.1
    endloop
  endfacet
  facet normal 0 -0 1
    outer loop
      vertex 29.5034 24.3216 4.1
      vertex 29.5034 24.4784 4.1
      vertex 29.5 24.4 4.1
    endloop
  endfacet
  facet normal 0.608726 0.793381 -0
    outer loop
      vertex 29.8838 23.6628 4.1
      vertex 29.8215 23.7106 6.3
      vertex 29.8838 23.6628 6.3
    endloop
  endfacet
  facet normal 0.608726 0.793381 0
    outer loop
      vertex 29.8215 23.7106 6.3
      vertex 29.8838 23.6628 4.1
      vertex 29.8215 23.7106 4.1
    endloop
  endfacet
  facet normal 0.537535 0.843242 -0
    outer loop
      vertex 29.95 23.6206 4.1
      vertex 29.8838 23.6628 6.3
      vertex 29.95 23.6206 6.3
    endloop
  endfacet
  facet normal 0.537535 0.843242 0
    outer loop
      vertex 29.8838 23.6628 6.3
      vertex 29.95 23.6206 4.1
      vertex 29.8838 23.6628 4.1
    endloop
  endfacet
  facet normal 0.675205 0.73763 -0
    outer loop
      vertex 29.8215 23.7106 4.1
      vertex 29.7636 23.7636 6.3
      vertex 29.8215 23.7106 6.3
    endloop
  endfacet
  facet normal 0.675205 0.73763 0
    outer loop
      vertex 29.7636 23.7636 6.3
      vertex 29.8215 23.7106 4.1
      vertex 29.7636 23.7636 4.1
    endloop
  endfacet
  facet normal 0.381902 0.924203 -0
    outer loop
      vertex 30.0922 23.5543 4.1
      vertex 30.0196 23.5843 6.3
      vertex 30.0922 23.5543 6.3
    endloop
  endfacet
  facet normal 0.381902 0.924203 0
    outer loop
      vertex 30.0196 23.5843 6.3
      vertex 30.0922 23.5543 4.1
      vertex 30.0196 23.5843 4.1
    endloop
  endfacet
  facet normal 0.13108 0.991372 -0
    outer loop
      vertex 30.3216 23.5034 4.1
      vertex 30.2437 23.5137 6.3
      vertex 30.3216 23.5034 6.3
    endloop
  endfacet
  facet normal 0.13108 0.991372 0
    outer loop
      vertex 30.2437 23.5137 6.3
      vertex 30.3216 23.5034 4.1
      vertex 30.2437 23.5137 4.1
    endloop
  endfacet
  facet normal -0.999061 -0.0433266 0
    outer loop
      vertex 31.3 24.4 4.1
      vertex 31.2966 24.4784 6.3
      vertex 31.2966 24.4784 4.1
    endloop
  endfacet
  facet normal -0.999061 -0.0433266 0
    outer loop
      vertex 31.2966 24.4784 6.3
      vertex 31.3 24.4 4.1
      vertex 31.3 24.4 6.3
    endloop
  endfacet
  facet normal -0.216661 -0.976247 0
    outer loop
      vertex 30.5563 25.2863 4.1
      vertex 30.6329 25.2693 6.3
      vertex 30.5563 25.2863 6.3
    endloop
  endfacet
  facet normal -0.216661 -0.976247 -0
    outer loop
      vertex 30.6329 25.2693 6.3
      vertex 30.5563 25.2863 4.1
      vertex 30.6329 25.2693 4.1
    endloop
  endfacet
  facet normal -0.13108 -0.991372 0
    outer loop
      vertex 30.4784 25.2966 4.1
      vertex 30.5563 25.2863 6.3
      vertex 30.4784 25.2966 6.3
    endloop
  endfacet
  facet normal -0.13108 -0.991372 -0
    outer loop
      vertex 30.5563 25.2863 6.3
      vertex 30.4784 25.2966 4.1
      vertex 30.5563 25.2863 4.1
    endloop
  endfacet
  facet normal -0.381902 -0.924203 0
    outer loop
      vertex 30.7078 25.2457 4.1
      vertex 30.7804 25.2157 6.3
      vertex 30.7078 25.2457 6.3
    endloop
  endfacet
  facet normal -0.381902 -0.924203 -0
    outer loop
      vertex 30.7804 25.2157 6.3
      vertex 30.7078 25.2457 4.1
      vertex 30.7804 25.2157 4.1
    endloop
  endfacet
  facet normal -0.675205 -0.73763 0
    outer loop
      vertex 30.9785 25.0894 4.1
      vertex 31.0364 25.0364 6.3
      vertex 30.9785 25.0894 6.3
    endloop
  endfacet
  facet normal -0.675205 -0.73763 -0
    outer loop
      vertex 31.0364 25.0364 6.3
      vertex 30.9785 25.0894 4.1
      vertex 31.0364 25.0364 4.1
    endloop
  endfacet
  facet normal -0.537535 -0.843242 0
    outer loop
      vertex 30.85 25.1794 4.1
      vertex 30.9162 25.1372 6.3
      vertex 30.85 25.1794 6.3
    endloop
  endfacet
  facet normal -0.537535 -0.843242 -0
    outer loop
      vertex 30.9162 25.1372 6.3
      vertex 30.85 25.1794 4.1
      vertex 30.9162 25.1372 4.1
    endloop
  endfacet
  facet normal -0.793381 -0.608726 0
    outer loop
      vertex 31.1372 24.9162 4.1
      vertex 31.0894 24.9785 6.3
      vertex 31.0894 24.9785 4.1
    endloop
  endfacet
  facet normal -0.793381 -0.608726 0
    outer loop
      vertex 31.0894 24.9785 6.3
      vertex 31.1372 24.9162 4.1
      vertex 31.1372 24.9162 6.3
    endloop
  endfacet
  facet normal -0.886653 -0.462435 0
    outer loop
      vertex 31.2157 24.7804 4.1
      vertex 31.1794 24.85 6.3
      vertex 31.1794 24.85 4.1
    endloop
  endfacet
  facet normal -0.886653 -0.462435 0
    outer loop
      vertex 31.1794 24.85 6.3
      vertex 31.2157 24.7804 4.1
      vertex 31.2157 24.7804 6.3
    endloop
  endfacet
  facet normal -0.953775 -0.300522 0
    outer loop
      vertex 31.2693 24.6329 4.1
      vertex 31.2457 24.7078 6.3
      vertex 31.2457 24.7078 4.1
    endloop
  endfacet
  facet normal -0.953775 -0.300522 0
    outer loop
      vertex 31.2457 24.7078 6.3
      vertex 31.2693 24.6329 4.1
      vertex 31.2693 24.6329 6.3
    endloop
  endfacet
  facet normal 0.608726 -0.793381 0
    outer loop
      vertex 29.8215 25.0894 4.1
      vertex 29.8838 25.1372 6.3
      vertex 29.8215 25.0894 6.3
    endloop
  endfacet
  facet normal 0.608726 -0.793381 0
    outer loop
      vertex 29.8838 25.1372 6.3
      vertex 29.8215 25.0894 4.1
      vertex 29.8838 25.1372 4.1
    endloop
  endfacet
  facet normal 0.462435 -0.886653 0
    outer loop
      vertex 29.95 25.1794 4.1
      vertex 30.0196 25.2157 6.3
      vertex 29.95 25.1794 6.3
    endloop
  endfacet
  facet normal 0.462435 -0.886653 0
    outer loop
      vertex 30.0196 25.2157 6.3
      vertex 29.95 25.1794 4.1
      vertex 30.0196 25.2157 4.1
    endloop
  endfacet
  facet normal 0.0433266 -0.999061 0
    outer loop
      vertex 30.3216 25.2966 4.1
      vertex 30.4 25.3 6.3
      vertex 30.3216 25.2966 6.3
    endloop
  endfacet
  facet normal 0.0433266 -0.999061 0
    outer loop
      vertex 30.4 25.3 6.3
      vertex 30.3216 25.2966 4.1
      vertex 30.4 25.3 4.1
    endloop
  endfacet
  facet normal 0.793381 -0.608726 0
    outer loop
      vertex 29.6628 24.9162 6.3
      vertex 29.7106 24.9785 4.1
      vertex 29.7106 24.9785 6.3
    endloop
  endfacet
  facet normal 0.793381 -0.608726 0
    outer loop
      vertex 29.7106 24.9785 4.1
      vertex 29.6628 24.9162 6.3
      vertex 29.6628 24.9162 4.1
    endloop
  endfacet
  facet normal 0.843242 -0.537535 0
    outer loop
      vertex 29.6206 24.85 6.3
      vertex 29.6628 24.9162 4.1
      vertex 29.6628 24.9162 6.3
    endloop
  endfacet
  facet normal 0.843242 -0.537535 0
    outer loop
      vertex 29.6628 24.9162 4.1
      vertex 29.6206 24.85 6.3
      vertex 29.6206 24.85 4.1
    endloop
  endfacet
  facet normal 0.73763 -0.675205 0
    outer loop
      vertex 29.7106 24.9785 6.3
      vertex 29.7636 25.0364 4.1
      vertex 29.7636 25.0364 6.3
    endloop
  endfacet
  facet normal 0.73763 -0.675205 0
    outer loop
      vertex 29.7636 25.0364 4.1
      vertex 29.7106 24.9785 6.3
      vertex 29.7106 24.9785 4.1
    endloop
  endfacet
  facet normal 0.924203 -0.381902 0
    outer loop
      vertex 29.5543 24.7078 6.3
      vertex 29.5843 24.7804 4.1
      vertex 29.5843 24.7804 6.3
    endloop
  endfacet
  facet normal 0.924203 -0.381902 0
    outer loop
      vertex 29.5843 24.7804 4.1
      vertex 29.5543 24.7078 6.3
      vertex 29.5543 24.7078 4.1
    endloop
  endfacet
  facet normal 0.886653 -0.462435 0
    outer loop
      vertex 29.5843 24.7804 6.3
      vertex 29.6206 24.85 4.1
      vertex 29.6206 24.85 6.3
    endloop
  endfacet
  facet normal 0.886653 -0.462435 0
    outer loop
      vertex 29.6206 24.85 4.1
      vertex 29.5843 24.7804 6.3
      vertex 29.5843 24.7804 4.1
    endloop
  endfacet
  facet normal 0.991372 -0.13108 0
    outer loop
      vertex 29.5034 24.4784 6.3
      vertex 29.5137 24.5563 4.1
      vertex 29.5137 24.5563 6.3
    endloop
  endfacet
  facet normal 0.991372 -0.13108 0
    outer loop
      vertex 29.5137 24.5563 4.1
      vertex 29.5034 24.4784 6.3
      vertex 29.5034 24.4784 4.1
    endloop
  endfacet
  facet normal -0.953775 0.300522 0
    outer loop
      vertex 31.2457 24.0922 4.1
      vertex 31.2693 24.1671 6.3
      vertex 31.2693 24.1671 4.1
    endloop
  endfacet
  facet normal -0.953775 0.300522 0
    outer loop
      vertex 31.2693 24.1671 6.3
      vertex 31.2457 24.0922 4.1
      vertex 31.2457 24.0922 6.3
    endloop
  endfacet
  facet normal 0.999061 -0.0433266 0
    outer loop
      vertex 29.5 24.4 6.3
      vertex 29.5034 24.4784 4.1
      vertex 29.5034 24.4784 6.3
    endloop
  endfacet
  facet normal 0.999061 -0.0433266 0
    outer loop
      vertex 29.5034 24.4784 4.1
      vertex 29.5 24.4 6.3
      vertex 29.5 24.4 4.1
    endloop
  endfacet
  facet normal -0.462435 -0.886653 0
    outer loop
      vertex 30.7804 25.2157 4.1
      vertex 30.85 25.1794 6.3
      vertex 30.7804 25.2157 6.3
    endloop
  endfacet
  facet normal -0.462435 -0.886653 -0
    outer loop
      vertex 30.85 25.1794 6.3
      vertex 30.7804 25.2157 4.1
      vertex 30.85 25.1794 4.1
    endloop
  endfacet
  facet normal -0.73763 -0.675205 0
    outer loop
      vertex 31.0894 24.9785 4.1
      vertex 31.0364 25.0364 6.3
      vertex 31.0364 25.0364 4.1
    endloop
  endfacet
  facet normal -0.73763 -0.675205 0
    outer loop
      vertex 31.0364 25.0364 6.3
      vertex 31.0894 24.9785 4.1
      vertex 31.0894 24.9785 6.3
    endloop
  endfacet
  facet normal -0.608726 -0.793381 0
    outer loop
      vertex 30.9162 25.1372 4.1
      vertex 30.9785 25.0894 6.3
      vertex 30.9162 25.1372 6.3
    endloop
  endfacet
  facet normal -0.608726 -0.793381 -0
    outer loop
      vertex 30.9785 25.0894 6.3
      vertex 30.9162 25.1372 4.1
      vertex 30.9785 25.0894 4.1
    endloop
  endfacet
  facet normal -0.843242 -0.537535 0
    outer loop
      vertex 31.1794 24.85 4.1
      vertex 31.1372 24.9162 6.3
      vertex 31.1372 24.9162 4.1
    endloop
  endfacet
  facet normal -0.843242 -0.537535 0
    outer loop
      vertex 31.1372 24.9162 6.3
      vertex 31.1794 24.85 4.1
      vertex 31.1794 24.85 6.3
    endloop
  endfacet
  facet normal -0.924203 -0.381902 0
    outer loop
      vertex 31.2457 24.7078 4.1
      vertex 31.2157 24.7804 6.3
      vertex 31.2157 24.7804 4.1
    endloop
  endfacet
  facet normal -0.924203 -0.381902 0
    outer loop
      vertex 31.2157 24.7804 6.3
      vertex 31.2457 24.7078 4.1
      vertex 31.2457 24.7078 6.3
    endloop
  endfacet
  facet normal -0.991372 -0.13108 0
    outer loop
      vertex 31.2966 24.4784 4.1
      vertex 31.2863 24.5563 6.3
      vertex 31.2863 24.5563 4.1
    endloop
  endfacet
  facet normal -0.991372 -0.13108 0
    outer loop
      vertex 31.2863 24.5563 6.3
      vertex 31.2966 24.4784 4.1
      vertex 31.2966 24.4784 6.3
    endloop
  endfacet
  facet normal 0.537535 -0.843242 0
    outer loop
      vertex 29.8838 25.1372 4.1
      vertex 29.95 25.1794 6.3
      vertex 29.8838 25.1372 6.3
    endloop
  endfacet
  facet normal 0.537535 -0.843242 0
    outer loop
      vertex 29.95 25.1794 6.3
      vertex 29.8838 25.1372 4.1
      vertex 29.95 25.1794 4.1
    endloop
  endfacet
  facet normal 0.381902 -0.924203 0
    outer loop
      vertex 30.0196 25.2157 4.1
      vertex 30.0922 25.2457 6.3
      vertex 30.0196 25.2157 6.3
    endloop
  endfacet
  facet normal 0.381902 -0.924203 0
    outer loop
      vertex 30.0922 25.2457 6.3
      vertex 30.0196 25.2157 4.1
      vertex 30.0922 25.2457 4.1
    endloop
  endfacet
  facet normal 0.13108 -0.991372 0
    outer loop
      vertex 30.2437 25.2863 4.1
      vertex 30.3216 25.2966 6.3
      vertex 30.2437 25.2863 6.3
    endloop
  endfacet
  facet normal 0.13108 -0.991372 0
    outer loop
      vertex 30.3216 25.2966 6.3
      vertex 30.2437 25.2863 4.1
      vertex 30.3216 25.2966 4.1
    endloop
  endfacet
  facet normal 0.300522 -0.953775 0
    outer loop
      vertex 30.0922 25.2457 4.1
      vertex 30.1671 25.2693 6.3
      vertex 30.0922 25.2457 6.3
    endloop
  endfacet
  facet normal 0.300522 -0.953775 0
    outer loop
      vertex 30.1671 25.2693 6.3
      vertex 30.0922 25.2457 4.1
      vertex 30.1671 25.2693 4.1
    endloop
  endfacet
  facet normal 0.216661 -0.976247 0
    outer loop
      vertex 30.1671 25.2693 4.1
      vertex 30.2437 25.2863 6.3
      vertex 30.1671 25.2693 6.3
    endloop
  endfacet
  facet normal 0.216661 -0.976247 0
    outer loop
      vertex 30.2437 25.2863 6.3
      vertex 30.1671 25.2693 4.1
      vertex 30.2437 25.2863 4.1
    endloop
  endfacet
  facet normal 0.953775 -0.300522 0
    outer loop
      vertex 29.5307 24.6329 6.3
      vertex 29.5543 24.7078 4.1
      vertex 29.5543 24.7078 6.3
    endloop
  endfacet
  facet normal 0.953775 -0.300522 0
    outer loop
      vertex 29.5543 24.7078 4.1
      vertex 29.5307 24.6329 6.3
      vertex 29.5307 24.6329 4.1
    endloop
  endfacet
  facet normal -0.300522 0.953775 0
    outer loop
      vertex 30.7078 23.5543 4.1
      vertex 30.6329 23.5307 6.3
      vertex 30.7078 23.5543 6.3
    endloop
  endfacet
  facet normal -0.300522 0.953775 0
    outer loop
      vertex 30.6329 23.5307 6.3
      vertex 30.7078 23.5543 4.1
      vertex 30.6329 23.5307 4.1
    endloop
  endfacet
  facet normal 0.953775 0.300522 0
    outer loop
      vertex 29.5543 24.0922 6.3
      vertex 29.5307 24.1671 4.1
      vertex 29.5307 24.1671 6.3
    endloop
  endfacet
  facet normal 0.953775 0.300522 0
    outer loop
      vertex 29.5307 24.1671 4.1
      vertex 29.5543 24.0922 6.3
      vertex 29.5543 24.0922 4.1
    endloop
  endfacet
  facet normal 0.216661 0.976247 -0
    outer loop
      vertex 30.2437 23.5137 4.1
      vertex 30.1671 23.5307 6.3
      vertex 30.2437 23.5137 6.3
    endloop
  endfacet
  facet normal 0.216661 0.976247 0
    outer loop
      vertex 30.1671 23.5307 6.3
      vertex 30.2437 23.5137 4.1
      vertex 30.1671 23.5307 4.1
    endloop
  endfacet
  facet normal -0.300522 -0.953775 0
    outer loop
      vertex 30.6329 25.2693 4.1
      vertex 30.7078 25.2457 6.3
      vertex 30.6329 25.2693 6.3
    endloop
  endfacet
  facet normal -0.300522 -0.953775 -0
    outer loop
      vertex 30.7078 25.2457 6.3
      vertex 30.6329 25.2693 4.1
      vertex 30.7078 25.2457 4.1
    endloop
  endfacet
  facet normal -0.976247 -0.216661 0
    outer loop
      vertex 31.2863 24.5563 4.1
      vertex 31.2693 24.6329 6.3
      vertex 31.2693 24.6329 4.1
    endloop
  endfacet
  facet normal -0.976247 -0.216661 0
    outer loop
      vertex 31.2693 24.6329 6.3
      vertex 31.2863 24.5563 4.1
      vertex 31.2863 24.5563 6.3
    endloop
  endfacet
  facet normal -0.608726 0.793381 0
    outer loop
      vertex 24.9785 29.7106 4.1
      vertex 24.9162 29.6628 6.3
      vertex 24.9785 29.7106 6.3
    endloop
  endfacet
  facet normal -0.608726 0.793381 0
    outer loop
      vertex 24.9162 29.6628 6.3
      vertex 24.9785 29.7106 4.1
      vertex 24.9162 29.6628 4.1
    endloop
  endfacet
  facet normal 0.462435 0.886653 -0
    outer loop
      vertex 24.0196 29.5843 4.1
      vertex 23.95 29.6206 6.3
      vertex 24.0196 29.5843 6.3
    endloop
  endfacet
  facet normal 0.462435 0.886653 0
    outer loop
      vertex 23.95 29.6206 6.3
      vertex 24.0196 29.5843 4.1
      vertex 23.95 29.6206 4.1
    endloop
  endfacet
  facet normal 0.924203 0.381902 0
    outer loop
      vertex 23.5843 30.0196 6.3
      vertex 23.5543 30.0922 4.1
      vertex 23.5543 30.0922 6.3
    endloop
  endfacet
  facet normal 0.924203 0.381902 0
    outer loop
      vertex 23.5543 30.0922 4.1
      vertex 23.5843 30.0196 6.3
      vertex 23.5843 30.0196 4.1
    endloop
  endfacet
  facet normal -0.886653 0.462435 0
    outer loop
      vertex 25.1794 29.95 4.1
      vertex 25.2157 30.0196 6.3
      vertex 25.2157 30.0196 4.1
    endloop
  endfacet
  facet normal -0.886653 0.462435 0
    outer loop
      vertex 25.2157 30.0196 6.3
      vertex 25.1794 29.95 4.1
      vertex 25.1794 29.95 6.3
    endloop
  endfacet
  facet normal -0.843242 0.537535 0
    outer loop
      vertex 25.1372 29.8838 4.1
      vertex 25.1794 29.95 6.3
      vertex 25.1794 29.95 4.1
    endloop
  endfacet
  facet normal -0.843242 0.537535 0
    outer loop
      vertex 25.1794 29.95 6.3
      vertex 25.1372 29.8838 4.1
      vertex 25.1372 29.8838 6.3
    endloop
  endfacet
  facet normal -0.381902 0.924203 0
    outer loop
      vertex 24.7804 29.5843 4.1
      vertex 24.7078 29.5543 6.3
      vertex 24.7804 29.5843 6.3
    endloop
  endfacet
  facet normal -0.381902 0.924203 0
    outer loop
      vertex 24.7078 29.5543 6.3
      vertex 24.7804 29.5843 4.1
      vertex 24.7078 29.5543 4.1
    endloop
  endfacet
  facet normal -0.0433266 0.999061 0
    outer loop
      vertex 24.4784 29.5034 4.1
      vertex 24.4 29.5 6.3
      vertex 24.4784 29.5034 6.3
    endloop
  endfacet
  facet normal -0.0433266 0.999061 0
    outer loop
      vertex 24.4 29.5 6.3
      vertex 24.4784 29.5034 4.1
      vertex 24.4 29.5 4.1
    endloop
  endfacet
  facet normal 0.999061 0.0433266 0
    outer loop
      vertex 23.5034 30.3216 6.3
      vertex 23.5 30.4 4.1
      vertex 23.5 30.4 6.3
    endloop
  endfacet
  facet normal 0.999061 0.0433266 0
    outer loop
      vertex 23.5 30.4 4.1
      vertex 23.5034 30.3216 6.3
      vertex 23.5034 30.3216 4.1
    endloop
  endfacet
  facet normal 0.793381 0.608726 0
    outer loop
      vertex 23.7106 29.8215 6.3
      vertex 23.6628 29.8838 4.1
      vertex 23.6628 29.8838 6.3
    endloop
  endfacet
  facet normal 0.793381 0.608726 0
    outer loop
      vertex 23.6628 29.8838 4.1
      vertex 23.7106 29.8215 6.3
      vertex 23.7106 29.8215 4.1
    endloop
  endfacet
  facet normal 0.300522 0.953775 -0
    outer loop
      vertex 24.1671 29.5307 4.1
      vertex 24.0922 29.5543 6.3
      vertex 24.1671 29.5307 6.3
    endloop
  endfacet
  facet normal 0.300522 0.953775 0
    outer loop
      vertex 24.0922 29.5543 6.3
      vertex 24.1671 29.5307 4.1
      vertex 24.0922 29.5543 4.1
    endloop
  endfacet
  facet normal -0.793381 -0.608726 0
    outer loop
      vertex 25.1372 30.9162 4.1
      vertex 25.0894 30.9785 6.3
      vertex 25.0894 30.9785 4.1
    endloop
  endfacet
  facet normal -0.793381 -0.608726 0
    outer loop
      vertex 25.0894 30.9785 6.3
      vertex 25.1372 30.9162 4.1
      vertex 25.1372 30.9162 6.3
    endloop
  endfacet
  facet normal 0.0433266 -0.999061 0
    outer loop
      vertex 24.3216 31.2966 4.1
      vertex 24.4 31.3 6.3
      vertex 24.3216 31.2966 6.3
    endloop
  endfacet
  facet normal 0.0433266 -0.999061 0
    outer loop
      vertex 24.4 31.3 6.3
      vertex 24.3216 31.2966 4.1
      vertex 24.4 31.3 4.1
    endloop
  endfacet
  facet normal 0.608726 -0.793381 0
    outer loop
      vertex 23.8215 31.0894 4.1
      vertex 23.8838 31.1372 6.3
      vertex 23.8215 31.0894 6.3
    endloop
  endfacet
  facet normal 0.608726 -0.793381 0
    outer loop
      vertex 23.8838 31.1372 6.3
      vertex 23.8215 31.0894 4.1
      vertex 23.8838 31.1372 4.1
    endloop
  endfacet
  facet normal 0.886653 -0.462435 0
    outer loop
      vertex 23.5843 30.7804 6.3
      vertex 23.6206 30.85 4.1
      vertex 23.6206 30.85 6.3
    endloop
  endfacet
  facet normal 0.886653 -0.462435 0
    outer loop
      vertex 23.6206 30.85 4.1
      vertex 23.5843 30.7804 6.3
      vertex 23.5843 30.7804 4.1
    endloop
  endfacet
  facet normal 0.73763 -0.675205 0
    outer loop
      vertex 23.7106 30.9785 6.3
      vertex 23.7636 31.0364 4.1
      vertex 23.7636 31.0364 6.3
    endloop
  endfacet
  facet normal 0.73763 -0.675205 0
    outer loop
      vertex 23.7636 31.0364 4.1
      vertex 23.7106 30.9785 6.3
      vertex 23.7106 30.9785 4.1
    endloop
  endfacet
  facet normal -0.991372 0.13108 0
    outer loop
      vertex 25.2863 30.2437 4.1
      vertex 25.2966 30.3216 6.3
      vertex 25.2966 30.3216 4.1
    endloop
  endfacet
  facet normal -0.991372 0.13108 0
    outer loop
      vertex 25.2966 30.3216 6.3
      vertex 25.2863 30.2437 4.1
      vertex 25.2863 30.2437 6.3
    endloop
  endfacet
  facet normal -0.976247 0.216661 0
    outer loop
      vertex 25.2693 30.1671 4.1
      vertex 25.2863 30.2437 6.3
      vertex 25.2863 30.2437 4.1
    endloop
  endfacet
  facet normal -0.976247 0.216661 0
    outer loop
      vertex 25.2863 30.2437 6.3
      vertex 25.2693 30.1671 4.1
      vertex 25.2693 30.1671 6.3
    endloop
  endfacet
  facet normal -0.924203 0.381902 0
    outer loop
      vertex 25.2157 30.0196 4.1
      vertex 25.2457 30.0922 6.3
      vertex 25.2457 30.0922 4.1
    endloop
  endfacet
  facet normal -0.924203 0.381902 0
    outer loop
      vertex 25.2457 30.0922 6.3
      vertex 25.2157 30.0196 4.1
      vertex 25.2157 30.0196 6.3
    endloop
  endfacet
  facet normal -0.73763 0.675205 0
    outer loop
      vertex 25.0364 29.7636 4.1
      vertex 25.0894 29.8215 6.3
      vertex 25.0894 29.8215 4.1
    endloop
  endfacet
  facet normal -0.73763 0.675205 0
    outer loop
      vertex 25.0894 29.8215 6.3
      vertex 25.0364 29.7636 4.1
      vertex 25.0364 29.7636 6.3
    endloop
  endfacet
  facet normal -0.793381 0.608726 0
    outer loop
      vertex 25.0894 29.8215 4.1
      vertex 25.1372 29.8838 6.3
      vertex 25.1372 29.8838 4.1
    endloop
  endfacet
  facet normal -0.793381 0.608726 0
    outer loop
      vertex 25.1372 29.8838 6.3
      vertex 25.0894 29.8215 4.1
      vertex 25.0894 29.8215 6.3
    endloop
  endfacet
  facet normal -0.675205 0.73763 0
    outer loop
      vertex 25.0364 29.7636 4.1
      vertex 24.9785 29.7106 6.3
      vertex 25.0364 29.7636 6.3
    endloop
  endfacet
  facet normal -0.675205 0.73763 0
    outer loop
      vertex 24.9785 29.7106 6.3
      vertex 25.0364 29.7636 4.1
      vertex 24.9785 29.7106 4.1
    endloop
  endfacet
  facet normal -0.537535 0.843242 0
    outer loop
      vertex 24.9162 29.6628 4.1
      vertex 24.85 29.6206 6.3
      vertex 24.9162 29.6628 6.3
    endloop
  endfacet
  facet normal -0.537535 0.843242 0
    outer loop
      vertex 24.85 29.6206 6.3
      vertex 24.9162 29.6628 4.1
      vertex 24.85 29.6206 4.1
    endloop
  endfacet
  facet normal 0.0433266 0.999061 -0
    outer loop
      vertex 24.4 29.5 4.1
      vertex 24.3216 29.5034 6.3
      vertex 24.4 29.5 6.3
    endloop
  endfacet
  facet normal 0.0433266 0.999061 0
    outer loop
      vertex 24.3216 29.5034 6.3
      vertex 24.4 29.5 4.1
      vertex 24.3216 29.5034 4.1
    endloop
  endfacet
  facet normal -0.462435 0.886653 0
    outer loop
      vertex 24.85 29.6206 4.1
      vertex 24.7804 29.5843 6.3
      vertex 24.85 29.6206 6.3
    endloop
  endfacet
  facet normal -0.462435 0.886653 0
    outer loop
      vertex 24.7804 29.5843 6.3
      vertex 24.85 29.6206 4.1
      vertex 24.7804 29.5843 4.1
    endloop
  endfacet
  facet normal -0.216661 0.976247 0
    outer loop
      vertex 24.6329 29.5307 4.1
      vertex 24.5563 29.5137 6.3
      vertex 24.6329 29.5307 6.3
    endloop
  endfacet
  facet normal -0.216661 0.976247 0
    outer loop
      vertex 24.5563 29.5137 6.3
      vertex 24.6329 29.5307 4.1
      vertex 24.5563 29.5137 4.1
    endloop
  endfacet
  facet normal -0.13108 0.991372 0
    outer loop
      vertex 24.5563 29.5137 4.1
      vertex 24.4784 29.5034 6.3
      vertex 24.5563 29.5137 6.3
    endloop
  endfacet
  facet normal -0.13108 0.991372 0
    outer loop
      vertex 24.4784 29.5034 6.3
      vertex 24.5563 29.5137 4.1
      vertex 24.4784 29.5034 4.1
    endloop
  endfacet
  facet normal 0 0 1
    outer loop
      vertex 25.2966 30.4784 4.1
      vertex 25.2966 30.3216 4.1
      vertex 25.3 30.4 4.1
    endloop
  endfacet
  facet normal 0 0 1
    outer loop
      vertex 25.2863 30.5563 4.1
      vertex 25.2966 30.3216 4.1
      vertex 25.2966 30.4784 4.1
    endloop
  endfacet
  facet normal 0 0 1
    outer loop
      vertex 25.2863 30.5563 4.1
      vertex 25.2863 30.2437 4.1
      vertex 25.2966 30.3216 4.1
    endloop
  endfacet
  facet normal 0 0 1
    outer loop
      vertex 25.2693 30.6329 4.1
      vertex 25.2863 30.2437 4.1
      vertex 25.2863 30.5563 4.1
    endloop
  endfacet
  facet normal 0 0 1
    outer loop
      vertex 25.2693 30.6329 4.1
      vertex 25.2693 30.1671 4.1
      vertex 25.2863 30.2437 4.1
    endloop
  endfacet
  facet normal 0 0 1
    outer loop
      vertex 25.2457 30.7078 4.1
      vertex 25.2693 30.1671 4.1
      vertex 25.2693 30.6329 4.1
    endloop
  endfacet
  facet normal 0 0 1
    outer loop
      vertex 25.2457 30.7078 4.1
      vertex 25.2457 30.0922 4.1
      vertex 25.2693 30.1671 4.1
    endloop
  endfacet
  facet normal 0 0 1
    outer loop
      vertex 25.2157 30.7804 4.1
      vertex 25.2457 30.0922 4.1
      vertex 25.2457 30.7078 4.1
    endloop
  endfacet
  facet normal 0 0 1
    outer loop
      vertex 25.2157 30.7804 4.1
      vertex 25.2157 30.0196 4.1
      vertex 25.2457 30.0922 4.1
    endloop
  endfacet
  facet normal 0 0 1
    outer loop
      vertex 25.1794 30.85 4.1
      vertex 25.2157 30.0196 4.1
      vertex 25.2157 30.7804 4.1
    endloop
  endfacet
  facet normal 0 0 1
    outer loop
      vertex 25.1794 30.85 4.1
      vertex 25.1794 29.95 4.1
      vertex 25.2157 30.0196 4.1
    endloop
  endfacet
  facet normal 0 0 1
    outer loop
      vertex 25.1372 30.9162 4.1
      vertex 25.1794 29.95 4.1
      vertex 25.1794 30.85 4.1
    endloop
  endfacet
  facet normal 0 0 1
    outer loop
      vertex 25.1372 30.9162 4.1
      vertex 25.1372 29.8838 4.1
      vertex 25.1794 29.95 4.1
    endloop
  endfacet
  facet normal 0 0 1
    outer loop
      vertex 25.0894 30.9785 4.1
      vertex 25.1372 29.8838 4.1
      vertex 25.1372 30.9162 4.1
    endloop
  endfacet
  facet normal 0 0 1
    outer loop
      vertex 25.0894 30.9785 4.1
      vertex 25.0894 29.8215 4.1
      vertex 25.1372 29.8838 4.1
    endloop
  endfacet
  facet normal 0 0 1
    outer loop
      vertex 25.0364 31.0364 4.1
      vertex 25.0894 29.8215 4.1
      vertex 25.0894 30.9785 4.1
    endloop
  endfacet
  facet normal 0 0 1
    outer loop
      vertex 25.0364 31.0364 4.1
      vertex 25.0364 29.7636 4.1
      vertex 25.0894 29.8215 4.1
    endloop
  endfacet
  facet normal 0 0 1
    outer loop
      vertex 24.9785 31.0894 4.1
      vertex 25.0364 29.7636 4.1
      vertex 25.0364 31.0364 4.1
    endloop
  endfacet
  facet normal 0 0 1
    outer loop
      vertex 24.9785 31.0894 4.1
      vertex 24.9785 29.7106 4.1
      vertex 25.0364 29.7636 4.1
    endloop
  endfacet
  facet normal 0 0 1
    outer loop
      vertex 24.9162 31.1372 4.1
      vertex 24.9785 29.7106 4.1
      vertex 24.9785 31.0894 4.1
    endloop
  endfacet
  facet normal 0 0 1
    outer loop
      vertex 24.9162 31.1372 4.1
      vertex 24.9162 29.6628 4.1
      vertex 24.9785 29.7106 4.1
    endloop
  endfacet
  facet normal 0 0 1
    outer loop
      vertex 24.85 31.1794 4.1
      vertex 24.9162 29.6628 4.1
      vertex 24.9162 31.1372 4.1
    endloop
  endfacet
  facet normal 0 0 1
    outer loop
      vertex 24.85 31.1794 4.1
      vertex 24.85 29.6206 4.1
      vertex 24.9162 29.6628 4.1
    endloop
  endfacet
  facet normal 0 0 1
    outer loop
      vertex 24.7804 31.2157 4.1
      vertex 24.85 29.6206 4.1
      vertex 24.85 31.1794 4.1
    endloop
  endfacet
  facet normal 0 0 1
    outer loop
      vertex 24.7804 31.2157 4.1
      vertex 24.7804 29.5843 4.1
      vertex 24.85 29.6206 4.1
    endloop
  endfacet
  facet normal 0 0 1
    outer loop
      vertex 24.7078 31.2457 4.1
      vertex 24.7804 29.5843 4.1
      vertex 24.7804 31.2157 4.1
    endloop
  endfacet
  facet normal 0 0 1
    outer loop
      vertex 24.7078 31.2457 4.1
      vertex 24.7078 29.5543 4.1
      vertex 24.7804 29.5843 4.1
    endloop
  endfacet
  facet normal 0 0 1
    outer loop
      vertex 24.6329 31.2693 4.1
      vertex 24.7078 29.5543 4.1
      vertex 24.7078 31.2457 4.1
    endloop
  endfacet
  facet normal 0 0 1
    outer loop
      vertex 24.6329 31.2693 4.1
      vertex 24.6329 29.5307 4.1
      vertex 24.7078 29.5543 4.1
    endloop
  endfacet
  facet normal 0 0 1
    outer loop
      vertex 24.5563 31.2863 4.1
      vertex 24.6329 29.5307 4.1
      vertex 24.6329 31.2693 4.1
    endloop
  endfacet
  facet normal 0 0 1
    outer loop
      vertex 24.5563 31.2863 4.1
      vertex 24.5563 29.5137 4.1
      vertex 24.6329 29.5307 4.1
    endloop
  endfacet
  facet normal 0 0 1
    outer loop
      vertex 24.4784 31.2966 4.1
      vertex 24.5563 29.5137 4.1
      vertex 24.5563 31.2863 4.1
    endloop
  endfacet
  facet normal 0 0 1
    outer loop
      vertex 24.4784 31.2966 4.1
      vertex 24.4784 29.5034 4.1
      vertex 24.5563 29.5137 4.1
    endloop
  endfacet
  facet normal 0 0 1
    outer loop
      vertex 24.4 31.3 4.1
      vertex 24.4784 29.5034 4.1
      vertex 24.4784 31.2966 4.1
    endloop
  endfacet
  facet normal 0 0 1
    outer loop
      vertex 24.4 31.3 4.1
      vertex 24.4 29.5 4.1
      vertex 24.4784 29.5034 4.1
    endloop
  endfacet
  facet normal -0 0 1
    outer loop
      vertex 24.3216 31.2966 4.1
      vertex 24.4 29.5 4.1
      vertex 24.4 31.3 4.1
    endloop
  endfacet
  facet normal 0 0 1
    outer loop
      vertex 24.3216 31.2966 4.1
      vertex 24.3216 29.5034 4.1
      vertex 24.4 29.5 4.1
    endloop
  endfacet
  facet normal -0 0 1
    outer loop
      vertex 24.2437 31.2863 4.1
      vertex 24.3216 29.5034 4.1
      vertex 24.3216 31.2966 4.1
    endloop
  endfacet
  facet normal 0 0 1
    outer loop
      vertex 24.2437 31.2863 4.1
      vertex 24.2437 29.5137 4.1
      vertex 24.3216 29.5034 4.1
    endloop
  endfacet
  facet normal -0 0 1
    outer loop
      vertex 24.1671 31.2693 4.1
      vertex 24.2437 29.5137 4.1
      vertex 24.2437 31.2863 4.1
    endloop
  endfacet
  facet normal 0 0 1
    outer loop
      vertex 24.1671 31.2693 4.1
      vertex 24.1671 29.5307 4.1
      vertex 24.2437 29.5137 4.1
    endloop
  endfacet
  facet normal -0 0 1
    outer loop
      vertex 24.0922 31.2457 4.1
      vertex 24.1671 29.5307 4.1
      vertex 24.1671 31.2693 4.1
    endloop
  endfacet
  facet normal 0 0 1
    outer loop
      vertex 24.0922 31.2457 4.1
      vertex 24.0922 29.5543 4.1
      vertex 24.1671 29.5307 4.1
    endloop
  endfacet
  facet normal -0 0 1
    outer loop
      vertex 24.0196 31.2157 4.1
      vertex 24.0922 29.5543 4.1
      vertex 24.0922 31.2457 4.1
    endloop
  endfacet
  facet normal 0 0 1
    outer loop
      vertex 24.0196 31.2157 4.1
      vertex 24.0196 29.5843 4.1
      vertex 24.0922 29.5543 4.1
    endloop
  endfacet
  facet normal -0 0 1
    outer loop
      vertex 23.95 31.1794 4.1
      vertex 24.0196 29.5843 4.1
      vertex 24.0196 31.2157 4.1
    endloop
  endfacet
  facet normal 0 0 1
    outer loop
      vertex 23.95 31.1794 4.1
      vertex 23.95 29.6206 4.1
      vertex 24.0196 29.5843 4.1
    endloop
  endfacet
  facet normal -0 0 1
    outer loop
      vertex 23.8838 31.1372 4.1
      vertex 23.95 29.6206 4.1
      vertex 23.95 31.1794 4.1
    endloop
  endfacet
  facet normal 0 0 1
    outer loop
      vertex 23.8838 31.1372 4.1
      vertex 23.8838 29.6628 4.1
      vertex 23.95 29.6206 4.1
    endloop
  endfacet
  facet normal -0 0 1
    outer loop
      vertex 23.8215 31.0894 4.1
      vertex 23.8838 29.6628 4.1
      vertex 23.8838 31.1372 4.1
    endloop
  endfacet
  facet normal 0 0 1
    outer loop
      vertex 23.8215 31.0894 4.1
      vertex 23.8215 29.7106 4.1
      vertex 23.8838 29.6628 4.1
    endloop
  endfacet
  facet normal -0 0 1
    outer loop
      vertex 23.7636 31.0364 4.1
      vertex 23.8215 29.7106 4.1
      vertex 23.8215 31.0894 4.1
    endloop
  endfacet
  facet normal 0 0 1
    outer loop
      vertex 23.7636 31.0364 4.1
      vertex 23.7636 29.7636 4.1
      vertex 23.8215 29.7106 4.1
    endloop
  endfacet
  facet normal -0 0 1
    outer loop
      vertex 23.7106 30.9785 4.1
      vertex 23.7636 29.7636 4.1
      vertex 23.7636 31.0364 4.1
    endloop
  endfacet
  facet normal 0 0 1
    outer loop
      vertex 23.7106 30.9785 4.1
      vertex 23.7106 29.8215 4.1
      vertex 23.7636 29.7636 4.1
    endloop
  endfacet
  facet normal -0 0 1
    outer loop
      vertex 23.6628 30.9162 4.1
      vertex 23.7106 29.8215 4.1
      vertex 23.7106 30.9785 4.1
    endloop
  endfacet
  facet normal 0 0 1
    outer loop
      vertex 23.6628 30.9162 4.1
      vertex 23.6628 29.8838 4.1
      vertex 23.7106 29.8215 4.1
    endloop
  endfacet
  facet normal -0 0 1
    outer loop
      vertex 23.6206 30.85 4.1
      vertex 23.6628 29.8838 4.1
      vertex 23.6628 30.9162 4.1
    endloop
  endfacet
  facet normal 0 0 1
    outer loop
      vertex 23.6206 30.85 4.1
      vertex 23.6206 29.95 4.1
      vertex 23.6628 29.8838 4.1
    endloop
  endfacet
  facet normal -0 0 1
    outer loop
      vertex 23.5843 30.7804 4.1
      vertex 23.6206 29.95 4.1
      vertex 23.6206 30.85 4.1
    endloop
  endfacet
  facet normal 0 0 1
    outer loop
      vertex 23.5843 30.7804 4.1
      vertex 23.5843 30.0196 4.1
      vertex 23.6206 29.95 4.1
    endloop
  endfacet
  facet normal -0 0 1
    outer loop
      vertex 23.5543 30.7078 4.1
      vertex 23.5843 30.0196 4.1
      vertex 23.5843 30.7804 4.1
    endloop
  endfacet
  facet normal 0 0 1
    outer loop
      vertex 23.5543 30.7078 4.1
      vertex 23.5543 30.0922 4.1
      vertex 23.5843 30.0196 4.1
    endloop
  endfacet
  facet normal -0 0 1
    outer loop
      vertex 23.5307 30.6329 4.1
      vertex 23.5543 30.0922 4.1
      vertex 23.5543 30.7078 4.1
    endloop
  endfacet
  facet normal 0 0 1
    outer loop
      vertex 23.5307 30.6329 4.1
      vertex 23.5307 30.1671 4.1
      vertex 23.5543 30.0922 4.1
    endloop
  endfacet
  facet normal -0 0 1
    outer loop
      vertex 23.5137 30.5563 4.1
      vertex 23.5307 30.1671 4.1
      vertex 23.5307 30.6329 4.1
    endloop
  endfacet
  facet normal 0 0 1
    outer loop
      vertex 23.5137 30.5563 4.1
      vertex 23.5137 30.2437 4.1
      vertex 23.5307 30.1671 4.1
    endloop
  endfacet
  facet normal -0 0 1
    outer loop
      vertex 23.5034 30.4784 4.1
      vertex 23.5137 30.2437 4.1
      vertex 23.5137 30.5563 4.1
    endloop
  endfacet
  facet normal 0 0 1
    outer loop
      vertex 23.5034 30.4784 4.1
      vertex 23.5034 30.3216 4.1
      vertex 23.5137 30.2437 4.1
    endloop
  endfacet
  facet normal 0 -0 1
    outer loop
      vertex 23.5034 30.3216 4.1
      vertex 23.5034 30.4784 4.1
      vertex 23.5 30.4 4.1
    endloop
  endfacet
  facet normal 0.976247 0.216661 0
    outer loop
      vertex 23.5307 30.1671 6.3
      vertex 23.5137 30.2437 4.1
      vertex 23.5137 30.2437 6.3
    endloop
  endfacet
  facet normal 0.976247 0.216661 0
    outer loop
      vertex 23.5137 30.2437 4.1
      vertex 23.5307 30.1671 6.3
      vertex 23.5307 30.1671 4.1
    endloop
  endfacet
  facet normal 0.991372 0.13108 0
    outer loop
      vertex 23.5137 30.2437 6.3
      vertex 23.5034 30.3216 4.1
      vertex 23.5034 30.3216 6.3
    endloop
  endfacet
  facet normal 0.991372 0.13108 0
    outer loop
      vertex 23.5034 30.3216 4.1
      vertex 23.5137 30.2437 6.3
      vertex 23.5137 30.2437 4.1
    endloop
  endfacet
  facet normal 0.886653 0.462435 0
    outer loop
      vertex 23.6206 29.95 6.3
      vertex 23.5843 30.0196 4.1
      vertex 23.5843 30.0196 6.3
    endloop
  endfacet
  facet normal 0.886653 0.462435 0
    outer loop
      vertex 23.5843 30.0196 4.1
      vertex 23.6206 29.95 6.3
      vertex 23.6206 29.95 4.1
    endloop
  endfacet
  facet normal 0.843242 0.537535 0
    outer loop
      vertex 23.6628 29.8838 6.3
      vertex 23.6206 29.95 4.1
      vertex 23.6206 29.95 6.3
    endloop
  endfacet
  facet normal 0.843242 0.537535 0
    outer loop
      vertex 23.6206 29.95 4.1
      vertex 23.6628 29.8838 6.3
      vertex 23.6628 29.8838 4.1
    endloop
  endfacet
  facet normal 0.381902 0.924203 -0
    outer loop
      vertex 24.0922 29.5543 4.1
      vertex 24.0196 29.5843 6.3
      vertex 24.0922 29.5543 6.3
    endloop
  endfacet
  facet normal 0.381902 0.924203 0
    outer loop
      vertex 24.0196 29.5843 6.3
      vertex 24.0922 29.5543 4.1
      vertex 24.0196 29.5843 4.1
    endloop
  endfacet
  facet normal 0.13108 0.991372 -0
    outer loop
      vertex 24.3216 29.5034 4.1
      vertex 24.2437 29.5137 6.3
      vertex 24.3216 29.5034 6.3
    endloop
  endfacet
  facet normal 0.13108 0.991372 0
    outer loop
      vertex 24.2437 29.5137 6.3
      vertex 24.3216 29.5034 4.1
      vertex 24.2437 29.5137 4.1
    endloop
  endfacet
  facet normal 0.608726 0.793381 -0
    outer loop
      vertex 23.8838 29.6628 4.1
      vertex 23.8215 29.7106 6.3
      vertex 23.8838 29.6628 6.3
    endloop
  endfacet
  facet normal 0.608726 0.793381 0
    outer loop
      vertex 23.8215 29.7106 6.3
      vertex 23.8838 29.6628 4.1
      vertex 23.8215 29.7106 4.1
    endloop
  endfacet
  facet normal 0.675205 0.73763 -0
    outer loop
      vertex 23.8215 29.7106 4.1
      vertex 23.7636 29.7636 6.3
      vertex 23.8215 29.7106 6.3
    endloop
  endfacet
  facet normal 0.675205 0.73763 0
    outer loop
      vertex 23.7636 29.7636 6.3
      vertex 23.8215 29.7106 4.1
      vertex 23.7636 29.7636 4.1
    endloop
  endfacet
  facet normal 0.537535 0.843242 -0
    outer loop
      vertex 23.95 29.6206 4.1
      vertex 23.8838 29.6628 6.3
      vertex 23.95 29.6206 6.3
    endloop
  endfacet
  facet normal 0.537535 0.843242 0
    outer loop
      vertex 23.8838 29.6628 6.3
      vertex 23.95 29.6206 4.1
      vertex 23.8838 29.6628 4.1
    endloop
  endfacet
  facet normal 0.73763 0.675205 0
    outer loop
      vertex 23.7636 29.7636 6.3
      vertex 23.7106 29.8215 4.1
      vertex 23.7106 29.8215 6.3
    endloop
  endfacet
  facet normal 0.73763 0.675205 0
    outer loop
      vertex 23.7106 29.8215 4.1
      vertex 23.7636 29.7636 6.3
      vertex 23.7636 29.7636 4.1
    endloop
  endfacet
  facet normal -0.999061 0.0433266 0
    outer loop
      vertex 25.2966 30.3216 4.1
      vertex 25.3 30.4 6.3
      vertex 25.3 30.4 4.1
    endloop
  endfacet
  facet normal -0.999061 0.0433266 0
    outer loop
      vertex 25.3 30.4 6.3
      vertex 25.2966 30.3216 4.1
      vertex 25.2966 30.3216 6.3
    endloop
  endfacet
  facet normal -0.13108 -0.991372 0
    outer loop
      vertex 24.4784 31.2966 4.1
      vertex 24.5563 31.2863 6.3
      vertex 24.4784 31.2966 6.3
    endloop
  endfacet
  facet normal -0.13108 -0.991372 -0
    outer loop
      vertex 24.5563 31.2863 6.3
      vertex 24.4784 31.2966 4.1
      vertex 24.5563 31.2863 4.1
    endloop
  endfacet
  facet normal -0.216661 -0.976247 0
    outer loop
      vertex 24.5563 31.2863 4.1
      vertex 24.6329 31.2693 6.3
      vertex 24.5563 31.2863 6.3
    endloop
  endfacet
  facet normal -0.216661 -0.976247 -0
    outer loop
      vertex 24.6329 31.2693 6.3
      vertex 24.5563 31.2863 4.1
      vertex 24.6329 31.2693 4.1
    endloop
  endfacet
  facet normal -0.381902 -0.924203 0
    outer loop
      vertex 24.7078 31.2457 4.1
      vertex 24.7804 31.2157 6.3
      vertex 24.7078 31.2457 6.3
    endloop
  endfacet
  facet normal -0.381902 -0.924203 -0
    outer loop
      vertex 24.7804 31.2157 6.3
      vertex 24.7078 31.2457 4.1
      vertex 24.7804 31.2157 4.1
    endloop
  endfacet
  facet normal -0.675205 -0.73763 0
    outer loop
      vertex 24.9785 31.0894 4.1
      vertex 25.0364 31.0364 6.3
      vertex 24.9785 31.0894 6.3
    endloop
  endfacet
  facet normal -0.675205 -0.73763 -0
    outer loop
      vertex 25.0364 31.0364 6.3
      vertex 24.9785 31.0894 4.1
      vertex 25.0364 31.0364 4.1
    endloop
  endfacet
  facet normal -0.537535 -0.843242 0
    outer loop
      vertex 24.85 31.1794 4.1
      vertex 24.9162 31.1372 6.3
      vertex 24.85 31.1794 6.3
    endloop
  endfacet
  facet normal -0.537535 -0.843242 -0
    outer loop
      vertex 24.9162 31.1372 6.3
      vertex 24.85 31.1794 4.1
      vertex 24.9162 31.1372 4.1
    endloop
  endfacet
  facet normal -0.886653 -0.462435 0
    outer loop
      vertex 25.2157 30.7804 4.1
      vertex 25.1794 30.85 6.3
      vertex 25.1794 30.85 4.1
    endloop
  endfacet
  facet normal -0.886653 -0.462435 0
    outer loop
      vertex 25.1794 30.85 6.3
      vertex 25.2157 30.7804 4.1
      vertex 25.2157 30.7804 6.3
    endloop
  endfacet
  facet normal -0.0433266 -0.999061 0
    outer loop
      vertex 24.4 31.3 4.1
      vertex 24.4784 31.2966 6.3
      vertex 24.4 31.3 6.3
    endloop
  endfacet
  facet normal -0.0433266 -0.999061 -0
    outer loop
      vertex 24.4784 31.2966 6.3
      vertex 24.4 31.3 4.1
      vertex 24.4784 31.2966 4.1
    endloop
  endfacet
  facet normal 0.462435 -0.886653 0
    outer loop
      vertex 23.95 31.1794 4.1
      vertex 24.0196 31.2157 6.3
      vertex 23.95 31.1794 6.3
    endloop
  endfacet
  facet normal 0.462435 -0.886653 0
    outer loop
      vertex 24.0196 31.2157 6.3
      vertex 23.95 31.1794 4.1
      vertex 24.0196 31.2157 4.1
    endloop
  endfacet
  facet normal 0.991372 -0.13108 0
    outer loop
      vertex 23.5034 30.4784 6.3
      vertex 23.5137 30.5563 4.1
      vertex 23.5137 30.5563 6.3
    endloop
  endfacet
  facet normal 0.991372 -0.13108 0
    outer loop
      vertex 23.5137 30.5563 4.1
      vertex 23.5034 30.4784 6.3
      vertex 23.5034 30.4784 4.1
    endloop
  endfacet
  facet normal 0.924203 -0.381902 0
    outer loop
      vertex 23.5543 30.7078 6.3
      vertex 23.5843 30.7804 4.1
      vertex 23.5843 30.7804 6.3
    endloop
  endfacet
  facet normal 0.924203 -0.381902 0
    outer loop
      vertex 23.5843 30.7804 4.1
      vertex 23.5543 30.7078 6.3
      vertex 23.5543 30.7078 4.1
    endloop
  endfacet
  facet normal 0.843242 -0.537535 0
    outer loop
      vertex 23.6206 30.85 6.3
      vertex 23.6628 30.9162 4.1
      vertex 23.6628 30.9162 6.3
    endloop
  endfacet
  facet normal 0.843242 -0.537535 0
    outer loop
      vertex 23.6628 30.9162 4.1
      vertex 23.6206 30.85 6.3
      vertex 23.6206 30.85 4.1
    endloop
  endfacet
  facet normal -0.953775 0.300522 0
    outer loop
      vertex 25.2457 30.0922 4.1
      vertex 25.2693 30.1671 6.3
      vertex 25.2693 30.1671 4.1
    endloop
  endfacet
  facet normal -0.953775 0.300522 0
    outer loop
      vertex 25.2693 30.1671 6.3
      vertex 25.2457 30.0922 4.1
      vertex 25.2457 30.0922 6.3
    endloop
  endfacet
  facet normal 0.999061 -0.0433266 0
    outer loop
      vertex 23.5 30.4 6.3
      vertex 23.5034 30.4784 4.1
      vertex 23.5034 30.4784 6.3
    endloop
  endfacet
  facet normal 0.999061 -0.0433266 0
    outer loop
      vertex 23.5034 30.4784 4.1
      vertex 23.5 30.4 6.3
      vertex 23.5 30.4 4.1
    endloop
  endfacet
  facet normal 0.216661 0.976247 -0
    outer loop
      vertex 24.2437 29.5137 4.1
      vertex 24.1671 29.5307 6.3
      vertex 24.2437 29.5137 6.3
    endloop
  endfacet
  facet normal 0.216661 0.976247 0
    outer loop
      vertex 24.1671 29.5307 6.3
      vertex 24.2437 29.5137 4.1
      vertex 24.1671 29.5307 4.1
    endloop
  endfacet
  facet normal -0.953775 -0.300522 0
    outer loop
      vertex 25.2693 30.6329 4.1
      vertex 25.2457 30.7078 6.3
      vertex 25.2457 30.7078 4.1
    endloop
  endfacet
  facet normal -0.953775 -0.300522 0
    outer loop
      vertex 25.2457 30.7078 6.3
      vertex 25.2693 30.6329 4.1
      vertex 25.2693 30.6329 6.3
    endloop
  endfacet
  facet normal -0.991372 -0.13108 0
    outer loop
      vertex 25.2966 30.4784 4.1
      vertex 25.2863 30.5563 6.3
      vertex 25.2863 30.5563 4.1
    endloop
  endfacet
  facet normal -0.991372 -0.13108 0
    outer loop
      vertex 25.2863 30.5563 6.3
      vertex 25.2966 30.4784 4.1
      vertex 25.2966 30.4784 6.3
    endloop
  endfacet
  facet normal -0.462435 -0.886653 0
    outer loop
      vertex 24.7804 31.2157 4.1
      vertex 24.85 31.1794 6.3
      vertex 24.7804 31.2157 6.3
    endloop
  endfacet
  facet normal -0.462435 -0.886653 -0
    outer loop
      vertex 24.85 31.1794 6.3
      vertex 24.7804 31.2157 4.1
      vertex 24.85 31.1794 4.1
    endloop
  endfacet
  facet normal -0.73763 -0.675205 0
    outer loop
      vertex 25.0894 30.9785 4.1
      vertex 25.0364 31.0364 6.3
      vertex 25.0364 31.0364 4.1
    endloop
  endfacet
  facet normal -0.73763 -0.675205 0
    outer loop
      vertex 25.0364 31.0364 6.3
      vertex 25.0894 30.9785 4.1
      vertex 25.0894 30.9785 6.3
    endloop
  endfacet
  facet normal -0.608726 -0.793381 0
    outer loop
      vertex 24.9162 31.1372 4.1
      vertex 24.9785 31.0894 6.3
      vertex 24.9162 31.1372 6.3
    endloop
  endfacet
  facet normal -0.608726 -0.793381 -0
    outer loop
      vertex 24.9785 31.0894 6.3
      vertex 24.9162 31.1372 4.1
      vertex 24.9785 31.0894 4.1
    endloop
  endfacet
  facet normal -0.924203 -0.381902 0
    outer loop
      vertex 25.2457 30.7078 4.1
      vertex 25.2157 30.7804 6.3
      vertex 25.2157 30.7804 4.1
    endloop
  endfacet
  facet normal -0.924203 -0.381902 0
    outer loop
      vertex 25.2157 30.7804 6.3
      vertex 25.2457 30.7078 4.1
      vertex 25.2457 30.7078 6.3
    endloop
  endfacet
  facet normal -0.843242 -0.537535 0
    outer loop
      vertex 25.1794 30.85 4.1
      vertex 25.1372 30.9162 6.3
      vertex 25.1372 30.9162 4.1
    endloop
  endfacet
  facet normal -0.843242 -0.537535 0
    outer loop
      vertex 25.1372 30.9162 6.3
      vertex 25.1794 30.85 4.1
      vertex 25.1794 30.85 6.3
    endloop
  endfacet
  facet normal 0.13108 -0.991372 0
    outer loop
      vertex 24.2437 31.2863 4.1
      vertex 24.3216 31.2966 6.3
      vertex 24.2437 31.2863 6.3
    endloop
  endfacet
  facet normal 0.13108 -0.991372 0
    outer loop
      vertex 24.3216 31.2966 6.3
      vertex 24.2437 31.2863 4.1
      vertex 24.3216 31.2966 4.1
    endloop
  endfacet
  facet normal 0.300522 -0.953775 0
    outer loop
      vertex 24.0922 31.2457 4.1
      vertex 24.1671 31.2693 6.3
      vertex 24.0922 31.2457 6.3
    endloop
  endfacet
  facet normal 0.300522 -0.953775 0
    outer loop
      vertex 24.1671 31.2693 6.3
      vertex 24.0922 31.2457 4.1
      vertex 24.1671 31.2693 4.1
    endloop
  endfacet
  facet normal 0.216661 -0.976247 0
    outer loop
      vertex 24.1671 31.2693 4.1
      vertex 24.2437 31.2863 6.3
      vertex 24.1671 31.2693 6.3
    endloop
  endfacet
  facet normal 0.216661 -0.976247 0
    outer loop
      vertex 24.2437 31.2863 6.3
      vertex 24.1671 31.2693 4.1
      vertex 24.2437 31.2863 4.1
    endloop
  endfacet
  facet normal 0.381902 -0.924203 0
    outer loop
      vertex 24.0196 31.2157 4.1
      vertex 24.0922 31.2457 6.3
      vertex 24.0196 31.2157 6.3
    endloop
  endfacet
  facet normal 0.381902 -0.924203 0
    outer loop
      vertex 24.0922 31.2457 6.3
      vertex 24.0196 31.2157 4.1
      vertex 24.0922 31.2457 4.1
    endloop
  endfacet
  facet normal 0.537535 -0.843242 0
    outer loop
      vertex 23.8838 31.1372 4.1
      vertex 23.95 31.1794 6.3
      vertex 23.8838 31.1372 6.3
    endloop
  endfacet
  facet normal 0.537535 -0.843242 0
    outer loop
      vertex 23.95 31.1794 6.3
      vertex 23.8838 31.1372 4.1
      vertex 23.95 31.1794 4.1
    endloop
  endfacet
  facet normal 0.976247 -0.216661 0
    outer loop
      vertex 23.5137 30.5563 6.3
      vertex 23.5307 30.6329 4.1
      vertex 23.5307 30.6329 6.3
    endloop
  endfacet
  facet normal 0.976247 -0.216661 0
    outer loop
      vertex 23.5307 30.6329 4.1
      vertex 23.5137 30.5563 6.3
      vertex 23.5137 30.5563 4.1
    endloop
  endfacet
  facet normal 0.953775 -0.300522 0
    outer loop
      vertex 23.5307 30.6329 6.3
      vertex 23.5543 30.7078 4.1
      vertex 23.5543 30.7078 6.3
    endloop
  endfacet
  facet normal 0.953775 -0.300522 0
    outer loop
      vertex 23.5543 30.7078 4.1
      vertex 23.5307 30.6329 6.3
      vertex 23.5307 30.6329 4.1
    endloop
  endfacet
  facet normal 0.793381 -0.608726 0
    outer loop
      vertex 23.6628 30.9162 6.3
      vertex 23.7106 30.9785 4.1
      vertex 23.7106 30.9785 6.3
    endloop
  endfacet
  facet normal 0.793381 -0.608726 0
    outer loop
      vertex 23.7106 30.9785 4.1
      vertex 23.6628 30.9162 6.3
      vertex 23.6628 30.9162 4.1
    endloop
  endfacet
  facet normal 0.675205 -0.73763 0
    outer loop
      vertex 23.7636 31.0364 4.1
      vertex 23.8215 31.0894 6.3
      vertex 23.7636 31.0364 6.3
    endloop
  endfacet
  facet normal 0.675205 -0.73763 0
    outer loop
      vertex 23.8215 31.0894 6.3
      vertex 23.7636 31.0364 4.1
      vertex 23.8215 31.0894 4.1
    endloop
  endfacet
  facet normal -0.300522 0.953775 0
    outer loop
      vertex 24.7078 29.5543 4.1
      vertex 24.6329 29.5307 6.3
      vertex 24.7078 29.5543 6.3
    endloop
  endfacet
  facet normal -0.300522 0.953775 0
    outer loop
      vertex 24.6329 29.5307 6.3
      vertex 24.7078 29.5543 4.1
      vertex 24.6329 29.5307 4.1
    endloop
  endfacet
  facet normal 0.953775 0.300522 0
    outer loop
      vertex 23.5543 30.0922 6.3
      vertex 23.5307 30.1671 4.1
      vertex 23.5307 30.1671 6.3
    endloop
  endfacet
  facet normal 0.953775 0.300522 0
    outer loop
      vertex 23.5307 30.1671 4.1
      vertex 23.5543 30.0922 6.3
      vertex 23.5543 30.0922 4.1
    endloop
  endfacet
  facet normal -0.999061 -0.0433266 0
    outer loop
      vertex 25.3 30.4 4.1
      vertex 25.2966 30.4784 6.3
      vertex 25.2966 30.4784 4.1
    endloop
  endfacet
  facet normal -0.999061 -0.0433266 0
    outer loop
      vertex 25.2966 30.4784 6.3
      vertex 25.3 30.4 4.1
      vertex 25.3 30.4 6.3
    endloop
  endfacet
  facet normal -0.976247 -0.216661 0
    outer loop
      vertex 25.2863 30.5563 4.1
      vertex 25.2693 30.6329 6.3
      vertex 25.2693 30.6329 4.1
    endloop
  endfacet
  facet normal -0.976247 -0.216661 0
    outer loop
      vertex 25.2693 30.6329 6.3
      vertex 25.2863 30.5563 4.1
      vertex 25.2863 30.5563 6.3
    endloop
  endfacet
  facet normal -0.300522 -0.953775 0
    outer loop
      vertex 24.6329 31.2693 4.1
      vertex 24.7078 31.2457 6.3
      vertex 24.6329 31.2693 6.3
    endloop
  endfacet
  facet normal -0.300522 -0.953775 -0
    outer loop
      vertex 24.7078 31.2457 6.3
      vertex 24.6329 31.2693 4.1
      vertex 24.7078 31.2457 4.1
    endloop
  endfacet
  facet normal -0.999061 0.0433266 0
    outer loop
      vertex 31.2966 36.3216 4.1
      vertex 31.3 36.4 6.3
      vertex 31.3 36.4 4.1
    endloop
  endfacet
  facet normal -0.999061 0.0433266 0
    outer loop
      vertex 31.3 36.4 6.3
      vertex 31.2966 36.3216 4.1
      vertex 31.2966 36.3216 6.3
    endloop
  endfacet
  facet normal 0.0433266 0.999061 -0
    outer loop
      vertex 30.4 35.5 4.1
      vertex 30.3216 35.5034 6.3
      vertex 30.4 35.5 6.3
    endloop
  endfacet
  facet normal 0.0433266 0.999061 0
    outer loop
      vertex 30.3216 35.5034 6.3
      vertex 30.4 35.5 4.1
      vertex 30.3216 35.5034 4.1
    endloop
  endfacet
  facet normal -0.0433266 -0.999061 0
    outer loop
      vertex 30.4 37.3 4.1
      vertex 30.4784 37.2966 6.3
      vertex 30.4 37.3 6.3
    endloop
  endfacet
  facet normal -0.0433266 -0.999061 -0
    outer loop
      vertex 30.4784 37.2966 6.3
      vertex 30.4 37.3 4.1
      vertex 30.4784 37.2966 4.1
    endloop
  endfacet
  facet normal -0.675205 0.73763 0
    outer loop
      vertex 31.0364 35.7636 4.1
      vertex 30.9785 35.7106 6.3
      vertex 31.0364 35.7636 6.3
    endloop
  endfacet
  facet normal -0.675205 0.73763 0
    outer loop
      vertex 30.9785 35.7106 6.3
      vertex 31.0364 35.7636 4.1
      vertex 30.9785 35.7106 4.1
    endloop
  endfacet
  facet normal 0.73763 0.675205 0
    outer loop
      vertex 29.7636 35.7636 6.3
      vertex 29.7106 35.8215 4.1
      vertex 29.7106 35.8215 6.3
    endloop
  endfacet
  facet normal 0.73763 0.675205 0
    outer loop
      vertex 29.7106 35.8215 4.1
      vertex 29.7636 35.7636 6.3
      vertex 29.7636 35.7636 4.1
    endloop
  endfacet
  facet normal 0.462435 0.886653 -0
    outer loop
      vertex 30.0196 35.5843 4.1
      vertex 29.95 35.6206 6.3
      vertex 30.0196 35.5843 6.3
    endloop
  endfacet
  facet normal 0.462435 0.886653 0
    outer loop
      vertex 29.95 35.6206 6.3
      vertex 30.0196 35.5843 4.1
      vertex 29.95 35.6206 4.1
    endloop
  endfacet
  facet normal -0.886653 0.462435 0
    outer loop
      vertex 31.1794 35.95 4.1
      vertex 31.2157 36.0196 6.3
      vertex 31.2157 36.0196 4.1
    endloop
  endfacet
  facet normal -0.886653 0.462435 0
    outer loop
      vertex 31.2157 36.0196 6.3
      vertex 31.1794 35.95 4.1
      vertex 31.1794 35.95 6.3
    endloop
  endfacet
  facet normal -0.381902 0.924203 0
    outer loop
      vertex 30.7804 35.5843 4.1
      vertex 30.7078 35.5543 6.3
      vertex 30.7804 35.5843 6.3
    endloop
  endfacet
  facet normal -0.381902 0.924203 0
    outer loop
      vertex 30.7078 35.5543 6.3
      vertex 30.7804 35.5843 4.1
      vertex 30.7078 35.5543 4.1
    endloop
  endfacet
  facet normal -0.537535 0.843242 0
    outer loop
      vertex 30.9162 35.6628 4.1
      vertex 30.85 35.6206 6.3
      vertex 30.9162 35.6628 6.3
    endloop
  endfacet
  facet normal -0.537535 0.843242 0
    outer loop
      vertex 30.85 35.6206 6.3
      vertex 30.9162 35.6628 4.1
      vertex 30.85 35.6206 4.1
    endloop
  endfacet
  facet normal 0.924203 0.381902 0
    outer loop
      vertex 29.5843 36.0196 6.3
      vertex 29.5543 36.0922 4.1
      vertex 29.5543 36.0922 6.3
    endloop
  endfacet
  facet normal 0.924203 0.381902 0
    outer loop
      vertex 29.5543 36.0922 4.1
      vertex 29.5843 36.0196 6.3
      vertex 29.5843 36.0196 4.1
    endloop
  endfacet
  facet normal 0.300522 0.953775 -0
    outer loop
      vertex 30.1671 35.5307 4.1
      vertex 30.0922 35.5543 6.3
      vertex 30.1671 35.5307 6.3
    endloop
  endfacet
  facet normal 0.300522 0.953775 0
    outer loop
      vertex 30.0922 35.5543 6.3
      vertex 30.1671 35.5307 4.1
      vertex 30.0922 35.5543 4.1
    endloop
  endfacet
  facet normal 0.675205 -0.73763 0
    outer loop
      vertex 29.7636 37.0364 4.1
      vertex 29.8215 37.0894 6.3
      vertex 29.7636 37.0364 6.3
    endloop
  endfacet
  facet normal 0.675205 -0.73763 0
    outer loop
      vertex 29.8215 37.0894 6.3
      vertex 29.7636 37.0364 4.1
      vertex 29.8215 37.0894 4.1
    endloop
  endfacet
  facet normal 0.976247 -0.216661 0
    outer loop
      vertex 29.5137 36.5563 6.3
      vertex 29.5307 36.6329 4.1
      vertex 29.5307 36.6329 6.3
    endloop
  endfacet
  facet normal 0.976247 -0.216661 0
    outer loop
      vertex 29.5307 36.6329 4.1
      vertex 29.5137 36.5563 6.3
      vertex 29.5137 36.5563 4.1
    endloop
  endfacet
  facet normal -0.976247 0.216661 0
    outer loop
      vertex 31.2693 36.1671 4.1
      vertex 31.2863 36.2437 6.3
      vertex 31.2863 36.2437 4.1
    endloop
  endfacet
  facet normal -0.976247 0.216661 0
    outer loop
      vertex 31.2863 36.2437 6.3
      vertex 31.2693 36.1671 4.1
      vertex 31.2693 36.1671 6.3
    endloop
  endfacet
  facet normal -0.991372 0.13108 0
    outer loop
      vertex 31.2863 36.2437 4.1
      vertex 31.2966 36.3216 6.3
      vertex 31.2966 36.3216 4.1
    endloop
  endfacet
  facet normal -0.991372 0.13108 0
    outer loop
      vertex 31.2966 36.3216 6.3
      vertex 31.2863 36.2437 4.1
      vertex 31.2863 36.2437 6.3
    endloop
  endfacet
  facet normal -0.924203 0.381902 0
    outer loop
      vertex 31.2157 36.0196 4.1
      vertex 31.2457 36.0922 6.3
      vertex 31.2457 36.0922 4.1
    endloop
  endfacet
  facet normal -0.924203 0.381902 0
    outer loop
      vertex 31.2457 36.0922 6.3
      vertex 31.2157 36.0196 4.1
      vertex 31.2157 36.0196 6.3
    endloop
  endfacet
  facet normal -0.793381 0.608726 0
    outer loop
      vertex 31.0894 35.8215 4.1
      vertex 31.1372 35.8838 6.3
      vertex 31.1372 35.8838 4.1
    endloop
  endfacet
  facet normal -0.793381 0.608726 0
    outer loop
      vertex 31.1372 35.8838 6.3
      vertex 31.0894 35.8215 4.1
      vertex 31.0894 35.8215 6.3
    endloop
  endfacet
  facet normal -0.73763 0.675205 0
    outer loop
      vertex 31.0364 35.7636 4.1
      vertex 31.0894 35.8215 6.3
      vertex 31.0894 35.8215 4.1
    endloop
  endfacet
  facet normal -0.73763 0.675205 0
    outer loop
      vertex 31.0894 35.8215 6.3
      vertex 31.0364 35.7636 4.1
      vertex 31.0364 35.7636 6.3
    endloop
  endfacet
  facet normal -0.843242 0.537535 0
    outer loop
      vertex 31.1372 35.8838 4.1
      vertex 31.1794 35.95 6.3
      vertex 31.1794 35.95 4.1
    endloop
  endfacet
  facet normal -0.843242 0.537535 0
    outer loop
      vertex 31.1794 35.95 6.3
      vertex 31.1372 35.8838 4.1
      vertex 31.1372 35.8838 6.3
    endloop
  endfacet
  facet normal -0.13108 0.991372 0
    outer loop
      vertex 30.5563 35.5137 4.1
      vertex 30.4784 35.5034 6.3
      vertex 30.5563 35.5137 6.3
    endloop
  endfacet
  facet normal -0.13108 0.991372 0
    outer loop
      vertex 30.4784 35.5034 6.3
      vertex 30.5563 35.5137 4.1
      vertex 30.4784 35.5034 4.1
    endloop
  endfacet
  facet normal -0.216661 0.976247 0
    outer loop
      vertex 30.6329 35.5307 4.1
      vertex 30.5563 35.5137 6.3
      vertex 30.6329 35.5307 6.3
    endloop
  endfacet
  facet normal -0.216661 0.976247 0
    outer loop
      vertex 30.5563 35.5137 6.3
      vertex 30.6329 35.5307 4.1
      vertex 30.5563 35.5137 4.1
    endloop
  endfacet
  facet normal -0.0433266 0.999061 0
    outer loop
      vertex 30.4784 35.5034 4.1
      vertex 30.4 35.5 6.3
      vertex 30.4784 35.5034 6.3
    endloop
  endfacet
  facet normal -0.0433266 0.999061 0
    outer loop
      vertex 30.4 35.5 6.3
      vertex 30.4784 35.5034 4.1
      vertex 30.4 35.5 4.1
    endloop
  endfacet
  facet normal -0.462435 0.886653 0
    outer loop
      vertex 30.85 35.6206 4.1
      vertex 30.7804 35.5843 6.3
      vertex 30.85 35.6206 6.3
    endloop
  endfacet
  facet normal -0.462435 0.886653 0
    outer loop
      vertex 30.7804 35.5843 6.3
      vertex 30.85 35.6206 4.1
      vertex 30.7804 35.5843 4.1
    endloop
  endfacet
  facet normal -0.608726 0.793381 0
    outer loop
      vertex 30.9785 35.7106 4.1
      vertex 30.9162 35.6628 6.3
      vertex 30.9785 35.7106 6.3
    endloop
  endfacet
  facet normal -0.608726 0.793381 0
    outer loop
      vertex 30.9162 35.6628 6.3
      vertex 30.9785 35.7106 4.1
      vertex 30.9162 35.6628 4.1
    endloop
  endfacet
  facet normal 0.991372 0.13108 0
    outer loop
      vertex 29.5137 36.2437 6.3
      vertex 29.5034 36.3216 4.1
      vertex 29.5034 36.3216 6.3
    endloop
  endfacet
  facet normal 0.991372 0.13108 0
    outer loop
      vertex 29.5034 36.3216 4.1
      vertex 29.5137 36.2437 6.3
      vertex 29.5137 36.2437 4.1
    endloop
  endfacet
  facet normal 0.843242 0.537535 0
    outer loop
      vertex 29.6628 35.8838 6.3
      vertex 29.6206 35.95 4.1
      vertex 29.6206 35.95 6.3
    endloop
  endfacet
  facet normal 0.843242 0.537535 0
    outer loop
      vertex 29.6206 35.95 4.1
      vertex 29.6628 35.8838 6.3
      vertex 29.6628 35.8838 4.1
    endloop
  endfacet
  facet normal 0.793381 0.608726 0
    outer loop
      vertex 29.7106 35.8215 6.3
      vertex 29.6628 35.8838 4.1
      vertex 29.6628 35.8838 6.3
    endloop
  endfacet
  facet normal 0.793381 0.608726 0
    outer loop
      vertex 29.6628 35.8838 4.1
      vertex 29.7106 35.8215 6.3
      vertex 29.7106 35.8215 4.1
    endloop
  endfacet
  facet normal 0.886653 0.462435 0
    outer loop
      vertex 29.6206 35.95 6.3
      vertex 29.5843 36.0196 4.1
      vertex 29.5843 36.0196 6.3
    endloop
  endfacet
  facet normal 0.886653 0.462435 0
    outer loop
      vertex 29.5843 36.0196 4.1
      vertex 29.6206 35.95 6.3
      vertex 29.6206 35.95 4.1
    endloop
  endfacet
  facet normal 0.976247 0.216661 0
    outer loop
      vertex 29.5307 36.1671 6.3
      vertex 29.5137 36.2437 4.1
      vertex 29.5137 36.2437 6.3
    endloop
  endfacet
  facet normal 0.976247 0.216661 0
    outer loop
      vertex 29.5137 36.2437 4.1
      vertex 29.5307 36.1671 6.3
      vertex 29.5307 36.1671 4.1
    endloop
  endfacet
  facet normal 0.999061 0.0433266 0
    outer loop
      vertex 29.5034 36.3216 6.3
      vertex 29.5 36.4 4.1
      vertex 29.5 36.4 6.3
    endloop
  endfacet
  facet normal 0.999061 0.0433266 0
    outer loop
      vertex 29.5 36.4 4.1
      vertex 29.5034 36.3216 6.3
      vertex 29.5034 36.3216 4.1
    endloop
  endfacet
  facet normal 0 0 1
    outer loop
      vertex 31.2966 36.4784 4.1
      vertex 31.2966 36.3216 4.1
      vertex 31.3 36.4 4.1
    endloop
  endfacet
  facet normal 0 0 1
    outer loop
      vertex 31.2863 36.5563 4.1
      vertex 31.2966 36.3216 4.1
      vertex 31.2966 36.4784 4.1
    endloop
  endfacet
  facet normal 0 0 1
    outer loop
      vertex 31.2863 36.5563 4.1
      vertex 31.2863 36.2437 4.1
      vertex 31.2966 36.3216 4.1
    endloop
  endfacet
  facet normal 0 0 1
    outer loop
      vertex 31.2693 36.6329 4.1
      vertex 31.2863 36.2437 4.1
      vertex 31.2863 36.5563 4.1
    endloop
  endfacet
  facet normal 0 0 1
    outer loop
      vertex 31.2693 36.6329 4.1
      vertex 31.2693 36.1671 4.1
      vertex 31.2863 36.2437 4.1
    endloop
  endfacet
  facet normal 0 0 1
    outer loop
      vertex 31.2457 36.7078 4.1
      vertex 31.2693 36.1671 4.1
      vertex 31.2693 36.6329 4.1
    endloop
  endfacet
  facet normal 0 0 1
    outer loop
      vertex 31.2457 36.7078 4.1
      vertex 31.2457 36.0922 4.1
      vertex 31.2693 36.1671 4.1
    endloop
  endfacet
  facet normal 0 0 1
    outer loop
      vertex 31.2157 36.7804 4.1
      vertex 31.2457 36.0922 4.1
      vertex 31.2457 36.7078 4.1
    endloop
  endfacet
  facet normal 0 0 1
    outer loop
      vertex 31.2157 36.7804 4.1
      vertex 31.2157 36.0196 4.1
      vertex 31.2457 36.0922 4.1
    endloop
  endfacet
  facet normal 0 0 1
    outer loop
      vertex 31.1794 36.85 4.1
      vertex 31.2157 36.0196 4.1
      vertex 31.2157 36.7804 4.1
    endloop
  endfacet
  facet normal 0 0 1
    outer loop
      vertex 31.1794 36.85 4.1
      vertex 31.1794 35.95 4.1
      vertex 31.2157 36.0196 4.1
    endloop
  endfacet
  facet normal 0 0 1
    outer loop
      vertex 31.1372 36.9162 4.1
      vertex 31.1794 35.95 4.1
      vertex 31.1794 36.85 4.1
    endloop
  endfacet
  facet normal 0 0 1
    outer loop
      vertex 31.1372 36.9162 4.1
      vertex 31.1372 35.8838 4.1
      vertex 31.1794 35.95 4.1
    endloop
  endfacet
  facet normal 0 0 1
    outer loop
      vertex 31.0894 36.9785 4.1
      vertex 31.1372 35.8838 4.1
      vertex 31.1372 36.9162 4.1
    endloop
  endfacet
  facet normal 0 0 1
    outer loop
      vertex 31.0894 36.9785 4.1
      vertex 31.0894 35.8215 4.1
      vertex 31.1372 35.8838 4.1
    endloop
  endfacet
  facet normal 0 0 1
    outer loop
      vertex 31.0364 37.0364 4.1
      vertex 31.0894 35.8215 4.1
      vertex 31.0894 36.9785 4.1
    endloop
  endfacet
  facet normal 0 0 1
    outer loop
      vertex 31.0364 37.0364 4.1
      vertex 31.0364 35.7636 4.1
      vertex 31.0894 35.8215 4.1
    endloop
  endfacet
  facet normal 0 0 1
    outer loop
      vertex 30.9785 37.0894 4.1
      vertex 31.0364 35.7636 4.1
      vertex 31.0364 37.0364 4.1
    endloop
  endfacet
  facet normal 0 0 1
    outer loop
      vertex 30.9785 37.0894 4.1
      vertex 30.9785 35.7106 4.1
      vertex 31.0364 35.7636 4.1
    endloop
  endfacet
  facet normal 0 0 1
    outer loop
      vertex 30.9162 37.1372 4.1
      vertex 30.9785 35.7106 4.1
      vertex 30.9785 37.0894 4.1
    endloop
  endfacet
  facet normal 0 0 1
    outer loop
      vertex 30.9162 37.1372 4.1
      vertex 30.9162 35.6628 4.1
      vertex 30.9785 35.7106 4.1
    endloop
  endfacet
  facet normal 0 0 1
    outer loop
      vertex 30.85 37.1794 4.1
      vertex 30.9162 35.6628 4.1
      vertex 30.9162 37.1372 4.1
    endloop
  endfacet
  facet normal 0 0 1
    outer loop
      vertex 30.85 37.1794 4.1
      vertex 30.85 35.6206 4.1
      vertex 30.9162 35.6628 4.1
    endloop
  endfacet
  facet normal 0 0 1
    outer loop
      vertex 30.7804 37.2157 4.1
      vertex 30.85 35.6206 4.1
      vertex 30.85 37.1794 4.1
    endloop
  endfacet
  facet normal 0 0 1
    outer loop
      vertex 30.7804 37.2157 4.1
      vertex 30.7804 35.5843 4.1
      vertex 30.85 35.6206 4.1
    endloop
  endfacet
  facet normal 0 0 1
    outer loop
      vertex 30.7078 37.2457 4.1
      vertex 30.7804 35.5843 4.1
      vertex 30.7804 37.2157 4.1
    endloop
  endfacet
  facet normal 0 0 1
    outer loop
      vertex 30.7078 37.2457 4.1
      vertex 30.7078 35.5543 4.1
      vertex 30.7804 35.5843 4.1
    endloop
  endfacet
  facet normal 0 0 1
    outer loop
      vertex 30.6329 37.2693 4.1
      vertex 30.7078 35.5543 4.1
      vertex 30.7078 37.2457 4.1
    endloop
  endfacet
  facet normal 0 0 1
    outer loop
      vertex 30.6329 37.2693 4.1
      vertex 30.6329 35.5307 4.1
      vertex 30.7078 35.5543 4.1
    endloop
  endfacet
  facet normal 0 0 1
    outer loop
      vertex 30.5563 37.2863 4.1
      vertex 30.6329 35.5307 4.1
      vertex 30.6329 37.2693 4.1
    endloop
  endfacet
  facet normal 0 0 1
    outer loop
      vertex 30.5563 37.2863 4.1
      vertex 30.5563 35.5137 4.1
      vertex 30.6329 35.5307 4.1
    endloop
  endfacet
  facet normal 0 0 1
    outer loop
      vertex 30.4784 37.2966 4.1
      vertex 30.5563 35.5137 4.1
      vertex 30.5563 37.2863 4.1
    endloop
  endfacet
  facet normal 0 0 1
    outer loop
      vertex 30.4784 37.2966 4.1
      vertex 30.4784 35.5034 4.1
      vertex 30.5563 35.5137 4.1
    endloop
  endfacet
  facet normal 0 0 1
    outer loop
      vertex 30.4 37.3 4.1
      vertex 30.4784 35.5034 4.1
      vertex 30.4784 37.2966 4.1
    endloop
  endfacet
  facet normal 0 0 1
    outer loop
      vertex 30.4 37.3 4.1
      vertex 30.4 35.5 4.1
      vertex 30.4784 35.5034 4.1
    endloop
  endfacet
  facet normal -0 0 1
    outer loop
      vertex 30.3216 37.2966 4.1
      vertex 30.4 35.5 4.1
      vertex 30.4 37.3 4.1
    endloop
  endfacet
  facet normal 0 0 1
    outer loop
      vertex 30.3216 37.2966 4.1
      vertex 30.3216 35.5034 4.1
      vertex 30.4 35.5 4.1
    endloop
  endfacet
  facet normal -0 0 1
    outer loop
      vertex 30.2437 37.2863 4.1
      vertex 30.3216 35.5034 4.1
      vertex 30.3216 37.2966 4.1
    endloop
  endfacet
  facet normal 0 0 1
    outer loop
      vertex 30.2437 37.2863 4.1
      vertex 30.2437 35.5137 4.1
      vertex 30.3216 35.5034 4.1
    endloop
  endfacet
  facet normal -0 0 1
    outer loop
      vertex 30.1671 37.2693 4.1
      vertex 30.2437 35.5137 4.1
      vertex 30.2437 37.2863 4.1
    endloop
  endfacet
  facet normal 0 0 1
    outer loop
      vertex 30.1671 37.2693 4.1
      vertex 30.1671 35.5307 4.1
      vertex 30.2437 35.5137 4.1
    endloop
  endfacet
  facet normal -0 0 1
    outer loop
      vertex 30.0922 37.2457 4.1
      vertex 30.1671 35.5307 4.1
      vertex 30.1671 37.2693 4.1
    endloop
  endfacet
  facet normal 0 0 1
    outer loop
      vertex 30.0922 37.2457 4.1
      vertex 30.0922 35.5543 4.1
      vertex 30.1671 35.5307 4.1
    endloop
  endfacet
  facet normal -0 0 1
    outer loop
      vertex 30.0196 37.2157 4.1
      vertex 30.0922 35.5543 4.1
      vertex 30.0922 37.2457 4.1
    endloop
  endfacet
  facet normal 0 0 1
    outer loop
      vertex 30.0196 37.2157 4.1
      vertex 30.0196 35.5843 4.1
      vertex 30.0922 35.5543 4.1
    endloop
  endfacet
  facet normal -0 0 1
    outer loop
      vertex 29.95 37.1794 4.1
      vertex 30.0196 35.5843 4.1
      vertex 30.0196 37.2157 4.1
    endloop
  endfacet
  facet normal 0 0 1
    outer loop
      vertex 29.95 37.1794 4.1
      vertex 29.95 35.6206 4.1
      vertex 30.0196 35.5843 4.1
    endloop
  endfacet
  facet normal -0 0 1
    outer loop
      vertex 29.8838 37.1372 4.1
      vertex 29.95 35.6206 4.1
      vertex 29.95 37.1794 4.1
    endloop
  endfacet
  facet normal 0 0 1
    outer loop
      vertex 29.8838 37.1372 4.1
      vertex 29.8838 35.6628 4.1
      vertex 29.95 35.6206 4.1
    endloop
  endfacet
  facet normal -0 0 1
    outer loop
      vertex 29.8215 37.0894 4.1
      vertex 29.8838 35.6628 4.1
      vertex 29.8838 37.1372 4.1
    endloop
  endfacet
  facet normal 0 0 1
    outer loop
      vertex 29.8215 37.0894 4.1
      vertex 29.8215 35.7106 4.1
      vertex 29.8838 35.6628 4.1
    endloop
  endfacet
  facet normal -0 0 1
    outer loop
      vertex 29.7636 37.0364 4.1
      vertex 29.8215 35.7106 4.1
      vertex 29.8215 37.0894 4.1
    endloop
  endfacet
  facet normal 0 0 1
    outer loop
      vertex 29.7636 37.0364 4.1
      vertex 29.7636 35.7636 4.1
      vertex 29.8215 35.7106 4.1
    endloop
  endfacet
  facet normal -0 0 1
    outer loop
      vertex 29.7106 36.9785 4.1
      vertex 29.7636 35.7636 4.1
      vertex 29.7636 37.0364 4.1
    endloop
  endfacet
  facet normal 0 0 1
    outer loop
      vertex 29.7106 36.9785 4.1
      vertex 29.7106 35.8215 4.1
      vertex 29.7636 35.7636 4.1
    endloop
  endfacet
  facet normal -0 0 1
    outer loop
      vertex 29.6628 36.9162 4.1
      vertex 29.7106 35.8215 4.1
      vertex 29.7106 36.9785 4.1
    endloop
  endfacet
  facet normal 0 0 1
    outer loop
      vertex 29.6628 36.9162 4.1
      vertex 29.6628 35.8838 4.1
      vertex 29.7106 35.8215 4.1
    endloop
  endfacet
  facet normal -0 0 1
    outer loop
      vertex 29.6206 36.85 4.1
      vertex 29.6628 35.8838 4.1
      vertex 29.6628 36.9162 4.1
    endloop
  endfacet
  facet normal 0 0 1
    outer loop
      vertex 29.6206 36.85 4.1
      vertex 29.6206 35.95 4.1
      vertex 29.6628 35.8838 4.1
    endloop
  endfacet
  facet normal -0 0 1
    outer loop
      vertex 29.5843 36.7804 4.1
      vertex 29.6206 35.95 4.1
      vertex 29.6206 36.85 4.1
    endloop
  endfacet
  facet normal 0 0 1
    outer loop
      vertex 29.5843 36.7804 4.1
      vertex 29.5843 36.0196 4.1
      vertex 29.6206 35.95 4.1
    endloop
  endfacet
  facet normal -0 0 1
    outer loop
      vertex 29.5543 36.7078 4.1
      vertex 29.5843 36.0196 4.1
      vertex 29.5843 36.7804 4.1
    endloop
  endfacet
  facet normal 0 0 1
    outer loop
      vertex 29.5543 36.7078 4.1
      vertex 29.5543 36.0922 4.1
      vertex 29.5843 36.0196 4.1
    endloop
  endfacet
  facet normal -0 0 1
    outer loop
      vertex 29.5307 36.6329 4.1
      vertex 29.5543 36.0922 4.1
      vertex 29.5543 36.7078 4.1
    endloop
  endfacet
  facet normal 0 0 1
    outer loop
      vertex 29.5307 36.6329 4.1
      vertex 29.5307 36.1671 4.1
      vertex 29.5543 36.0922 4.1
    endloop
  endfacet
  facet normal -0 0 1
    outer loop
      vertex 29.5137 36.5563 4.1
      vertex 29.5307 36.1671 4.1
      vertex 29.5307 36.6329 4.1
    endloop
  endfacet
  facet normal 0 0 1
    outer loop
      vertex 29.5137 36.5563 4.1
      vertex 29.5137 36.2437 4.1
      vertex 29.5307 36.1671 4.1
    endloop
  endfacet
  facet normal -0 0 1
    outer loop
      vertex 29.5034 36.4784 4.1
      vertex 29.5137 36.2437 4.1
      vertex 29.5137 36.5563 4.1
    endloop
  endfacet
  facet normal 0 0 1
    outer loop
      vertex 29.5034 36.4784 4.1
      vertex 29.5034 36.3216 4.1
      vertex 29.5137 36.2437 4.1
    endloop
  endfacet
  facet normal 0 -0 1
    outer loop
      vertex 29.5034 36.3216 4.1
      vertex 29.5034 36.4784 4.1
      vertex 29.5 36.4 4.1
    endloop
  endfacet
  facet normal 0.608726 0.793381 -0
    outer loop
      vertex 29.8838 35.6628 4.1
      vertex 29.8215 35.7106 6.3
      vertex 29.8838 35.6628 6.3
    endloop
  endfacet
  facet normal 0.608726 0.793381 0
    outer loop
      vertex 29.8215 35.7106 6.3
      vertex 29.8838 35.6628 4.1
      vertex 29.8215 35.7106 4.1
    endloop
  endfacet
  facet normal 0.537535 0.843242 -0
    outer loop
      vertex 29.95 35.6206 4.1
      vertex 29.8838 35.6628 6.3
      vertex 29.95 35.6206 6.3
    endloop
  endfacet
  facet normal 0.537535 0.843242 0
    outer loop
      vertex 29.8838 35.6628 6.3
      vertex 29.95 35.6206 4.1
      vertex 29.8838 35.6628 4.1
    endloop
  endfacet
  facet normal 0.675205 0.73763 -0
    outer loop
      vertex 29.8215 35.7106 4.1
      vertex 29.7636 35.7636 6.3
      vertex 29.8215 35.7106 6.3
    endloop
  endfacet
  facet normal 0.675205 0.73763 0
    outer loop
      vertex 29.7636 35.7636 6.3
      vertex 29.8215 35.7106 4.1
      vertex 29.7636 35.7636 4.1
    endloop
  endfacet
  facet normal 0.381902 0.924203 -0
    outer loop
      vertex 30.0922 35.5543 4.1
      vertex 30.0196 35.5843 6.3
      vertex 30.0922 35.5543 6.3
    endloop
  endfacet
  facet normal 0.381902 0.924203 0
    outer loop
      vertex 30.0196 35.5843 6.3
      vertex 30.0922 35.5543 4.1
      vertex 30.0196 35.5843 4.1
    endloop
  endfacet
  facet normal 0.13108 0.991372 -0
    outer loop
      vertex 30.3216 35.5034 4.1
      vertex 30.2437 35.5137 6.3
      vertex 30.3216 35.5034 6.3
    endloop
  endfacet
  facet normal 0.13108 0.991372 0
    outer loop
      vertex 30.2437 35.5137 6.3
      vertex 30.3216 35.5034 4.1
      vertex 30.2437 35.5137 4.1
    endloop
  endfacet
  facet normal -0.999061 -0.0433266 0
    outer loop
      vertex 31.3 36.4 4.1
      vertex 31.2966 36.4784 6.3
      vertex 31.2966 36.4784 4.1
    endloop
  endfacet
  facet normal -0.999061 -0.0433266 0
    outer loop
      vertex 31.2966 36.4784 6.3
      vertex 31.3 36.4 4.1
      vertex 31.3 36.4 6.3
    endloop
  endfacet
  facet normal -0.216661 -0.976247 0
    outer loop
      vertex 30.5563 37.2863 4.1
      vertex 30.6329 37.2693 6.3
      vertex 30.5563 37.2863 6.3
    endloop
  endfacet
  facet normal -0.216661 -0.976247 -0
    outer loop
      vertex 30.6329 37.2693 6.3
      vertex 30.5563 37.2863 4.1
      vertex 30.6329 37.2693 4.1
    endloop
  endfacet
  facet normal -0.13108 -0.991372 0
    outer loop
      vertex 30.4784 37.2966 4.1
      vertex 30.5563 37.2863 6.3
      vertex 30.4784 37.2966 6.3
    endloop
  endfacet
  facet normal -0.13108 -0.991372 -0
    outer loop
      vertex 30.5563 37.2863 6.3
      vertex 30.4784 37.2966 4.1
      vertex 30.5563 37.2863 4.1
    endloop
  endfacet
  facet normal -0.381902 -0.924203 0
    outer loop
      vertex 30.7078 37.2457 4.1
      vertex 30.7804 37.2157 6.3
      vertex 30.7078 37.2457 6.3
    endloop
  endfacet
  facet normal -0.381902 -0.924203 -0
    outer loop
      vertex 30.7804 37.2157 6.3
      vertex 30.7078 37.2457 4.1
      vertex 30.7804 37.2157 4.1
    endloop
  endfacet
  facet normal -0.675205 -0.73763 0
    outer loop
      vertex 30.9785 37.0894 4.1
      vertex 31.0364 37.0364 6.3
      vertex 30.9785 37.0894 6.3
    endloop
  endfacet
  facet normal -0.675205 -0.73763 -0
    outer loop
      vertex 31.0364 37.0364 6.3
      vertex 30.9785 37.0894 4.1
      vertex 31.0364 37.0364 4.1
    endloop
  endfacet
  facet normal -0.537535 -0.843242 0
    outer loop
      vertex 30.85 37.1794 4.1
      vertex 30.9162 37.1372 6.3
      vertex 30.85 37.1794 6.3
    endloop
  endfacet
  facet normal -0.537535 -0.843242 -0
    outer loop
      vertex 30.9162 37.1372 6.3
      vertex 30.85 37.1794 4.1
      vertex 30.9162 37.1372 4.1
    endloop
  endfacet
  facet normal -0.793381 -0.608726 0
    outer loop
      vertex 31.1372 36.9162 4.1
      vertex 31.0894 36.9785 6.3
      vertex 31.0894 36.9785 4.1
    endloop
  endfacet
  facet normal -0.793381 -0.608726 0
    outer loop
      vertex 31.0894 36.9785 6.3
      vertex 31.1372 36.9162 4.1
      vertex 31.1372 36.9162 6.3
    endloop
  endfacet
  facet normal -0.886653 -0.462435 0
    outer loop
      vertex 31.2157 36.7804 4.1
      vertex 31.1794 36.85 6.3
      vertex 31.1794 36.85 4.1
    endloop
  endfacet
  facet normal -0.886653 -0.462435 0
    outer loop
      vertex 31.1794 36.85 6.3
      vertex 31.2157 36.7804 4.1
      vertex 31.2157 36.7804 6.3
    endloop
  endfacet
  facet normal -0.953775 -0.300522 0
    outer loop
      vertex 31.2693 36.6329 4.1
      vertex 31.2457 36.7078 6.3
      vertex 31.2457 36.7078 4.1
    endloop
  endfacet
  facet normal -0.953775 -0.300522 0
    outer loop
      vertex 31.2457 36.7078 6.3
      vertex 31.2693 36.6329 4.1
      vertex 31.2693 36.6329 6.3
    endloop
  endfacet
  facet normal 0.608726 -0.793381 0
    outer loop
      vertex 29.8215 37.0894 4.1
      vertex 29.8838 37.1372 6.3
      vertex 29.8215 37.0894 6.3
    endloop
  endfacet
  facet normal 0.608726 -0.793381 0
    outer loop
      vertex 29.8838 37.1372 6.3
      vertex 29.8215 37.0894 4.1
      vertex 29.8838 37.1372 4.1
    endloop
  endfacet
  facet normal 0.462435 -0.886653 0
    outer loop
      vertex 29.95 37.1794 4.1
      vertex 30.0196 37.2157 6.3
      vertex 29.95 37.1794 6.3
    endloop
  endfacet
  facet normal 0.462435 -0.886653 0
    outer loop
      vertex 30.0196 37.2157 6.3
      vertex 29.95 37.1794 4.1
      vertex 30.0196 37.2157 4.1
    endloop
  endfacet
  facet normal 0.0433266 -0.999061 0
    outer loop
      vertex 30.3216 37.2966 4.1
      vertex 30.4 37.3 6.3
      vertex 30.3216 37.2966 6.3
    endloop
  endfacet
  facet normal 0.0433266 -0.999061 0
    outer loop
      vertex 30.4 37.3 6.3
      vertex 30.3216 37.2966 4.1
      vertex 30.4 37.3 4.1
    endloop
  endfacet
  facet normal 0.793381 -0.608726 0
    outer loop
      vertex 29.6628 36.9162 6.3
      vertex 29.7106 36.9785 4.1
      vertex 29.7106 36.9785 6.3
    endloop
  endfacet
  facet normal 0.793381 -0.608726 0
    outer loop
      vertex 29.7106 36.9785 4.1
      vertex 29.6628 36.9162 6.3
      vertex 29.6628 36.9162 4.1
    endloop
  endfacet
  facet normal 0.843242 -0.537535 0
    outer loop
      vertex 29.6206 36.85 6.3
      vertex 29.6628 36.9162 4.1
      vertex 29.6628 36.9162 6.3
    endloop
  endfacet
  facet normal 0.843242 -0.537535 0
    outer loop
      vertex 29.6628 36.9162 4.1
      vertex 29.6206 36.85 6.3
      vertex 29.6206 36.85 4.1
    endloop
  endfacet
  facet normal 0.73763 -0.675205 0
    outer loop
      vertex 29.7106 36.9785 6.3
      vertex 29.7636 37.0364 4.1
      vertex 29.7636 37.0364 6.3
    endloop
  endfacet
  facet normal 0.73763 -0.675205 0
    outer loop
      vertex 29.7636 37.0364 4.1
      vertex 29.7106 36.9785 6.3
      vertex 29.7106 36.9785 4.1
    endloop
  endfacet
  facet normal 0.924203 -0.381902 0
    outer loop
      vertex 29.5543 36.7078 6.3
      vertex 29.5843 36.7804 4.1
      vertex 29.5843 36.7804 6.3
    endloop
  endfacet
  facet normal 0.924203 -0.381902 0
    outer loop
      vertex 29.5843 36.7804 4.1
      vertex 29.5543 36.7078 6.3
      vertex 29.5543 36.7078 4.1
    endloop
  endfacet
  facet normal 0.886653 -0.462435 0
    outer loop
      vertex 29.5843 36.7804 6.3
      vertex 29.6206 36.85 4.1
      vertex 29.6206 36.85 6.3
    endloop
  endfacet
  facet normal 0.886653 -0.462435 0
    outer loop
      vertex 29.6206 36.85 4.1
      vertex 29.5843 36.7804 6.3
      vertex 29.5843 36.7804 4.1
    endloop
  endfacet
  facet normal 0.991372 -0.13108 0
    outer loop
      vertex 29.5034 36.4784 6.3
      vertex 29.5137 36.5563 4.1
      vertex 29.5137 36.5563 6.3
    endloop
  endfacet
  facet normal 0.991372 -0.13108 0
    outer loop
      vertex 29.5137 36.5563 4.1
      vertex 29.5034 36.4784 6.3
      vertex 29.5034 36.4784 4.1
    endloop
  endfacet
  facet normal -0.953775 0.300522 0
    outer loop
      vertex 31.2457 36.0922 4.1
      vertex 31.2693 36.1671 6.3
      vertex 31.2693 36.1671 4.1
    endloop
  endfacet
  facet normal -0.953775 0.300522 0
    outer loop
      vertex 31.2693 36.1671 6.3
      vertex 31.2457 36.0922 4.1
      vertex 31.2457 36.0922 6.3
    endloop
  endfacet
  facet normal 0.999061 -0.0433266 0
    outer loop
      vertex 29.5 36.4 6.3
      vertex 29.5034 36.4784 4.1
      vertex 29.5034 36.4784 6.3
    endloop
  endfacet
  facet normal 0.999061 -0.0433266 0
    outer loop
      vertex 29.5034 36.4784 4.1
      vertex 29.5 36.4 6.3
      vertex 29.5 36.4 4.1
    endloop
  endfacet
  facet normal -0.462435 -0.886653 0
    outer loop
      vertex 30.7804 37.2157 4.1
      vertex 30.85 37.1794 6.3
      vertex 30.7804 37.2157 6.3
    endloop
  endfacet
  facet normal -0.462435 -0.886653 -0
    outer loop
      vertex 30.85 37.1794 6.3
      vertex 30.7804 37.2157 4.1
      vertex 30.85 37.1794 4.1
    endloop
  endfacet
  facet normal -0.73763 -0.675205 0
    outer loop
      vertex 31.0894 36.9785 4.1
      vertex 31.0364 37.0364 6.3
      vertex 31.0364 37.0364 4.1
    endloop
  endfacet
  facet normal -0.73763 -0.675205 0
    outer loop
      vertex 31.0364 37.0364 6.3
      vertex 31.0894 36.9785 4.1
      vertex 31.0894 36.9785 6.3
    endloop
  endfacet
  facet normal -0.608726 -0.793381 0
    outer loop
      vertex 30.9162 37.1372 4.1
      vertex 30.9785 37.0894 6.3
      vertex 30.9162 37.1372 6.3
    endloop
  endfacet
  facet normal -0.608726 -0.793381 -0
    outer loop
      vertex 30.9785 37.0894 6.3
      vertex 30.9162 37.1372 4.1
      vertex 30.9785 37.0894 4.1
    endloop
  endfacet
  facet normal -0.843242 -0.537535 0
    outer loop
      vertex 31.1794 36.85 4.1
      vertex 31.1372 36.9162 6.3
      vertex 31.1372 36.9162 4.1
    endloop
  endfacet
  facet normal -0.843242 -0.537535 0
    outer loop
      vertex 31.1372 36.9162 6.3
      vertex 31.1794 36.85 4.1
      vertex 31.1794 36.85 6.3
    endloop
  endfacet
  facet normal -0.924203 -0.381902 0
    outer loop
      vertex 31.2457 36.7078 4.1
      vertex 31.2157 36.7804 6.3
      vertex 31.2157 36.7804 4.1
    endloop
  endfacet
  facet normal -0.924203 -0.381902 0
    outer loop
      vertex 31.2157 36.7804 6.3
      vertex 31.2457 36.7078 4.1
      vertex 31.2457 36.7078 6.3
    endloop
  endfacet
  facet normal -0.991372 -0.13108 0
    outer loop
      vertex 31.2966 36.4784 4.1
      vertex 31.2863 36.5563 6.3
      vertex 31.2863 36.5563 4.1
    endloop
  endfacet
  facet normal -0.991372 -0.13108 0
    outer loop
      vertex 31.2863 36.5563 6.3
      vertex 31.2966 36.4784 4.1
      vertex 31.2966 36.4784 6.3
    endloop
  endfacet
  facet normal -0.976247 -0.216661 0
    outer loop
      vertex 31.2863 36.5563 4.1
      vertex 31.2693 36.6329 6.3
      vertex 31.2693 36.6329 4.1
    endloop
  endfacet
  facet normal -0.976247 -0.216661 0
    outer loop
      vertex 31.2693 36.6329 6.3
      vertex 31.2863 36.5563 4.1
      vertex 31.2863 36.5563 6.3
    endloop
  endfacet
  facet normal 0.537535 -0.843242 0
    outer loop
      vertex 29.8838 37.1372 4.1
      vertex 29.95 37.1794 6.3
      vertex 29.8838 37.1372 6.3
    endloop
  endfacet
  facet normal 0.537535 -0.843242 0
    outer loop
      vertex 29.95 37.1794 6.3
      vertex 29.8838 37.1372 4.1
      vertex 29.95 37.1794 4.1
    endloop
  endfacet
  facet normal 0.381902 -0.924203 0
    outer loop
      vertex 30.0196 37.2157 4.1
      vertex 30.0922 37.2457 6.3
      vertex 30.0196 37.2157 6.3
    endloop
  endfacet
  facet normal 0.381902 -0.924203 0
    outer loop
      vertex 30.0922 37.2457 6.3
      vertex 30.0196 37.2157 4.1
      vertex 30.0922 37.2457 4.1
    endloop
  endfacet
  facet normal 0.13108 -0.991372 0
    outer loop
      vertex 30.2437 37.2863 4.1
      vertex 30.3216 37.2966 6.3
      vertex 30.2437 37.2863 6.3
    endloop
  endfacet
  facet normal 0.13108 -0.991372 0
    outer loop
      vertex 30.3216 37.2966 6.3
      vertex 30.2437 37.2863 4.1
      vertex 30.3216 37.2966 4.1
    endloop
  endfacet
  facet normal 0.300522 -0.953775 0
    outer loop
      vertex 30.0922 37.2457 4.1
      vertex 30.1671 37.2693 6.3
      vertex 30.0922 37.2457 6.3
    endloop
  endfacet
  facet normal 0.300522 -0.953775 0
    outer loop
      vertex 30.1671 37.2693 6.3
      vertex 30.0922 37.2457 4.1
      vertex 30.1671 37.2693 4.1
    endloop
  endfacet
  facet normal 0.216661 -0.976247 0
    outer loop
      vertex 30.1671 37.2693 4.1
      vertex 30.2437 37.2863 6.3
      vertex 30.1671 37.2693 6.3
    endloop
  endfacet
  facet normal 0.216661 -0.976247 0
    outer loop
      vertex 30.2437 37.2863 6.3
      vertex 30.1671 37.2693 4.1
      vertex 30.2437 37.2863 4.1
    endloop
  endfacet
  facet normal -0.300522 0.953775 0
    outer loop
      vertex 30.7078 35.5543 4.1
      vertex 30.6329 35.5307 6.3
      vertex 30.7078 35.5543 6.3
    endloop
  endfacet
  facet normal -0.300522 0.953775 0
    outer loop
      vertex 30.6329 35.5307 6.3
      vertex 30.7078 35.5543 4.1
      vertex 30.6329 35.5307 4.1
    endloop
  endfacet
  facet normal 0.953775 0.300522 0
    outer loop
      vertex 29.5543 36.0922 6.3
      vertex 29.5307 36.1671 4.1
      vertex 29.5307 36.1671 6.3
    endloop
  endfacet
  facet normal 0.953775 0.300522 0
    outer loop
      vertex 29.5307 36.1671 4.1
      vertex 29.5543 36.0922 6.3
      vertex 29.5543 36.0922 4.1
    endloop
  endfacet
  facet normal 0.216661 0.976247 -0
    outer loop
      vertex 30.2437 35.5137 4.1
      vertex 30.1671 35.5307 6.3
      vertex 30.2437 35.5137 6.3
    endloop
  endfacet
  facet normal 0.216661 0.976247 0
    outer loop
      vertex 30.1671 35.5307 6.3
      vertex 30.2437 35.5137 4.1
      vertex 30.1671 35.5307 4.1
    endloop
  endfacet
  facet normal -0.300522 -0.953775 0
    outer loop
      vertex 30.6329 37.2693 4.1
      vertex 30.7078 37.2457 6.3
      vertex 30.6329 37.2693 6.3
    endloop
  endfacet
  facet normal -0.300522 -0.953775 -0
    outer loop
      vertex 30.7078 37.2457 6.3
      vertex 30.6329 37.2693 4.1
      vertex 30.7078 37.2457 4.1
    endloop
  endfacet
  facet normal 0.953775 -0.300522 0
    outer loop
      vertex 29.5307 36.6329 6.3
      vertex 29.5543 36.7078 4.1
      vertex 29.5543 36.7078 6.3
    endloop
  endfacet
  facet normal 0.953775 -0.300522 0
    outer loop
      vertex 29.5543 36.7078 4.1
      vertex 29.5307 36.6329 6.3
      vertex 29.5307 36.6329 4.1
    endloop
  endfacet
  facet normal -0.999061 0.0433266 0
    outer loop
      vertex 40.2966 30.3216 4.1
      vertex 40.3 30.4 6.3
      vertex 40.3 30.4 4.1
    endloop
  endfacet
  facet normal -0.999061 0.0433266 0
    outer loop
      vertex 40.3 30.4 6.3
      vertex 40.2966 30.3216 4.1
      vertex 40.2966 30.3216 6.3
    endloop
  endfacet
  facet normal 0.0433266 0.999061 -0
    outer loop
      vertex 39.4 29.5 4.1
      vertex 39.3216 29.5034 6.3
      vertex 39.4 29.5 6.3
    endloop
  endfacet
  facet normal 0.0433266 0.999061 0
    outer loop
      vertex 39.3216 29.5034 6.3
      vertex 39.4 29.5 4.1
      vertex 39.3216 29.5034 4.1
    endloop
  endfacet
  facet normal -0.675205 0.73763 0
    outer loop
      vertex 40.0364 29.7636 4.1
      vertex 39.9785 29.7106 6.3
      vertex 40.0364 29.7636 6.3
    endloop
  endfacet
  facet normal -0.675205 0.73763 0
    outer loop
      vertex 39.9785 29.7106 6.3
      vertex 40.0364 29.7636 4.1
      vertex 39.9785 29.7106 4.1
    endloop
  endfacet
  facet normal 0.73763 0.675205 0
    outer loop
      vertex 38.7636 29.7636 6.3
      vertex 38.7106 29.8215 4.1
      vertex 38.7106 29.8215 6.3
    endloop
  endfacet
  facet normal 0.73763 0.675205 0
    outer loop
      vertex 38.7106 29.8215 4.1
      vertex 38.7636 29.7636 6.3
      vertex 38.7636 29.7636 4.1
    endloop
  endfacet
  facet normal 0.462435 0.886653 -0
    outer loop
      vertex 39.0196 29.5843 4.1
      vertex 38.95 29.6206 6.3
      vertex 39.0196 29.5843 6.3
    endloop
  endfacet
  facet normal 0.462435 0.886653 0
    outer loop
      vertex 38.95 29.6206 6.3
      vertex 39.0196 29.5843 4.1
      vertex 38.95 29.6206 4.1
    endloop
  endfacet
  facet normal -0.886653 0.462435 0
    outer loop
      vertex 40.1794 29.95 4.1
      vertex 40.2157 30.0196 6.3
      vertex 40.2157 30.0196 4.1
    endloop
  endfacet
  facet normal -0.886653 0.462435 0
    outer loop
      vertex 40.2157 30.0196 6.3
      vertex 40.1794 29.95 4.1
      vertex 40.1794 29.95 6.3
    endloop
  endfacet
  facet normal -0.381902 0.924203 0
    outer loop
      vertex 39.7804 29.5843 4.1
      vertex 39.7078 29.5543 6.3
      vertex 39.7804 29.5843 6.3
    endloop
  endfacet
  facet normal -0.381902 0.924203 0
    outer loop
      vertex 39.7078 29.5543 6.3
      vertex 39.7804 29.5843 4.1
      vertex 39.7078 29.5543 4.1
    endloop
  endfacet
  facet normal -0.537535 0.843242 0
    outer loop
      vertex 39.9162 29.6628 4.1
      vertex 39.85 29.6206 6.3
      vertex 39.9162 29.6628 6.3
    endloop
  endfacet
  facet normal -0.537535 0.843242 0
    outer loop
      vertex 39.85 29.6206 6.3
      vertex 39.9162 29.6628 4.1
      vertex 39.85 29.6206 4.1
    endloop
  endfacet
  facet normal 0.924203 0.381902 0
    outer loop
      vertex 38.5843 30.0196 6.3
      vertex 38.5543 30.0922 4.1
      vertex 38.5543 30.0922 6.3
    endloop
  endfacet
  facet normal 0.924203 0.381902 0
    outer loop
      vertex 38.5543 30.0922 4.1
      vertex 38.5843 30.0196 6.3
      vertex 38.5843 30.0196 4.1
    endloop
  endfacet
  facet normal 0.300522 0.953775 -0
    outer loop
      vertex 39.1671 29.5307 4.1
      vertex 39.0922 29.5543 6.3
      vertex 39.1671 29.5307 6.3
    endloop
  endfacet
  facet normal 0.300522 0.953775 0
    outer loop
      vertex 39.0922 29.5543 6.3
      vertex 39.1671 29.5307 4.1
      vertex 39.0922 29.5543 4.1
    endloop
  endfacet
  facet normal 0.976247 -0.216661 0
    outer loop
      vertex 38.5137 30.5563 6.3
      vertex 38.5307 30.6329 4.1
      vertex 38.5307 30.6329 6.3
    endloop
  endfacet
  facet normal 0.976247 -0.216661 0
    outer loop
      vertex 38.5307 30.6329 4.1
      vertex 38.5137 30.5563 6.3
      vertex 38.5137 30.5563 4.1
    endloop
  endfacet
  facet normal -0.953775 0.300522 0
    outer loop
      vertex 40.2457 30.0922 4.1
      vertex 40.2693 30.1671 6.3
      vertex 40.2693 30.1671 4.1
    endloop
  endfacet
  facet normal -0.953775 0.300522 0
    outer loop
      vertex 40.2693 30.1671 6.3
      vertex 40.2457 30.0922 4.1
      vertex 40.2457 30.0922 6.3
    endloop
  endfacet
  facet normal -0.991372 0.13108 0
    outer loop
      vertex 40.2863 30.2437 4.1
      vertex 40.2966 30.3216 6.3
      vertex 40.2966 30.3216 4.1
    endloop
  endfacet
  facet normal -0.991372 0.13108 0
    outer loop
      vertex 40.2966 30.3216 6.3
      vertex 40.2863 30.2437 4.1
      vertex 40.2863 30.2437 6.3
    endloop
  endfacet
  facet normal -0.924203 0.381902 0
    outer loop
      vertex 40.2157 30.0196 4.1
      vertex 40.2457 30.0922 6.3
      vertex 40.2457 30.0922 4.1
    endloop
  endfacet
  facet normal -0.924203 0.381902 0
    outer loop
      vertex 40.2457 30.0922 6.3
      vertex 40.2157 30.0196 4.1
      vertex 40.2157 30.0196 6.3
    endloop
  endfacet
  facet normal -0.793381 0.608726 0
    outer loop
      vertex 40.0894 29.8215 4.1
      vertex 40.1372 29.8838 6.3
      vertex 40.1372 29.8838 4.1
    endloop
  endfacet
  facet normal -0.793381 0.608726 0
    outer loop
      vertex 40.1372 29.8838 6.3
      vertex 40.0894 29.8215 4.1
      vertex 40.0894 29.8215 6.3
    endloop
  endfacet
  facet normal -0.73763 0.675205 0
    outer loop
      vertex 40.0364 29.7636 4.1
      vertex 40.0894 29.8215 6.3
      vertex 40.0894 29.8215 4.1
    endloop
  endfacet
  facet normal -0.73763 0.675205 0
    outer loop
      vertex 40.0894 29.8215 6.3
      vertex 40.0364 29.7636 4.1
      vertex 40.0364 29.7636 6.3
    endloop
  endfacet
  facet normal -0.843242 0.537535 0
    outer loop
      vertex 40.1372 29.8838 4.1
      vertex 40.1794 29.95 6.3
      vertex 40.1794 29.95 4.1
    endloop
  endfacet
  facet normal -0.843242 0.537535 0
    outer loop
      vertex 40.1794 29.95 6.3
      vertex 40.1372 29.8838 4.1
      vertex 40.1372 29.8838 6.3
    endloop
  endfacet
  facet normal -0.13108 0.991372 0
    outer loop
      vertex 39.5563 29.5137 4.1
      vertex 39.4784 29.5034 6.3
      vertex 39.5563 29.5137 6.3
    endloop
  endfacet
  facet normal -0.13108 0.991372 0
    outer loop
      vertex 39.4784 29.5034 6.3
      vertex 39.5563 29.5137 4.1
      vertex 39.4784 29.5034 4.1
    endloop
  endfacet
  facet normal -0.0433266 0.999061 0
    outer loop
      vertex 39.4784 29.5034 4.1
      vertex 39.4 29.5 6.3
      vertex 39.4784 29.5034 6.3
    endloop
  endfacet
  facet normal -0.0433266 0.999061 0
    outer loop
      vertex 39.4 29.5 6.3
      vertex 39.4784 29.5034 4.1
      vertex 39.4 29.5 4.1
    endloop
  endfacet
  facet normal -0.462435 0.886653 0
    outer loop
      vertex 39.85 29.6206 4.1
      vertex 39.7804 29.5843 6.3
      vertex 39.85 29.6206 6.3
    endloop
  endfacet
  facet normal -0.462435 0.886653 0
    outer loop
      vertex 39.7804 29.5843 6.3
      vertex 39.85 29.6206 4.1
      vertex 39.7804 29.5843 4.1
    endloop
  endfacet
  facet normal -0.608726 0.793381 0
    outer loop
      vertex 39.9785 29.7106 4.1
      vertex 39.9162 29.6628 6.3
      vertex 39.9785 29.7106 6.3
    endloop
  endfacet
  facet normal -0.608726 0.793381 0
    outer loop
      vertex 39.9162 29.6628 6.3
      vertex 39.9785 29.7106 4.1
      vertex 39.9162 29.6628 4.1
    endloop
  endfacet
  facet normal 0.991372 0.13108 0
    outer loop
      vertex 38.5137 30.2437 6.3
      vertex 38.5034 30.3216 4.1
      vertex 38.5034 30.3216 6.3
    endloop
  endfacet
  facet normal 0.991372 0.13108 0
    outer loop
      vertex 38.5034 30.3216 4.1
      vertex 38.5137 30.2437 6.3
      vertex 38.5137 30.2437 4.1
    endloop
  endfacet
  facet normal 0.843242 0.537535 0
    outer loop
      vertex 38.6628 29.8838 6.3
      vertex 38.6206 29.95 4.1
      vertex 38.6206 29.95 6.3
    endloop
  endfacet
  facet normal 0.843242 0.537535 0
    outer loop
      vertex 38.6206 29.95 4.1
      vertex 38.6628 29.8838 6.3
      vertex 38.6628 29.8838 4.1
    endloop
  endfacet
  facet normal 0.793381 0.608726 0
    outer loop
      vertex 38.7106 29.8215 6.3
      vertex 38.6628 29.8838 4.1
      vertex 38.6628 29.8838 6.3
    endloop
  endfacet
  facet normal 0.793381 0.608726 0
    outer loop
      vertex 38.6628 29.8838 4.1
      vertex 38.7106 29.8215 6.3
      vertex 38.7106 29.8215 4.1
    endloop
  endfacet
  facet normal 0.886653 0.462435 0
    outer loop
      vertex 38.6206 29.95 6.3
      vertex 38.5843 30.0196 4.1
      vertex 38.5843 30.0196 6.3
    endloop
  endfacet
  facet normal 0.886653 0.462435 0
    outer loop
      vertex 38.5843 30.0196 4.1
      vertex 38.6206 29.95 6.3
      vertex 38.6206 29.95 4.1
    endloop
  endfacet
  facet normal 0.999061 0.0433266 0
    outer loop
      vertex 38.5034 30.3216 6.3
      vertex 38.5 30.4 4.1
      vertex 38.5 30.4 6.3
    endloop
  endfacet
  facet normal 0.999061 0.0433266 0
    outer loop
      vertex 38.5 30.4 4.1
      vertex 38.5034 30.3216 6.3
      vertex 38.5034 30.3216 4.1
    endloop
  endfacet
  facet normal 0 0 1
    outer loop
      vertex 40.2966 30.4784 4.1
      vertex 40.2966 30.3216 4.1
      vertex 40.3 30.4 4.1
    endloop
  endfacet
  facet normal 0 0 1
    outer loop
      vertex 40.2863 30.5563 4.1
      vertex 40.2966 30.3216 4.1
      vertex 40.2966 30.4784 4.1
    endloop
  endfacet
  facet normal 0 0 1
    outer loop
      vertex 40.2863 30.5563 4.1
      vertex 40.2863 30.2437 4.1
      vertex 40.2966 30.3216 4.1
    endloop
  endfacet
  facet normal 0 0 1
    outer loop
      vertex 40.2693 30.6329 4.1
      vertex 40.2863 30.2437 4.1
      vertex 40.2863 30.5563 4.1
    endloop
  endfacet
  facet normal 0 0 1
    outer loop
      vertex 40.2693 30.6329 4.1
      vertex 40.2693 30.1671 4.1
      vertex 40.2863 30.2437 4.1
    endloop
  endfacet
  facet normal 0 0 1
    outer loop
      vertex 40.2457 30.7078 4.1
      vertex 40.2693 30.1671 4.1
      vertex 40.2693 30.6329 4.1
    endloop
  endfacet
  facet normal 0 0 1
    outer loop
      vertex 40.2457 30.7078 4.1
      vertex 40.2457 30.0922 4.1
      vertex 40.2693 30.1671 4.1
    endloop
  endfacet
  facet normal 0 0 1
    outer loop
      vertex 40.2157 30.7804 4.1
      vertex 40.2457 30.0922 4.1
      vertex 40.2457 30.7078 4.1
    endloop
  endfacet
  facet normal 0 0 1
    outer loop
      vertex 40.2157 30.7804 4.1
      vertex 40.2157 30.0196 4.1
      vertex 40.2457 30.0922 4.1
    endloop
  endfacet
  facet normal 0 0 1
    outer loop
      vertex 40.1794 30.85 4.1
      vertex 40.2157 30.0196 4.1
      vertex 40.2157 30.7804 4.1
    endloop
  endfacet
  facet normal 0 0 1
    outer loop
      vertex 40.1794 30.85 4.1
      vertex 40.1794 29.95 4.1
      vertex 40.2157 30.0196 4.1
    endloop
  endfacet
  facet normal 0 0 1
    outer loop
      vertex 40.1372 30.9162 4.1
      vertex 40.1794 29.95 4.1
      vertex 40.1794 30.85 4.1
    endloop
  endfacet
  facet normal 0 0 1
    outer loop
      vertex 40.1372 30.9162 4.1
      vertex 40.1372 29.8838 4.1
      vertex 40.1794 29.95 4.1
    endloop
  endfacet
  facet normal 0 0 1
    outer loop
      vertex 40.0894 30.9785 4.1
      vertex 40.1372 29.8838 4.1
      vertex 40.1372 30.9162 4.1
    endloop
  endfacet
  facet normal 0 0 1
    outer loop
      vertex 40.0894 30.9785 4.1
      vertex 40.0894 29.8215 4.1
      vertex 40.1372 29.8838 4.1
    endloop
  endfacet
  facet normal 0 0 1
    outer loop
      vertex 40.0364 31.0364 4.1
      vertex 40.0894 29.8215 4.1
      vertex 40.0894 30.9785 4.1
    endloop
  endfacet
  facet normal 0 0 1
    outer loop
      vertex 40.0364 31.0364 4.1
      vertex 40.0364 29.7636 4.1
      vertex 40.0894 29.8215 4.1
    endloop
  endfacet
  facet normal 0 0 1
    outer loop
      vertex 39.9785 31.0894 4.1
      vertex 40.0364 29.7636 4.1
      vertex 40.0364 31.0364 4.1
    endloop
  endfacet
  facet normal 0 0 1
    outer loop
      vertex 39.9785 31.0894 4.1
      vertex 39.9785 29.7106 4.1
      vertex 40.0364 29.7636 4.1
    endloop
  endfacet
  facet normal 0 0 1
    outer loop
      vertex 39.9162 31.1372 4.1
      vertex 39.9785 29.7106 4.1
      vertex 39.9785 31.0894 4.1
    endloop
  endfacet
  facet normal 0 0 1
    outer loop
      vertex 39.9162 31.1372 4.1
      vertex 39.9162 29.6628 4.1
      vertex 39.9785 29.7106 4.1
    endloop
  endfacet
  facet normal 0 0 1
    outer loop
      vertex 39.85 31.1794 4.1
      vertex 39.9162 29.6628 4.1
      vertex 39.9162 31.1372 4.1
    endloop
  endfacet
  facet normal 0 0 1
    outer loop
      vertex 39.85 31.1794 4.1
      vertex 39.85 29.6206 4.1
      vertex 39.9162 29.6628 4.1
    endloop
  endfacet
  facet normal 0 0 1
    outer loop
      vertex 39.7804 31.2157 4.1
      vertex 39.85 29.6206 4.1
      vertex 39.85 31.1794 4.1
    endloop
  endfacet
  facet normal 0 0 1
    outer loop
      vertex 39.7804 31.2157 4.1
      vertex 39.7804 29.5843 4.1
      vertex 39.85 29.6206 4.1
    endloop
  endfacet
  facet normal 0 0 1
    outer loop
      vertex 39.7078 31.2457 4.1
      vertex 39.7804 29.5843 4.1
      vertex 39.7804 31.2157 4.1
    endloop
  endfacet
  facet normal 0 0 1
    outer loop
      vertex 39.7078 31.2457 4.1
      vertex 39.7078 29.5543 4.1
      vertex 39.7804 29.5843 4.1
    endloop
  endfacet
  facet normal 0 0 1
    outer loop
      vertex 39.6329 31.2693 4.1
      vertex 39.7078 29.5543 4.1
      vertex 39.7078 31.2457 4.1
    endloop
  endfacet
  facet normal 0 0 1
    outer loop
      vertex 39.6329 31.2693 4.1
      vertex 39.6329 29.5307 4.1
      vertex 39.7078 29.5543 4.1
    endloop
  endfacet
  facet normal 0 0 1
    outer loop
      vertex 39.5563 31.2863 4.1
      vertex 39.6329 29.5307 4.1
      vertex 39.6329 31.2693 4.1
    endloop
  endfacet
  facet normal 0 0 1
    outer loop
      vertex 39.5563 31.2863 4.1
      vertex 39.5563 29.5137 4.1
      vertex 39.6329 29.5307 4.1
    endloop
  endfacet
  facet normal 0 0 1
    outer loop
      vertex 39.4784 31.2966 4.1
      vertex 39.5563 29.5137 4.1
      vertex 39.5563 31.2863 4.1
    endloop
  endfacet
  facet normal 0 0 1
    outer loop
      vertex 39.4784 31.2966 4.1
      vertex 39.4784 29.5034 4.1
      vertex 39.5563 29.5137 4.1
    endloop
  endfacet
  facet normal 0 0 1
    outer loop
      vertex 39.4 31.3 4.1
      vertex 39.4784 29.5034 4.1
      vertex 39.4784 31.2966 4.1
    endloop
  endfacet
  facet normal 0 0 1
    outer loop
      vertex 39.4 31.3 4.1
      vertex 39.4 29.5 4.1
      vertex 39.4784 29.5034 4.1
    endloop
  endfacet
  facet normal -0 0 1
    outer loop
      vertex 39.3216 31.2966 4.1
      vertex 39.4 29.5 4.1
      vertex 39.4 31.3 4.1
    endloop
  endfacet
  facet normal 0 0 1
    outer loop
      vertex 39.3216 31.2966 4.1
      vertex 39.3216 29.5034 4.1
      vertex 39.4 29.5 4.1
    endloop
  endfacet
  facet normal -0 0 1
    outer loop
      vertex 39.2437 31.2863 4.1
      vertex 39.3216 29.5034 4.1
      vertex 39.3216 31.2966 4.1
    endloop
  endfacet
  facet normal 0 0 1
    outer loop
      vertex 39.2437 31.2863 4.1
      vertex 39.2437 29.5137 4.1
      vertex 39.3216 29.5034 4.1
    endloop
  endfacet
  facet normal -0 0 1
    outer loop
      vertex 39.1671 31.2693 4.1
      vertex 39.2437 29.5137 4.1
      vertex 39.2437 31.2863 4.1
    endloop
  endfacet
  facet normal 0 0 1
    outer loop
      vertex 39.1671 31.2693 4.1
      vertex 39.1671 29.5307 4.1
      vertex 39.2437 29.5137 4.1
    endloop
  endfacet
  facet normal -0 0 1
    outer loop
      vertex 39.0922 31.2457 4.1
      vertex 39.1671 29.5307 4.1
      vertex 39.1671 31.2693 4.1
    endloop
  endfacet
  facet normal 0 0 1
    outer loop
      vertex 39.0922 31.2457 4.1
      vertex 39.0922 29.5543 4.1
      vertex 39.1671 29.5307 4.1
    endloop
  endfacet
  facet normal -0 0 1
    outer loop
      vertex 39.0196 31.2157 4.1
      vertex 39.0922 29.5543 4.1
      vertex 39.0922 31.2457 4.1
    endloop
  endfacet
  facet normal 0 0 1
    outer loop
      vertex 39.0196 31.2157 4.1
      vertex 39.0196 29.5843 4.1
      vertex 39.0922 29.5543 4.1
    endloop
  endfacet
  facet normal -0 0 1
    outer loop
      vertex 38.95 31.1794 4.1
      vertex 39.0196 29.5843 4.1
      vertex 39.0196 31.2157 4.1
    endloop
  endfacet
  facet normal 0 0 1
    outer loop
      vertex 38.95 31.1794 4.1
      vertex 38.95 29.6206 4.1
      vertex 39.0196 29.5843 4.1
    endloop
  endfacet
  facet normal -0 0 1
    outer loop
      vertex 38.8838 31.1372 4.1
      vertex 38.95 29.6206 4.1
      vertex 38.95 31.1794 4.1
    endloop
  endfacet
  facet normal 0 0 1
    outer loop
      vertex 38.8838 31.1372 4.1
      vertex 38.8838 29.6628 4.1
      vertex 38.95 29.6206 4.1
    endloop
  endfacet
  facet normal -0 0 1
    outer loop
      vertex 38.8215 31.0894 4.1
      vertex 38.8838 29.6628 4.1
      vertex 38.8838 31.1372 4.1
    endloop
  endfacet
  facet normal 0 0 1
    outer loop
      vertex 38.8215 31.0894 4.1
      vertex 38.8215 29.7106 4.1
      vertex 38.8838 29.6628 4.1
    endloop
  endfacet
  facet normal -0 0 1
    outer loop
      vertex 38.7636 31.0364 4.1
      vertex 38.8215 29.7106 4.1
      vertex 38.8215 31.0894 4.1
    endloop
  endfacet
  facet normal 0 0 1
    outer loop
      vertex 38.7636 31.0364 4.1
      vertex 38.7636 29.7636 4.1
      vertex 38.8215 29.7106 4.1
    endloop
  endfacet
  facet normal -0 0 1
    outer loop
      vertex 38.7106 30.9785 4.1
      vertex 38.7636 29.7636 4.1
      vertex 38.7636 31.0364 4.1
    endloop
  endfacet
  facet normal 0 0 1
    outer loop
      vertex 38.7106 30.9785 4.1
      vertex 38.7106 29.8215 4.1
      vertex 38.7636 29.7636 4.1
    endloop
  endfacet
  facet normal -0 0 1
    outer loop
      vertex 38.6628 30.9162 4.1
      vertex 38.7106 29.8215 4.1
      vertex 38.7106 30.9785 4.1
    endloop
  endfacet
  facet normal 0 0 1
    outer loop
      vertex 38.6628 30.9162 4.1
      vertex 38.6628 29.8838 4.1
      vertex 38.7106 29.8215 4.1
    endloop
  endfacet
  facet normal -0 0 1
    outer loop
      vertex 38.6206 30.85 4.1
      vertex 38.6628 29.8838 4.1
      vertex 38.6628 30.9162 4.1
    endloop
  endfacet
  facet normal 0 0 1
    outer loop
      vertex 38.6206 30.85 4.1
      vertex 38.6206 29.95 4.1
      vertex 38.6628 29.8838 4.1
    endloop
  endfacet
  facet normal -0 0 1
    outer loop
      vertex 38.5843 30.7804 4.1
      vertex 38.6206 29.95 4.1
      vertex 38.6206 30.85 4.1
    endloop
  endfacet
  facet normal 0 0 1
    outer loop
      vertex 38.5843 30.7804 4.1
      vertex 38.5843 30.0196 4.1
      vertex 38.6206 29.95 4.1
    endloop
  endfacet
  facet normal -0 0 1
    outer loop
      vertex 38.5543 30.7078 4.1
      vertex 38.5843 30.0196 4.1
      vertex 38.5843 30.7804 4.1
    endloop
  endfacet
  facet normal 0 0 1
    outer loop
      vertex 38.5543 30.7078 4.1
      vertex 38.5543 30.0922 4.1
      vertex 38.5843 30.0196 4.1
    endloop
  endfacet
  facet normal -0 0 1
    outer loop
      vertex 38.5307 30.6329 4.1
      vertex 38.5543 30.0922 4.1
      vertex 38.5543 30.7078 4.1
    endloop
  endfacet
  facet normal 0 0 1
    outer loop
      vertex 38.5307 30.6329 4.1
      vertex 38.5307 30.1671 4.1
      vertex 38.5543 30.0922 4.1
    endloop
  endfacet
  facet normal -0 0 1
    outer loop
      vertex 38.5137 30.5563 4.1
      vertex 38.5307 30.1671 4.1
      vertex 38.5307 30.6329 4.1
    endloop
  endfacet
  facet normal 0 0 1
    outer loop
      vertex 38.5137 30.5563 4.1
      vertex 38.5137 30.2437 4.1
      vertex 38.5307 30.1671 4.1
    endloop
  endfacet
  facet normal -0 0 1
    outer loop
      vertex 38.5034 30.4784 4.1
      vertex 38.5137 30.2437 4.1
      vertex 38.5137 30.5563 4.1
    endloop
  endfacet
  facet normal 0 0 1
    outer loop
      vertex 38.5034 30.4784 4.1
      vertex 38.5034 30.3216 4.1
      vertex 38.5137 30.2437 4.1
    endloop
  endfacet
  facet normal 0 -0 1
    outer loop
      vertex 38.5034 30.3216 4.1
      vertex 38.5034 30.4784 4.1
      vertex 38.5 30.4 4.1
    endloop
  endfacet
  facet normal 0.608726 0.793381 -0
    outer loop
      vertex 38.8838 29.6628 4.1
      vertex 38.8215 29.7106 6.3
      vertex 38.8838 29.6628 6.3
    endloop
  endfacet
  facet normal 0.608726 0.793381 0
    outer loop
      vertex 38.8215 29.7106 6.3
      vertex 38.8838 29.6628 4.1
      vertex 38.8215 29.7106 4.1
    endloop
  endfacet
  facet normal 0.537535 0.843242 -0
    outer loop
      vertex 38.95 29.6206 4.1
      vertex 38.8838 29.6628 6.3
      vertex 38.95 29.6206 6.3
    endloop
  endfacet
  facet normal 0.537535 0.843242 0
    outer loop
      vertex 38.8838 29.6628 6.3
      vertex 38.95 29.6206 4.1
      vertex 38.8838 29.6628 4.1
    endloop
  endfacet
  facet normal 0.675205 0.73763 -0
    outer loop
      vertex 38.8215 29.7106 4.1
      vertex 38.7636 29.7636 6.3
      vertex 38.8215 29.7106 6.3
    endloop
  endfacet
  facet normal 0.675205 0.73763 0
    outer loop
      vertex 38.7636 29.7636 6.3
      vertex 38.8215 29.7106 4.1
      vertex 38.7636 29.7636 4.1
    endloop
  endfacet
  facet normal 0.381902 0.924203 -0
    outer loop
      vertex 39.0922 29.5543 4.1
      vertex 39.0196 29.5843 6.3
      vertex 39.0922 29.5543 6.3
    endloop
  endfacet
  facet normal 0.381902 0.924203 0
    outer loop
      vertex 39.0196 29.5843 6.3
      vertex 39.0922 29.5543 4.1
      vertex 39.0196 29.5843 4.1
    endloop
  endfacet
  facet normal 0.13108 0.991372 -0
    outer loop
      vertex 39.3216 29.5034 4.1
      vertex 39.2437 29.5137 6.3
      vertex 39.3216 29.5034 6.3
    endloop
  endfacet
  facet normal 0.13108 0.991372 0
    outer loop
      vertex 39.2437 29.5137 6.3
      vertex 39.3216 29.5034 4.1
      vertex 39.2437 29.5137 4.1
    endloop
  endfacet
  facet normal -0.999061 -0.0433266 0
    outer loop
      vertex 40.3 30.4 4.1
      vertex 40.2966 30.4784 6.3
      vertex 40.2966 30.4784 4.1
    endloop
  endfacet
  facet normal -0.999061 -0.0433266 0
    outer loop
      vertex 40.2966 30.4784 6.3
      vertex 40.3 30.4 4.1
      vertex 40.3 30.4 6.3
    endloop
  endfacet
  facet normal -0.13108 -0.991372 0
    outer loop
      vertex 39.4784 31.2966 4.1
      vertex 39.5563 31.2863 6.3
      vertex 39.4784 31.2966 6.3
    endloop
  endfacet
  facet normal -0.13108 -0.991372 -0
    outer loop
      vertex 39.5563 31.2863 6.3
      vertex 39.4784 31.2966 4.1
      vertex 39.5563 31.2863 4.1
    endloop
  endfacet
  facet normal -0.381902 -0.924203 0
    outer loop
      vertex 39.7078 31.2457 4.1
      vertex 39.7804 31.2157 6.3
      vertex 39.7078 31.2457 6.3
    endloop
  endfacet
  facet normal -0.381902 -0.924203 -0
    outer loop
      vertex 39.7804 31.2157 6.3
      vertex 39.7078 31.2457 4.1
      vertex 39.7804 31.2157 4.1
    endloop
  endfacet
  facet normal -0.675205 -0.73763 0
    outer loop
      vertex 39.9785 31.0894 4.1
      vertex 40.0364 31.0364 6.3
      vertex 39.9785 31.0894 6.3
    endloop
  endfacet
  facet normal -0.675205 -0.73763 -0
    outer loop
      vertex 40.0364 31.0364 6.3
      vertex 39.9785 31.0894 4.1
      vertex 40.0364 31.0364 4.1
    endloop
  endfacet
  facet normal -0.537535 -0.843242 0
    outer loop
      vertex 39.85 31.1794 4.1
      vertex 39.9162 31.1372 6.3
      vertex 39.85 31.1794 6.3
    endloop
  endfacet
  facet normal -0.537535 -0.843242 -0
    outer loop
      vertex 39.9162 31.1372 6.3
      vertex 39.85 31.1794 4.1
      vertex 39.9162 31.1372 4.1
    endloop
  endfacet
  facet normal -0.793381 -0.608726 0
    outer loop
      vertex 40.1372 30.9162 4.1
      vertex 40.0894 30.9785 6.3
      vertex 40.0894 30.9785 4.1
    endloop
  endfacet
  facet normal -0.793381 -0.608726 0
    outer loop
      vertex 40.0894 30.9785 6.3
      vertex 40.1372 30.9162 4.1
      vertex 40.1372 30.9162 6.3
    endloop
  endfacet
  facet normal -0.886653 -0.462435 0
    outer loop
      vertex 40.2157 30.7804 4.1
      vertex 40.1794 30.85 6.3
      vertex 40.1794 30.85 4.1
    endloop
  endfacet
  facet normal -0.886653 -0.462435 0
    outer loop
      vertex 40.1794 30.85 6.3
      vertex 40.2157 30.7804 4.1
      vertex 40.2157 30.7804 6.3
    endloop
  endfacet
  facet normal 0.608726 -0.793381 0
    outer loop
      vertex 38.8215 31.0894 4.1
      vertex 38.8838 31.1372 6.3
      vertex 38.8215 31.0894 6.3
    endloop
  endfacet
  facet normal 0.608726 -0.793381 0
    outer loop
      vertex 38.8838 31.1372 6.3
      vertex 38.8215 31.0894 4.1
      vertex 38.8838 31.1372 4.1
    endloop
  endfacet
  facet normal 0.462435 -0.886653 0
    outer loop
      vertex 38.95 31.1794 4.1
      vertex 39.0196 31.2157 6.3
      vertex 38.95 31.1794 6.3
    endloop
  endfacet
  facet normal 0.462435 -0.886653 0
    outer loop
      vertex 39.0196 31.2157 6.3
      vertex 38.95 31.1794 4.1
      vertex 39.0196 31.2157 4.1
    endloop
  endfacet
  facet normal 0.0433266 -0.999061 0
    outer loop
      vertex 39.3216 31.2966 4.1
      vertex 39.4 31.3 6.3
      vertex 39.3216 31.2966 6.3
    endloop
  endfacet
  facet normal 0.0433266 -0.999061 0
    outer loop
      vertex 39.4 31.3 6.3
      vertex 39.3216 31.2966 4.1
      vertex 39.4 31.3 4.1
    endloop
  endfacet
  facet normal 0.793381 -0.608726 0
    outer loop
      vertex 38.6628 30.9162 6.3
      vertex 38.7106 30.9785 4.1
      vertex 38.7106 30.9785 6.3
    endloop
  endfacet
  facet normal 0.793381 -0.608726 0
    outer loop
      vertex 38.7106 30.9785 4.1
      vertex 38.6628 30.9162 6.3
      vertex 38.6628 30.9162 4.1
    endloop
  endfacet
  facet normal 0.843242 -0.537535 0
    outer loop
      vertex 38.6206 30.85 6.3
      vertex 38.6628 30.9162 4.1
      vertex 38.6628 30.9162 6.3
    endloop
  endfacet
  facet normal 0.843242 -0.537535 0
    outer loop
      vertex 38.6628 30.9162 4.1
      vertex 38.6206 30.85 6.3
      vertex 38.6206 30.85 4.1
    endloop
  endfacet
  facet normal 0.73763 -0.675205 0
    outer loop
      vertex 38.7106 30.9785 6.3
      vertex 38.7636 31.0364 4.1
      vertex 38.7636 31.0364 6.3
    endloop
  endfacet
  facet normal 0.73763 -0.675205 0
    outer loop
      vertex 38.7636 31.0364 4.1
      vertex 38.7106 30.9785 6.3
      vertex 38.7106 30.9785 4.1
    endloop
  endfacet
  facet normal 0.924203 -0.381902 0
    outer loop
      vertex 38.5543 30.7078 6.3
      vertex 38.5843 30.7804 4.1
      vertex 38.5843 30.7804 6.3
    endloop
  endfacet
  facet normal 0.924203 -0.381902 0
    outer loop
      vertex 38.5843 30.7804 4.1
      vertex 38.5543 30.7078 6.3
      vertex 38.5543 30.7078 4.1
    endloop
  endfacet
  facet normal 0.886653 -0.462435 0
    outer loop
      vertex 38.5843 30.7804 6.3
      vertex 38.6206 30.85 4.1
      vertex 38.6206 30.85 6.3
    endloop
  endfacet
  facet normal 0.886653 -0.462435 0
    outer loop
      vertex 38.6206 30.85 4.1
      vertex 38.5843 30.7804 6.3
      vertex 38.5843 30.7804 4.1
    endloop
  endfacet
  facet normal 0.991372 -0.13108 0
    outer loop
      vertex 38.5034 30.4784 6.3
      vertex 38.5137 30.5563 4.1
      vertex 38.5137 30.5563 6.3
    endloop
  endfacet
  facet normal 0.991372 -0.13108 0
    outer loop
      vertex 38.5137 30.5563 4.1
      vertex 38.5034 30.4784 6.3
      vertex 38.5034 30.4784 4.1
    endloop
  endfacet
  facet normal -0.976247 0.216661 0
    outer loop
      vertex 40.2693 30.1671 4.1
      vertex 40.2863 30.2437 6.3
      vertex 40.2863 30.2437 4.1
    endloop
  endfacet
  facet normal -0.976247 0.216661 0
    outer loop
      vertex 40.2863 30.2437 6.3
      vertex 40.2693 30.1671 4.1
      vertex 40.2693 30.1671 6.3
    endloop
  endfacet
  facet normal -0.216661 0.976247 0
    outer loop
      vertex 39.6329 29.5307 4.1
      vertex 39.5563 29.5137 6.3
      vertex 39.6329 29.5307 6.3
    endloop
  endfacet
  facet normal -0.216661 0.976247 0
    outer loop
      vertex 39.5563 29.5137 6.3
      vertex 39.6329 29.5307 4.1
      vertex 39.5563 29.5137 4.1
    endloop
  endfacet
  facet normal -0.300522 0.953775 0
    outer loop
      vertex 39.7078 29.5543 4.1
      vertex 39.6329 29.5307 6.3
      vertex 39.7078 29.5543 6.3
    endloop
  endfacet
  facet normal -0.300522 0.953775 0
    outer loop
      vertex 39.6329 29.5307 6.3
      vertex 39.7078 29.5543 4.1
      vertex 39.6329 29.5307 4.1
    endloop
  endfacet
  facet normal 0.976247 0.216661 0
    outer loop
      vertex 38.5307 30.1671 6.3
      vertex 38.5137 30.2437 4.1
      vertex 38.5137 30.2437 6.3
    endloop
  endfacet
  facet normal 0.976247 0.216661 0
    outer loop
      vertex 38.5137 30.2437 4.1
      vertex 38.5307 30.1671 6.3
      vertex 38.5307 30.1671 4.1
    endloop
  endfacet
  facet normal 0.953775 0.300522 0
    outer loop
      vertex 38.5543 30.0922 6.3
      vertex 38.5307 30.1671 4.1
      vertex 38.5307 30.1671 6.3
    endloop
  endfacet
  facet normal 0.953775 0.300522 0
    outer loop
      vertex 38.5307 30.1671 4.1
      vertex 38.5543 30.0922 6.3
      vertex 38.5543 30.0922 4.1
    endloop
  endfacet
  facet normal 0.999061 -0.0433266 0
    outer loop
      vertex 38.5 30.4 6.3
      vertex 38.5034 30.4784 4.1
      vertex 38.5034 30.4784 6.3
    endloop
  endfacet
  facet normal 0.999061 -0.0433266 0
    outer loop
      vertex 38.5034 30.4784 4.1
      vertex 38.5 30.4 6.3
      vertex 38.5 30.4 4.1
    endloop
  endfacet
  facet normal 0.216661 0.976247 -0
    outer loop
      vertex 39.2437 29.5137 4.1
      vertex 39.1671 29.5307 6.3
      vertex 39.2437 29.5137 6.3
    endloop
  endfacet
  facet normal 0.216661 0.976247 0
    outer loop
      vertex 39.1671 29.5307 6.3
      vertex 39.2437 29.5137 4.1
      vertex 39.1671 29.5307 4.1
    endloop
  endfacet
  facet normal -0.216661 -0.976247 0
    outer loop
      vertex 39.5563 31.2863 4.1
      vertex 39.6329 31.2693 6.3
      vertex 39.5563 31.2863 6.3
    endloop
  endfacet
  facet normal -0.216661 -0.976247 -0
    outer loop
      vertex 39.6329 31.2693 6.3
      vertex 39.5563 31.2863 4.1
      vertex 39.6329 31.2693 4.1
    endloop
  endfacet
  facet normal -0.462435 -0.886653 0
    outer loop
      vertex 39.7804 31.2157 4.1
      vertex 39.85 31.1794 6.3
      vertex 39.7804 31.2157 6.3
    endloop
  endfacet
  facet normal -0.462435 -0.886653 -0
    outer loop
      vertex 39.85 31.1794 6.3
      vertex 39.7804 31.2157 4.1
      vertex 39.85 31.1794 4.1
    endloop
  endfacet
  facet normal -0.73763 -0.675205 0
    outer loop
      vertex 40.0894 30.9785 4.1
      vertex 40.0364 31.0364 6.3
      vertex 40.0364 31.0364 4.1
    endloop
  endfacet
  facet normal -0.73763 -0.675205 0
    outer loop
      vertex 40.0364 31.0364 6.3
      vertex 40.0894 30.9785 4.1
      vertex 40.0894 30.9785 6.3
    endloop
  endfacet
  facet normal -0.608726 -0.793381 0
    outer loop
      vertex 39.9162 31.1372 4.1
      vertex 39.9785 31.0894 6.3
      vertex 39.9162 31.1372 6.3
    endloop
  endfacet
  facet normal -0.608726 -0.793381 -0
    outer loop
      vertex 39.9785 31.0894 6.3
      vertex 39.9162 31.1372 4.1
      vertex 39.9785 31.0894 4.1
    endloop
  endfacet
  facet normal -0.843242 -0.537535 0
    outer loop
      vertex 40.1794 30.85 4.1
      vertex 40.1372 30.9162 6.3
      vertex 40.1372 30.9162 4.1
    endloop
  endfacet
  facet normal -0.843242 -0.537535 0
    outer loop
      vertex 40.1372 30.9162 6.3
      vertex 40.1794 30.85 4.1
      vertex 40.1794 30.85 6.3
    endloop
  endfacet
  facet normal -0.924203 -0.381902 0
    outer loop
      vertex 40.2457 30.7078 4.1
      vertex 40.2157 30.7804 6.3
      vertex 40.2157 30.7804 4.1
    endloop
  endfacet
  facet normal -0.924203 -0.381902 0
    outer loop
      vertex 40.2157 30.7804 6.3
      vertex 40.2457 30.7078 4.1
      vertex 40.2457 30.7078 6.3
    endloop
  endfacet
  facet normal -0.991372 -0.13108 0
    outer loop
      vertex 40.2966 30.4784 4.1
      vertex 40.2863 30.5563 6.3
      vertex 40.2863 30.5563 4.1
    endloop
  endfacet
  facet normal -0.991372 -0.13108 0
    outer loop
      vertex 40.2863 30.5563 6.3
      vertex 40.2966 30.4784 4.1
      vertex 40.2966 30.4784 6.3
    endloop
  endfacet
  facet normal -0.953775 -0.300522 0
    outer loop
      vertex 40.2693 30.6329 4.1
      vertex 40.2457 30.7078 6.3
      vertex 40.2457 30.7078 4.1
    endloop
  endfacet
  facet normal -0.953775 -0.300522 0
    outer loop
      vertex 40.2457 30.7078 6.3
      vertex 40.2693 30.6329 4.1
      vertex 40.2693 30.6329 6.3
    endloop
  endfacet
  facet normal 0.537535 -0.843242 0
    outer loop
      vertex 38.8838 31.1372 4.1
      vertex 38.95 31.1794 6.3
      vertex 38.8838 31.1372 6.3
    endloop
  endfacet
  facet normal 0.537535 -0.843242 0
    outer loop
      vertex 38.95 31.1794 6.3
      vertex 38.8838 31.1372 4.1
      vertex 38.95 31.1794 4.1
    endloop
  endfacet
  facet normal 0.381902 -0.924203 0
    outer loop
      vertex 39.0196 31.2157 4.1
      vertex 39.0922 31.2457 6.3
      vertex 39.0196 31.2157 6.3
    endloop
  endfacet
  facet normal 0.381902 -0.924203 0
    outer loop
      vertex 39.0922 31.2457 6.3
      vertex 39.0196 31.2157 4.1
      vertex 39.0922 31.2457 4.1
    endloop
  endfacet
  facet normal 0.13108 -0.991372 0
    outer loop
      vertex 39.2437 31.2863 4.1
      vertex 39.3216 31.2966 6.3
      vertex 39.2437 31.2863 6.3
    endloop
  endfacet
  facet normal 0.13108 -0.991372 0
    outer loop
      vertex 39.3216 31.2966 6.3
      vertex 39.2437 31.2863 4.1
      vertex 39.3216 31.2966 4.1
    endloop
  endfacet
  facet normal 0.300522 -0.953775 0
    outer loop
      vertex 39.0922 31.2457 4.1
      vertex 39.1671 31.2693 6.3
      vertex 39.0922 31.2457 6.3
    endloop
  endfacet
  facet normal 0.300522 -0.953775 0
    outer loop
      vertex 39.1671 31.2693 6.3
      vertex 39.0922 31.2457 4.1
      vertex 39.1671 31.2693 4.1
    endloop
  endfacet
  facet normal 0.216661 -0.976247 0
    outer loop
      vertex 39.1671 31.2693 4.1
      vertex 39.2437 31.2863 6.3
      vertex 39.1671 31.2693 6.3
    endloop
  endfacet
  facet normal 0.216661 -0.976247 0
    outer loop
      vertex 39.2437 31.2863 6.3
      vertex 39.1671 31.2693 4.1
      vertex 39.2437 31.2863 4.1
    endloop
  endfacet
  facet normal -0.0433266 -0.999061 0
    outer loop
      vertex 39.4 31.3 4.1
      vertex 39.4784 31.2966 6.3
      vertex 39.4 31.3 6.3
    endloop
  endfacet
  facet normal -0.0433266 -0.999061 -0
    outer loop
      vertex 39.4784 31.2966 6.3
      vertex 39.4 31.3 4.1
      vertex 39.4784 31.2966 4.1
    endloop
  endfacet
  facet normal 0.675205 -0.73763 0
    outer loop
      vertex 38.7636 31.0364 4.1
      vertex 38.8215 31.0894 6.3
      vertex 38.7636 31.0364 6.3
    endloop
  endfacet
  facet normal 0.675205 -0.73763 0
    outer loop
      vertex 38.8215 31.0894 6.3
      vertex 38.7636 31.0364 4.1
      vertex 38.8215 31.0894 4.1
    endloop
  endfacet
  facet normal -0.300522 -0.953775 0
    outer loop
      vertex 39.6329 31.2693 4.1
      vertex 39.7078 31.2457 6.3
      vertex 39.6329 31.2693 6.3
    endloop
  endfacet
  facet normal -0.300522 -0.953775 -0
    outer loop
      vertex 39.7078 31.2457 6.3
      vertex 39.6329 31.2693 4.1
      vertex 39.7078 31.2457 4.1
    endloop
  endfacet
  facet normal -0.976247 -0.216661 0
    outer loop
      vertex 40.2863 30.5563 4.1
      vertex 40.2693 30.6329 6.3
      vertex 40.2693 30.6329 4.1
    endloop
  endfacet
  facet normal -0.976247 -0.216661 0
    outer loop
      vertex 40.2693 30.6329 6.3
      vertex 40.2863 30.5563 4.1
      vertex 40.2863 30.5563 6.3
    endloop
  endfacet
  facet normal 0.953775 -0.300522 0
    outer loop
      vertex 38.5307 30.6329 6.3
      vertex 38.5543 30.7078 4.1
      vertex 38.5543 30.7078 6.3
    endloop
  endfacet
  facet normal 0.953775 -0.300522 0
    outer loop
      vertex 38.5543 30.7078 4.1
      vertex 38.5307 30.6329 6.3
      vertex 38.5307 30.6329 4.1
    endloop
  endfacet
  facet normal -0.999061 0.0433266 0
    outer loop
      vertex 31.2966 21.3216 4.1
      vertex 31.3 21.4 6.3
      vertex 31.3 21.4 4.1
    endloop
  endfacet
  facet normal -0.999061 0.0433266 0
    outer loop
      vertex 31.3 21.4 6.3
      vertex 31.2966 21.3216 4.1
      vertex 31.2966 21.3216 6.3
    endloop
  endfacet
  facet normal 0.0433266 0.999061 -0
    outer loop
      vertex 30.4 20.5 4.1
      vertex 30.3216 20.5034 6.3
      vertex 30.4 20.5 6.3
    endloop
  endfacet
  facet normal 0.0433266 0.999061 0
    outer loop
      vertex 30.3216 20.5034 6.3
      vertex 30.4 20.5 4.1
      vertex 30.3216 20.5034 4.1
    endloop
  endfacet
  facet normal -0.675205 0.73763 0
    outer loop
      vertex 31.0364 20.7636 4.1
      vertex 30.9785 20.7106 6.3
      vertex 31.0364 20.7636 6.3
    endloop
  endfacet
  facet normal -0.675205 0.73763 0
    outer loop
      vertex 30.9785 20.7106 6.3
      vertex 31.0364 20.7636 4.1
      vertex 30.9785 20.7106 4.1
    endloop
  endfacet
  facet normal 0.73763 0.675205 0
    outer loop
      vertex 29.7636 20.7636 6.3
      vertex 29.7106 20.8215 4.1
      vertex 29.7106 20.8215 6.3
    endloop
  endfacet
  facet normal 0.73763 0.675205 0
    outer loop
      vertex 29.7106 20.8215 4.1
      vertex 29.7636 20.7636 6.3
      vertex 29.7636 20.7636 4.1
    endloop
  endfacet
  facet normal 0.462435 0.886653 -0
    outer loop
      vertex 30.0196 20.5843 4.1
      vertex 29.95 20.6206 6.3
      vertex 30.0196 20.5843 6.3
    endloop
  endfacet
  facet normal 0.462435 0.886653 0
    outer loop
      vertex 29.95 20.6206 6.3
      vertex 30.0196 20.5843 4.1
      vertex 29.95 20.6206 4.1
    endloop
  endfacet
  facet normal -0.886653 0.462435 0
    outer loop
      vertex 31.1794 20.95 4.1
      vertex 31.2157 21.0196 6.3
      vertex 31.2157 21.0196 4.1
    endloop
  endfacet
  facet normal -0.886653 0.462435 0
    outer loop
      vertex 31.2157 21.0196 6.3
      vertex 31.1794 20.95 4.1
      vertex 31.1794 20.95 6.3
    endloop
  endfacet
  facet normal -0.381902 0.924203 0
    outer loop
      vertex 30.7804 20.5843 4.1
      vertex 30.7078 20.5543 6.3
      vertex 30.7804 20.5843 6.3
    endloop
  endfacet
  facet normal -0.381902 0.924203 0
    outer loop
      vertex 30.7078 20.5543 6.3
      vertex 30.7804 20.5843 4.1
      vertex 30.7078 20.5543 4.1
    endloop
  endfacet
  facet normal -0.537535 0.843242 0
    outer loop
      vertex 30.9162 20.6628 4.1
      vertex 30.85 20.6206 6.3
      vertex 30.9162 20.6628 6.3
    endloop
  endfacet
  facet normal -0.537535 0.843242 0
    outer loop
      vertex 30.85 20.6206 6.3
      vertex 30.9162 20.6628 4.1
      vertex 30.85 20.6206 4.1
    endloop
  endfacet
  facet normal 0.924203 0.381902 0
    outer loop
      vertex 29.5843 21.0196 6.3
      vertex 29.5543 21.0922 4.1
      vertex 29.5543 21.0922 6.3
    endloop
  endfacet
  facet normal 0.924203 0.381902 0
    outer loop
      vertex 29.5543 21.0922 4.1
      vertex 29.5843 21.0196 6.3
      vertex 29.5843 21.0196 4.1
    endloop
  endfacet
  facet normal 0.300522 0.953775 -0
    outer loop
      vertex 30.1671 20.5307 4.1
      vertex 30.0922 20.5543 6.3
      vertex 30.1671 20.5307 6.3
    endloop
  endfacet
  facet normal 0.300522 0.953775 0
    outer loop
      vertex 30.0922 20.5543 6.3
      vertex 30.1671 20.5307 4.1
      vertex 30.0922 20.5543 4.1
    endloop
  endfacet
  facet normal 0.976247 -0.216661 0
    outer loop
      vertex 29.5137 21.5563 6.3
      vertex 29.5307 21.6329 4.1
      vertex 29.5307 21.6329 6.3
    endloop
  endfacet
  facet normal 0.976247 -0.216661 0
    outer loop
      vertex 29.5307 21.6329 4.1
      vertex 29.5137 21.5563 6.3
      vertex 29.5137 21.5563 4.1
    endloop
  endfacet
  facet normal -0.953775 0.300522 0
    outer loop
      vertex 31.2457 21.0922 4.1
      vertex 31.2693 21.1671 6.3
      vertex 31.2693 21.1671 4.1
    endloop
  endfacet
  facet normal -0.953775 0.300522 0
    outer loop
      vertex 31.2693 21.1671 6.3
      vertex 31.2457 21.0922 4.1
      vertex 31.2457 21.0922 6.3
    endloop
  endfacet
  facet normal -0.991372 0.13108 0
    outer loop
      vertex 31.2863 21.2437 4.1
      vertex 31.2966 21.3216 6.3
      vertex 31.2966 21.3216 4.1
    endloop
  endfacet
  facet normal -0.991372 0.13108 0
    outer loop
      vertex 31.2966 21.3216 6.3
      vertex 31.2863 21.2437 4.1
      vertex 31.2863 21.2437 6.3
    endloop
  endfacet
  facet normal -0.924203 0.381902 0
    outer loop
      vertex 31.2157 21.0196 4.1
      vertex 31.2457 21.0922 6.3
      vertex 31.2457 21.0922 4.1
    endloop
  endfacet
  facet normal -0.924203 0.381902 0
    outer loop
      vertex 31.2457 21.0922 6.3
      vertex 31.2157 21.0196 4.1
      vertex 31.2157 21.0196 6.3
    endloop
  endfacet
  facet normal -0.793381 0.608726 0
    outer loop
      vertex 31.0894 20.8215 4.1
      vertex 31.1372 20.8838 6.3
      vertex 31.1372 20.8838 4.1
    endloop
  endfacet
  facet normal -0.793381 0.608726 0
    outer loop
      vertex 31.1372 20.8838 6.3
      vertex 31.0894 20.8215 4.1
      vertex 31.0894 20.8215 6.3
    endloop
  endfacet
  facet normal -0.73763 0.675205 0
    outer loop
      vertex 31.0364 20.7636 4.1
      vertex 31.0894 20.8215 6.3
      vertex 31.0894 20.8215 4.1
    endloop
  endfacet
  facet normal -0.73763 0.675205 0
    outer loop
      vertex 31.0894 20.8215 6.3
      vertex 31.0364 20.7636 4.1
      vertex 31.0364 20.7636 6.3
    endloop
  endfacet
  facet normal -0.843242 0.537535 0
    outer loop
      vertex 31.1372 20.8838 4.1
      vertex 31.1794 20.95 6.3
      vertex 31.1794 20.95 4.1
    endloop
  endfacet
  facet normal -0.843242 0.537535 0
    outer loop
      vertex 31.1794 20.95 6.3
      vertex 31.1372 20.8838 4.1
      vertex 31.1372 20.8838 6.3
    endloop
  endfacet
  facet normal -0.13108 0.991372 0
    outer loop
      vertex 30.5563 20.5137 4.1
      vertex 30.4784 20.5034 6.3
      vertex 30.5563 20.5137 6.3
    endloop
  endfacet
  facet normal -0.13108 0.991372 0
    outer loop
      vertex 30.4784 20.5034 6.3
      vertex 30.5563 20.5137 4.1
      vertex 30.4784 20.5034 4.1
    endloop
  endfacet
  facet normal -0.0433266 0.999061 0
    outer loop
      vertex 30.4784 20.5034 4.1
      vertex 30.4 20.5 6.3
      vertex 30.4784 20.5034 6.3
    endloop
  endfacet
  facet normal -0.0433266 0.999061 0
    outer loop
      vertex 30.4 20.5 6.3
      vertex 30.4784 20.5034 4.1
      vertex 30.4 20.5 4.1
    endloop
  endfacet
  facet normal -0.462435 0.886653 0
    outer loop
      vertex 30.85 20.6206 4.1
      vertex 30.7804 20.5843 6.3
      vertex 30.85 20.6206 6.3
    endloop
  endfacet
  facet normal -0.462435 0.886653 0
    outer loop
      vertex 30.7804 20.5843 6.3
      vertex 30.85 20.6206 4.1
      vertex 30.7804 20.5843 4.1
    endloop
  endfacet
  facet normal -0.608726 0.793381 0
    outer loop
      vertex 30.9785 20.7106 4.1
      vertex 30.9162 20.6628 6.3
      vertex 30.9785 20.7106 6.3
    endloop
  endfacet
  facet normal -0.608726 0.793381 0
    outer loop
      vertex 30.9162 20.6628 6.3
      vertex 30.9785 20.7106 4.1
      vertex 30.9162 20.6628 4.1
    endloop
  endfacet
  facet normal 0.991372 0.13108 0
    outer loop
      vertex 29.5137 21.2437 6.3
      vertex 29.5034 21.3216 4.1
      vertex 29.5034 21.3216 6.3
    endloop
  endfacet
  facet normal 0.991372 0.13108 0
    outer loop
      vertex 29.5034 21.3216 4.1
      vertex 29.5137 21.2437 6.3
      vertex 29.5137 21.2437 4.1
    endloop
  endfacet
  facet normal 0.843242 0.537535 0
    outer loop
      vertex 29.6628 20.8838 6.3
      vertex 29.6206 20.95 4.1
      vertex 29.6206 20.95 6.3
    endloop
  endfacet
  facet normal 0.843242 0.537535 0
    outer loop
      vertex 29.6206 20.95 4.1
      vertex 29.6628 20.8838 6.3
      vertex 29.6628 20.8838 4.1
    endloop
  endfacet
  facet normal 0.793381 0.608726 0
    outer loop
      vertex 29.7106 20.8215 6.3
      vertex 29.6628 20.8838 4.1
      vertex 29.6628 20.8838 6.3
    endloop
  endfacet
  facet normal 0.793381 0.608726 0
    outer loop
      vertex 29.6628 20.8838 4.1
      vertex 29.7106 20.8215 6.3
      vertex 29.7106 20.8215 4.1
    endloop
  endfacet
  facet normal 0.886653 0.462435 0
    outer loop
      vertex 29.6206 20.95 6.3
      vertex 29.5843 21.0196 4.1
      vertex 29.5843 21.0196 6.3
    endloop
  endfacet
  facet normal 0.886653 0.462435 0
    outer loop
      vertex 29.5843 21.0196 4.1
      vertex 29.6206 20.95 6.3
      vertex 29.6206 20.95 4.1
    endloop
  endfacet
  facet normal 0.999061 0.0433266 0
    outer loop
      vertex 29.5034 21.3216 6.3
      vertex 29.5 21.4 4.1
      vertex 29.5 21.4 6.3
    endloop
  endfacet
  facet normal 0.999061 0.0433266 0
    outer loop
      vertex 29.5 21.4 4.1
      vertex 29.5034 21.3216 6.3
      vertex 29.5034 21.3216 4.1
    endloop
  endfacet
  facet normal 0 0 1
    outer loop
      vertex 31.2966 21.4784 4.1
      vertex 31.2966 21.3216 4.1
      vertex 31.3 21.4 4.1
    endloop
  endfacet
  facet normal 0 0 1
    outer loop
      vertex 31.2863 21.5563 4.1
      vertex 31.2966 21.3216 4.1
      vertex 31.2966 21.4784 4.1
    endloop
  endfacet
  facet normal 0 0 1
    outer loop
      vertex 31.2863 21.5563 4.1
      vertex 31.2863 21.2437 4.1
      vertex 31.2966 21.3216 4.1
    endloop
  endfacet
  facet normal 0 0 1
    outer loop
      vertex 31.2693 21.6329 4.1
      vertex 31.2863 21.2437 4.1
      vertex 31.2863 21.5563 4.1
    endloop
  endfacet
  facet normal 0 0 1
    outer loop
      vertex 31.2693 21.6329 4.1
      vertex 31.2693 21.1671 4.1
      vertex 31.2863 21.2437 4.1
    endloop
  endfacet
  facet normal 0 0 1
    outer loop
      vertex 31.2457 21.7078 4.1
      vertex 31.2693 21.1671 4.1
      vertex 31.2693 21.6329 4.1
    endloop
  endfacet
  facet normal 0 0 1
    outer loop
      vertex 31.2457 21.7078 4.1
      vertex 31.2457 21.0922 4.1
      vertex 31.2693 21.1671 4.1
    endloop
  endfacet
  facet normal 0 0 1
    outer loop
      vertex 31.2157 21.7804 4.1
      vertex 31.2457 21.0922 4.1
      vertex 31.2457 21.7078 4.1
    endloop
  endfacet
  facet normal 0 0 1
    outer loop
      vertex 31.2157 21.7804 4.1
      vertex 31.2157 21.0196 4.1
      vertex 31.2457 21.0922 4.1
    endloop
  endfacet
  facet normal 0 0 1
    outer loop
      vertex 31.1794 21.85 4.1
      vertex 31.2157 21.0196 4.1
      vertex 31.2157 21.7804 4.1
    endloop
  endfacet
  facet normal 0 0 1
    outer loop
      vertex 31.1794 21.85 4.1
      vertex 31.1794 20.95 4.1
      vertex 31.2157 21.0196 4.1
    endloop
  endfacet
  facet normal 0 0 1
    outer loop
      vertex 31.1372 21.9162 4.1
      vertex 31.1794 20.95 4.1
      vertex 31.1794 21.85 4.1
    endloop
  endfacet
  facet normal 0 0 1
    outer loop
      vertex 31.1372 21.9162 4.1
      vertex 31.1372 20.8838 4.1
      vertex 31.1794 20.95 4.1
    endloop
  endfacet
  facet normal 0 0 1
    outer loop
      vertex 31.0894 21.9785 4.1
      vertex 31.1372 20.8838 4.1
      vertex 31.1372 21.9162 4.1
    endloop
  endfacet
  facet normal 0 0 1
    outer loop
      vertex 31.0894 21.9785 4.1
      vertex 31.0894 20.8215 4.1
      vertex 31.1372 20.8838 4.1
    endloop
  endfacet
  facet normal 0 0 1
    outer loop
      vertex 31.0364 22.0364 4.1
      vertex 31.0894 20.8215 4.1
      vertex 31.0894 21.9785 4.1
    endloop
  endfacet
  facet normal 0 0 1
    outer loop
      vertex 31.0364 22.0364 4.1
      vertex 31.0364 20.7636 4.1
      vertex 31.0894 20.8215 4.1
    endloop
  endfacet
  facet normal 0 0 1
    outer loop
      vertex 30.9785 22.0894 4.1
      vertex 31.0364 20.7636 4.1
      vertex 31.0364 22.0364 4.1
    endloop
  endfacet
  facet normal 0 0 1
    outer loop
      vertex 30.9785 22.0894 4.1
      vertex 30.9785 20.7106 4.1
      vertex 31.0364 20.7636 4.1
    endloop
  endfacet
  facet normal 0 0 1
    outer loop
      vertex 30.9162 22.1372 4.1
      vertex 30.9785 20.7106 4.1
      vertex 30.9785 22.0894 4.1
    endloop
  endfacet
  facet normal 0 0 1
    outer loop
      vertex 30.9162 22.1372 4.1
      vertex 30.9162 20.6628 4.1
      vertex 30.9785 20.7106 4.1
    endloop
  endfacet
  facet normal 0 0 1
    outer loop
      vertex 30.85 22.1794 4.1
      vertex 30.9162 20.6628 4.1
      vertex 30.9162 22.1372 4.1
    endloop
  endfacet
  facet normal 0 0 1
    outer loop
      vertex 30.85 22.1794 4.1
      vertex 30.85 20.6206 4.1
      vertex 30.9162 20.6628 4.1
    endloop
  endfacet
  facet normal 0 0 1
    outer loop
      vertex 30.7804 22.2157 4.1
      vertex 30.85 20.6206 4.1
      vertex 30.85 22.1794 4.1
    endloop
  endfacet
  facet normal 0 0 1
    outer loop
      vertex 30.7804 22.2157 4.1
      vertex 30.7804 20.5843 4.1
      vertex 30.85 20.6206 4.1
    endloop
  endfacet
  facet normal 0 0 1
    outer loop
      vertex 30.7078 22.2457 4.1
      vertex 30.7804 20.5843 4.1
      vertex 30.7804 22.2157 4.1
    endloop
  endfacet
  facet normal 0 0 1
    outer loop
      vertex 30.7078 22.2457 4.1
      vertex 30.7078 20.5543 4.1
      vertex 30.7804 20.5843 4.1
    endloop
  endfacet
  facet normal 0 0 1
    outer loop
      vertex 30.6329 22.2693 4.1
      vertex 30.7078 20.5543 4.1
      vertex 30.7078 22.2457 4.1
    endloop
  endfacet
  facet normal 0 0 1
    outer loop
      vertex 30.6329 22.2693 4.1
      vertex 30.6329 20.5307 4.1
      vertex 30.7078 20.5543 4.1
    endloop
  endfacet
  facet normal 0 0 1
    outer loop
      vertex 30.5563 22.2863 4.1
      vertex 30.6329 20.5307 4.1
      vertex 30.6329 22.2693 4.1
    endloop
  endfacet
  facet normal 0 0 1
    outer loop
      vertex 30.5563 22.2863 4.1
      vertex 30.5563 20.5137 4.1
      vertex 30.6329 20.5307 4.1
    endloop
  endfacet
  facet normal 0 0 1
    outer loop
      vertex 30.4784 22.2966 4.1
      vertex 30.5563 20.5137 4.1
      vertex 30.5563 22.2863 4.1
    endloop
  endfacet
  facet normal 0 0 1
    outer loop
      vertex 30.4784 22.2966 4.1
      vertex 30.4784 20.5034 4.1
      vertex 30.5563 20.5137 4.1
    endloop
  endfacet
  facet normal 0 0 1
    outer loop
      vertex 30.4 22.3 4.1
      vertex 30.4784 20.5034 4.1
      vertex 30.4784 22.2966 4.1
    endloop
  endfacet
  facet normal 0 0 1
    outer loop
      vertex 30.4 22.3 4.1
      vertex 30.4 20.5 4.1
      vertex 30.4784 20.5034 4.1
    endloop
  endfacet
  facet normal -0 0 1
    outer loop
      vertex 30.3216 22.2966 4.1
      vertex 30.4 20.5 4.1
      vertex 30.4 22.3 4.1
    endloop
  endfacet
  facet normal 0 0 1
    outer loop
      vertex 30.3216 22.2966 4.1
      vertex 30.3216 20.5034 4.1
      vertex 30.4 20.5 4.1
    endloop
  endfacet
  facet normal -0 0 1
    outer loop
      vertex 30.2437 22.2863 4.1
      vertex 30.3216 20.5034 4.1
      vertex 30.3216 22.2966 4.1
    endloop
  endfacet
  facet normal 0 0 1
    outer loop
      vertex 30.2437 22.2863 4.1
      vertex 30.2437 20.5137 4.1
      vertex 30.3216 20.5034 4.1
    endloop
  endfacet
  facet normal -0 0 1
    outer loop
      vertex 30.1671 22.2693 4.1
      vertex 30.2437 20.5137 4.1
      vertex 30.2437 22.2863 4.1
    endloop
  endfacet
  facet normal 0 0 1
    outer loop
      vertex 30.1671 22.2693 4.1
      vertex 30.1671 20.5307 4.1
      vertex 30.2437 20.5137 4.1
    endloop
  endfacet
  facet normal -0 0 1
    outer loop
      vertex 30.0922 22.2457 4.1
      vertex 30.1671 20.5307 4.1
      vertex 30.1671 22.2693 4.1
    endloop
  endfacet
  facet normal 0 0 1
    outer loop
      vertex 30.0922 22.2457 4.1
      vertex 30.0922 20.5543 4.1
      vertex 30.1671 20.5307 4.1
    endloop
  endfacet
  facet normal -0 0 1
    outer loop
      vertex 30.0196 22.2157 4.1
      vertex 30.0922 20.5543 4.1
      vertex 30.0922 22.2457 4.1
    endloop
  endfacet
  facet normal 0 0 1
    outer loop
      vertex 30.0196 22.2157 4.1
      vertex 30.0196 20.5843 4.1
      vertex 30.0922 20.5543 4.1
    endloop
  endfacet
  facet normal -0 0 1
    outer loop
      vertex 29.95 22.1794 4.1
      vertex 30.0196 20.5843 4.1
      vertex 30.0196 22.2157 4.1
    endloop
  endfacet
  facet normal 0 0 1
    outer loop
      vertex 29.95 22.1794 4.1
      vertex 29.95 20.6206 4.1
      vertex 30.0196 20.5843 4.1
    endloop
  endfacet
  facet normal -0 0 1
    outer loop
      vertex 29.8838 22.1372 4.1
      vertex 29.95 20.6206 4.1
      vertex 29.95 22.1794 4.1
    endloop
  endfacet
  facet normal 0 0 1
    outer loop
      vertex 29.8838 22.1372 4.1
      vertex 29.8838 20.6628 4.1
      vertex 29.95 20.6206 4.1
    endloop
  endfacet
  facet normal -0 0 1
    outer loop
      vertex 29.8215 22.0894 4.1
      vertex 29.8838 20.6628 4.1
      vertex 29.8838 22.1372 4.1
    endloop
  endfacet
  facet normal 0 0 1
    outer loop
      vertex 29.8215 22.0894 4.1
      vertex 29.8215 20.7106 4.1
      vertex 29.8838 20.6628 4.1
    endloop
  endfacet
  facet normal -0 0 1
    outer loop
      vertex 29.7636 22.0364 4.1
      vertex 29.8215 20.7106 4.1
      vertex 29.8215 22.0894 4.1
    endloop
  endfacet
  facet normal 0 0 1
    outer loop
      vertex 29.7636 22.0364 4.1
      vertex 29.7636 20.7636 4.1
      vertex 29.8215 20.7106 4.1
    endloop
  endfacet
  facet normal -0 0 1
    outer loop
      vertex 29.7106 21.9785 4.1
      vertex 29.7636 20.7636 4.1
      vertex 29.7636 22.0364 4.1
    endloop
  endfacet
  facet normal 0 0 1
    outer loop
      vertex 29.7106 21.9785 4.1
      vertex 29.7106 20.8215 4.1
      vertex 29.7636 20.7636 4.1
    endloop
  endfacet
  facet normal -0 0 1
    outer loop
      vertex 29.6628 21.9162 4.1
      vertex 29.7106 20.8215 4.1
      vertex 29.7106 21.9785 4.1
    endloop
  endfacet
  facet normal 0 0 1
    outer loop
      vertex 29.6628 21.9162 4.1
      vertex 29.6628 20.8838 4.1
      vertex 29.7106 20.8215 4.1
    endloop
  endfacet
  facet normal -0 0 1
    outer loop
      vertex 29.6206 21.85 4.1
      vertex 29.6628 20.8838 4.1
      vertex 29.6628 21.9162 4.1
    endloop
  endfacet
  facet normal 0 0 1
    outer loop
      vertex 29.6206 21.85 4.1
      vertex 29.6206 20.95 4.1
      vertex 29.6628 20.8838 4.1
    endloop
  endfacet
  facet normal -0 0 1
    outer loop
      vertex 29.5843 21.7804 4.1
      vertex 29.6206 20.95 4.1
      vertex 29.6206 21.85 4.1
    endloop
  endfacet
  facet normal 0 0 1
    outer loop
      vertex 29.5843 21.7804 4.1
      vertex 29.5843 21.0196 4.1
      vertex 29.6206 20.95 4.1
    endloop
  endfacet
  facet normal -0 0 1
    outer loop
      vertex 29.5543 21.7078 4.1
      vertex 29.5843 21.0196 4.1
      vertex 29.5843 21.7804 4.1
    endloop
  endfacet
  facet normal 0 0 1
    outer loop
      vertex 29.5543 21.7078 4.1
      vertex 29.5543 21.0922 4.1
      vertex 29.5843 21.0196 4.1
    endloop
  endfacet
  facet normal -0 0 1
    outer loop
      vertex 29.5307 21.6329 4.1
      vertex 29.5543 21.0922 4.1
      vertex 29.5543 21.7078 4.1
    endloop
  endfacet
  facet normal 0 0 1
    outer loop
      vertex 29.5307 21.6329 4.1
      vertex 29.5307 21.1671 4.1
      vertex 29.5543 21.0922 4.1
    endloop
  endfacet
  facet normal -0 0 1
    outer loop
      vertex 29.5137 21.5563 4.1
      vertex 29.5307 21.1671 4.1
      vertex 29.5307 21.6329 4.1
    endloop
  endfacet
  facet normal 0 0 1
    outer loop
      vertex 29.5137 21.5563 4.1
      vertex 29.5137 21.2437 4.1
      vertex 29.5307 21.1671 4.1
    endloop
  endfacet
  facet normal -0 0 1
    outer loop
      vertex 29.5034 21.4784 4.1
      vertex 29.5137 21.2437 4.1
      vertex 29.5137 21.5563 4.1
    endloop
  endfacet
  facet normal 0 0 1
    outer loop
      vertex 29.5034 21.4784 4.1
      vertex 29.5034 21.3216 4.1
      vertex 29.5137 21.2437 4.1
    endloop
  endfacet
  facet normal 0 -0 1
    outer loop
      vertex 29.5034 21.3216 4.1
      vertex 29.5034 21.4784 4.1
      vertex 29.5 21.4 4.1
    endloop
  endfacet
  facet normal 0.608726 0.793381 -0
    outer loop
      vertex 29.8838 20.6628 4.1
      vertex 29.8215 20.7106 6.3
      vertex 29.8838 20.6628 6.3
    endloop
  endfacet
  facet normal 0.608726 0.793381 0
    outer loop
      vertex 29.8215 20.7106 6.3
      vertex 29.8838 20.6628 4.1
      vertex 29.8215 20.7106 4.1
    endloop
  endfacet
  facet normal 0.537535 0.843242 -0
    outer loop
      vertex 29.95 20.6206 4.1
      vertex 29.8838 20.6628 6.3
      vertex 29.95 20.6206 6.3
    endloop
  endfacet
  facet normal 0.537535 0.843242 0
    outer loop
      vertex 29.8838 20.6628 6.3
      vertex 29.95 20.6206 4.1
      vertex 29.8838 20.6628 4.1
    endloop
  endfacet
  facet normal 0.675205 0.73763 -0
    outer loop
      vertex 29.8215 20.7106 4.1
      vertex 29.7636 20.7636 6.3
      vertex 29.8215 20.7106 6.3
    endloop
  endfacet
  facet normal 0.675205 0.73763 0
    outer loop
      vertex 29.7636 20.7636 6.3
      vertex 29.8215 20.7106 4.1
      vertex 29.7636 20.7636 4.1
    endloop
  endfacet
  facet normal 0.381902 0.924203 -0
    outer loop
      vertex 30.0922 20.5543 4.1
      vertex 30.0196 20.5843 6.3
      vertex 30.0922 20.5543 6.3
    endloop
  endfacet
  facet normal 0.381902 0.924203 0
    outer loop
      vertex 30.0196 20.5843 6.3
      vertex 30.0922 20.5543 4.1
      vertex 30.0196 20.5843 4.1
    endloop
  endfacet
  facet normal 0.13108 0.991372 -0
    outer loop
      vertex 30.3216 20.5034 4.1
      vertex 30.2437 20.5137 6.3
      vertex 30.3216 20.5034 6.3
    endloop
  endfacet
  facet normal 0.13108 0.991372 0
    outer loop
      vertex 30.2437 20.5137 6.3
      vertex 30.3216 20.5034 4.1
      vertex 30.2437 20.5137 4.1
    endloop
  endfacet
  facet normal -0.13108 -0.991372 0
    outer loop
      vertex 30.4784 22.2966 4.1
      vertex 30.5563 22.2863 6.3
      vertex 30.4784 22.2966 6.3
    endloop
  endfacet
  facet normal -0.13108 -0.991372 -0
    outer loop
      vertex 30.5563 22.2863 6.3
      vertex 30.4784 22.2966 4.1
      vertex 30.5563 22.2863 4.1
    endloop
  endfacet
  facet normal -0.381902 -0.924203 0
    outer loop
      vertex 30.7078 22.2457 4.1
      vertex 30.7804 22.2157 6.3
      vertex 30.7078 22.2457 6.3
    endloop
  endfacet
  facet normal -0.381902 -0.924203 -0
    outer loop
      vertex 30.7804 22.2157 6.3
      vertex 30.7078 22.2457 4.1
      vertex 30.7804 22.2157 4.1
    endloop
  endfacet
  facet normal -0.675205 -0.73763 0
    outer loop
      vertex 30.9785 22.0894 4.1
      vertex 31.0364 22.0364 6.3
      vertex 30.9785 22.0894 6.3
    endloop
  endfacet
  facet normal -0.675205 -0.73763 -0
    outer loop
      vertex 31.0364 22.0364 6.3
      vertex 30.9785 22.0894 4.1
      vertex 31.0364 22.0364 4.1
    endloop
  endfacet
  facet normal -0.537535 -0.843242 0
    outer loop
      vertex 30.85 22.1794 4.1
      vertex 30.9162 22.1372 6.3
      vertex 30.85 22.1794 6.3
    endloop
  endfacet
  facet normal -0.537535 -0.843242 -0
    outer loop
      vertex 30.9162 22.1372 6.3
      vertex 30.85 22.1794 4.1
      vertex 30.9162 22.1372 4.1
    endloop
  endfacet
  facet normal -0.793381 -0.608726 0
    outer loop
      vertex 31.1372 21.9162 4.1
      vertex 31.0894 21.9785 6.3
      vertex 31.0894 21.9785 4.1
    endloop
  endfacet
  facet normal -0.793381 -0.608726 0
    outer loop
      vertex 31.0894 21.9785 6.3
      vertex 31.1372 21.9162 4.1
      vertex 31.1372 21.9162 6.3
    endloop
  endfacet
  facet normal -0.886653 -0.462435 0
    outer loop
      vertex 31.2157 21.7804 4.1
      vertex 31.1794 21.85 6.3
      vertex 31.1794 21.85 4.1
    endloop
  endfacet
  facet normal -0.886653 -0.462435 0
    outer loop
      vertex 31.1794 21.85 6.3
      vertex 31.2157 21.7804 4.1
      vertex 31.2157 21.7804 6.3
    endloop
  endfacet
  facet normal 0.608726 -0.793381 0
    outer loop
      vertex 29.8215 22.0894 4.1
      vertex 29.8838 22.1372 6.3
      vertex 29.8215 22.0894 6.3
    endloop
  endfacet
  facet normal 0.608726 -0.793381 0
    outer loop
      vertex 29.8838 22.1372 6.3
      vertex 29.8215 22.0894 4.1
      vertex 29.8838 22.1372 4.1
    endloop
  endfacet
  facet normal 0.462435 -0.886653 0
    outer loop
      vertex 29.95 22.1794 4.1
      vertex 30.0196 22.2157 6.3
      vertex 29.95 22.1794 6.3
    endloop
  endfacet
  facet normal 0.462435 -0.886653 0
    outer loop
      vertex 30.0196 22.2157 6.3
      vertex 29.95 22.1794 4.1
      vertex 30.0196 22.2157 4.1
    endloop
  endfacet
  facet normal 0.0433266 -0.999061 0
    outer loop
      vertex 30.3216 22.2966 4.1
      vertex 30.4 22.3 6.3
      vertex 30.3216 22.2966 6.3
    endloop
  endfacet
  facet normal 0.0433266 -0.999061 0
    outer loop
      vertex 30.4 22.3 6.3
      vertex 30.3216 22.2966 4.1
      vertex 30.4 22.3 4.1
    endloop
  endfacet
  facet normal 0.793381 -0.608726 0
    outer loop
      vertex 29.6628 21.9162 6.3
      vertex 29.7106 21.9785 4.1
      vertex 29.7106 21.9785 6.3
    endloop
  endfacet
  facet normal 0.793381 -0.608726 0
    outer loop
      vertex 29.7106 21.9785 4.1
      vertex 29.6628 21.9162 6.3
      vertex 29.6628 21.9162 4.1
    endloop
  endfacet
  facet normal 0.843242 -0.537535 0
    outer loop
      vertex 29.6206 21.85 6.3
      vertex 29.6628 21.9162 4.1
      vertex 29.6628 21.9162 6.3
    endloop
  endfacet
  facet normal 0.843242 -0.537535 0
    outer loop
      vertex 29.6628 21.9162 4.1
      vertex 29.6206 21.85 6.3
      vertex 29.6206 21.85 4.1
    endloop
  endfacet
  facet normal 0.73763 -0.675205 0
    outer loop
      vertex 29.7106 21.9785 6.3
      vertex 29.7636 22.0364 4.1
      vertex 29.7636 22.0364 6.3
    endloop
  endfacet
  facet normal 0.73763 -0.675205 0
    outer loop
      vertex 29.7636 22.0364 4.1
      vertex 29.7106 21.9785 6.3
      vertex 29.7106 21.9785 4.1
    endloop
  endfacet
  facet normal 0.924203 -0.381902 0
    outer loop
      vertex 29.5543 21.7078 6.3
      vertex 29.5843 21.7804 4.1
      vertex 29.5843 21.7804 6.3
    endloop
  endfacet
  facet normal 0.924203 -0.381902 0
    outer loop
      vertex 29.5843 21.7804 4.1
      vertex 29.5543 21.7078 6.3
      vertex 29.5543 21.7078 4.1
    endloop
  endfacet
  facet normal 0.886653 -0.462435 0
    outer loop
      vertex 29.5843 21.7804 6.3
      vertex 29.6206 21.85 4.1
      vertex 29.6206 21.85 6.3
    endloop
  endfacet
  facet normal 0.886653 -0.462435 0
    outer loop
      vertex 29.6206 21.85 4.1
      vertex 29.5843 21.7804 6.3
      vertex 29.5843 21.7804 4.1
    endloop
  endfacet
  facet normal 0.991372 -0.13108 0
    outer loop
      vertex 29.5034 21.4784 6.3
      vertex 29.5137 21.5563 4.1
      vertex 29.5137 21.5563 6.3
    endloop
  endfacet
  facet normal 0.991372 -0.13108 0
    outer loop
      vertex 29.5137 21.5563 4.1
      vertex 29.5034 21.4784 6.3
      vertex 29.5034 21.4784 4.1
    endloop
  endfacet
  facet normal -0.976247 0.216661 0
    outer loop
      vertex 31.2693 21.1671 4.1
      vertex 31.2863 21.2437 6.3
      vertex 31.2863 21.2437 4.1
    endloop
  endfacet
  facet normal -0.976247 0.216661 0
    outer loop
      vertex 31.2863 21.2437 6.3
      vertex 31.2693 21.1671 4.1
      vertex 31.2693 21.1671 6.3
    endloop
  endfacet
  facet normal -0.216661 0.976247 0
    outer loop
      vertex 30.6329 20.5307 4.1
      vertex 30.5563 20.5137 6.3
      vertex 30.6329 20.5307 6.3
    endloop
  endfacet
  facet normal -0.216661 0.976247 0
    outer loop
      vertex 30.5563 20.5137 6.3
      vertex 30.6329 20.5307 4.1
      vertex 30.5563 20.5137 4.1
    endloop
  endfacet
  facet normal -0.300522 0.953775 0
    outer loop
      vertex 30.7078 20.5543 4.1
      vertex 30.6329 20.5307 6.3
      vertex 30.7078 20.5543 6.3
    endloop
  endfacet
  facet normal -0.300522 0.953775 0
    outer loop
      vertex 30.6329 20.5307 6.3
      vertex 30.7078 20.5543 4.1
      vertex 30.6329 20.5307 4.1
    endloop
  endfacet
  facet normal 0.976247 0.216661 0
    outer loop
      vertex 29.5307 21.1671 6.3
      vertex 29.5137 21.2437 4.1
      vertex 29.5137 21.2437 6.3
    endloop
  endfacet
  facet normal 0.976247 0.216661 0
    outer loop
      vertex 29.5137 21.2437 4.1
      vertex 29.5307 21.1671 6.3
      vertex 29.5307 21.1671 4.1
    endloop
  endfacet
  facet normal 0.953775 0.300522 0
    outer loop
      vertex 29.5543 21.0922 6.3
      vertex 29.5307 21.1671 4.1
      vertex 29.5307 21.1671 6.3
    endloop
  endfacet
  facet normal 0.953775 0.300522 0
    outer loop
      vertex 29.5307 21.1671 4.1
      vertex 29.5543 21.0922 6.3
      vertex 29.5543 21.0922 4.1
    endloop
  endfacet
  facet normal 0.999061 -0.0433266 0
    outer loop
      vertex 29.5 21.4 6.3
      vertex 29.5034 21.4784 4.1
      vertex 29.5034 21.4784 6.3
    endloop
  endfacet
  facet normal 0.999061 -0.0433266 0
    outer loop
      vertex 29.5034 21.4784 4.1
      vertex 29.5 21.4 6.3
      vertex 29.5 21.4 4.1
    endloop
  endfacet
  facet normal -0.216661 -0.976247 0
    outer loop
      vertex 30.5563 22.2863 4.1
      vertex 30.6329 22.2693 6.3
      vertex 30.5563 22.2863 6.3
    endloop
  endfacet
  facet normal -0.216661 -0.976247 -0
    outer loop
      vertex 30.6329 22.2693 6.3
      vertex 30.5563 22.2863 4.1
      vertex 30.6329 22.2693 4.1
    endloop
  endfacet
  facet normal -0.462435 -0.886653 0
    outer loop
      vertex 30.7804 22.2157 4.1
      vertex 30.85 22.1794 6.3
      vertex 30.7804 22.2157 6.3
    endloop
  endfacet
  facet normal -0.462435 -0.886653 -0
    outer loop
      vertex 30.85 22.1794 6.3
      vertex 30.7804 22.2157 4.1
      vertex 30.85 22.1794 4.1
    endloop
  endfacet
  facet normal -0.73763 -0.675205 0
    outer loop
      vertex 31.0894 21.9785 4.1
      vertex 31.0364 22.0364 6.3
      vertex 31.0364 22.0364 4.1
    endloop
  endfacet
  facet normal -0.73763 -0.675205 0
    outer loop
      vertex 31.0364 22.0364 6.3
      vertex 31.0894 21.9785 4.1
      vertex 31.0894 21.9785 6.3
    endloop
  endfacet
  facet normal -0.608726 -0.793381 0
    outer loop
      vertex 30.9162 22.1372 4.1
      vertex 30.9785 22.0894 6.3
      vertex 30.9162 22.1372 6.3
    endloop
  endfacet
  facet normal -0.608726 -0.793381 -0
    outer loop
      vertex 30.9785 22.0894 6.3
      vertex 30.9162 22.1372 4.1
      vertex 30.9785 22.0894 4.1
    endloop
  endfacet
  facet normal -0.843242 -0.537535 0
    outer loop
      vertex 31.1794 21.85 4.1
      vertex 31.1372 21.9162 6.3
      vertex 31.1372 21.9162 4.1
    endloop
  endfacet
  facet normal -0.843242 -0.537535 0
    outer loop
      vertex 31.1372 21.9162 6.3
      vertex 31.1794 21.85 4.1
      vertex 31.1794 21.85 6.3
    endloop
  endfacet
  facet normal -0.924203 -0.381902 0
    outer loop
      vertex 31.2457 21.7078 4.1
      vertex 31.2157 21.7804 6.3
      vertex 31.2157 21.7804 4.1
    endloop
  endfacet
  facet normal -0.924203 -0.381902 0
    outer loop
      vertex 31.2157 21.7804 6.3
      vertex 31.2457 21.7078 4.1
      vertex 31.2457 21.7078 6.3
    endloop
  endfacet
  facet normal -0.991372 -0.13108 0
    outer loop
      vertex 31.2966 21.4784 4.1
      vertex 31.2863 21.5563 6.3
      vertex 31.2863 21.5563 4.1
    endloop
  endfacet
  facet normal -0.991372 -0.13108 0
    outer loop
      vertex 31.2863 21.5563 6.3
      vertex 31.2966 21.4784 4.1
      vertex 31.2966 21.4784 6.3
    endloop
  endfacet
  facet normal -0.953775 -0.300522 0
    outer loop
      vertex 31.2693 21.6329 4.1
      vertex 31.2457 21.7078 6.3
      vertex 31.2457 21.7078 4.1
    endloop
  endfacet
  facet normal -0.953775 -0.300522 0
    outer loop
      vertex 31.2457 21.7078 6.3
      vertex 31.2693 21.6329 4.1
      vertex 31.2693 21.6329 6.3
    endloop
  endfacet
  facet normal 0.537535 -0.843242 0
    outer loop
      vertex 29.8838 22.1372 4.1
      vertex 29.95 22.1794 6.3
      vertex 29.8838 22.1372 6.3
    endloop
  endfacet
  facet normal 0.537535 -0.843242 0
    outer loop
      vertex 29.95 22.1794 6.3
      vertex 29.8838 22.1372 4.1
      vertex 29.95 22.1794 4.1
    endloop
  endfacet
  facet normal 0.381902 -0.924203 0
    outer loop
      vertex 30.0196 22.2157 4.1
      vertex 30.0922 22.2457 6.3
      vertex 30.0196 22.2157 6.3
    endloop
  endfacet
  facet normal 0.381902 -0.924203 0
    outer loop
      vertex 30.0922 22.2457 6.3
      vertex 30.0196 22.2157 4.1
      vertex 30.0922 22.2457 4.1
    endloop
  endfacet
  facet normal 0.13108 -0.991372 0
    outer loop
      vertex 30.2437 22.2863 4.1
      vertex 30.3216 22.2966 6.3
      vertex 30.2437 22.2863 6.3
    endloop
  endfacet
  facet normal 0.13108 -0.991372 0
    outer loop
      vertex 30.3216 22.2966 6.3
      vertex 30.2437 22.2863 4.1
      vertex 30.3216 22.2966 4.1
    endloop
  endfacet
  facet normal 0.300522 -0.953775 0
    outer loop
      vertex 30.0922 22.2457 4.1
      vertex 30.1671 22.2693 6.3
      vertex 30.0922 22.2457 6.3
    endloop
  endfacet
  facet normal 0.300522 -0.953775 0
    outer loop
      vertex 30.1671 22.2693 6.3
      vertex 30.0922 22.2457 4.1
      vertex 30.1671 22.2693 4.1
    endloop
  endfacet
  facet normal 0.216661 -0.976247 0
    outer loop
      vertex 30.1671 22.2693 4.1
      vertex 30.2437 22.2863 6.3
      vertex 30.1671 22.2693 6.3
    endloop
  endfacet
  facet normal 0.216661 -0.976247 0
    outer loop
      vertex 30.2437 22.2863 6.3
      vertex 30.1671 22.2693 4.1
      vertex 30.2437 22.2863 4.1
    endloop
  endfacet
  facet normal -0.0433266 -0.999061 0
    outer loop
      vertex 30.4 22.3 4.1
      vertex 30.4784 22.2966 6.3
      vertex 30.4 22.3 6.3
    endloop
  endfacet
  facet normal -0.0433266 -0.999061 -0
    outer loop
      vertex 30.4784 22.2966 6.3
      vertex 30.4 22.3 4.1
      vertex 30.4784 22.2966 4.1
    endloop
  endfacet
  facet normal 0.675205 -0.73763 0
    outer loop
      vertex 29.7636 22.0364 4.1
      vertex 29.8215 22.0894 6.3
      vertex 29.7636 22.0364 6.3
    endloop
  endfacet
  facet normal 0.675205 -0.73763 0
    outer loop
      vertex 29.8215 22.0894 6.3
      vertex 29.7636 22.0364 4.1
      vertex 29.8215 22.0894 4.1
    endloop
  endfacet
  facet normal 0.216661 0.976247 -0
    outer loop
      vertex 30.2437 20.5137 4.1
      vertex 30.1671 20.5307 6.3
      vertex 30.2437 20.5137 6.3
    endloop
  endfacet
  facet normal 0.216661 0.976247 0
    outer loop
      vertex 30.1671 20.5307 6.3
      vertex 30.2437 20.5137 4.1
      vertex 30.1671 20.5307 4.1
    endloop
  endfacet
  facet normal -0.300522 -0.953775 0
    outer loop
      vertex 30.6329 22.2693 4.1
      vertex 30.7078 22.2457 6.3
      vertex 30.6329 22.2693 6.3
    endloop
  endfacet
  facet normal -0.300522 -0.953775 -0
    outer loop
      vertex 30.7078 22.2457 6.3
      vertex 30.6329 22.2693 4.1
      vertex 30.7078 22.2457 4.1
    endloop
  endfacet
  facet normal -0.999061 -0.0433266 0
    outer loop
      vertex 31.3 21.4 4.1
      vertex 31.2966 21.4784 6.3
      vertex 31.2966 21.4784 4.1
    endloop
  endfacet
  facet normal -0.999061 -0.0433266 0
    outer loop
      vertex 31.2966 21.4784 6.3
      vertex 31.3 21.4 4.1
      vertex 31.3 21.4 6.3
    endloop
  endfacet
  facet normal -0.976247 -0.216661 0
    outer loop
      vertex 31.2863 21.5563 4.1
      vertex 31.2693 21.6329 6.3
      vertex 31.2693 21.6329 4.1
    endloop
  endfacet
  facet normal -0.976247 -0.216661 0
    outer loop
      vertex 31.2693 21.6329 6.3
      vertex 31.2863 21.5563 4.1
      vertex 31.2863 21.5563 6.3
    endloop
  endfacet
  facet normal 0.953775 -0.300522 0
    outer loop
      vertex 29.5307 21.6329 6.3
      vertex 29.5543 21.7078 4.1
      vertex 29.5543 21.7078 6.3
    endloop
  endfacet
  facet normal 0.953775 -0.300522 0
    outer loop
      vertex 29.5543 21.7078 4.1
      vertex 29.5307 21.6329 6.3
      vertex 29.5307 21.6329 4.1
    endloop
  endfacet
  facet normal -0.999061 0.0433266 0
    outer loop
      vertex 22.2966 30.3216 4.1
      vertex 22.3 30.4 6.3
      vertex 22.3 30.4 4.1
    endloop
  endfacet
  facet normal -0.999061 0.0433266 0
    outer loop
      vertex 22.3 30.4 6.3
      vertex 22.2966 30.3216 4.1
      vertex 22.2966 30.3216 6.3
    endloop
  endfacet
  facet normal 0.0433266 0.999061 -0
    outer loop
      vertex 21.4 29.5 4.1
      vertex 21.3216 29.5034 6.3
      vertex 21.4 29.5 6.3
    endloop
  endfacet
  facet normal 0.0433266 0.999061 0
    outer loop
      vertex 21.3216 29.5034 6.3
      vertex 21.4 29.5 4.1
      vertex 21.3216 29.5034 4.1
    endloop
  endfacet
  facet normal -0.0433266 -0.999061 0
    outer loop
      vertex 21.4 31.3 4.1
      vertex 21.4784 31.2966 6.3
      vertex 21.4 31.3 6.3
    endloop
  endfacet
  facet normal -0.0433266 -0.999061 -0
    outer loop
      vertex 21.4784 31.2966 6.3
      vertex 21.4 31.3 4.1
      vertex 21.4784 31.2966 4.1
    endloop
  endfacet
  facet normal 0.675205 -0.73763 0
    outer loop
      vertex 20.7636 31.0364 4.1
      vertex 20.8215 31.0894 6.3
      vertex 20.7636 31.0364 6.3
    endloop
  endfacet
  facet normal 0.675205 -0.73763 0
    outer loop
      vertex 20.8215 31.0894 6.3
      vertex 20.7636 31.0364 4.1
      vertex 20.8215 31.0894 4.1
    endloop
  endfacet
  facet normal -0.675205 0.73763 0
    outer loop
      vertex 22.0364 29.7636 4.1
      vertex 21.9785 29.7106 6.3
      vertex 22.0364 29.7636 6.3
    endloop
  endfacet
  facet normal -0.675205 0.73763 0
    outer loop
      vertex 21.9785 29.7106 6.3
      vertex 22.0364 29.7636 4.1
      vertex 21.9785 29.7106 4.1
    endloop
  endfacet
  facet normal 0.73763 0.675205 0
    outer loop
      vertex 20.7636 29.7636 6.3
      vertex 20.7106 29.8215 4.1
      vertex 20.7106 29.8215 6.3
    endloop
  endfacet
  facet normal 0.73763 0.675205 0
    outer loop
      vertex 20.7106 29.8215 4.1
      vertex 20.7636 29.7636 6.3
      vertex 20.7636 29.7636 4.1
    endloop
  endfacet
  facet normal 0.462435 0.886653 -0
    outer loop
      vertex 21.0196 29.5843 4.1
      vertex 20.95 29.6206 6.3
      vertex 21.0196 29.5843 6.3
    endloop
  endfacet
  facet normal 0.462435 0.886653 0
    outer loop
      vertex 20.95 29.6206 6.3
      vertex 21.0196 29.5843 4.1
      vertex 20.95 29.6206 4.1
    endloop
  endfacet
  facet normal -0.886653 0.462435 0
    outer loop
      vertex 22.1794 29.95 4.1
      vertex 22.2157 30.0196 6.3
      vertex 22.2157 30.0196 4.1
    endloop
  endfacet
  facet normal -0.886653 0.462435 0
    outer loop
      vertex 22.2157 30.0196 6.3
      vertex 22.1794 29.95 4.1
      vertex 22.1794 29.95 6.3
    endloop
  endfacet
  facet normal -0.381902 0.924203 0
    outer loop
      vertex 21.7804 29.5843 4.1
      vertex 21.7078 29.5543 6.3
      vertex 21.7804 29.5843 6.3
    endloop
  endfacet
  facet normal -0.381902 0.924203 0
    outer loop
      vertex 21.7078 29.5543 6.3
      vertex 21.7804 29.5843 4.1
      vertex 21.7078 29.5543 4.1
    endloop
  endfacet
  facet normal -0.537535 0.843242 0
    outer loop
      vertex 21.9162 29.6628 4.1
      vertex 21.85 29.6206 6.3
      vertex 21.9162 29.6628 6.3
    endloop
  endfacet
  facet normal -0.537535 0.843242 0
    outer loop
      vertex 21.85 29.6206 6.3
      vertex 21.9162 29.6628 4.1
      vertex 21.85 29.6206 4.1
    endloop
  endfacet
  facet normal 0.924203 0.381902 0
    outer loop
      vertex 20.5843 30.0196 6.3
      vertex 20.5543 30.0922 4.1
      vertex 20.5543 30.0922 6.3
    endloop
  endfacet
  facet normal 0.924203 0.381902 0
    outer loop
      vertex 20.5543 30.0922 4.1
      vertex 20.5843 30.0196 6.3
      vertex 20.5843 30.0196 4.1
    endloop
  endfacet
  facet normal 0.300522 0.953775 -0
    outer loop
      vertex 21.1671 29.5307 4.1
      vertex 21.0922 29.5543 6.3
      vertex 21.1671 29.5307 6.3
    endloop
  endfacet
  facet normal 0.300522 0.953775 0
    outer loop
      vertex 21.0922 29.5543 6.3
      vertex 21.1671 29.5307 4.1
      vertex 21.0922 29.5543 4.1
    endloop
  endfacet
  facet normal 0.976247 -0.216661 0
    outer loop
      vertex 20.5137 30.5563 6.3
      vertex 20.5307 30.6329 4.1
      vertex 20.5307 30.6329 6.3
    endloop
  endfacet
  facet normal 0.976247 -0.216661 0
    outer loop
      vertex 20.5307 30.6329 4.1
      vertex 20.5137 30.5563 6.3
      vertex 20.5137 30.5563 4.1
    endloop
  endfacet
  facet normal -0.953775 0.300522 0
    outer loop
      vertex 22.2457 30.0922 4.1
      vertex 22.2693 30.1671 6.3
      vertex 22.2693 30.1671 4.1
    endloop
  endfacet
  facet normal -0.953775 0.300522 0
    outer loop
      vertex 22.2693 30.1671 6.3
      vertex 22.2457 30.0922 4.1
      vertex 22.2457 30.0922 6.3
    endloop
  endfacet
  facet normal -0.991372 0.13108 0
    outer loop
      vertex 22.2863 30.2437 4.1
      vertex 22.2966 30.3216 6.3
      vertex 22.2966 30.3216 4.1
    endloop
  endfacet
  facet normal -0.991372 0.13108 0
    outer loop
      vertex 22.2966 30.3216 6.3
      vertex 22.2863 30.2437 4.1
      vertex 22.2863 30.2437 6.3
    endloop
  endfacet
  facet normal -0.924203 0.381902 0
    outer loop
      vertex 22.2157 30.0196 4.1
      vertex 22.2457 30.0922 6.3
      vertex 22.2457 30.0922 4.1
    endloop
  endfacet
  facet normal -0.924203 0.381902 0
    outer loop
      vertex 22.2457 30.0922 6.3
      vertex 22.2157 30.0196 4.1
      vertex 22.2157 30.0196 6.3
    endloop
  endfacet
  facet normal -0.793381 0.608726 0
    outer loop
      vertex 22.0894 29.8215 4.1
      vertex 22.1372 29.8838 6.3
      vertex 22.1372 29.8838 4.1
    endloop
  endfacet
  facet normal -0.793381 0.608726 0
    outer loop
      vertex 22.1372 29.8838 6.3
      vertex 22.0894 29.8215 4.1
      vertex 22.0894 29.8215 6.3
    endloop
  endfacet
  facet normal -0.73763 0.675205 0
    outer loop
      vertex 22.0364 29.7636 4.1
      vertex 22.0894 29.8215 6.3
      vertex 22.0894 29.8215 4.1
    endloop
  endfacet
  facet normal -0.73763 0.675205 0
    outer loop
      vertex 22.0894 29.8215 6.3
      vertex 22.0364 29.7636 4.1
      vertex 22.0364 29.7636 6.3
    endloop
  endfacet
  facet normal -0.843242 0.537535 0
    outer loop
      vertex 22.1372 29.8838 4.1
      vertex 22.1794 29.95 6.3
      vertex 22.1794 29.95 4.1
    endloop
  endfacet
  facet normal -0.843242 0.537535 0
    outer loop
      vertex 22.1794 29.95 6.3
      vertex 22.1372 29.8838 4.1
      vertex 22.1372 29.8838 6.3
    endloop
  endfacet
  facet normal -0.13108 0.991372 0
    outer loop
      vertex 21.5563 29.5137 4.1
      vertex 21.4784 29.5034 6.3
      vertex 21.5563 29.5137 6.3
    endloop
  endfacet
  facet normal -0.13108 0.991372 0
    outer loop
      vertex 21.4784 29.5034 6.3
      vertex 21.5563 29.5137 4.1
      vertex 21.4784 29.5034 4.1
    endloop
  endfacet
  facet normal -0.0433266 0.999061 0
    outer loop
      vertex 21.4784 29.5034 4.1
      vertex 21.4 29.5 6.3
      vertex 21.4784 29.5034 6.3
    endloop
  endfacet
  facet normal -0.0433266 0.999061 0
    outer loop
      vertex 21.4 29.5 6.3
      vertex 21.4784 29.5034 4.1
      vertex 21.4 29.5 4.1
    endloop
  endfacet
  facet normal -0.462435 0.886653 0
    outer loop
      vertex 21.85 29.6206 4.1
      vertex 21.7804 29.5843 6.3
      vertex 21.85 29.6206 6.3
    endloop
  endfacet
  facet normal -0.462435 0.886653 0
    outer loop
      vertex 21.7804 29.5843 6.3
      vertex 21.85 29.6206 4.1
      vertex 21.7804 29.5843 4.1
    endloop
  endfacet
  facet normal -0.608726 0.793381 0
    outer loop
      vertex 21.9785 29.7106 4.1
      vertex 21.9162 29.6628 6.3
      vertex 21.9785 29.7106 6.3
    endloop
  endfacet
  facet normal -0.608726 0.793381 0
    outer loop
      vertex 21.9162 29.6628 6.3
      vertex 21.9785 29.7106 4.1
      vertex 21.9162 29.6628 4.1
    endloop
  endfacet
  facet normal 0.991372 0.13108 0
    outer loop
      vertex 20.5137 30.2437 6.3
      vertex 20.5034 30.3216 4.1
      vertex 20.5034 30.3216 6.3
    endloop
  endfacet
  facet normal 0.991372 0.13108 0
    outer loop
      vertex 20.5034 30.3216 4.1
      vertex 20.5137 30.2437 6.3
      vertex 20.5137 30.2437 4.1
    endloop
  endfacet
  facet normal 0.843242 0.537535 0
    outer loop
      vertex 20.6628 29.8838 6.3
      vertex 20.6206 29.95 4.1
      vertex 20.6206 29.95 6.3
    endloop
  endfacet
  facet normal 0.843242 0.537535 0
    outer loop
      vertex 20.6206 29.95 4.1
      vertex 20.6628 29.8838 6.3
      vertex 20.6628 29.8838 4.1
    endloop
  endfacet
  facet normal 0.793381 0.608726 0
    outer loop
      vertex 20.7106 29.8215 6.3
      vertex 20.6628 29.8838 4.1
      vertex 20.6628 29.8838 6.3
    endloop
  endfacet
  facet normal 0.793381 0.608726 0
    outer loop
      vertex 20.6628 29.8838 4.1
      vertex 20.7106 29.8215 6.3
      vertex 20.7106 29.8215 4.1
    endloop
  endfacet
  facet normal 0.886653 0.462435 0
    outer loop
      vertex 20.6206 29.95 6.3
      vertex 20.5843 30.0196 4.1
      vertex 20.5843 30.0196 6.3
    endloop
  endfacet
  facet normal 0.886653 0.462435 0
    outer loop
      vertex 20.5843 30.0196 4.1
      vertex 20.6206 29.95 6.3
      vertex 20.6206 29.95 4.1
    endloop
  endfacet
  facet normal 0.999061 0.0433266 0
    outer loop
      vertex 20.5034 30.3216 6.3
      vertex 20.5 30.4 4.1
      vertex 20.5 30.4 6.3
    endloop
  endfacet
  facet normal 0.999061 0.0433266 0
    outer loop
      vertex 20.5 30.4 4.1
      vertex 20.5034 30.3216 6.3
      vertex 20.5034 30.3216 4.1
    endloop
  endfacet
  facet normal 0 0 1
    outer loop
      vertex 22.2966 30.4784 4.1
      vertex 22.2966 30.3216 4.1
      vertex 22.3 30.4 4.1
    endloop
  endfacet
  facet normal 0 0 1
    outer loop
      vertex 22.2863 30.5563 4.1
      vertex 22.2966 30.3216 4.1
      vertex 22.2966 30.4784 4.1
    endloop
  endfacet
  facet normal 0 0 1
    outer loop
      vertex 22.2863 30.5563 4.1
      vertex 22.2863 30.2437 4.1
      vertex 22.2966 30.3216 4.1
    endloop
  endfacet
  facet normal 0 0 1
    outer loop
      vertex 22.2693 30.6329 4.1
      vertex 22.2863 30.2437 4.1
      vertex 22.2863 30.5563 4.1
    endloop
  endfacet
  facet normal 0 0 1
    outer loop
      vertex 22.2693 30.6329 4.1
      vertex 22.2693 30.1671 4.1
      vertex 22.2863 30.2437 4.1
    endloop
  endfacet
  facet normal 0 0 1
    outer loop
      vertex 22.2457 30.7078 4.1
      vertex 22.2693 30.1671 4.1
      vertex 22.2693 30.6329 4.1
    endloop
  endfacet
  facet normal 0 0 1
    outer loop
      vertex 22.2457 30.7078 4.1
      vertex 22.2457 30.0922 4.1
      vertex 22.2693 30.1671 4.1
    endloop
  endfacet
  facet normal 0 0 1
    outer loop
      vertex 22.2157 30.7804 4.1
      vertex 22.2457 30.0922 4.1
      vertex 22.2457 30.7078 4.1
    endloop
  endfacet
  facet normal 0 0 1
    outer loop
      vertex 22.2157 30.7804 4.1
      vertex 22.2157 30.0196 4.1
      vertex 22.2457 30.0922 4.1
    endloop
  endfacet
  facet normal 0 0 1
    outer loop
      vertex 22.1794 30.85 4.1
      vertex 22.2157 30.0196 4.1
      vertex 22.2157 30.7804 4.1
    endloop
  endfacet
  facet normal 0 0 1
    outer loop
      vertex 22.1794 30.85 4.1
      vertex 22.1794 29.95 4.1
      vertex 22.2157 30.0196 4.1
    endloop
  endfacet
  facet normal 0 0 1
    outer loop
      vertex 22.1372 30.9162 4.1
      vertex 22.1794 29.95 4.1
      vertex 22.1794 30.85 4.1
    endloop
  endfacet
  facet normal 0 0 1
    outer loop
      vertex 22.1372 30.9162 4.1
      vertex 22.1372 29.8838 4.1
      vertex 22.1794 29.95 4.1
    endloop
  endfacet
  facet normal 0 0 1
    outer loop
      vertex 22.0894 30.9785 4.1
      vertex 22.1372 29.8838 4.1
      vertex 22.1372 30.9162 4.1
    endloop
  endfacet
  facet normal 0 0 1
    outer loop
      vertex 22.0894 30.9785 4.1
      vertex 22.0894 29.8215 4.1
      vertex 22.1372 29.8838 4.1
    endloop
  endfacet
  facet normal 0 0 1
    outer loop
      vertex 22.0364 31.0364 4.1
      vertex 22.0894 29.8215 4.1
      vertex 22.0894 30.9785 4.1
    endloop
  endfacet
  facet normal 0 0 1
    outer loop
      vertex 22.0364 31.0364 4.1
      vertex 22.0364 29.7636 4.1
      vertex 22.0894 29.8215 4.1
    endloop
  endfacet
  facet normal 0 0 1
    outer loop
      vertex 21.9785 31.0894 4.1
      vertex 22.0364 29.7636 4.1
      vertex 22.0364 31.0364 4.1
    endloop
  endfacet
  facet normal 0 0 1
    outer loop
      vertex 21.9785 31.0894 4.1
      vertex 21.9785 29.7106 4.1
      vertex 22.0364 29.7636 4.1
    endloop
  endfacet
  facet normal 0 0 1
    outer loop
      vertex 21.9162 31.1372 4.1
      vertex 21.9785 29.7106 4.1
      vertex 21.9785 31.0894 4.1
    endloop
  endfacet
  facet normal 0 0 1
    outer loop
      vertex 21.9162 31.1372 4.1
      vertex 21.9162 29.6628 4.1
      vertex 21.9785 29.7106 4.1
    endloop
  endfacet
  facet normal 0 0 1
    outer loop
      vertex 21.85 31.1794 4.1
      vertex 21.9162 29.6628 4.1
      vertex 21.9162 31.1372 4.1
    endloop
  endfacet
  facet normal 0 0 1
    outer loop
      vertex 21.85 31.1794 4.1
      vertex 21.85 29.6206 4.1
      vertex 21.9162 29.6628 4.1
    endloop
  endfacet
  facet normal 0 0 1
    outer loop
      vertex 21.7804 31.2157 4.1
      vertex 21.85 29.6206 4.1
      vertex 21.85 31.1794 4.1
    endloop
  endfacet
  facet normal 0 0 1
    outer loop
      vertex 21.7804 31.2157 4.1
      vertex 21.7804 29.5843 4.1
      vertex 21.85 29.6206 4.1
    endloop
  endfacet
  facet normal 0 0 1
    outer loop
      vertex 21.7078 31.2457 4.1
      vertex 21.7804 29.5843 4.1
      vertex 21.7804 31.2157 4.1
    endloop
  endfacet
  facet normal 0 0 1
    outer loop
      vertex 21.7078 31.2457 4.1
      vertex 21.7078 29.5543 4.1
      vertex 21.7804 29.5843 4.1
    endloop
  endfacet
  facet normal 0 0 1
    outer loop
      vertex 21.6329 31.2693 4.1
      vertex 21.7078 29.5543 4.1
      vertex 21.7078 31.2457 4.1
    endloop
  endfacet
  facet normal 0 0 1
    outer loop
      vertex 21.6329 31.2693 4.1
      vertex 21.6329 29.5307 4.1
      vertex 21.7078 29.5543 4.1
    endloop
  endfacet
  facet normal 0 0 1
    outer loop
      vertex 21.5563 31.2863 4.1
      vertex 21.6329 29.5307 4.1
      vertex 21.6329 31.2693 4.1
    endloop
  endfacet
  facet normal 0 0 1
    outer loop
      vertex 21.5563 31.2863 4.1
      vertex 21.5563 29.5137 4.1
      vertex 21.6329 29.5307 4.1
    endloop
  endfacet
  facet normal 0 0 1
    outer loop
      vertex 21.4784 31.2966 4.1
      vertex 21.5563 29.5137 4.1
      vertex 21.5563 31.2863 4.1
    endloop
  endfacet
  facet normal 0 0 1
    outer loop
      vertex 21.4784 31.2966 4.1
      vertex 21.4784 29.5034 4.1
      vertex 21.5563 29.5137 4.1
    endloop
  endfacet
  facet normal 0 0 1
    outer loop
      vertex 21.4 31.3 4.1
      vertex 21.4784 29.5034 4.1
      vertex 21.4784 31.2966 4.1
    endloop
  endfacet
  facet normal 0 0 1
    outer loop
      vertex 21.4 31.3 4.1
      vertex 21.4 29.5 4.1
      vertex 21.4784 29.5034 4.1
    endloop
  endfacet
  facet normal -0 0 1
    outer loop
      vertex 21.3216 31.2966 4.1
      vertex 21.4 29.5 4.1
      vertex 21.4 31.3 4.1
    endloop
  endfacet
  facet normal 0 0 1
    outer loop
      vertex 21.3216 31.2966 4.1
      vertex 21.3216 29.5034 4.1
      vertex 21.4 29.5 4.1
    endloop
  endfacet
  facet normal -0 0 1
    outer loop
      vertex 21.2437 31.2863 4.1
      vertex 21.3216 29.5034 4.1
      vertex 21.3216 31.2966 4.1
    endloop
  endfacet
  facet normal 0 0 1
    outer loop
      vertex 21.2437 31.2863 4.1
      vertex 21.2437 29.5137 4.1
      vertex 21.3216 29.5034 4.1
    endloop
  endfacet
  facet normal -0 0 1
    outer loop
      vertex 21.1671 31.2693 4.1
      vertex 21.2437 29.5137 4.1
      vertex 21.2437 31.2863 4.1
    endloop
  endfacet
  facet normal 0 0 1
    outer loop
      vertex 21.1671 31.2693 4.1
      vertex 21.1671 29.5307 4.1
      vertex 21.2437 29.5137 4.1
    endloop
  endfacet
  facet normal -0 0 1
    outer loop
      vertex 21.0922 31.2457 4.1
      vertex 21.1671 29.5307 4.1
      vertex 21.1671 31.2693 4.1
    endloop
  endfacet
  facet normal 0 0 1
    outer loop
      vertex 21.0922 31.2457 4.1
      vertex 21.0922 29.5543 4.1
      vertex 21.1671 29.5307 4.1
    endloop
  endfacet
  facet normal -0 0 1
    outer loop
      vertex 21.0196 31.2157 4.1
      vertex 21.0922 29.5543 4.1
      vertex 21.0922 31.2457 4.1
    endloop
  endfacet
  facet normal 0 0 1
    outer loop
      vertex 21.0196 31.2157 4.1
      vertex 21.0196 29.5843 4.1
      vertex 21.0922 29.5543 4.1
    endloop
  endfacet
  facet normal -0 0 1
    outer loop
      vertex 20.95 31.1794 4.1
      vertex 21.0196 29.5843 4.1
      vertex 21.0196 31.2157 4.1
    endloop
  endfacet
  facet normal 0 0 1
    outer loop
      vertex 20.95 31.1794 4.1
      vertex 20.95 29.6206 4.1
      vertex 21.0196 29.5843 4.1
    endloop
  endfacet
  facet normal -0 0 1
    outer loop
      vertex 20.8838 31.1372 4.1
      vertex 20.95 29.6206 4.1
      vertex 20.95 31.1794 4.1
    endloop
  endfacet
  facet normal 0 0 1
    outer loop
      vertex 20.8838 31.1372 4.1
      vertex 20.8838 29.6628 4.1
      vertex 20.95 29.6206 4.1
    endloop
  endfacet
  facet normal -0 0 1
    outer loop
      vertex 20.8215 31.0894 4.1
      vertex 20.8838 29.6628 4.1
      vertex 20.8838 31.1372 4.1
    endloop
  endfacet
  facet normal 0 0 1
    outer loop
      vertex 20.8215 31.0894 4.1
      vertex 20.8215 29.7106 4.1
      vertex 20.8838 29.6628 4.1
    endloop
  endfacet
  facet normal -0 0 1
    outer loop
      vertex 20.7636 31.0364 4.1
      vertex 20.8215 29.7106 4.1
      vertex 20.8215 31.0894 4.1
    endloop
  endfacet
  facet normal 0 0 1
    outer loop
      vertex 20.7636 31.0364 4.1
      vertex 20.7636 29.7636 4.1
      vertex 20.8215 29.7106 4.1
    endloop
  endfacet
  facet normal -0 0 1
    outer loop
      vertex 20.7106 30.9785 4.1
      vertex 20.7636 29.7636 4.1
      vertex 20.7636 31.0364 4.1
    endloop
  endfacet
  facet normal 0 0 1
    outer loop
      vertex 20.7106 30.9785 4.1
      vertex 20.7106 29.8215 4.1
      vertex 20.7636 29.7636 4.1
    endloop
  endfacet
  facet normal -0 0 1
    outer loop
      vertex 20.6628 30.9162 4.1
      vertex 20.7106 29.8215 4.1
      vertex 20.7106 30.9785 4.1
    endloop
  endfacet
  facet normal 0 0 1
    outer loop
      vertex 20.6628 30.9162 4.1
      vertex 20.6628 29.8838 4.1
      vertex 20.7106 29.8215 4.1
    endloop
  endfacet
  facet normal -0 0 1
    outer loop
      vertex 20.6206 30.85 4.1
      vertex 20.6628 29.8838 4.1
      vertex 20.6628 30.9162 4.1
    endloop
  endfacet
  facet normal 0 0 1
    outer loop
      vertex 20.6206 30.85 4.1
      vertex 20.6206 29.95 4.1
      vertex 20.6628 29.8838 4.1
    endloop
  endfacet
  facet normal -0 0 1
    outer loop
      vertex 20.5843 30.7804 4.1
      vertex 20.6206 29.95 4.1
      vertex 20.6206 30.85 4.1
    endloop
  endfacet
  facet normal 0 0 1
    outer loop
      vertex 20.5843 30.7804 4.1
      vertex 20.5843 30.0196 4.1
      vertex 20.6206 29.95 4.1
    endloop
  endfacet
  facet normal -0 0 1
    outer loop
      vertex 20.5543 30.7078 4.1
      vertex 20.5843 30.0196 4.1
      vertex 20.5843 30.7804 4.1
    endloop
  endfacet
  facet normal 0 0 1
    outer loop
      vertex 20.5543 30.7078 4.1
      vertex 20.5543 30.0922 4.1
      vertex 20.5843 30.0196 4.1
    endloop
  endfacet
  facet normal -0 0 1
    outer loop
      vertex 20.5307 30.6329 4.1
      vertex 20.5543 30.0922 4.1
      vertex 20.5543 30.7078 4.1
    endloop
  endfacet
  facet normal 0 0 1
    outer loop
      vertex 20.5307 30.6329 4.1
      vertex 20.5307 30.1671 4.1
      vertex 20.5543 30.0922 4.1
    endloop
  endfacet
  facet normal -0 0 1
    outer loop
      vertex 20.5137 30.5563 4.1
      vertex 20.5307 30.1671 4.1
      vertex 20.5307 30.6329 4.1
    endloop
  endfacet
  facet normal 0 0 1
    outer loop
      vertex 20.5137 30.5563 4.1
      vertex 20.5137 30.2437 4.1
      vertex 20.5307 30.1671 4.1
    endloop
  endfacet
  facet normal -0 0 1
    outer loop
      vertex 20.5034 30.4784 4.1
      vertex 20.5137 30.2437 4.1
      vertex 20.5137 30.5563 4.1
    endloop
  endfacet
  facet normal 0 0 1
    outer loop
      vertex 20.5034 30.4784 4.1
      vertex 20.5034 30.3216 4.1
      vertex 20.5137 30.2437 4.1
    endloop
  endfacet
  facet normal 0 -0 1
    outer loop
      vertex 20.5034 30.3216 4.1
      vertex 20.5034 30.4784 4.1
      vertex 20.5 30.4 4.1
    endloop
  endfacet
  facet normal 0.608726 0.793381 -0
    outer loop
      vertex 20.8838 29.6628 4.1
      vertex 20.8215 29.7106 6.3
      vertex 20.8838 29.6628 6.3
    endloop
  endfacet
  facet normal 0.608726 0.793381 0
    outer loop
      vertex 20.8215 29.7106 6.3
      vertex 20.8838 29.6628 4.1
      vertex 20.8215 29.7106 4.1
    endloop
  endfacet
  facet normal 0.537535 0.843242 -0
    outer loop
      vertex 20.95 29.6206 4.1
      vertex 20.8838 29.6628 6.3
      vertex 20.95 29.6206 6.3
    endloop
  endfacet
  facet normal 0.537535 0.843242 0
    outer loop
      vertex 20.8838 29.6628 6.3
      vertex 20.95 29.6206 4.1
      vertex 20.8838 29.6628 4.1
    endloop
  endfacet
  facet normal 0.675205 0.73763 -0
    outer loop
      vertex 20.8215 29.7106 4.1
      vertex 20.7636 29.7636 6.3
      vertex 20.8215 29.7106 6.3
    endloop
  endfacet
  facet normal 0.675205 0.73763 0
    outer loop
      vertex 20.7636 29.7636 6.3
      vertex 20.8215 29.7106 4.1
      vertex 20.7636 29.7636 4.1
    endloop
  endfacet
  facet normal 0.381902 0.924203 -0
    outer loop
      vertex 21.0922 29.5543 4.1
      vertex 21.0196 29.5843 6.3
      vertex 21.0922 29.5543 6.3
    endloop
  endfacet
  facet normal 0.381902 0.924203 0
    outer loop
      vertex 21.0196 29.5843 6.3
      vertex 21.0922 29.5543 4.1
      vertex 21.0196 29.5843 4.1
    endloop
  endfacet
  facet normal 0.13108 0.991372 -0
    outer loop
      vertex 21.3216 29.5034 4.1
      vertex 21.2437 29.5137 6.3
      vertex 21.3216 29.5034 6.3
    endloop
  endfacet
  facet normal 0.13108 0.991372 0
    outer loop
      vertex 21.2437 29.5137 6.3
      vertex 21.3216 29.5034 4.1
      vertex 21.2437 29.5137 4.1
    endloop
  endfacet
  facet normal -0.999061 -0.0433266 0
    outer loop
      vertex 22.3 30.4 4.1
      vertex 22.2966 30.4784 6.3
      vertex 22.2966 30.4784 4.1
    endloop
  endfacet
  facet normal -0.999061 -0.0433266 0
    outer loop
      vertex 22.2966 30.4784 6.3
      vertex 22.3 30.4 4.1
      vertex 22.3 30.4 6.3
    endloop
  endfacet
  facet normal -0.13108 -0.991372 0
    outer loop
      vertex 21.4784 31.2966 4.1
      vertex 21.5563 31.2863 6.3
      vertex 21.4784 31.2966 6.3
    endloop
  endfacet
  facet normal -0.13108 -0.991372 -0
    outer loop
      vertex 21.5563 31.2863 6.3
      vertex 21.4784 31.2966 4.1
      vertex 21.5563 31.2863 4.1
    endloop
  endfacet
  facet normal -0.381902 -0.924203 0
    outer loop
      vertex 21.7078 31.2457 4.1
      vertex 21.7804 31.2157 6.3
      vertex 21.7078 31.2457 6.3
    endloop
  endfacet
  facet normal -0.381902 -0.924203 -0
    outer loop
      vertex 21.7804 31.2157 6.3
      vertex 21.7078 31.2457 4.1
      vertex 21.7804 31.2157 4.1
    endloop
  endfacet
  facet normal -0.675205 -0.73763 0
    outer loop
      vertex 21.9785 31.0894 4.1
      vertex 22.0364 31.0364 6.3
      vertex 21.9785 31.0894 6.3
    endloop
  endfacet
  facet normal -0.675205 -0.73763 -0
    outer loop
      vertex 22.0364 31.0364 6.3
      vertex 21.9785 31.0894 4.1
      vertex 22.0364 31.0364 4.1
    endloop
  endfacet
  facet normal -0.537535 -0.843242 0
    outer loop
      vertex 21.85 31.1794 4.1
      vertex 21.9162 31.1372 6.3
      vertex 21.85 31.1794 6.3
    endloop
  endfacet
  facet normal -0.537535 -0.843242 -0
    outer loop
      vertex 21.9162 31.1372 6.3
      vertex 21.85 31.1794 4.1
      vertex 21.9162 31.1372 4.1
    endloop
  endfacet
  facet normal -0.793381 -0.608726 0
    outer loop
      vertex 22.1372 30.9162 4.1
      vertex 22.0894 30.9785 6.3
      vertex 22.0894 30.9785 4.1
    endloop
  endfacet
  facet normal -0.793381 -0.608726 0
    outer loop
      vertex 22.0894 30.9785 6.3
      vertex 22.1372 30.9162 4.1
      vertex 22.1372 30.9162 6.3
    endloop
  endfacet
  facet normal -0.886653 -0.462435 0
    outer loop
      vertex 22.2157 30.7804 4.1
      vertex 22.1794 30.85 6.3
      vertex 22.1794 30.85 4.1
    endloop
  endfacet
  facet normal -0.886653 -0.462435 0
    outer loop
      vertex 22.1794 30.85 6.3
      vertex 22.2157 30.7804 4.1
      vertex 22.2157 30.7804 6.3
    endloop
  endfacet
  facet normal 0.608726 -0.793381 0
    outer loop
      vertex 20.8215 31.0894 4.1
      vertex 20.8838 31.1372 6.3
      vertex 20.8215 31.0894 6.3
    endloop
  endfacet
  facet normal 0.608726 -0.793381 0
    outer loop
      vertex 20.8838 31.1372 6.3
      vertex 20.8215 31.0894 4.1
      vertex 20.8838 31.1372 4.1
    endloop
  endfacet
  facet normal 0.462435 -0.886653 0
    outer loop
      vertex 20.95 31.1794 4.1
      vertex 21.0196 31.2157 6.3
      vertex 20.95 31.1794 6.3
    endloop
  endfacet
  facet normal 0.462435 -0.886653 0
    outer loop
      vertex 21.0196 31.2157 6.3
      vertex 20.95 31.1794 4.1
      vertex 21.0196 31.2157 4.1
    endloop
  endfacet
  facet normal 0.0433266 -0.999061 0
    outer loop
      vertex 21.3216 31.2966 4.1
      vertex 21.4 31.3 6.3
      vertex 21.3216 31.2966 6.3
    endloop
  endfacet
  facet normal 0.0433266 -0.999061 0
    outer loop
      vertex 21.4 31.3 6.3
      vertex 21.3216 31.2966 4.1
      vertex 21.4 31.3 4.1
    endloop
  endfacet
  facet normal 0.793381 -0.608726 0
    outer loop
      vertex 20.6628 30.9162 6.3
      vertex 20.7106 30.9785 4.1
      vertex 20.7106 30.9785 6.3
    endloop
  endfacet
  facet normal 0.793381 -0.608726 0
    outer loop
      vertex 20.7106 30.9785 4.1
      vertex 20.6628 30.9162 6.3
      vertex 20.6628 30.9162 4.1
    endloop
  endfacet
  facet normal 0.843242 -0.537535 0
    outer loop
      vertex 20.6206 30.85 6.3
      vertex 20.6628 30.9162 4.1
      vertex 20.6628 30.9162 6.3
    endloop
  endfacet
  facet normal 0.843242 -0.537535 0
    outer loop
      vertex 20.6628 30.9162 4.1
      vertex 20.6206 30.85 6.3
      vertex 20.6206 30.85 4.1
    endloop
  endfacet
  facet normal 0.73763 -0.675205 0
    outer loop
      vertex 20.7106 30.9785 6.3
      vertex 20.7636 31.0364 4.1
      vertex 20.7636 31.0364 6.3
    endloop
  endfacet
  facet normal 0.73763 -0.675205 0
    outer loop
      vertex 20.7636 31.0364 4.1
      vertex 20.7106 30.9785 6.3
      vertex 20.7106 30.9785 4.1
    endloop
  endfacet
  facet normal 0.924203 -0.381902 0
    outer loop
      vertex 20.5543 30.7078 6.3
      vertex 20.5843 30.7804 4.1
      vertex 20.5843 30.7804 6.3
    endloop
  endfacet
  facet normal 0.924203 -0.381902 0
    outer loop
      vertex 20.5843 30.7804 4.1
      vertex 20.5543 30.7078 6.3
      vertex 20.5543 30.7078 4.1
    endloop
  endfacet
  facet normal 0.886653 -0.462435 0
    outer loop
      vertex 20.5843 30.7804 6.3
      vertex 20.6206 30.85 4.1
      vertex 20.6206 30.85 6.3
    endloop
  endfacet
  facet normal 0.886653 -0.462435 0
    outer loop
      vertex 20.6206 30.85 4.1
      vertex 20.5843 30.7804 6.3
      vertex 20.5843 30.7804 4.1
    endloop
  endfacet
  facet normal 0.991372 -0.13108 0
    outer loop
      vertex 20.5034 30.4784 6.3
      vertex 20.5137 30.5563 4.1
      vertex 20.5137 30.5563 6.3
    endloop
  endfacet
  facet normal 0.991372 -0.13108 0
    outer loop
      vertex 20.5137 30.5563 4.1
      vertex 20.5034 30.4784 6.3
      vertex 20.5034 30.4784 4.1
    endloop
  endfacet
  facet normal -0.976247 0.216661 0
    outer loop
      vertex 22.2693 30.1671 4.1
      vertex 22.2863 30.2437 6.3
      vertex 22.2863 30.2437 4.1
    endloop
  endfacet
  facet normal -0.976247 0.216661 0
    outer loop
      vertex 22.2863 30.2437 6.3
      vertex 22.2693 30.1671 4.1
      vertex 22.2693 30.1671 6.3
    endloop
  endfacet
  facet normal -0.216661 0.976247 0
    outer loop
      vertex 21.6329 29.5307 4.1
      vertex 21.5563 29.5137 6.3
      vertex 21.6329 29.5307 6.3
    endloop
  endfacet
  facet normal -0.216661 0.976247 0
    outer loop
      vertex 21.5563 29.5137 6.3
      vertex 21.6329 29.5307 4.1
      vertex 21.5563 29.5137 4.1
    endloop
  endfacet
  facet normal -0.300522 0.953775 0
    outer loop
      vertex 21.7078 29.5543 4.1
      vertex 21.6329 29.5307 6.3
      vertex 21.7078 29.5543 6.3
    endloop
  endfacet
  facet normal -0.300522 0.953775 0
    outer loop
      vertex 21.6329 29.5307 6.3
      vertex 21.7078 29.5543 4.1
      vertex 21.6329 29.5307 4.1
    endloop
  endfacet
  facet normal 0.976247 0.216661 0
    outer loop
      vertex 20.5307 30.1671 6.3
      vertex 20.5137 30.2437 4.1
      vertex 20.5137 30.2437 6.3
    endloop
  endfacet
  facet normal 0.976247 0.216661 0
    outer loop
      vertex 20.5137 30.2437 4.1
      vertex 20.5307 30.1671 6.3
      vertex 20.5307 30.1671 4.1
    endloop
  endfacet
  facet normal 0.953775 0.300522 0
    outer loop
      vertex 20.5543 30.0922 6.3
      vertex 20.5307 30.1671 4.1
      vertex 20.5307 30.1671 6.3
    endloop
  endfacet
  facet normal 0.953775 0.300522 0
    outer loop
      vertex 20.5307 30.1671 4.1
      vertex 20.5543 30.0922 6.3
      vertex 20.5543 30.0922 4.1
    endloop
  endfacet
  facet normal 0.999061 -0.0433266 0
    outer loop
      vertex 20.5 30.4 6.3
      vertex 20.5034 30.4784 4.1
      vertex 20.5034 30.4784 6.3
    endloop
  endfacet
  facet normal 0.999061 -0.0433266 0
    outer loop
      vertex 20.5034 30.4784 4.1
      vertex 20.5 30.4 6.3
      vertex 20.5 30.4 4.1
    endloop
  endfacet
  facet normal 0.216661 0.976247 -0
    outer loop
      vertex 21.2437 29.5137 4.1
      vertex 21.1671 29.5307 6.3
      vertex 21.2437 29.5137 6.3
    endloop
  endfacet
  facet normal 0.216661 0.976247 0
    outer loop
      vertex 21.1671 29.5307 6.3
      vertex 21.2437 29.5137 4.1
      vertex 21.1671 29.5307 4.1
    endloop
  endfacet
  facet normal -0.216661 -0.976247 0
    outer loop
      vertex 21.5563 31.2863 4.1
      vertex 21.6329 31.2693 6.3
      vertex 21.5563 31.2863 6.3
    endloop
  endfacet
  facet normal -0.216661 -0.976247 -0
    outer loop
      vertex 21.6329 31.2693 6.3
      vertex 21.5563 31.2863 4.1
      vertex 21.6329 31.2693 4.1
    endloop
  endfacet
  facet normal -0.462435 -0.886653 0
    outer loop
      vertex 21.7804 31.2157 4.1
      vertex 21.85 31.1794 6.3
      vertex 21.7804 31.2157 6.3
    endloop
  endfacet
  facet normal -0.462435 -0.886653 -0
    outer loop
      vertex 21.85 31.1794 6.3
      vertex 21.7804 31.2157 4.1
      vertex 21.85 31.1794 4.1
    endloop
  endfacet
  facet normal -0.73763 -0.675205 0
    outer loop
      vertex 22.0894 30.9785 4.1
      vertex 22.0364 31.0364 6.3
      vertex 22.0364 31.0364 4.1
    endloop
  endfacet
  facet normal -0.73763 -0.675205 0
    outer loop
      vertex 22.0364 31.0364 6.3
      vertex 22.0894 30.9785 4.1
      vertex 22.0894 30.9785 6.3
    endloop
  endfacet
  facet normal -0.608726 -0.793381 0
    outer loop
      vertex 21.9162 31.1372 4.1
      vertex 21.9785 31.0894 6.3
      vertex 21.9162 31.1372 6.3
    endloop
  endfacet
  facet normal -0.608726 -0.793381 -0
    outer loop
      vertex 21.9785 31.0894 6.3
      vertex 21.9162 31.1372 4.1
      vertex 21.9785 31.0894 4.1
    endloop
  endfacet
  facet normal -0.843242 -0.537535 0
    outer loop
      vertex 22.1794 30.85 4.1
      vertex 22.1372 30.9162 6.3
      vertex 22.1372 30.9162 4.1
    endloop
  endfacet
  facet normal -0.843242 -0.537535 0
    outer loop
      vertex 22.1372 30.9162 6.3
      vertex 22.1794 30.85 4.1
      vertex 22.1794 30.85 6.3
    endloop
  endfacet
  facet normal -0.924203 -0.381902 0
    outer loop
      vertex 22.2457 30.7078 4.1
      vertex 22.2157 30.7804 6.3
      vertex 22.2157 30.7804 4.1
    endloop
  endfacet
  facet normal -0.924203 -0.381902 0
    outer loop
      vertex 22.2157 30.7804 6.3
      vertex 22.2457 30.7078 4.1
      vertex 22.2457 30.7078 6.3
    endloop
  endfacet
  facet normal -0.991372 -0.13108 0
    outer loop
      vertex 22.2966 30.4784 4.1
      vertex 22.2863 30.5563 6.3
      vertex 22.2863 30.5563 4.1
    endloop
  endfacet
  facet normal -0.991372 -0.13108 0
    outer loop
      vertex 22.2863 30.5563 6.3
      vertex 22.2966 30.4784 4.1
      vertex 22.2966 30.4784 6.3
    endloop
  endfacet
  facet normal -0.953775 -0.300522 0
    outer loop
      vertex 22.2693 30.6329 4.1
      vertex 22.2457 30.7078 6.3
      vertex 22.2457 30.7078 4.1
    endloop
  endfacet
  facet normal -0.953775 -0.300522 0
    outer loop
      vertex 22.2457 30.7078 6.3
      vertex 22.2693 30.6329 4.1
      vertex 22.2693 30.6329 6.3
    endloop
  endfacet
  facet normal 0.537535 -0.843242 0
    outer loop
      vertex 20.8838 31.1372 4.1
      vertex 20.95 31.1794 6.3
      vertex 20.8838 31.1372 6.3
    endloop
  endfacet
  facet normal 0.537535 -0.843242 0
    outer loop
      vertex 20.95 31.1794 6.3
      vertex 20.8838 31.1372 4.1
      vertex 20.95 31.1794 4.1
    endloop
  endfacet
  facet normal 0.381902 -0.924203 0
    outer loop
      vertex 21.0196 31.2157 4.1
      vertex 21.0922 31.2457 6.3
      vertex 21.0196 31.2157 6.3
    endloop
  endfacet
  facet normal 0.381902 -0.924203 0
    outer loop
      vertex 21.0922 31.2457 6.3
      vertex 21.0196 31.2157 4.1
      vertex 21.0922 31.2457 4.1
    endloop
  endfacet
  facet normal 0.13108 -0.991372 0
    outer loop
      vertex 21.2437 31.2863 4.1
      vertex 21.3216 31.2966 6.3
      vertex 21.2437 31.2863 6.3
    endloop
  endfacet
  facet normal 0.13108 -0.991372 0
    outer loop
      vertex 21.3216 31.2966 6.3
      vertex 21.2437 31.2863 4.1
      vertex 21.3216 31.2966 4.1
    endloop
  endfacet
  facet normal 0.300522 -0.953775 0
    outer loop
      vertex 21.0922 31.2457 4.1
      vertex 21.1671 31.2693 6.3
      vertex 21.0922 31.2457 6.3
    endloop
  endfacet
  facet normal 0.300522 -0.953775 0
    outer loop
      vertex 21.1671 31.2693 6.3
      vertex 21.0922 31.2457 4.1
      vertex 21.1671 31.2693 4.1
    endloop
  endfacet
  facet normal 0.216661 -0.976247 0
    outer loop
      vertex 21.1671 31.2693 4.1
      vertex 21.2437 31.2863 6.3
      vertex 21.1671 31.2693 6.3
    endloop
  endfacet
  facet normal 0.216661 -0.976247 0
    outer loop
      vertex 21.2437 31.2863 6.3
      vertex 21.1671 31.2693 4.1
      vertex 21.2437 31.2863 4.1
    endloop
  endfacet
  facet normal -0.300522 -0.953775 0
    outer loop
      vertex 21.6329 31.2693 4.1
      vertex 21.7078 31.2457 6.3
      vertex 21.6329 31.2693 6.3
    endloop
  endfacet
  facet normal -0.300522 -0.953775 -0
    outer loop
      vertex 21.7078 31.2457 6.3
      vertex 21.6329 31.2693 4.1
      vertex 21.7078 31.2457 4.1
    endloop
  endfacet
  facet normal -0.976247 -0.216661 0
    outer loop
      vertex 22.2863 30.5563 4.1
      vertex 22.2693 30.6329 6.3
      vertex 22.2693 30.6329 4.1
    endloop
  endfacet
  facet normal -0.976247 -0.216661 0
    outer loop
      vertex 22.2693 30.6329 6.3
      vertex 22.2863 30.5563 4.1
      vertex 22.2863 30.5563 6.3
    endloop
  endfacet
  facet normal 0.953775 -0.300522 0
    outer loop
      vertex 20.5307 30.6329 6.3
      vertex 20.5543 30.7078 4.1
      vertex 20.5543 30.7078 6.3
    endloop
  endfacet
  facet normal 0.953775 -0.300522 0
    outer loop
      vertex 20.5543 30.7078 4.1
      vertex 20.5307 30.6329 6.3
      vertex 20.5307 30.6329 4.1
    endloop
  endfacet
  facet normal 0.0433266 0.999061 -0
    outer loop
      vertex 30.4 38.5 4.1
      vertex 30.3216 38.5034 6.3
      vertex 30.4 38.5 6.3
    endloop
  endfacet
  facet normal 0.0433266 0.999061 0
    outer loop
      vertex 30.3216 38.5034 6.3
      vertex 30.4 38.5 4.1
      vertex 30.3216 38.5034 4.1
    endloop
  endfacet
  facet normal -0.675205 0.73763 0
    outer loop
      vertex 31.0364 38.7636 4.1
      vertex 30.9785 38.7106 6.3
      vertex 31.0364 38.7636 6.3
    endloop
  endfacet
  facet normal -0.675205 0.73763 0
    outer loop
      vertex 30.9785 38.7106 6.3
      vertex 31.0364 38.7636 4.1
      vertex 30.9785 38.7106 4.1
    endloop
  endfacet
  facet normal 0.73763 0.675205 0
    outer loop
      vertex 29.7636 38.7636 6.3
      vertex 29.7106 38.8215 4.1
      vertex 29.7106 38.8215 6.3
    endloop
  endfacet
  facet normal 0.73763 0.675205 0
    outer loop
      vertex 29.7106 38.8215 4.1
      vertex 29.7636 38.7636 6.3
      vertex 29.7636 38.7636 4.1
    endloop
  endfacet
  facet normal 0.462435 0.886653 -0
    outer loop
      vertex 30.0196 38.5843 4.1
      vertex 29.95 38.6206 6.3
      vertex 30.0196 38.5843 6.3
    endloop
  endfacet
  facet normal 0.462435 0.886653 0
    outer loop
      vertex 29.95 38.6206 6.3
      vertex 30.0196 38.5843 4.1
      vertex 29.95 38.6206 4.1
    endloop
  endfacet
  facet normal -0.381902 0.924203 0
    outer loop
      vertex 30.7804 38.5843 4.1
      vertex 30.7078 38.5543 6.3
      vertex 30.7804 38.5843 6.3
    endloop
  endfacet
  facet normal -0.381902 0.924203 0
    outer loop
      vertex 30.7078 38.5543 6.3
      vertex 30.7804 38.5843 4.1
      vertex 30.7078 38.5543 4.1
    endloop
  endfacet
  facet normal -0.537535 0.843242 0
    outer loop
      vertex 30.9162 38.6628 4.1
      vertex 30.85 38.6206 6.3
      vertex 30.9162 38.6628 6.3
    endloop
  endfacet
  facet normal -0.537535 0.843242 0
    outer loop
      vertex 30.85 38.6206 6.3
      vertex 30.9162 38.6628 4.1
      vertex 30.85 38.6206 4.1
    endloop
  endfacet
  facet normal 0.300522 0.953775 -0
    outer loop
      vertex 30.1671 38.5307 4.1
      vertex 30.0922 38.5543 6.3
      vertex 30.1671 38.5307 6.3
    endloop
  endfacet
  facet normal 0.300522 0.953775 0
    outer loop
      vertex 30.0922 38.5543 6.3
      vertex 30.1671 38.5307 4.1
      vertex 30.0922 38.5543 4.1
    endloop
  endfacet
  facet normal -0.793381 0.608726 0
    outer loop
      vertex 31.0894 38.8215 4.1
      vertex 31.1372 38.8838 6.3
      vertex 31.1372 38.8838 4.1
    endloop
  endfacet
  facet normal -0.793381 0.608726 0
    outer loop
      vertex 31.1372 38.8838 6.3
      vertex 31.0894 38.8215 4.1
      vertex 31.0894 38.8215 6.3
    endloop
  endfacet
  facet normal -0.73763 0.675205 0
    outer loop
      vertex 31.0364 38.7636 4.1
      vertex 31.0894 38.8215 6.3
      vertex 31.0894 38.8215 4.1
    endloop
  endfacet
  facet normal -0.73763 0.675205 0
    outer loop
      vertex 31.0894 38.8215 6.3
      vertex 31.0364 38.7636 4.1
      vertex 31.0364 38.7636 6.3
    endloop
  endfacet
  facet normal -0.842824 0.538189 0
    outer loop
      vertex 31.1372 38.8838 4.1
      vertex 31.169 38.9336 6.3
      vertex 31.169 38.9336 4.1
    endloop
  endfacet
  facet normal -0.842824 0.538189 0
    outer loop
      vertex 31.169 38.9336 6.3
      vertex 31.1372 38.8838 4.1
      vertex 31.1372 38.8838 6.3
    endloop
  endfacet
  facet normal -0.13108 0.991372 0
    outer loop
      vertex 30.5563 38.5137 4.1
      vertex 30.4784 38.5034 6.3
      vertex 30.5563 38.5137 6.3
    endloop
  endfacet
  facet normal -0.13108 0.991372 0
    outer loop
      vertex 30.4784 38.5034 6.3
      vertex 30.5563 38.5137 4.1
      vertex 30.4784 38.5034 4.1
    endloop
  endfacet
  facet normal -0.0433266 0.999061 0
    outer loop
      vertex 30.4784 38.5034 4.1
      vertex 30.4 38.5 6.3
      vertex 30.4784 38.5034 6.3
    endloop
  endfacet
  facet normal -0.0433266 0.999061 0
    outer loop
      vertex 30.4 38.5 6.3
      vertex 30.4784 38.5034 4.1
      vertex 30.4 38.5 4.1
    endloop
  endfacet
  facet normal -0.462435 0.886653 0
    outer loop
      vertex 30.85 38.6206 4.1
      vertex 30.7804 38.5843 6.3
      vertex 30.85 38.6206 6.3
    endloop
  endfacet
  facet normal -0.462435 0.886653 0
    outer loop
      vertex 30.7804 38.5843 6.3
      vertex 30.85 38.6206 4.1
      vertex 30.7804 38.5843 4.1
    endloop
  endfacet
  facet normal -0.608726 0.793381 0
    outer loop
      vertex 30.9785 38.7106 4.1
      vertex 30.9162 38.6628 6.3
      vertex 30.9785 38.7106 6.3
    endloop
  endfacet
  facet normal -0.608726 0.793381 0
    outer loop
      vertex 30.9162 38.6628 6.3
      vertex 30.9785 38.7106 4.1
      vertex 30.9162 38.6628 4.1
    endloop
  endfacet
  facet normal 0.842824 0.538189 0
    outer loop
      vertex 29.6628 38.8838 6.3
      vertex 29.631 38.9336 4.1
      vertex 29.631 38.9336 6.3
    endloop
  endfacet
  facet normal 0.842824 0.538189 0
    outer loop
      vertex 29.631 38.9336 4.1
      vertex 29.6628 38.8838 6.3
      vertex 29.6628 38.8838 4.1
    endloop
  endfacet
  facet normal 0.793381 0.608726 0
    outer loop
      vertex 29.7106 38.8215 6.3
      vertex 29.6628 38.8838 4.1
      vertex 29.6628 38.8838 6.3
    endloop
  endfacet
  facet normal 0.793381 0.608726 0
    outer loop
      vertex 29.6628 38.8838 4.1
      vertex 29.7106 38.8215 6.3
      vertex 29.7106 38.8215 4.1
    endloop
  endfacet
  facet normal -0 0 1
    outer loop
      vertex 30.4 38.9 4.1
      vertex 31.1372 38.8838 4.1
      vertex 31.169 38.9336 4.1
    endloop
  endfacet
  facet normal 0 0 1
    outer loop
      vertex 31.1372 38.8838 4.1
      vertex 30.4 38.9 4.1
      vertex 31.0894 38.8215 4.1
    endloop
  endfacet
  facet normal 0 0 1
    outer loop
      vertex 31.0894 38.8215 4.1
      vertex 30.4 38.9 4.1
      vertex 31.0364 38.7636 4.1
    endloop
  endfacet
  facet normal 0 0 1
    outer loop
      vertex 31.0364 38.7636 4.1
      vertex 30.4 38.9 4.1
      vertex 30.9785 38.7106 4.1
    endloop
  endfacet
  facet normal 0 0 1
    outer loop
      vertex 30.9785 38.7106 4.1
      vertex 30.4 38.9 4.1
      vertex 30.9162 38.6628 4.1
    endloop
  endfacet
  facet normal 0 0 1
    outer loop
      vertex 30.9162 38.6628 4.1
      vertex 30.4 38.9 4.1
      vertex 30.85 38.6206 4.1
    endloop
  endfacet
  facet normal 0 0 1
    outer loop
      vertex 30.85 38.6206 4.1
      vertex 30.4 38.9 4.1
      vertex 30.7804 38.5843 4.1
    endloop
  endfacet
  facet normal 0 0 1
    outer loop
      vertex 30.7804 38.5843 4.1
      vertex 30.4 38.9 4.1
      vertex 30.7078 38.5543 4.1
    endloop
  endfacet
  facet normal 0 0 1
    outer loop
      vertex 30.7078 38.5543 4.1
      vertex 30.4 38.9 4.1
      vertex 30.6329 38.5307 4.1
    endloop
  endfacet
  facet normal 0 0 1
    outer loop
      vertex 30.6329 38.5307 4.1
      vertex 30.4 38.9 4.1
      vertex 30.5563 38.5137 4.1
    endloop
  endfacet
  facet normal 0 0 1
    outer loop
      vertex 30.5563 38.5137 4.1
      vertex 30.4 38.9 4.1
      vertex 30.4784 38.5034 4.1
    endloop
  endfacet
  facet normal 0 0 1
    outer loop
      vertex 30.4 38.9 4.1
      vertex 30.4 38.5 4.1
      vertex 30.4784 38.5034 4.1
    endloop
  endfacet
  facet normal 0 0 1
    outer loop
      vertex 30.4 38.9 4.1
      vertex 30.3216 38.5034 4.1
      vertex 30.4 38.5 4.1
    endloop
  endfacet
  facet normal 0 0 1
    outer loop
      vertex 30.4 38.9 4.1
      vertex 30.2437 38.5137 4.1
      vertex 30.3216 38.5034 4.1
    endloop
  endfacet
  facet normal 0 0 1
    outer loop
      vertex 30.4 38.9 4.1
      vertex 30.1671 38.5307 4.1
      vertex 30.2437 38.5137 4.1
    endloop
  endfacet
  facet normal 0 0 1
    outer loop
      vertex 30.4 38.9 4.1
      vertex 30.0922 38.5543 4.1
      vertex 30.1671 38.5307 4.1
    endloop
  endfacet
  facet normal 0 0 1
    outer loop
      vertex 30.4 38.9 4.1
      vertex 30.0196 38.5843 4.1
      vertex 30.0922 38.5543 4.1
    endloop
  endfacet
  facet normal 0 0 1
    outer loop
      vertex 30.4 38.9 4.1
      vertex 29.95 38.6206 4.1
      vertex 30.0196 38.5843 4.1
    endloop
  endfacet
  facet normal 0 0 1
    outer loop
      vertex 30.4 38.9 4.1
      vertex 29.8838 38.6628 4.1
      vertex 29.95 38.6206 4.1
    endloop
  endfacet
  facet normal 0 0 1
    outer loop
      vertex 30.4 38.9 4.1
      vertex 29.8215 38.7106 4.1
      vertex 29.8838 38.6628 4.1
    endloop
  endfacet
  facet normal 0 0 1
    outer loop
      vertex 30.4 38.9 4.1
      vertex 29.7636 38.7636 4.1
      vertex 29.8215 38.7106 4.1
    endloop
  endfacet
  facet normal 0 0 1
    outer loop
      vertex 30.4 38.9 4.1
      vertex 29.7106 38.8215 4.1
      vertex 29.7636 38.7636 4.1
    endloop
  endfacet
  facet normal 0 0 1
    outer loop
      vertex 30.4 38.9 4.1
      vertex 29.6628 38.8838 4.1
      vertex 29.7106 38.8215 4.1
    endloop
  endfacet
  facet normal 0 -0 1
    outer loop
      vertex 29.6628 38.8838 4.1
      vertex 30.4 38.9 4.1
      vertex 29.631 38.9336 4.1
    endloop
  endfacet
  facet normal 0.608726 0.793381 -0
    outer loop
      vertex 29.8838 38.6628 4.1
      vertex 29.8215 38.7106 6.3
      vertex 29.8838 38.6628 6.3
    endloop
  endfacet
  facet normal 0.608726 0.793381 0
    outer loop
      vertex 29.8215 38.7106 6.3
      vertex 29.8838 38.6628 4.1
      vertex 29.8215 38.7106 4.1
    endloop
  endfacet
  facet normal 0.537535 0.843242 -0
    outer loop
      vertex 29.95 38.6206 4.1
      vertex 29.8838 38.6628 6.3
      vertex 29.95 38.6206 6.3
    endloop
  endfacet
  facet normal 0.537535 0.843242 0
    outer loop
      vertex 29.8838 38.6628 6.3
      vertex 29.95 38.6206 4.1
      vertex 29.8838 38.6628 4.1
    endloop
  endfacet
  facet normal 0.675205 0.73763 -0
    outer loop
      vertex 29.8215 38.7106 4.1
      vertex 29.7636 38.7636 6.3
      vertex 29.8215 38.7106 6.3
    endloop
  endfacet
  facet normal 0.675205 0.73763 0
    outer loop
      vertex 29.7636 38.7636 6.3
      vertex 29.8215 38.7106 4.1
      vertex 29.7636 38.7636 4.1
    endloop
  endfacet
  facet normal 0.381902 0.924203 -0
    outer loop
      vertex 30.0922 38.5543 4.1
      vertex 30.0196 38.5843 6.3
      vertex 30.0922 38.5543 6.3
    endloop
  endfacet
  facet normal 0.381902 0.924203 0
    outer loop
      vertex 30.0196 38.5843 6.3
      vertex 30.0922 38.5543 4.1
      vertex 30.0196 38.5843 4.1
    endloop
  endfacet
  facet normal 0.13108 0.991372 -0
    outer loop
      vertex 30.3216 38.5034 4.1
      vertex 30.2437 38.5137 6.3
      vertex 30.3216 38.5034 6.3
    endloop
  endfacet
  facet normal 0.13108 0.991372 0
    outer loop
      vertex 30.2437 38.5137 6.3
      vertex 30.3216 38.5034 4.1
      vertex 30.2437 38.5137 4.1
    endloop
  endfacet
  facet normal -0.216661 0.976247 0
    outer loop
      vertex 30.6329 38.5307 4.1
      vertex 30.5563 38.5137 6.3
      vertex 30.6329 38.5307 6.3
    endloop
  endfacet
  facet normal -0.216661 0.976247 0
    outer loop
      vertex 30.5563 38.5137 6.3
      vertex 30.6329 38.5307 4.1
      vertex 30.5563 38.5137 4.1
    endloop
  endfacet
  facet normal -0.300522 0.953775 0
    outer loop
      vertex 30.7078 38.5543 4.1
      vertex 30.6329 38.5307 6.3
      vertex 30.7078 38.5543 6.3
    endloop
  endfacet
  facet normal -0.300522 0.953775 0
    outer loop
      vertex 30.6329 38.5307 6.3
      vertex 30.7078 38.5543 4.1
      vertex 30.6329 38.5307 4.1
    endloop
  endfacet
  facet normal 0.216661 0.976247 -0
    outer loop
      vertex 30.2437 38.5137 4.1
      vertex 30.1671 38.5307 6.3
      vertex 30.2437 38.5137 6.3
    endloop
  endfacet
  facet normal 0.216661 0.976247 0
    outer loop
      vertex 30.1671 38.5307 6.3
      vertex 30.2437 38.5137 4.1
      vertex 30.1671 38.5307 4.1
    endloop
  endfacet
  facet normal 0.84338 -0.537317 0
    outer loop
      vertex 55.3022 12.9633 9
      vertex 56.7272 15.2 0
      vertex 56.7272 15.2 9
    endloop
  endfacet
  facet normal 0.84338 -0.537317 0
    outer loop
      vertex 56.7272 15.2 0
      vertex 55.3022 12.9633 9
      vertex 55.3022 12.9633 0
    endloop
  endfacet
  facet normal 0.382681 -0.92388 0
    outer loop
      vertex 40.7974 1.83334 0
      vertex 43.2476 2.84824 9
      vertex 40.7974 1.83334 9
    endloop
  endfacet
  facet normal 0.382681 -0.92388 0
    outer loop
      vertex 43.2476 2.84824 9
      vertex 40.7974 1.83334 0
      vertex 43.2476 2.84824 0
    endloop
  endfacet
  facet normal -0.461751 -0.88701 0
    outer loop
      vertex 15.2 4.07283 0
      vertex 17.5524 2.84824 9
      vertex 15.2 4.07283 9
    endloop
  endfacet
  facet normal -0.461751 -0.88701 -0
    outer loop
      vertex 17.5524 2.84824 9
      vertex 15.2 4.07283 0
      vertex 17.5524 2.84824 0
    endloop
  endfacet
  facet normal -0.92388 -0.382681 0
    outer loop
      vertex 2.84824 17.5524 0
      vertex 1.83334 20.0026 9
      vertex 1.83334 20.0026 0
    endloop
  endfacet
  facet normal -0.92388 -0.382681 0
    outer loop
      vertex 1.83334 20.0026 9
      vertex 2.84824 17.5524 0
      vertex 2.84824 17.5524 9
    endloop
  endfacet
  facet normal 0.953726 -0.300677 0
    outer loop
      vertex 58.9667 20.0026 9
      vertex 59.7641 22.5319 0
      vertex 59.7641 22.5319 9
    endloop
  endfacet
  facet normal 0.953726 -0.300677 0
    outer loop
      vertex 59.7641 22.5319 0
      vertex 58.9667 20.0026 9
      vertex 58.9667 20.0026 0
    endloop
  endfacet
  facet normal 0 0 1
    outer loop
      vertex 49.9407 53.6878 9
      vertex 39.8638 49.228 9
      vertex 39.9 48.4 9
    endloop
  endfacet
  facet normal 0 0 1
    outer loop
      vertex 43.2476 57.9518 9
      vertex 39.7557 50.0497 9
      vertex 39.8638 49.228 9
    endloop
  endfacet
  facet normal 0 0 1
    outer loop
      vertex 43.2476 57.9518 9
      vertex 39.5763 50.8588 9
      vertex 39.7557 50.0497 9
    endloop
  endfacet
  facet normal 0 0 1
    outer loop
      vertex 43.2476 57.9518 9
      vertex 39.3271 51.6492 9
      vertex 39.5763 50.8588 9
    endloop
  endfacet
  facet normal 0 0 1
    outer loop
      vertex 43.2476 57.9518 9
      vertex 39.0099 52.4149 9
      vertex 39.3271 51.6492 9
    endloop
  endfacet
  facet normal 0 0 1
    outer loop
      vertex 43.2476 57.9518 9
      vertex 38.6272 53.15 9
      vertex 39.0099 52.4149 9
    endloop
  endfacet
  facet normal 0 0 1
    outer loop
      vertex 37.1175 55.1175 9
      vertex 40.7974 58.9667 9
      vertex 38.2681 59.7641 9
    endloop
  endfacet
  facet normal 0 0 1
    outer loop
      vertex 43.2476 57.9518 9
      vertex 38.1819 53.849 9
      vertex 38.6272 53.15 9
    endloop
  endfacet
  facet normal 0 0 1
    outer loop
      vertex 40.7974 58.9667 9
      vertex 37.6774 54.5065 9
      vertex 38.1819 53.849 9
    endloop
  endfacet
  facet normal 0 0 1
    outer loop
      vertex 40.7974 58.9667 9
      vertex 37.1175 55.1175 9
      vertex 37.6774 54.5065 9
    endloop
  endfacet
  facet normal 0 0 1
    outer loop
      vertex 38.2681 59.7641 9
      vertex 36.5065 55.6774 9
      vertex 37.1175 55.1175 9
    endloop
  endfacet
  facet normal 0 0 1
    outer loop
      vertex 38.2681 59.7641 9
      vertex 35.849 56.1819 9
      vertex 36.5065 55.6774 9
    endloop
  endfacet
  facet normal 0 0 1
    outer loop
      vertex 35.15 56.6272 9
      vertex 38.2681 59.7641 9
      vertex 35.6789 60.3382 9
    endloop
  endfacet
  facet normal 0 0 1
    outer loop
      vertex 38.2681 59.7641 9
      vertex 35.15 56.6272 9
      vertex 35.849 56.1819 9
    endloop
  endfacet
  facet normal 0 0 1
    outer loop
      vertex 35.6789 60.3382 9
      vertex 34.4149 57.0099 9
      vertex 35.15 56.6272 9
    endloop
  endfacet
  facet normal 0 0 1
    outer loop
      vertex 35.6789 60.3382 9
      vertex 33.6492 57.3271 9
      vertex 34.4149 57.0099 9
    endloop
  endfacet
  facet normal 0 0 1
    outer loop
      vertex 33.0495 60.6843 9
      vertex 33.6492 57.3271 9
      vertex 35.6789 60.3382 9
    endloop
  endfacet
  facet normal 0 0 1
    outer loop
      vertex 33.0495 60.6843 9
      vertex 32.8588 57.5763 9
      vertex 33.6492 57.3271 9
    endloop
  endfacet
  facet normal 0 0 1
    outer loop
      vertex 33.0495 60.6843 9
      vertex 32.0497 57.7557 9
      vertex 32.8588 57.5763 9
    endloop
  endfacet
  facet normal 0 0 1
    outer loop
      vertex 33.0495 60.6843 9
      vertex 31.228 57.8638 9
      vertex 32.0497 57.7557 9
    endloop
  endfacet
  facet normal 0 0 1
    outer loop
      vertex 30.4 60.8 9
      vertex 31.228 57.8638 9
      vertex 33.0495 60.6843 9
    endloop
  endfacet
  facet normal 0 0 1
    outer loop
      vertex 30.4 60.8 9
      vertex 30.4 57.9 9
      vertex 31.228 57.8638 9
    endloop
  endfacet
  facet normal 0 0 1
    outer loop
      vertex 30.4 60.8 9
      vertex 29.572 57.8638 9
      vertex 30.4 57.9 9
    endloop
  endfacet
  facet normal -0 0 1
    outer loop
      vertex 27.7505 60.6843 9
      vertex 29.572 57.8638 9
      vertex 30.4 60.8 9
    endloop
  endfacet
  facet normal 0 0 1
    outer loop
      vertex 29.572 57.8638 9
      vertex 27.7505 60.6843 9
      vertex 28.7503 57.7557 9
    endloop
  endfacet
  facet normal 0 0 1
    outer loop
      vertex 28.7503 57.7557 9
      vertex 27.7505 60.6843 9
      vertex 27.9412 57.5763 9
    endloop
  endfacet
  facet normal 0 0 1
    outer loop
      vertex 27.7505 60.6843 9
      vertex 27.1508 57.3271 9
      vertex 27.9412 57.5763 9
    endloop
  endfacet
  facet normal -0 0 1
    outer loop
      vertex 25.1211 60.3382 9
      vertex 27.1508 57.3271 9
      vertex 27.7505 60.6843 9
    endloop
  endfacet
  facet normal 0 0 1
    outer loop
      vertex 27.1508 57.3271 9
      vertex 25.1211 60.3382 9
      vertex 26.3851 57.0099 9
    endloop
  endfacet
  facet normal 0 0 1
    outer loop
      vertex 26.3851 57.0099 9
      vertex 25.1211 60.3382 9
      vertex 25.65 56.6272 9
    endloop
  endfacet
  facet normal -0 0 1
    outer loop
      vertex 22.5319 59.7641 9
      vertex 25.65 56.6272 9
      vertex 25.1211 60.3382 9
    endloop
  endfacet
  facet normal 0 0 1
    outer loop
      vertex 25.65 56.6272 9
      vertex 22.5319 59.7641 9
      vertex 24.951 56.1819 9
    endloop
  endfacet
  facet normal 0 0 1
    outer loop
      vertex 24.951 56.1819 9
      vertex 22.5319 59.7641 9
      vertex 24.2935 55.6774 9
    endloop
  endfacet
  facet normal 0 0 1
    outer loop
      vertex 24.2935 55.6774 9
      vertex 22.5319 59.7641 9
      vertex 23.6825 55.1175 9
    endloop
  endfacet
  facet normal -0 0 1
    outer loop
      vertex 20.0026 58.9667 9
      vertex 23.6825 55.1175 9
      vertex 22.5319 59.7641 9
    endloop
  endfacet
  facet normal 0 0 1
    outer loop
      vertex 23.6825 55.1175 9
      vertex 20.0026 58.9667 9
      vertex 23.1226 54.5065 9
    endloop
  endfacet
  facet normal 0 0 1
    outer loop
      vertex 23.1226 54.5065 9
      vertex 20.0026 58.9667 9
      vertex 22.6181 53.849 9
    endloop
  endfacet
  facet normal -0 0 1
    outer loop
      vertex 17.5524 57.9518 9
      vertex 22.6181 53.849 9
      vertex 20.0026 58.9667 9
    endloop
  endfacet
  facet normal 0 0 1
    outer loop
      vertex 22.6181 53.849 9
      vertex 17.5524 57.9518 9
      vertex 22.1728 53.15 9
    endloop
  endfacet
  facet normal 0 0 1
    outer loop
      vertex 22.1728 53.15 9
      vertex 17.5524 57.9518 9
      vertex 21.7901 52.4149 9
    endloop
  endfacet
  facet normal -0 0 1
    outer loop
      vertex 15.2 56.7272 9
      vertex 21.7901 52.4149 9
      vertex 17.5524 57.9518 9
    endloop
  endfacet
  facet normal -0 0 1
    outer loop
      vertex 12.9633 55.3022 9
      vertex 21.2237 50.8588 9
      vertex 15.2 56.7272 9
    endloop
  endfacet
  facet normal 0 0 1
    outer loop
      vertex 21.4729 51.6492 9
      vertex 15.2 56.7272 9
      vertex 21.2237 50.8588 9
    endloop
  endfacet
  facet normal 0 0 1
    outer loop
      vertex 21.7901 52.4149 9
      vertex 15.2 56.7272 9
      vertex 21.4729 51.6492 9
    endloop
  endfacet
  facet normal 0 0 1
    outer loop
      vertex 46.65 30.4 9
      vertex 60.8 30.4 9
      vertex 60.6843 33.0495 9
    endloop
  endfacet
  facet normal 0 0 1
    outer loop
      vertex 46.5882 31.8163 9
      vertex 60.6843 33.0495 9
      vertex 60.3382 35.6789 9
    endloop
  endfacet
  facet normal 0 0 1
    outer loop
      vertex 60.8 30.4 9
      vertex 46.65 30.4 9
      vertex 60.6843 27.7505 9
    endloop
  endfacet
  facet normal 0 0 1
    outer loop
      vertex 46.4031 33.2218 9
      vertex 60.3382 35.6789 9
      vertex 59.7641 38.2681 9
    endloop
  endfacet
  facet normal -0 0 1
    outer loop
      vertex 46.5882 28.9837 9
      vertex 60.6843 27.7505 9
      vertex 46.65 30.4 9
    endloop
  endfacet
  facet normal 0 0 1
    outer loop
      vertex 46.0963 34.6058 9
      vertex 59.7641 38.2681 9
      vertex 58.9667 40.7974 9
    endloop
  endfacet
  facet normal 0 0 1
    outer loop
      vertex 60.6843 27.7505 9
      vertex 46.5882 28.9837 9
      vertex 60.3382 25.1211 9
    endloop
  endfacet
  facet normal 0 0 1
    outer loop
      vertex 45.67 35.9578 9
      vertex 58.9667 40.7974 9
      vertex 57.9518 43.2476 9
    endloop
  endfacet
  facet normal -0 0 1
    outer loop
      vertex 46.4031 27.5782 9
      vertex 60.3382 25.1211 9
      vertex 46.5882 28.9837 9
    endloop
  endfacet
  facet normal 0 0 1
    outer loop
      vertex 45.1275 37.2675 9
      vertex 57.9518 43.2476 9
      vertex 56.7272 45.6 9
    endloop
  endfacet
  facet normal 0 0 1
    outer loop
      vertex 60.3382 25.1211 9
      vertex 46.4031 27.5782 9
      vertex 59.7641 22.5319 9
    endloop
  endfacet
  facet normal 0 0 1
    outer loop
      vertex 44.4729 38.525 9
      vertex 56.7272 45.6 9
      vertex 55.3022 47.8367 9
    endloop
  endfacet
  facet normal -0 0 1
    outer loop
      vertex 46.0963 26.1942 9
      vertex 59.7641 22.5319 9
      vertex 46.4031 27.5782 9
    endloop
  endfacet
  facet normal 0 0 1
    outer loop
      vertex 43.7112 39.7206 9
      vertex 55.3022 47.8367 9
      vertex 53.6878 49.9407 9
    endloop
  endfacet
  facet normal 0 0 1
    outer loop
      vertex 59.7641 22.5319 9
      vertex 46.0963 26.1942 9
      vertex 58.9667 20.0026 9
    endloop
  endfacet
  facet normal 0 0 1
    outer loop
      vertex 42.8482 40.8453 9
      vertex 53.6878 49.9407 9
      vertex 51.896 51.896 9
    endloop
  endfacet
  facet normal -0 0 1
    outer loop
      vertex 45.67 24.8422 9
      vertex 58.9667 20.0026 9
      vertex 46.0963 26.1942 9
    endloop
  endfacet
  facet normal 0 0 1
    outer loop
      vertex 39.9 48.4 9
      vertex 51.896 51.896 9
      vertex 49.9407 53.6878 9
    endloop
  endfacet
  facet normal 0 0 1
    outer loop
      vertex 58.9667 20.0026 9
      vertex 45.67 24.8422 9
      vertex 57.9518 17.5524 9
    endloop
  endfacet
  facet normal 0 0 1
    outer loop
      vertex 39.8638 49.228 9
      vertex 49.9407 53.6878 9
      vertex 47.8367 55.3022 9
    endloop
  endfacet
  facet normal -0 0 1
    outer loop
      vertex 45.1275 23.5325 9
      vertex 57.9518 17.5524 9
      vertex 45.67 24.8422 9
    endloop
  endfacet
  facet normal 0 0 1
    outer loop
      vertex 57.9518 17.5524 9
      vertex 45.1275 23.5325 9
      vertex 56.7272 15.2 9
    endloop
  endfacet
  facet normal 0 0 1
    outer loop
      vertex 60.6843 33.0495 9
      vertex 46.5882 31.8163 9
      vertex 46.65 30.4 9
    endloop
  endfacet
  facet normal 0 0 1
    outer loop
      vertex 60.3382 35.6789 9
      vertex 46.4031 33.2218 9
      vertex 46.5882 31.8163 9
    endloop
  endfacet
  facet normal 0 0 1
    outer loop
      vertex 59.7641 38.2681 9
      vertex 46.0963 34.6058 9
      vertex 46.4031 33.2218 9
    endloop
  endfacet
  facet normal 0 0 1
    outer loop
      vertex 58.9667 40.7974 9
      vertex 45.67 35.9578 9
      vertex 46.0963 34.6058 9
    endloop
  endfacet
  facet normal 0 0 1
    outer loop
      vertex 39.8638 49.228 9
      vertex 47.8367 55.3022 9
      vertex 45.6 56.7272 9
    endloop
  endfacet
  facet normal 0 0 1
    outer loop
      vertex 57.9518 43.2476 9
      vertex 45.1275 37.2675 9
      vertex 45.67 35.9578 9
    endloop
  endfacet
  facet normal 0 0 1
    outer loop
      vertex 56.7272 45.6 9
      vertex 44.4729 38.525 9
      vertex 45.1275 37.2675 9
    endloop
  endfacet
  facet normal 0 0 1
    outer loop
      vertex 55.3022 47.8367 9
      vertex 43.7112 39.7206 9
      vertex 44.4729 38.525 9
    endloop
  endfacet
  facet normal 0 0 1
    outer loop
      vertex 39.8638 49.228 9
      vertex 45.6 56.7272 9
      vertex 43.2476 57.9518 9
    endloop
  endfacet
  facet normal 0 0 1
    outer loop
      vertex 53.6878 49.9407 9
      vertex 42.8482 40.8453 9
      vertex 43.7112 39.7206 9
    endloop
  endfacet
  facet normal 0 0 1
    outer loop
      vertex 51.896 51.896 9
      vertex 39.9 48.4 9
      vertex 39.8638 47.572 9
    endloop
  endfacet
  facet normal 0 0 1
    outer loop
      vertex 51.896 51.896 9
      vertex 41.8905 41.8905 9
      vertex 42.8482 40.8453 9
    endloop
  endfacet
  facet normal 0 0 1
    outer loop
      vertex 38.1819 53.849 9
      vertex 43.2476 57.9518 9
      vertex 40.7974 58.9667 9
    endloop
  endfacet
  facet normal 0 0 1
    outer loop
      vertex 51.896 51.896 9
      vertex 39.8638 47.572 9
      vertex 41.8905 41.8905 9
    endloop
  endfacet
  facet normal -0 0 1
    outer loop
      vertex 39.7557 46.7503 9
      vertex 41.8905 41.8905 9
      vertex 39.8638 47.572 9
    endloop
  endfacet
  facet normal 0 0 1
    outer loop
      vertex 41.8905 41.8905 9
      vertex 39.7557 46.7503 9
      vertex 40.8453 42.8482 9
    endloop
  endfacet
  facet normal -0 0 1
    outer loop
      vertex 39.5763 45.9412 9
      vertex 40.8453 42.8482 9
      vertex 39.7557 46.7503 9
    endloop
  endfacet
  facet normal 0 0 1
    outer loop
      vertex 40.8453 42.8482 9
      vertex 39.5763 45.9412 9
      vertex 39.7206 43.7112 9
    endloop
  endfacet
  facet normal -0 0 1
    outer loop
      vertex 39.3271 45.1508 9
      vertex 39.7206 43.7112 9
      vertex 39.5763 45.9412 9
    endloop
  endfacet
  facet normal -0 0 1
    outer loop
      vertex 39.0099 44.3851 9
      vertex 39.7206 43.7112 9
      vertex 39.3271 45.1508 9
    endloop
  endfacet
  facet normal 0 0 1
    outer loop
      vertex 39.7206 43.7112 9
      vertex 39.0099 44.3851 9
      vertex 38.9235 44.2191 9
    endloop
  endfacet
  facet normal -0 0 1
    outer loop
      vertex 44.4729 22.275 9
      vertex 56.7272 15.2 9
      vertex 45.1275 23.5325 9
    endloop
  endfacet
  facet normal 0 0 1
    outer loop
      vertex 56.7272 15.2 9
      vertex 44.4729 22.275 9
      vertex 55.3022 12.9633 9
    endloop
  endfacet
  facet normal -0 0 1
    outer loop
      vertex 43.7112 21.0794 9
      vertex 55.3022 12.9633 9
      vertex 44.4729 22.275 9
    endloop
  endfacet
  facet normal 0 0 1
    outer loop
      vertex 55.3022 12.9633 9
      vertex 43.7112 21.0794 9
      vertex 53.6878 10.8593 9
    endloop
  endfacet
  facet normal -0 0 1
    outer loop
      vertex 42.8482 19.9547 9
      vertex 53.6878 10.8593 9
      vertex 43.7112 21.0794 9
    endloop
  endfacet
  facet normal 0 0 1
    outer loop
      vertex 53.6878 10.8593 9
      vertex 42.8482 19.9547 9
      vertex 51.896 8.90395 9
    endloop
  endfacet
  facet normal -0 0 1
    outer loop
      vertex 41.8905 18.9095 9
      vertex 51.896 8.90395 9
      vertex 42.8482 19.9547 9
    endloop
  endfacet
  facet normal 0 0 1
    outer loop
      vertex 51.896 8.90395 9
      vertex 41.8905 18.9095 9
      vertex 49.9407 7.11225 9
    endloop
  endfacet
  facet normal -0 0 1
    outer loop
      vertex 40.8453 17.9518 9
      vertex 49.9407 7.11225 9
      vertex 41.8905 18.9095 9
    endloop
  endfacet
  facet normal 0 0 1
    outer loop
      vertex 49.9407 7.11225 9
      vertex 40.8453 17.9518 9
      vertex 47.8367 5.49778 9
    endloop
  endfacet
  facet normal -0 0 1
    outer loop
      vertex 39.7206 17.0888 9
      vertex 47.8367 5.49778 9
      vertex 40.8453 17.9518 9
    endloop
  endfacet
  facet normal 0 0 1
    outer loop
      vertex 47.8367 5.49778 9
      vertex 39.7206 17.0888 9
      vertex 45.6 4.07283 9
    endloop
  endfacet
  facet normal -0 0 1
    outer loop
      vertex 38.525 16.3271 9
      vertex 45.6 4.07283 9
      vertex 39.7206 17.0888 9
    endloop
  endfacet
  facet normal 0 0 1
    outer loop
      vertex 45.6 4.07283 9
      vertex 38.525 16.3271 9
      vertex 43.2476 2.84824 9
    endloop
  endfacet
  facet normal -0 0 1
    outer loop
      vertex 37.2675 15.6725 9
      vertex 43.2476 2.84824 9
      vertex 38.525 16.3271 9
    endloop
  endfacet
  facet normal 0 0 1
    outer loop
      vertex 43.2476 2.84824 9
      vertex 37.2675 15.6725 9
      vertex 40.7974 1.83334 9
    endloop
  endfacet
  facet normal -0 0 1
    outer loop
      vertex 35.9578 15.13 9
      vertex 40.7974 1.83334 9
      vertex 37.2675 15.6725 9
    endloop
  endfacet
  facet normal 0 0 1
    outer loop
      vertex 40.7974 1.83334 9
      vertex 35.9578 15.13 9
      vertex 38.2681 1.03586 9
    endloop
  endfacet
  facet normal -0 0 1
    outer loop
      vertex 34.6058 14.7037 9
      vertex 38.2681 1.03586 9
      vertex 35.9578 15.13 9
    endloop
  endfacet
  facet normal 0 0 1
    outer loop
      vertex 38.2681 1.03586 9
      vertex 34.6058 14.7037 9
      vertex 35.6789 0.461845 9
    endloop
  endfacet
  facet normal -0 0 1
    outer loop
      vertex 33.2218 14.3969 9
      vertex 35.6789 0.461845 9
      vertex 34.6058 14.7037 9
    endloop
  endfacet
  facet normal 0 0 1
    outer loop
      vertex 33.2218 14.3969 9
      vertex 33.0495 0.115682 9
      vertex 35.6789 0.461845 9
    endloop
  endfacet
  facet normal -0 0 1
    outer loop
      vertex 31.8163 14.2118 9
      vertex 33.0495 0.115682 9
      vertex 33.2218 14.3969 9
    endloop
  endfacet
  facet normal -0 0 1
    outer loop
      vertex 30.4 14.15 9
      vertex 33.0495 0.115682 9
      vertex 31.8163 14.2118 9
    endloop
  endfacet
  facet normal 0 0 1
    outer loop
      vertex 30.4 14.15 9
      vertex 30.4 3.8147e-07 9
      vertex 33.0495 0.115682 9
    endloop
  endfacet
  facet normal 0 0 1
    outer loop
      vertex 28.9837 14.2118 9
      vertex 30.4 3.8147e-07 9
      vertex 30.4 14.15 9
    endloop
  endfacet
  facet normal 0 0 1
    outer loop
      vertex 28.9837 14.2118 9
      vertex 27.7505 0.115682 9
      vertex 30.4 3.8147e-07 9
    endloop
  endfacet
  facet normal 0 0 1
    outer loop
      vertex 27.5782 14.3969 9
      vertex 27.7505 0.115682 9
      vertex 28.9837 14.2118 9
    endloop
  endfacet
  facet normal 0 0 1
    outer loop
      vertex 25.1211 0.461845 9
      vertex 27.5782 14.3969 9
      vertex 26.1942 14.7037 9
    endloop
  endfacet
  facet normal 0 0 1
    outer loop
      vertex 27.5782 14.3969 9
      vertex 25.1211 0.461845 9
      vertex 27.7505 0.115682 9
    endloop
  endfacet
  facet normal 0 0 1
    outer loop
      vertex 22.5319 1.03586 9
      vertex 26.1942 14.7037 9
      vertex 24.8422 15.13 9
    endloop
  endfacet
  facet normal 0 0 1
    outer loop
      vertex 20.0026 1.83334 9
      vertex 24.8422 15.13 9
      vertex 23.5325 15.6725 9
    endloop
  endfacet
  facet normal 0 0 1
    outer loop
      vertex 26.1942 14.7037 9
      vertex 22.5319 1.03586 9
      vertex 25.1211 0.461845 9
    endloop
  endfacet
  facet normal 0 0 1
    outer loop
      vertex 17.5524 2.84824 9
      vertex 23.5325 15.6725 9
      vertex 22.275 16.3271 9
    endloop
  endfacet
  facet normal 0 0 1
    outer loop
      vertex 15.2 4.07283 9
      vertex 22.275 16.3271 9
      vertex 21.0794 17.0888 9
    endloop
  endfacet
  facet normal 0 0 1
    outer loop
      vertex 24.8422 15.13 9
      vertex 20.0026 1.83334 9
      vertex 22.5319 1.03586 9
    endloop
  endfacet
  facet normal 0 0 1
    outer loop
      vertex 12.9633 5.49778 9
      vertex 21.0794 17.0888 9
      vertex 19.9547 17.9518 9
    endloop
  endfacet
  facet normal 0 0 1
    outer loop
      vertex 10.8593 7.11225 9
      vertex 19.9547 17.9518 9
      vertex 18.9095 18.9095 9
    endloop
  endfacet
  facet normal 0 0 1
    outer loop
      vertex 8.90395 8.90395 9
      vertex 18.9095 18.9095 9
      vertex 17.9518 19.9547 9
    endloop
  endfacet
  facet normal 0 0 1
    outer loop
      vertex 23.5325 15.6725 9
      vertex 17.5524 2.84824 9
      vertex 20.0026 1.83334 9
    endloop
  endfacet
  facet normal 0 0 1
    outer loop
      vertex 7.11225 10.8593 9
      vertex 17.9518 19.9547 9
      vertex 17.0888 21.0794 9
    endloop
  endfacet
  facet normal 0 0 1
    outer loop
      vertex 5.49778 12.9633 9
      vertex 17.0888 21.0794 9
      vertex 16.3271 22.275 9
    endloop
  endfacet
  facet normal 0 0 1
    outer loop
      vertex 4.07283 15.2 9
      vertex 16.3271 22.275 9
      vertex 15.6725 23.5325 9
    endloop
  endfacet
  facet normal 0 0 1
    outer loop
      vertex 22.275 16.3271 9
      vertex 15.2 4.07283 9
      vertex 17.5524 2.84824 9
    endloop
  endfacet
  facet normal 0 0 1
    outer loop
      vertex 2.84824 17.5524 9
      vertex 15.6725 23.5325 9
      vertex 15.13 24.8422 9
    endloop
  endfacet
  facet normal 0 0 1
    outer loop
      vertex 1.83334 20.0026 9
      vertex 15.13 24.8422 9
      vertex 14.7037 26.1942 9
    endloop
  endfacet
  facet normal 0 0 1
    outer loop
      vertex 1.03585 22.5319 9
      vertex 14.7037 26.1942 9
      vertex 14.3969 27.5782 9
    endloop
  endfacet
  facet normal 0 0 1
    outer loop
      vertex 0.461844 25.1211 9
      vertex 14.3969 27.5782 9
      vertex 14.2118 28.9837 9
    endloop
  endfacet
  facet normal 0 0 1
    outer loop
      vertex 0.115681 27.7505 9
      vertex 14.2118 28.9837 9
      vertex 14.15 30.4 9
    endloop
  endfacet
  facet normal -0 0 1
    outer loop
      vertex 2.84824 43.2476 9
      vertex 15.6725 37.2675 9
      vertex 4.07283 45.6 9
    endloop
  endfacet
  facet normal 0 0 1
    outer loop
      vertex 21.0794 17.0888 9
      vertex 12.9633 5.49778 9
      vertex 15.2 4.07283 9
    endloop
  endfacet
  facet normal 0 0 1
    outer loop
      vertex 15.6725 37.2675 9
      vertex 2.84824 43.2476 9
      vertex 15.13 35.9578 9
    endloop
  endfacet
  facet normal 0 0 1
    outer loop
      vertex 19.9547 17.9518 9
      vertex 10.8593 7.11225 9
      vertex 12.9633 5.49778 9
    endloop
  endfacet
  facet normal -0 0 1
    outer loop
      vertex 1.83334 40.7974 9
      vertex 15.13 35.9578 9
      vertex 2.84824 43.2476 9
    endloop
  endfacet
  facet normal 0 0 1
    outer loop
      vertex 18.9095 18.9095 9
      vertex 8.90395 8.90395 9
      vertex 10.8593 7.11225 9
    endloop
  endfacet
  facet normal 0 0 1
    outer loop
      vertex 15.13 35.9578 9
      vertex 1.83334 40.7974 9
      vertex 14.7037 34.6058 9
    endloop
  endfacet
  facet normal 0 0 1
    outer loop
      vertex 17.9518 19.9547 9
      vertex 7.11225 10.8593 9
      vertex 8.90395 8.90395 9
    endloop
  endfacet
  facet normal -0 0 1
    outer loop
      vertex 1.03585 38.2681 9
      vertex 14.7037 34.6058 9
      vertex 1.83334 40.7974 9
    endloop
  endfacet
  facet normal 0 0 1
    outer loop
      vertex 17.0888 21.0794 9
      vertex 5.49778 12.9633 9
      vertex 7.11225 10.8593 9
    endloop
  endfacet
  facet normal 0 0 1
    outer loop
      vertex 14.7037 34.6058 9
      vertex 1.03585 38.2681 9
      vertex 14.3969 33.2218 9
    endloop
  endfacet
  facet normal 0 0 1
    outer loop
      vertex 16.3271 22.275 9
      vertex 4.07283 15.2 9
      vertex 5.49778 12.9633 9
    endloop
  endfacet
  facet normal -0 0 1
    outer loop
      vertex 0.461844 35.6789 9
      vertex 14.3969 33.2218 9
      vertex 1.03585 38.2681 9
    endloop
  endfacet
  facet normal 0 0 1
    outer loop
      vertex 15.6725 23.5325 9
      vertex 2.84824 17.5524 9
      vertex 4.07283 15.2 9
    endloop
  endfacet
  facet normal 0 0 1
    outer loop
      vertex 14.3969 33.2218 9
      vertex 0.461844 35.6789 9
      vertex 14.2118 31.8163 9
    endloop
  endfacet
  facet normal 0 0 1
    outer loop
      vertex 15.13 24.8422 9
      vertex 1.83334 20.0026 9
      vertex 2.84824 17.5524 9
    endloop
  endfacet
  facet normal -0 0 1
    outer loop
      vertex 0.115681 33.0495 9
      vertex 14.2118 31.8163 9
      vertex 0.461844 35.6789 9
    endloop
  endfacet
  facet normal 0 0 1
    outer loop
      vertex 14.7037 26.1942 9
      vertex 1.03585 22.5319 9
      vertex 1.83334 20.0026 9
    endloop
  endfacet
  facet normal 0 0 1
    outer loop
      vertex 14.2118 31.8163 9
      vertex 0.115681 33.0495 9
      vertex 14.15 30.4 9
    endloop
  endfacet
  facet normal 0 0 1
    outer loop
      vertex 14.3969 27.5782 9
      vertex 0.461844 25.1211 9
      vertex 1.03585 22.5319 9
    endloop
  endfacet
  facet normal 0 0 1
    outer loop
      vertex -5.72205e-07 30.4 9
      vertex 14.15 30.4 9
      vertex 0.115681 33.0495 9
    endloop
  endfacet
  facet normal 0 0 1
    outer loop
      vertex 14.2118 28.9837 9
      vertex 0.115681 27.7505 9
      vertex 0.461844 25.1211 9
    endloop
  endfacet
  facet normal 0 0 1
    outer loop
      vertex 14.15 30.4 9
      vertex -5.72205e-07 30.4 9
      vertex 0.115681 27.7505 9
    endloop
  endfacet
  facet normal 0 0 1
    outer loop
      vertex 21.7901 44.3851 9
      vertex 21.0794 43.7112 9
      vertex 21.8765 44.2191 9
    endloop
  endfacet
  facet normal 0 0 1
    outer loop
      vertex 21.4729 45.1508 9
      vertex 21.0794 43.7112 9
      vertex 21.7901 44.3851 9
    endloop
  endfacet
  facet normal 0 0 1
    outer loop
      vertex 21.2237 45.9412 9
      vertex 21.0794 43.7112 9
      vertex 21.4729 45.1508 9
    endloop
  endfacet
  facet normal 0 0 1
    outer loop
      vertex 19.9547 42.8482 9
      vertex 21.2237 45.9412 9
      vertex 21.0443 46.7503 9
    endloop
  endfacet
  facet normal 0 0 1
    outer loop
      vertex 18.9095 41.8905 9
      vertex 21.0443 46.7503 9
      vertex 20.9361 47.572 9
    endloop
  endfacet
  facet normal 0 0 1
    outer loop
      vertex 20.9361 49.228 9
      vertex 10.8593 53.6878 9
      vertex 20.9 48.4 9
    endloop
  endfacet
  facet normal 0 0 1
    outer loop
      vertex 21.2237 50.8588 9
      vertex 12.9633 55.3022 9
      vertex 21.0443 50.0497 9
    endloop
  endfacet
  facet normal 0 0 1
    outer loop
      vertex 21.0443 50.0497 9
      vertex 12.9633 55.3022 9
      vertex 20.9361 49.228 9
    endloop
  endfacet
  facet normal -0 0 1
    outer loop
      vertex 10.8593 53.6878 9
      vertex 20.9361 49.228 9
      vertex 12.9633 55.3022 9
    endloop
  endfacet
  facet normal -0 0 1
    outer loop
      vertex 8.90395 51.896 9
      vertex 20.9 48.4 9
      vertex 10.8593 53.6878 9
    endloop
  endfacet
  facet normal 0 0 1
    outer loop
      vertex 21.2237 45.9412 9
      vertex 19.9547 42.8482 9
      vertex 21.0794 43.7112 9
    endloop
  endfacet
  facet normal 0 0 1
    outer loop
      vertex 21.0443 46.7503 9
      vertex 18.9095 41.8905 9
      vertex 19.9547 42.8482 9
    endloop
  endfacet
  facet normal 0 0 1
    outer loop
      vertex 20.9 48.4 9
      vertex 8.90395 51.896 9
      vertex 20.9361 47.572 9
    endloop
  endfacet
  facet normal 0 0 1
    outer loop
      vertex 20.9361 47.572 9
      vertex 8.90395 51.896 9
      vertex 18.9095 41.8905 9
    endloop
  endfacet
  facet normal 0 0 1
    outer loop
      vertex 18.9095 41.8905 9
      vertex 8.90395 51.896 9
      vertex 17.9518 40.8453 9
    endloop
  endfacet
  facet normal -0 0 1
    outer loop
      vertex 7.11225 49.9407 9
      vertex 17.9518 40.8453 9
      vertex 8.90395 51.896 9
    endloop
  endfacet
  facet normal 0 0 1
    outer loop
      vertex 17.9518 40.8453 9
      vertex 7.11225 49.9407 9
      vertex 17.0888 39.7206 9
    endloop
  endfacet
  facet normal -0 0 1
    outer loop
      vertex 5.49778 47.8367 9
      vertex 17.0888 39.7206 9
      vertex 7.11225 49.9407 9
    endloop
  endfacet
  facet normal 0 0 1
    outer loop
      vertex 17.0888 39.7206 9
      vertex 5.49778 47.8367 9
      vertex 16.3271 38.525 9
    endloop
  endfacet
  facet normal -0 0 1
    outer loop
      vertex 4.07283 45.6 9
      vertex 16.3271 38.525 9
      vertex 5.49778 47.8367 9
    endloop
  endfacet
  facet normal 0 0 1
    outer loop
      vertex 16.3271 38.525 9
      vertex 4.07283 45.6 9
      vertex 15.6725 37.2675 9
    endloop
  endfacet
  facet normal -0.999048 0.0436201 0
    outer loop
      vertex -5.72205e-07 30.4 0
      vertex 0.115681 33.0495 9
      vertex 0.115681 33.0495 0
    endloop
  endfacet
  facet normal -0.999048 0.0436201 0
    outer loop
      vertex 0.115681 33.0495 9
      vertex -5.72205e-07 30.4 0
      vertex -5.72205e-07 30.4 9
    endloop
  endfacet
  facet normal -0.67558 -0.737286 0
    outer loop
      vertex 8.90395 8.90395 0
      vertex 10.8593 7.11225 9
      vertex 8.90395 8.90395 9
    endloop
  endfacet
  facet normal -0.67558 -0.737286 -0
    outer loop
      vertex 10.8593 7.11225 9
      vertex 8.90395 8.90395 0
      vertex 10.8593 7.11225 0
    endloop
  endfacet
  facet normal 0.991448 -0.130501 0
    outer loop
      vertex 60.3382 25.1211 9
      vertex 60.6843 27.7505 0
      vertex 60.6843 27.7505 9
    endloop
  endfacet
  facet normal 0.991448 -0.130501 0
    outer loop
      vertex 60.6843 27.7505 0
      vertex 60.3382 25.1211 9
      vertex 60.3382 25.1211 0
    endloop
  endfacet
  facet normal 0.793364 -0.608748 0
    outer loop
      vertex 53.6878 10.8593 9
      vertex 55.3022 12.9633 0
      vertex 55.3022 12.9633 9
    endloop
  endfacet
  facet normal 0.793364 -0.608748 0
    outer loop
      vertex 55.3022 12.9633 0
      vertex 53.6878 10.8593 9
      vertex 53.6878 10.8593 0
    endloop
  endfacet
  facet normal 0.67559 -0.737278 0
    outer loop
      vertex 49.9407 7.11225 0
      vertex 51.896 8.90395 9
      vertex 49.9407 7.11225 9
    endloop
  endfacet
  facet normal 0.67559 -0.737278 0
    outer loop
      vertex 51.896 8.90395 9
      vertex 49.9407 7.11225 0
      vertex 51.896 8.90395 0
    endloop
  endfacet
  facet normal -0.0436201 -0.999048 0
    outer loop
      vertex 27.7505 0.115682 0
      vertex 30.4 3.8147e-07 9
      vertex 27.7505 0.115682 9
    endloop
  endfacet
  facet normal -0.0436201 -0.999048 -0
    outer loop
      vertex 30.4 3.8147e-07 9
      vertex 27.7505 0.115682 0
      vertex 30.4 3.8147e-07 0
    endloop
  endfacet
  facet normal 0.216441 -0.976296 0
    outer loop
      vertex 35.6789 0.461845 0
      vertex 38.2681 1.03586 9
      vertex 35.6789 0.461845 9
    endloop
  endfacet
  facet normal 0.216441 -0.976296 0
    outer loop
      vertex 38.2681 1.03586 9
      vertex 35.6789 0.461845 0
      vertex 38.2681 1.03586 0
    endloop
  endfacet
  facet normal 0.0436201 -0.999048 0
    outer loop
      vertex 30.4 3.8147e-07 0
      vertex 33.0495 0.115682 9
      vertex 30.4 3.8147e-07 9
    endloop
  endfacet
  facet normal 0.0436201 -0.999048 0
    outer loop
      vertex 33.0495 0.115682 9
      vertex 30.4 3.8147e-07 0
      vertex 33.0495 0.115682 0
    endloop
  endfacet
  facet normal 0.608765 -0.793351 0
    outer loop
      vertex 47.8367 5.49778 0
      vertex 49.9407 7.11225 9
      vertex 47.8367 5.49778 9
    endloop
  endfacet
  facet normal 0.608765 -0.793351 0
    outer loop
      vertex 49.9407 7.11225 9
      vertex 47.8367 5.49778 0
      vertex 49.9407 7.11225 0
    endloop
  endfacet
  facet normal 0.537304 -0.843389 0
    outer loop
      vertex 45.6 4.07283 0
      vertex 47.8367 5.49778 9
      vertex 45.6 4.07283 9
    endloop
  endfacet
  facet normal 0.537304 -0.843389 0
    outer loop
      vertex 47.8367 5.49778 9
      vertex 45.6 4.07283 0
      vertex 47.8367 5.49778 0
    endloop
  endfacet
  facet normal -0.976296 -0.216438 0
    outer loop
      vertex 1.03585 22.5319 0
      vertex 0.461844 25.1211 9
      vertex 0.461844 25.1211 0
    endloop
  endfacet
  facet normal -0.976296 -0.216438 0
    outer loop
      vertex 0.461844 25.1211 9
      vertex 1.03585 22.5319 0
      vertex 1.03585 22.5319 9
    endloop
  endfacet
  facet normal -0.999048 -0.0436201 0
    outer loop
      vertex 0.115681 27.7505 0
      vertex -5.72205e-07 30.4 9
      vertex -5.72205e-07 30.4 0
    endloop
  endfacet
  facet normal -0.999048 -0.0436201 0
    outer loop
      vertex -5.72205e-07 30.4 9
      vertex 0.115681 27.7505 0
      vertex 0.115681 27.7505 9
    endloop
  endfacet
  facet normal -0.793351 -0.608765 0
    outer loop
      vertex 7.11225 10.8593 0
      vertex 5.49778 12.9633 9
      vertex 5.49778 12.9633 0
    endloop
  endfacet
  facet normal -0.793351 -0.608765 0
    outer loop
      vertex 5.49778 12.9633 9
      vertex 7.11225 10.8593 0
      vertex 7.11225 10.8593 9
    endloop
  endfacet
  facet normal -0.843389 -0.537304 0
    outer loop
      vertex 5.49778 12.9633 0
      vertex 4.07283 15.2 9
      vertex 4.07283 15.2 0
    endloop
  endfacet
  facet normal -0.843389 -0.537304 0
    outer loop
      vertex 4.07283 15.2 9
      vertex 5.49778 12.9633 0
      vertex 5.49778 12.9633 9
    endloop
  endfacet
  facet normal -0.130525 -0.991445 0
    outer loop
      vertex 25.1211 0.461845 0
      vertex 27.7505 0.115682 9
      vertex 25.1211 0.461845 9
    endloop
  endfacet
  facet normal -0.130525 -0.991445 -0
    outer loop
      vertex 27.7505 0.115682 9
      vertex 25.1211 0.461845 0
      vertex 27.7505 0.115682 0
    endloop
  endfacet
  facet normal -0.537304 -0.843389 0
    outer loop
      vertex 12.9633 5.49778 0
      vertex 15.2 4.07283 9
      vertex 12.9633 5.49778 9
    endloop
  endfacet
  facet normal -0.537304 -0.843389 -0
    outer loop
      vertex 15.2 4.07283 9
      vertex 12.9633 5.49778 0
      vertex 15.2 4.07283 0
    endloop
  endfacet
  facet normal -0.608765 -0.793351 0
    outer loop
      vertex 10.8593 7.11225 0
      vertex 12.9633 5.49778 9
      vertex 10.8593 7.11225 9
    endloop
  endfacet
  facet normal -0.608765 -0.793351 -0
    outer loop
      vertex 12.9633 5.49778 9
      vertex 10.8593 7.11225 0
      vertex 12.9633 5.49778 0
    endloop
  endfacet
  facet normal -0.737286 -0.67558 0
    outer loop
      vertex 8.90395 8.90395 0
      vertex 7.11225 10.8593 9
      vertex 7.11225 10.8593 0
    endloop
  endfacet
  facet normal -0.737286 -0.67558 0
    outer loop
      vertex 7.11225 10.8593 9
      vertex 8.90395 8.90395 0
      vertex 8.90395 8.90395 9
    endloop
  endfacet
  facet normal 0.999048 -0.043627 0
    outer loop
      vertex 60.6843 27.7505 9
      vertex 60.8 30.4 0
      vertex 60.8 30.4 9
    endloop
  endfacet
  facet normal 0.999048 -0.043627 0
    outer loop
      vertex 60.8 30.4 0
      vertex 60.6843 27.7505 9
      vertex 60.6843 27.7505 0
    endloop
  endfacet
  facet normal 0.84338 0.537317 0
    outer loop
      vertex 56.7272 45.6 9
      vertex 55.3022 47.8367 0
      vertex 55.3022 47.8367 9
    endloop
  endfacet
  facet normal 0.84338 0.537317 0
    outer loop
      vertex 55.3022 47.8367 0
      vertex 56.7272 45.6 9
      vertex 56.7272 45.6 0
    endloop
  endfacet
  facet normal 0.382681 0.92388 -0
    outer loop
      vertex 43.2476 57.9518 0
      vertex 40.7974 58.9667 9
      vertex 43.2476 57.9518 9
    endloop
  endfacet
  facet normal 0.382681 0.92388 0
    outer loop
      vertex 40.7974 58.9667 9
      vertex 43.2476 57.9518 0
      vertex 40.7974 58.9667 0
    endloop
  endfacet
  facet normal 0.887008 -0.461754 0
    outer loop
      vertex 56.7272 15.2 9
      vertex 57.9518 17.5524 0
      vertex 57.9518 17.5524 9
    endloop
  endfacet
  facet normal 0.887008 -0.461754 0
    outer loop
      vertex 57.9518 17.5524 0
      vertex 56.7272 15.2 9
      vertex 56.7272 15.2 0
    endloop
  endfacet
  facet normal 0.92388 -0.382681 0
    outer loop
      vertex 57.9518 17.5524 9
      vertex 58.9667 20.0026 0
      vertex 58.9667 20.0026 9
    endloop
  endfacet
  facet normal 0.92388 -0.382681 0
    outer loop
      vertex 58.9667 20.0026 0
      vertex 57.9518 17.5524 9
      vertex 57.9518 17.5524 0
    endloop
  endfacet
  facet normal 0.737268 -0.675601 0
    outer loop
      vertex 51.896 8.90395 9
      vertex 53.6878 10.8593 0
      vertex 53.6878 10.8593 9
    endloop
  endfacet
  facet normal 0.737268 -0.675601 0
    outer loop
      vertex 53.6878 10.8593 0
      vertex 51.896 8.90395 9
      vertex 51.896 8.90395 0
    endloop
  endfacet
  facet normal 0.300704 -0.953718 0
    outer loop
      vertex 38.2681 1.03586 0
      vertex 40.7974 1.83334 9
      vertex 38.2681 1.03586 9
    endloop
  endfacet
  facet normal 0.300704 -0.953718 0
    outer loop
      vertex 40.7974 1.83334 9
      vertex 38.2681 1.03586 0
      vertex 40.7974 1.83334 0
    endloop
  endfacet
  facet normal 0.130525 -0.991445 0
    outer loop
      vertex 33.0495 0.115682 0
      vertex 35.6789 0.461845 9
      vertex 33.0495 0.115682 9
    endloop
  endfacet
  facet normal 0.130525 -0.991445 0
    outer loop
      vertex 35.6789 0.461845 9
      vertex 33.0495 0.115682 0
      vertex 35.6789 0.461845 0
    endloop
  endfacet
  facet normal 0.461751 -0.88701 0
    outer loop
      vertex 43.2476 2.84824 0
      vertex 45.6 4.07283 9
      vertex 43.2476 2.84824 9
    endloop
  endfacet
  facet normal 0.461751 -0.88701 0
    outer loop
      vertex 45.6 4.07283 9
      vertex 43.2476 2.84824 0
      vertex 45.6 4.07283 0
    endloop
  endfacet
  facet normal -0.953716 -0.300707 0
    outer loop
      vertex 1.83334 20.0026 0
      vertex 1.03585 22.5319 9
      vertex 1.03585 22.5319 0
    endloop
  endfacet
  facet normal -0.953716 -0.300707 0
    outer loop
      vertex 1.03585 22.5319 9
      vertex 1.83334 20.0026 0
      vertex 1.83334 20.0026 9
    endloop
  endfacet
  facet normal -0.991445 -0.130525 0
    outer loop
      vertex 0.461844 25.1211 0
      vertex 0.115681 27.7505 9
      vertex 0.115681 27.7505 0
    endloop
  endfacet
  facet normal -0.991445 -0.130525 0
    outer loop
      vertex 0.115681 27.7505 9
      vertex 0.461844 25.1211 0
      vertex 0.461844 25.1211 9
    endloop
  endfacet
  facet normal -0.88701 -0.461751 0
    outer loop
      vertex 4.07283 15.2 0
      vertex 2.84824 17.5524 9
      vertex 2.84824 17.5524 0
    endloop
  endfacet
  facet normal -0.88701 -0.461751 0
    outer loop
      vertex 2.84824 17.5524 9
      vertex 4.07283 15.2 0
      vertex 4.07283 15.2 9
    endloop
  endfacet
  facet normal -0.382681 -0.92388 0
    outer loop
      vertex 17.5524 2.84824 0
      vertex 20.0026 1.83334 9
      vertex 17.5524 2.84824 9
    endloop
  endfacet
  facet normal -0.382681 -0.92388 -0
    outer loop
      vertex 20.0026 1.83334 9
      vertex 17.5524 2.84824 0
      vertex 20.0026 1.83334 0
    endloop
  endfacet
  facet normal -0.216441 -0.976296 0
    outer loop
      vertex 22.5319 1.03586 0
      vertex 25.1211 0.461845 9
      vertex 22.5319 1.03586 9
    endloop
  endfacet
  facet normal -0.216441 -0.976296 -0
    outer loop
      vertex 25.1211 0.461845 9
      vertex 22.5319 1.03586 0
      vertex 25.1211 0.461845 0
    endloop
  endfacet
  facet normal -0.300704 -0.953718 0
    outer loop
      vertex 20.0026 1.83334 0
      vertex 22.5319 1.03586 9
      vertex 20.0026 1.83334 9
    endloop
  endfacet
  facet normal -0.300704 -0.953718 -0
    outer loop
      vertex 22.5319 1.03586 9
      vertex 20.0026 1.83334 0
      vertex 22.5319 1.03586 0
    endloop
  endfacet
  facet normal 0.991448 0.130501 0
    outer loop
      vertex 60.6843 33.0495 9
      vertex 60.3382 35.6789 0
      vertex 60.3382 35.6789 9
    endloop
  endfacet
  facet normal 0.991448 0.130501 0
    outer loop
      vertex 60.3382 35.6789 0
      vertex 60.6843 33.0495 9
      vertex 60.6843 33.0495 0
    endloop
  endfacet
  facet normal 0.976289 0.216471 0
    outer loop
      vertex 60.3382 35.6789 9
      vertex 59.7641 38.2681 0
      vertex 59.7641 38.2681 9
    endloop
  endfacet
  facet normal 0.976289 0.216471 0
    outer loop
      vertex 59.7641 38.2681 0
      vertex 60.3382 35.6789 9
      vertex 60.3382 35.6789 0
    endloop
  endfacet
  facet normal 0.953726 0.300677 0
    outer loop
      vertex 59.7641 38.2681 9
      vertex 58.9667 40.7974 0
      vertex 58.9667 40.7974 9
    endloop
  endfacet
  facet normal 0.953726 0.300677 0
    outer loop
      vertex 58.9667 40.7974 0
      vertex 59.7641 38.2681 9
      vertex 59.7641 38.2681 0
    endloop
  endfacet
  facet normal -0.991445 0.130525 0
    outer loop
      vertex 0.115681 33.0495 0
      vertex 0.461844 35.6789 9
      vertex 0.461844 35.6789 0
    endloop
  endfacet
  facet normal -0.991445 0.130525 0
    outer loop
      vertex 0.461844 35.6789 9
      vertex 0.115681 33.0495 0
      vertex 0.115681 33.0495 9
    endloop
  endfacet
  facet normal -0.88701 0.461751 0
    outer loop
      vertex 2.84824 43.2476 0
      vertex 4.07283 45.6 9
      vertex 4.07283 45.6 0
    endloop
  endfacet
  facet normal -0.88701 0.461751 0
    outer loop
      vertex 4.07283 45.6 9
      vertex 2.84824 43.2476 0
      vertex 2.84824 43.2476 9
    endloop
  endfacet
  facet normal -0.843389 0.537304 0
    outer loop
      vertex 4.07283 45.6 0
      vertex 5.49778 47.8367 9
      vertex 5.49778 47.8367 0
    endloop
  endfacet
  facet normal -0.843389 0.537304 0
    outer loop
      vertex 5.49778 47.8367 9
      vertex 4.07283 45.6 0
      vertex 4.07283 45.6 9
    endloop
  endfacet
  facet normal 0.737259 0.67561 0
    outer loop
      vertex 53.6878 49.9407 9
      vertex 51.896 51.896 0
      vertex 51.896 51.896 9
    endloop
  endfacet
  facet normal 0.737259 0.67561 0
    outer loop
      vertex 51.896 51.896 0
      vertex 53.6878 49.9407 9
      vertex 53.6878 49.9407 0
    endloop
  endfacet
  facet normal 0.887008 0.461754 0
    outer loop
      vertex 57.9518 43.2476 9
      vertex 56.7272 45.6 0
      vertex 56.7272 45.6 9
    endloop
  endfacet
  facet normal 0.887008 0.461754 0
    outer loop
      vertex 56.7272 45.6 0
      vertex 57.9518 43.2476 9
      vertex 57.9518 43.2476 0
    endloop
  endfacet
  facet normal 0.130501 0.991448 -0
    outer loop
      vertex 35.6789 60.3382 0
      vertex 33.0495 60.6843 9
      vertex 35.6789 60.3382 9
    endloop
  endfacet
  facet normal 0.130501 0.991448 0
    outer loop
      vertex 33.0495 60.6843 9
      vertex 35.6789 60.3382 0
      vertex 33.0495 60.6843 0
    endloop
  endfacet
  facet normal 0.300677 0.953726 -0
    outer loop
      vertex 40.7974 58.9667 0
      vertex 38.2681 59.7641 9
      vertex 40.7974 58.9667 9
    endloop
  endfacet
  facet normal 0.300677 0.953726 0
    outer loop
      vertex 38.2681 59.7641 9
      vertex 40.7974 58.9667 0
      vertex 38.2681 59.7641 0
    endloop
  endfacet
  facet normal 0.216471 0.976289 -0
    outer loop
      vertex 38.2681 59.7641 0
      vertex 35.6789 60.3382 9
      vertex 38.2681 59.7641 9
    endloop
  endfacet
  facet normal 0.216471 0.976289 0
    outer loop
      vertex 35.6789 60.3382 9
      vertex 38.2681 59.7641 0
      vertex 35.6789 60.3382 0
    endloop
  endfacet
  facet normal 0.461754 0.887008 -0
    outer loop
      vertex 45.6 56.7272 0
      vertex 43.2476 57.9518 9
      vertex 45.6 56.7272 9
    endloop
  endfacet
  facet normal 0.461754 0.887008 0
    outer loop
      vertex 43.2476 57.9518 9
      vertex 45.6 56.7272 0
      vertex 43.2476 57.9518 0
    endloop
  endfacet
  facet normal 0.976289 -0.216471 0
    outer loop
      vertex 59.7641 22.5319 9
      vertex 60.3382 25.1211 0
      vertex 60.3382 25.1211 9
    endloop
  endfacet
  facet normal 0.976289 -0.216471 0
    outer loop
      vertex 60.3382 25.1211 0
      vertex 59.7641 22.5319 9
      vertex 59.7641 22.5319 0
    endloop
  endfacet
  facet normal 0 0 -1
    outer loop
      vertex 32.5 30.4 0
      vertex 60.8 30.4 0
      vertex 60.6843 27.7505 0
    endloop
  endfacet
  facet normal 0 0 -1
    outer loop
      vertex 32.492 30.217 0
      vertex 60.6843 27.7505 0
      vertex 60.3382 25.1211 0
    endloop
  endfacet
  facet normal 0 0 -1
    outer loop
      vertex 60.8 30.4 0
      vertex 32.5 30.4 0
      vertex 60.6843 33.0495 0
    endloop
  endfacet
  facet normal 0 0 -1
    outer loop
      vertex 32.4681 30.0353 0
      vertex 60.3382 25.1211 0
      vertex 59.7641 22.5319 0
    endloop
  endfacet
  facet normal 0 -0 -1
    outer loop
      vertex 37.1175 41.6825 0
      vertex 60.6843 33.0495 0
      vertex 32.5 30.4 0
    endloop
  endfacet
  facet normal 0 0 -1
    outer loop
      vertex 32.4284 29.8565 0
      vertex 59.7641 22.5319 0
      vertex 58.9667 20.0026 0
    endloop
  endfacet
  facet normal 0 0 -1
    outer loop
      vertex 60.6843 33.0495 0
      vertex 37.1175 41.6825 0
      vertex 60.3382 35.6789 0
    endloop
  endfacet
  facet normal 0 0 -1
    outer loop
      vertex 32.3734 29.6818 0
      vertex 58.9667 20.0026 0
      vertex 57.9518 17.5524 0
    endloop
  endfacet
  facet normal 0 -0 -1
    outer loop
      vertex 37.6774 42.2935 0
      vertex 60.3382 35.6789 0
      vertex 37.1175 41.6825 0
    endloop
  endfacet
  facet normal 0 0 -1
    outer loop
      vertex 32.3032 29.5125 0
      vertex 57.9518 17.5524 0
      vertex 56.7272 15.2 0
    endloop
  endfacet
  facet normal 0 0 -1
    outer loop
      vertex 60.3382 35.6789 0
      vertex 37.6774 42.2935 0
      vertex 59.7641 38.2681 0
    endloop
  endfacet
  facet normal 0 0 -1
    outer loop
      vertex 32.2187 29.35 0
      vertex 56.7272 15.2 0
      vertex 55.3022 12.9633 0
    endloop
  endfacet
  facet normal 0 -0 -1
    outer loop
      vertex 38.1819 42.951 0
      vertex 59.7641 38.2681 0
      vertex 37.6774 42.2935 0
    endloop
  endfacet
  facet normal 0 0 -1
    outer loop
      vertex 32.1202 29.1955 0
      vertex 55.3022 12.9633 0
      vertex 53.6878 10.8593 0
    endloop
  endfacet
  facet normal 0 0 -1
    outer loop
      vertex 58.9667 40.7974 0
      vertex 38.6272 43.65 0
      vertex 57.9518 43.2476 0
    endloop
  endfacet
  facet normal 0 0 -1
    outer loop
      vertex 32.0087 29.0501 0
      vertex 53.6878 10.8593 0
      vertex 51.896 8.90395 0
    endloop
  endfacet
  facet normal 0 -0 -1
    outer loop
      vertex 39.0099 44.3851 0
      vertex 57.9518 43.2476 0
      vertex 38.6272 43.65 0
    endloop
  endfacet
  facet normal 0 0 -1
    outer loop
      vertex 31.8849 28.9151 0
      vertex 51.896 8.90395 0
      vertex 49.9407 7.11225 0
    endloop
  endfacet
  facet normal 0 -0 -1
    outer loop
      vertex 39.3271 45.1508 0
      vertex 56.7272 45.6 0
      vertex 39.0099 44.3851 0
    endloop
  endfacet
  facet normal 0 0 -1
    outer loop
      vertex 31.7499 28.7913 0
      vertex 49.9407 7.11225 0
      vertex 47.8367 5.49778 0
    endloop
  endfacet
  facet normal 0 -0 -1
    outer loop
      vertex 39.5763 45.9412 0
      vertex 55.3022 47.8367 0
      vertex 39.3271 45.1508 0
    endloop
  endfacet
  facet normal 0 0 -1
    outer loop
      vertex 31.6045 28.6798 0
      vertex 47.8367 5.49778 0
      vertex 45.6 4.07283 0
    endloop
  endfacet
  facet normal 0 -0 -1
    outer loop
      vertex 39.7557 46.7503 0
      vertex 53.6878 49.9407 0
      vertex 39.5763 45.9412 0
    endloop
  endfacet
  facet normal 0 0 -1
    outer loop
      vertex 31.45 28.5813 0
      vertex 45.6 4.07283 0
      vertex 43.2476 2.84824 0
    endloop
  endfacet
  facet normal 0 -0 -1
    outer loop
      vertex 39.8638 47.572 0
      vertex 51.896 51.896 0
      vertex 39.7557 46.7503 0
    endloop
  endfacet
  facet normal 0 0 -1
    outer loop
      vertex 31.2875 28.4968 0
      vertex 43.2476 2.84824 0
      vertex 40.7974 1.83334 0
    endloop
  endfacet
  facet normal -0 0 -1
    outer loop
      vertex 51.896 51.896 0
      vertex 39.9 48.4 0
      vertex 49.9407 53.6878 0
    endloop
  endfacet
  facet normal 0 0 -1
    outer loop
      vertex 39.7557 50.0497 0
      vertex 47.8367 55.3022 0
      vertex 39.8638 49.228 0
    endloop
  endfacet
  facet normal 0 0 -1
    outer loop
      vertex 39.5763 50.8588 0
      vertex 47.8367 55.3022 0
      vertex 39.7557 50.0497 0
    endloop
  endfacet
  facet normal -0 0 -1
    outer loop
      vertex 49.9407 53.6878 0
      vertex 39.8638 49.228 0
      vertex 47.8367 55.3022 0
    endloop
  endfacet
  facet normal 0 0 -1
    outer loop
      vertex 39.8638 49.228 0
      vertex 49.9407 53.6878 0
      vertex 39.9 48.4 0
    endloop
  endfacet
  facet normal 0 -0 -1
    outer loop
      vertex 39.9 48.4 0
      vertex 51.896 51.896 0
      vertex 39.8638 47.572 0
    endloop
  endfacet
  facet normal -0 0 -1
    outer loop
      vertex 53.6878 49.9407 0
      vertex 39.7557 46.7503 0
      vertex 51.896 51.896 0
    endloop
  endfacet
  facet normal -0 0 -1
    outer loop
      vertex 55.3022 47.8367 0
      vertex 39.5763 45.9412 0
      vertex 53.6878 49.9407 0
    endloop
  endfacet
  facet normal 0 0 -1
    outer loop
      vertex 31.1182 28.4266 0
      vertex 40.7974 1.83334 0
      vertex 38.2681 1.03586 0
    endloop
  endfacet
  facet normal -0 0 -1
    outer loop
      vertex 56.7272 45.6 0
      vertex 39.3271 45.1508 0
      vertex 55.3022 47.8367 0
    endloop
  endfacet
  facet normal 0 0 -1
    outer loop
      vertex 60.3382 25.1211 0
      vertex 32.4681 30.0353 0
      vertex 32.492 30.217 0
    endloop
  endfacet
  facet normal 0 0 -1
    outer loop
      vertex 57.9518 43.2476 0
      vertex 39.0099 44.3851 0
      vertex 56.7272 45.6 0
    endloop
  endfacet
  facet normal 0 0 -1
    outer loop
      vertex 60.6843 27.7505 0
      vertex 32.492 30.217 0
      vertex 32.5 30.4 0
    endloop
  endfacet
  facet normal 0 -0 -1
    outer loop
      vertex 38.6272 43.65 0
      vertex 58.9667 40.7974 0
      vertex 38.1819 42.951 0
    endloop
  endfacet
  facet normal 0 0 -1
    outer loop
      vertex 30.9435 28.3716 0
      vertex 38.2681 1.03586 0
      vertex 35.6789 0.461845 0
    endloop
  endfacet
  facet normal 0 0 -1
    outer loop
      vertex 59.7641 38.2681 0
      vertex 38.1819 42.951 0
      vertex 58.9667 40.7974 0
    endloop
  endfacet
  facet normal 0 0 -1
    outer loop
      vertex 32.492 30.583 0
      vertex 37.1175 41.6825 0
      vertex 32.5 30.4 0
    endloop
  endfacet
  facet normal 0 0 -1
    outer loop
      vertex 32.4681 30.7647 0
      vertex 36.5065 41.1226 0
      vertex 32.492 30.583 0
    endloop
  endfacet
  facet normal 0 0 -1
    outer loop
      vertex 30.7647 28.3319 0
      vertex 35.6789 0.461845 0
      vertex 33.0495 0.115682 0
    endloop
  endfacet
  facet normal 0 0 -1
    outer loop
      vertex 36.5065 41.1226 0
      vertex 32.4681 30.7647 0
      vertex 35.849 40.6181 0
    endloop
  endfacet
  facet normal 0 0 -1
    outer loop
      vertex 32.3734 31.1182 0
      vertex 35.849 40.6181 0
      vertex 32.4284 30.9435 0
    endloop
  endfacet
  facet normal 0 0 -1
    outer loop
      vertex 32.4284 30.9435 0
      vertex 35.849 40.6181 0
      vertex 32.4681 30.7647 0
    endloop
  endfacet
  facet normal 0 0 -1
    outer loop
      vertex 37.1175 41.6825 0
      vertex 32.492 30.583 0
      vertex 36.5065 41.1226 0
    endloop
  endfacet
  facet normal 0 0 -1
    outer loop
      vertex 59.7641 22.5319 0
      vertex 32.4284 29.8565 0
      vertex 32.4681 30.0353 0
    endloop
  endfacet
  facet normal 0 0 -1
    outer loop
      vertex 58.9667 20.0026 0
      vertex 32.3734 29.6818 0
      vertex 32.4284 29.8565 0
    endloop
  endfacet
  facet normal 0 0 -1
    outer loop
      vertex 57.9518 17.5524 0
      vertex 32.3032 29.5125 0
      vertex 32.3734 29.6818 0
    endloop
  endfacet
  facet normal 0 0 -1
    outer loop
      vertex 56.7272 15.2 0
      vertex 32.2187 29.35 0
      vertex 32.3032 29.5125 0
    endloop
  endfacet
  facet normal 0 0 -1
    outer loop
      vertex 55.3022 12.9633 0
      vertex 32.1202 29.1955 0
      vertex 32.2187 29.35 0
    endloop
  endfacet
  facet normal 0 0 -1
    outer loop
      vertex 53.6878 10.8593 0
      vertex 32.0087 29.0501 0
      vertex 32.1202 29.1955 0
    endloop
  endfacet
  facet normal 0 0 -1
    outer loop
      vertex 51.896 8.90395 0
      vertex 31.8849 28.9151 0
      vertex 32.0087 29.0501 0
    endloop
  endfacet
  facet normal 0 0 -1
    outer loop
      vertex 49.9407 7.11225 0
      vertex 31.7499 28.7913 0
      vertex 31.8849 28.9151 0
    endloop
  endfacet
  facet normal 0 0 -1
    outer loop
      vertex 47.8367 5.49778 0
      vertex 31.6045 28.6798 0
      vertex 31.7499 28.7913 0
    endloop
  endfacet
  facet normal 0 0 -1
    outer loop
      vertex 45.6 4.07283 0
      vertex 31.45 28.5813 0
      vertex 31.6045 28.6798 0
    endloop
  endfacet
  facet normal 0 0 -1
    outer loop
      vertex 43.2476 2.84824 0
      vertex 31.2875 28.4968 0
      vertex 31.45 28.5813 0
    endloop
  endfacet
  facet normal 0 0 -1
    outer loop
      vertex 40.7974 1.83334 0
      vertex 31.1182 28.4266 0
      vertex 31.2875 28.4968 0
    endloop
  endfacet
  facet normal 0 0 -1
    outer loop
      vertex 38.2681 1.03586 0
      vertex 30.9435 28.3716 0
      vertex 31.1182 28.4266 0
    endloop
  endfacet
  facet normal 0 0 -1
    outer loop
      vertex 35.6789 0.461845 0
      vertex 30.7647 28.3319 0
      vertex 30.9435 28.3716 0
    endloop
  endfacet
  facet normal 0 0 -1
    outer loop
      vertex 33.0495 0.115682 0
      vertex 30.583 28.308 0
      vertex 30.7647 28.3319 0
    endloop
  endfacet
  facet normal 0 0 -1
    outer loop
      vertex 30.4 3.8147e-07 0
      vertex 30.583 28.308 0
      vertex 33.0495 0.115682 0
    endloop
  endfacet
  facet normal 0 0 -1
    outer loop
      vertex 30.4 3.8147e-07 0
      vertex 30.4 28.3 0
      vertex 30.583 28.308 0
    endloop
  endfacet
  facet normal 0 0 -1
    outer loop
      vertex 30.4 3.8147e-07 0
      vertex 30.217 28.308 0
      vertex 30.4 28.3 0
    endloop
  endfacet
  facet normal 0 0 -1
    outer loop
      vertex 27.7505 0.115682 0
      vertex 30.217 28.308 0
      vertex 30.4 3.8147e-07 0
    endloop
  endfacet
  facet normal -0 0 -1
    outer loop
      vertex 30.217 28.308 0
      vertex 27.7505 0.115682 0
      vertex 30.0353 28.3319 0
    endloop
  endfacet
  facet normal 0 0 -1
    outer loop
      vertex 25.1211 0.461845 0
      vertex 30.0353 28.3319 0
      vertex 27.7505 0.115682 0
    endloop
  endfacet
  facet normal -0 0 -1
    outer loop
      vertex 30.0353 28.3319 0
      vertex 25.1211 0.461845 0
      vertex 29.8565 28.3716 0
    endloop
  endfacet
  facet normal 0 0 -1
    outer loop
      vertex 22.5319 1.03586 0
      vertex 29.8565 28.3716 0
      vertex 25.1211 0.461845 0
    endloop
  endfacet
  facet normal -0 0 -1
    outer loop
      vertex 29.8565 28.3716 0
      vertex 22.5319 1.03586 0
      vertex 29.6818 28.4266 0
    endloop
  endfacet
  facet normal 0 0 -1
    outer loop
      vertex 20.0026 1.83334 0
      vertex 29.6818 28.4266 0
      vertex 22.5319 1.03586 0
    endloop
  endfacet
  facet normal -0 0 -1
    outer loop
      vertex 29.6818 28.4266 0
      vertex 20.0026 1.83334 0
      vertex 29.5125 28.4968 0
    endloop
  endfacet
  facet normal 0 0 -1
    outer loop
      vertex 17.5524 2.84824 0
      vertex 29.5125 28.4968 0
      vertex 20.0026 1.83334 0
    endloop
  endfacet
  facet normal -0 0 -1
    outer loop
      vertex 29.5125 28.4968 0
      vertex 17.5524 2.84824 0
      vertex 29.35 28.5813 0
    endloop
  endfacet
  facet normal 0 0 -1
    outer loop
      vertex 15.2 4.07283 0
      vertex 29.35 28.5813 0
      vertex 17.5524 2.84824 0
    endloop
  endfacet
  facet normal -0 0 -1
    outer loop
      vertex 29.35 28.5813 0
      vertex 15.2 4.07283 0
      vertex 29.1955 28.6798 0
    endloop
  endfacet
  facet normal 0 0 -1
    outer loop
      vertex 12.9633 5.49778 0
      vertex 29.1955 28.6798 0
      vertex 15.2 4.07283 0
    endloop
  endfacet
  facet normal -0 0 -1
    outer loop
      vertex 29.1955 28.6798 0
      vertex 12.9633 5.49778 0
      vertex 29.0501 28.7913 0
    endloop
  endfacet
  facet normal 0 0 -1
    outer loop
      vertex 10.8593 7.11225 0
      vertex 29.0501 28.7913 0
      vertex 12.9633 5.49778 0
    endloop
  endfacet
  facet normal -0 0 -1
    outer loop
      vertex 29.0501 28.7913 0
      vertex 10.8593 7.11225 0
      vertex 28.9151 28.9151 0
    endloop
  endfacet
  facet normal 0 0 -1
    outer loop
      vertex 8.90395 8.90395 0
      vertex 28.9151 28.9151 0
      vertex 10.8593 7.11225 0
    endloop
  endfacet
  facet normal -0 0 -1
    outer loop
      vertex 28.9151 28.9151 0
      vertex 8.90395 8.90395 0
      vertex 28.7913 29.0501 0
    endloop
  endfacet
  facet normal 0 0 -1
    outer loop
      vertex 7.11225 10.8593 0
      vertex 28.7913 29.0501 0
      vertex 8.90395 8.90395 0
    endloop
  endfacet
  facet normal -0 0 -1
    outer loop
      vertex 28.7913 29.0501 0
      vertex 7.11225 10.8593 0
      vertex 28.6798 29.1955 0
    endloop
  endfacet
  facet normal 0 0 -1
    outer loop
      vertex 5.49778 12.9633 0
      vertex 28.6798 29.1955 0
      vertex 7.11225 10.8593 0
    endloop
  endfacet
  facet normal -0 0 -1
    outer loop
      vertex 28.6798 29.1955 0
      vertex 5.49778 12.9633 0
      vertex 28.5813 29.35 0
    endloop
  endfacet
  facet normal 0 0 -1
    outer loop
      vertex 4.07283 15.2 0
      vertex 28.5813 29.35 0
      vertex 5.49778 12.9633 0
    endloop
  endfacet
  facet normal -0 0 -1
    outer loop
      vertex 28.5813 29.35 0
      vertex 4.07283 15.2 0
      vertex 28.4968 29.5125 0
    endloop
  endfacet
  facet normal 0 0 -1
    outer loop
      vertex 2.84824 17.5524 0
      vertex 28.4968 29.5125 0
      vertex 4.07283 15.2 0
    endloop
  endfacet
  facet normal -0 0 -1
    outer loop
      vertex 28.4968 29.5125 0
      vertex 2.84824 17.5524 0
      vertex 28.4266 29.6818 0
    endloop
  endfacet
  facet normal 0 0 -1
    outer loop
      vertex 1.83334 20.0026 0
      vertex 28.4266 29.6818 0
      vertex 2.84824 17.5524 0
    endloop
  endfacet
  facet normal 0 0 -1
    outer loop
      vertex 28.3 30.4 0
      vertex 27.1508 39.4729 0
      vertex 27.9412 39.2237 0
    endloop
  endfacet
  facet normal -0 0 -1
    outer loop
      vertex 28.4266 29.6818 0
      vertex 1.83334 20.0026 0
      vertex 28.3716 29.8565 0
    endloop
  endfacet
  facet normal 0 0 -1
    outer loop
      vertex 1.03585 22.5319 0
      vertex 28.3716 29.8565 0
      vertex 1.83334 20.0026 0
    endloop
  endfacet
  facet normal 0 0 -1
    outer loop
      vertex 28.3 30.4 0
      vertex 26.3851 39.7901 0
      vertex 27.1508 39.4729 0
    endloop
  endfacet
  facet normal -0 0 -1
    outer loop
      vertex 28.3716 29.8565 0
      vertex 1.03585 22.5319 0
      vertex 28.3319 30.0353 0
    endloop
  endfacet
  facet normal 0 0 -1
    outer loop
      vertex 0.461844 25.1211 0
      vertex 28.3319 30.0353 0
      vertex 1.03585 22.5319 0
    endloop
  endfacet
  facet normal 0 0 -1
    outer loop
      vertex 28.3 30.4 0
      vertex 25.65 40.1728 0
      vertex 26.3851 39.7901 0
    endloop
  endfacet
  facet normal -0 0 -1
    outer loop
      vertex 28.3319 30.0353 0
      vertex 0.461844 25.1211 0
      vertex 28.308 30.217 0
    endloop
  endfacet
  facet normal 0 0 -1
    outer loop
      vertex 0.115681 27.7505 0
      vertex 28.308 30.217 0
      vertex 0.461844 25.1211 0
    endloop
  endfacet
  facet normal 0 0 -1
    outer loop
      vertex 28.3 30.4 0
      vertex 24.951 40.6181 0
      vertex 25.65 40.1728 0
    endloop
  endfacet
  facet normal -0 0 -1
    outer loop
      vertex 47.8367 55.3022 0
      vertex 39.5763 50.8588 0
      vertex 45.6 56.7272 0
    endloop
  endfacet
  facet normal 0 0 -1
    outer loop
      vertex 39.3271 51.6492 0
      vertex 45.6 56.7272 0
      vertex 39.5763 50.8588 0
    endloop
  endfacet
  facet normal 0 0 -1
    outer loop
      vertex 39.0099 52.4149 0
      vertex 45.6 56.7272 0
      vertex 39.3271 51.6492 0
    endloop
  endfacet
  facet normal -0 0 -1
    outer loop
      vertex 45.6 56.7272 0
      vertex 39.0099 52.4149 0
      vertex 43.2476 57.9518 0
    endloop
  endfacet
  facet normal 0 0 -1
    outer loop
      vertex 38.6272 53.15 0
      vertex 43.2476 57.9518 0
      vertex 39.0099 52.4149 0
    endloop
  endfacet
  facet normal 0 0 -1
    outer loop
      vertex 38.1819 53.849 0
      vertex 43.2476 57.9518 0
      vertex 38.6272 53.15 0
    endloop
  endfacet
  facet normal -0 0 -1
    outer loop
      vertex 43.2476 57.9518 0
      vertex 38.1819 53.849 0
      vertex 40.7974 58.9667 0
    endloop
  endfacet
  facet normal 0 0 -1
    outer loop
      vertex 37.6774 54.5065 0
      vertex 40.7974 58.9667 0
      vertex 38.1819 53.849 0
    endloop
  endfacet
  facet normal 0 0 -1
    outer loop
      vertex 37.1175 55.1175 0
      vertex 40.7974 58.9667 0
      vertex 37.6774 54.5065 0
    endloop
  endfacet
  facet normal -0 0 -1
    outer loop
      vertex 40.7974 58.9667 0
      vertex 37.1175 55.1175 0
      vertex 38.2681 59.7641 0
    endloop
  endfacet
  facet normal 0 0 -1
    outer loop
      vertex 36.5065 55.6774 0
      vertex 38.2681 59.7641 0
      vertex 37.1175 55.1175 0
    endloop
  endfacet
  facet normal 0 0 -1
    outer loop
      vertex 35.849 56.1819 0
      vertex 38.2681 59.7641 0
      vertex 36.5065 55.6774 0
    endloop
  endfacet
  facet normal 0 0 -1
    outer loop
      vertex 35.15 56.6272 0
      vertex 38.2681 59.7641 0
      vertex 35.849 56.1819 0
    endloop
  endfacet
  facet normal -0 0 -1
    outer loop
      vertex 38.2681 59.7641 0
      vertex 35.15 56.6272 0
      vertex 35.6789 60.3382 0
    endloop
  endfacet
  facet normal 0 0 -1
    outer loop
      vertex 34.4149 57.0099 0
      vertex 35.6789 60.3382 0
      vertex 35.15 56.6272 0
    endloop
  endfacet
  facet normal 0 0 -1
    outer loop
      vertex 33.6492 57.3271 0
      vertex 35.6789 60.3382 0
      vertex 34.4149 57.0099 0
    endloop
  endfacet
  facet normal 0 0 -1
    outer loop
      vertex 33.6492 57.3271 0
      vertex 33.0495 60.6843 0
      vertex 35.6789 60.3382 0
    endloop
  endfacet
  facet normal 0 0 -1
    outer loop
      vertex 32.8588 57.5763 0
      vertex 33.0495 60.6843 0
      vertex 33.6492 57.3271 0
    endloop
  endfacet
  facet normal 0 0 -1
    outer loop
      vertex 32.0497 57.7557 0
      vertex 33.0495 60.6843 0
      vertex 32.8588 57.5763 0
    endloop
  endfacet
  facet normal 0 0 -1
    outer loop
      vertex 31.228 57.8638 0
      vertex 33.0495 60.6843 0
      vertex 32.0497 57.7557 0
    endloop
  endfacet
  facet normal 0 0 -1
    outer loop
      vertex 30.4 60.8 0
      vertex 31.228 57.8638 0
      vertex 30.4 57.9 0
    endloop
  endfacet
  facet normal 0 0 -1
    outer loop
      vertex 31.228 57.8638 0
      vertex 30.4 60.8 0
      vertex 33.0495 60.6843 0
    endloop
  endfacet
  facet normal 0 0 -1
    outer loop
      vertex 29.572 57.8638 0
      vertex 30.4 60.8 0
      vertex 30.4 57.9 0
    endloop
  endfacet
  facet normal 0 0 -1
    outer loop
      vertex 27.7505 60.6843 0
      vertex 29.572 57.8638 0
      vertex 28.7503 57.7557 0
    endloop
  endfacet
  facet normal 0 0 -1
    outer loop
      vertex 27.7505 60.6843 0
      vertex 28.7503 57.7557 0
      vertex 27.9412 57.5763 0
    endloop
  endfacet
  facet normal 0 0 -1
    outer loop
      vertex 29.572 57.8638 0
      vertex 27.7505 60.6843 0
      vertex 30.4 60.8 0
    endloop
  endfacet
  facet normal 0 0 -1
    outer loop
      vertex 27.1508 57.3271 0
      vertex 27.7505 60.6843 0
      vertex 27.9412 57.5763 0
    endloop
  endfacet
  facet normal 0 0 -1
    outer loop
      vertex 25.1211 60.3382 0
      vertex 27.1508 57.3271 0
      vertex 26.3851 57.0099 0
    endloop
  endfacet
  facet normal 0 0 -1
    outer loop
      vertex 25.1211 60.3382 0
      vertex 26.3851 57.0099 0
      vertex 25.65 56.6272 0
    endloop
  endfacet
  facet normal 0 0 -1
    outer loop
      vertex 27.1508 57.3271 0
      vertex 25.1211 60.3382 0
      vertex 27.7505 60.6843 0
    endloop
  endfacet
  facet normal 0 0 -1
    outer loop
      vertex 22.5319 59.7641 0
      vertex 25.65 56.6272 0
      vertex 24.951 56.1819 0
    endloop
  endfacet
  facet normal 0 0 -1
    outer loop
      vertex 22.5319 59.7641 0
      vertex 24.951 56.1819 0
      vertex 24.2935 55.6774 0
    endloop
  endfacet
  facet normal 0 0 -1
    outer loop
      vertex 22.5319 59.7641 0
      vertex 24.2935 55.6774 0
      vertex 23.6825 55.1175 0
    endloop
  endfacet
  facet normal 0 0 -1
    outer loop
      vertex 20.0026 58.9667 0
      vertex 23.6825 55.1175 0
      vertex 23.1226 54.5065 0
    endloop
  endfacet
  facet normal 0 0 -1
    outer loop
      vertex 20.0026 58.9667 0
      vertex 23.1226 54.5065 0
      vertex 22.6181 53.849 0
    endloop
  endfacet
  facet normal 0 0 -1
    outer loop
      vertex 25.65 56.6272 0
      vertex 22.5319 59.7641 0
      vertex 25.1211 60.3382 0
    endloop
  endfacet
  facet normal 0 0 -1
    outer loop
      vertex 17.5524 57.9518 0
      vertex 22.6181 53.849 0
      vertex 22.1728 53.15 0
    endloop
  endfacet
  facet normal 0 0 -1
    outer loop
      vertex 17.5524 57.9518 0
      vertex 22.1728 53.15 0
      vertex 21.7901 52.4149 0
    endloop
  endfacet
  facet normal 0 0 -1
    outer loop
      vertex 15.2 56.7272 0
      vertex 21.7901 52.4149 0
      vertex 21.4729 51.6492 0
    endloop
  endfacet
  facet normal 0 0 -1
    outer loop
      vertex 15.2 56.7272 0
      vertex 21.4729 51.6492 0
      vertex 21.2237 50.8588 0
    endloop
  endfacet
  facet normal 0 0 -1
    outer loop
      vertex 12.9633 55.3022 0
      vertex 21.2237 50.8588 0
      vertex 21.0443 50.0497 0
    endloop
  endfacet
  facet normal 0 0 -1
    outer loop
      vertex 23.6825 55.1175 0
      vertex 20.0026 58.9667 0
      vertex 22.5319 59.7641 0
    endloop
  endfacet
  facet normal 0 0 -1
    outer loop
      vertex 12.9633 55.3022 0
      vertex 21.0443 50.0497 0
      vertex 20.9361 49.228 0
    endloop
  endfacet
  facet normal 0 0 -1
    outer loop
      vertex 10.8593 53.6878 0
      vertex 20.9361 49.228 0
      vertex 20.9 48.4 0
    endloop
  endfacet
  facet normal -0 0 -1
    outer loop
      vertex 28.308 30.217 0
      vertex 0.115681 27.7505 0
      vertex 28.3 30.4 0
    endloop
  endfacet
  facet normal 0 0 -1
    outer loop
      vertex -5.72205e-07 30.4 0
      vertex 28.3 30.4 0
      vertex 0.115681 27.7505 0
    endloop
  endfacet
  facet normal 0 0 -1
    outer loop
      vertex 22.6181 53.849 0
      vertex 17.5524 57.9518 0
      vertex 20.0026 58.9667 0
    endloop
  endfacet
  facet normal 0 0 -1
    outer loop
      vertex 28.3 30.4 0
      vertex 24.2935 41.1226 0
      vertex 24.951 40.6181 0
    endloop
  endfacet
  facet normal 0 0 -1
    outer loop
      vertex 21.7901 52.4149 0
      vertex 15.2 56.7272 0
      vertex 17.5524 57.9518 0
    endloop
  endfacet
  facet normal 0 -0 -1
    outer loop
      vertex 23.6825 41.6825 0
      vertex 28.3 30.4 0
      vertex -5.72205e-07 30.4 0
    endloop
  endfacet
  facet normal 0 0 -1
    outer loop
      vertex 21.2237 50.8588 0
      vertex 12.9633 55.3022 0
      vertex 15.2 56.7272 0
    endloop
  endfacet
  facet normal 0 0 -1
    outer loop
      vertex 28.3 30.4 0
      vertex 23.6825 41.6825 0
      vertex 24.2935 41.1226 0
    endloop
  endfacet
  facet normal 0 0 -1
    outer loop
      vertex 20.9361 49.228 0
      vertex 10.8593 53.6878 0
      vertex 12.9633 55.3022 0
    endloop
  endfacet
  facet normal 0 -0 -1
    outer loop
      vertex 0.115681 33.0495 0
      vertex 23.6825 41.6825 0
      vertex -5.72205e-07 30.4 0
    endloop
  endfacet
  facet normal 0 0 -1
    outer loop
      vertex 20.9 48.4 0
      vertex 8.90395 51.896 0
      vertex 10.8593 53.6878 0
    endloop
  endfacet
  facet normal 0 -0 -1
    outer loop
      vertex 0.461844 35.6789 0
      vertex 23.6825 41.6825 0
      vertex 0.115681 33.0495 0
    endloop
  endfacet
  facet normal 0 0 -1
    outer loop
      vertex 20.9361 47.572 0
      vertex 8.90395 51.896 0
      vertex 20.9 48.4 0
    endloop
  endfacet
  facet normal -0 0 -1
    outer loop
      vertex 23.6825 41.6825 0
      vertex 0.461844 35.6789 0
      vertex 23.1226 42.2935 0
    endloop
  endfacet
  facet normal 0 0 -1
    outer loop
      vertex 21.0443 46.7503 0
      vertex 8.90395 51.896 0
      vertex 20.9361 47.572 0
    endloop
  endfacet
  facet normal 0 -0 -1
    outer loop
      vertex 1.03585 38.2681 0
      vertex 23.1226 42.2935 0
      vertex 0.461844 35.6789 0
    endloop
  endfacet
  facet normal 0 -0 -1
    outer loop
      vertex 8.90395 51.896 0
      vertex 21.0443 46.7503 0
      vertex 7.11225 49.9407 0
    endloop
  endfacet
  facet normal -0 0 -1
    outer loop
      vertex 23.1226 42.2935 0
      vertex 1.03585 38.2681 0
      vertex 22.6181 42.951 0
    endloop
  endfacet
  facet normal 0 0 -1
    outer loop
      vertex 21.2237 45.9412 0
      vertex 7.11225 49.9407 0
      vertex 21.0443 46.7503 0
    endloop
  endfacet
  facet normal 0 -0 -1
    outer loop
      vertex 1.83334 40.7974 0
      vertex 22.6181 42.951 0
      vertex 1.03585 38.2681 0
    endloop
  endfacet
  facet normal 0 -0 -1
    outer loop
      vertex 7.11225 49.9407 0
      vertex 21.2237 45.9412 0
      vertex 5.49778 47.8367 0
    endloop
  endfacet
  facet normal -0 0 -1
    outer loop
      vertex 22.6181 42.951 0
      vertex 1.83334 40.7974 0
      vertex 22.1728 43.65 0
    endloop
  endfacet
  facet normal 0 0 -1
    outer loop
      vertex 21.4729 45.1508 0
      vertex 5.49778 47.8367 0
      vertex 21.2237 45.9412 0
    endloop
  endfacet
  facet normal 0 -0 -1
    outer loop
      vertex 2.84824 43.2476 0
      vertex 22.1728 43.65 0
      vertex 1.83334 40.7974 0
    endloop
  endfacet
  facet normal 0 -0 -1
    outer loop
      vertex 5.49778 47.8367 0
      vertex 21.4729 45.1508 0
      vertex 4.07283 45.6 0
    endloop
  endfacet
  facet normal -0 0 -1
    outer loop
      vertex 22.1728 43.65 0
      vertex 2.84824 43.2476 0
      vertex 21.7901 44.3851 0
    endloop
  endfacet
  facet normal 0 0 -1
    outer loop
      vertex 21.7901 44.3851 0
      vertex 4.07283 45.6 0
      vertex 21.4729 45.1508 0
    endloop
  endfacet
  facet normal 0 -0 -1
    outer loop
      vertex 4.07283 45.6 0
      vertex 21.7901 44.3851 0
      vertex 2.84824 43.2476 0
    endloop
  endfacet
  facet normal 0 0 -1
    outer loop
      vertex 35.849 40.6181 0
      vertex 32.3734 31.1182 0
      vertex 35.15 40.1728 0
    endloop
  endfacet
  facet normal 0 0 -1
    outer loop
      vertex 32.3032 31.2875 0
      vertex 35.15 40.1728 0
      vertex 32.3734 31.1182 0
    endloop
  endfacet
  facet normal 0 0 -1
    outer loop
      vertex 32.2187 31.45 0
      vertex 35.15 40.1728 0
      vertex 32.3032 31.2875 0
    endloop
  endfacet
  facet normal 0 0 -1
    outer loop
      vertex 35.15 40.1728 0
      vertex 32.2187 31.45 0
      vertex 34.4149 39.7901 0
    endloop
  endfacet
  facet normal 0 0 -1
    outer loop
      vertex 32.1202 31.6045 0
      vertex 34.4149 39.7901 0
      vertex 32.2187 31.45 0
    endloop
  endfacet
  facet normal 0 0 -1
    outer loop
      vertex 32.0087 31.7499 0
      vertex 34.4149 39.7901 0
      vertex 32.1202 31.6045 0
    endloop
  endfacet
  facet normal 0 0 -1
    outer loop
      vertex 34.4149 39.7901 0
      vertex 32.0087 31.7499 0
      vertex 33.6492 39.4729 0
    endloop
  endfacet
  facet normal 0 0 -1
    outer loop
      vertex 31.8849 31.8849 0
      vertex 33.6492 39.4729 0
      vertex 32.0087 31.7499 0
    endloop
  endfacet
  facet normal 0 0 -1
    outer loop
      vertex 31.7499 32.0087 0
      vertex 33.6492 39.4729 0
      vertex 31.8849 31.8849 0
    endloop
  endfacet
  facet normal 0 0 -1
    outer loop
      vertex 33.6492 39.4729 0
      vertex 31.7499 32.0087 0
      vertex 32.8588 39.2237 0
    endloop
  endfacet
  facet normal 0 0 -1
    outer loop
      vertex 31.6045 32.1202 0
      vertex 32.8588 39.2237 0
      vertex 31.7499 32.0087 0
    endloop
  endfacet
  facet normal 0 0 -1
    outer loop
      vertex 31.45 32.2187 0
      vertex 32.8588 39.2237 0
      vertex 31.6045 32.1202 0
    endloop
  endfacet
  facet normal 0 0 -1
    outer loop
      vertex 32.8588 39.2237 0
      vertex 31.45 32.2187 0
      vertex 32.0497 39.0443 0
    endloop
  endfacet
  facet normal 0 0 -1
    outer loop
      vertex 31.2875 32.3032 0
      vertex 32.0497 39.0443 0
      vertex 31.45 32.2187 0
    endloop
  endfacet
  facet normal 0 0 -1
    outer loop
      vertex 31.1182 32.3734 0
      vertex 32.0497 39.0443 0
      vertex 31.2875 32.3032 0
    endloop
  endfacet
  facet normal 0 0 -1
    outer loop
      vertex 32.0497 39.0443 0
      vertex 31.1182 32.3734 0
      vertex 31.228 38.9361 0
    endloop
  endfacet
  facet normal 0 0 -1
    outer loop
      vertex 30.9435 32.4284 0
      vertex 31.228 38.9361 0
      vertex 31.1182 32.3734 0
    endloop
  endfacet
  facet normal 0 0 -1
    outer loop
      vertex 30.7647 32.4681 0
      vertex 31.228 38.9361 0
      vertex 30.9435 32.4284 0
    endloop
  endfacet
  facet normal 0 0 -1
    outer loop
      vertex 30.583 32.492 0
      vertex 31.228 38.9361 0
      vertex 30.7647 32.4681 0
    endloop
  endfacet
  facet normal 0 0 -1
    outer loop
      vertex 30.4 38.9 0
      vertex 30.583 32.492 0
      vertex 30.4 32.5 0
    endloop
  endfacet
  facet normal 0 0 -1
    outer loop
      vertex 30.583 32.492 0
      vertex 30.4 38.9 0
      vertex 31.228 38.9361 0
    endloop
  endfacet
  facet normal 0 0 -1
    outer loop
      vertex 30.217 32.492 0
      vertex 30.4 38.9 0
      vertex 30.4 32.5 0
    endloop
  endfacet
  facet normal 0 0 -1
    outer loop
      vertex 29.572 38.9361 0
      vertex 30.217 32.492 0
      vertex 30.0353 32.4681 0
    endloop
  endfacet
  facet normal 0 0 -1
    outer loop
      vertex 29.572 38.9361 0
      vertex 30.0353 32.4681 0
      vertex 29.8565 32.4284 0
    endloop
  endfacet
  facet normal 0 0 -1
    outer loop
      vertex 29.572 38.9361 0
      vertex 29.8565 32.4284 0
      vertex 29.6818 32.3734 0
    endloop
  endfacet
  facet normal 0 0 -1
    outer loop
      vertex 30.217 32.492 0
      vertex 29.572 38.9361 0
      vertex 30.4 38.9 0
    endloop
  endfacet
  facet normal 0 0 -1
    outer loop
      vertex 28.7503 39.0443 0
      vertex 29.6818 32.3734 0
      vertex 29.5125 32.3032 0
    endloop
  endfacet
  facet normal 0 0 -1
    outer loop
      vertex 28.7503 39.0443 0
      vertex 29.5125 32.3032 0
      vertex 29.35 32.2187 0
    endloop
  endfacet
  facet normal 0 0 -1
    outer loop
      vertex 27.9412 39.2237 0
      vertex 29.35 32.2187 0
      vertex 29.1955 32.1202 0
    endloop
  endfacet
  facet normal 0 0 -1
    outer loop
      vertex 27.9412 39.2237 0
      vertex 29.1955 32.1202 0
      vertex 29.0501 32.0087 0
    endloop
  endfacet
  facet normal 0 0 -1
    outer loop
      vertex 27.9412 39.2237 0
      vertex 29.0501 32.0087 0
      vertex 28.9151 31.8849 0
    endloop
  endfacet
  facet normal 0 0 -1
    outer loop
      vertex 27.9412 39.2237 0
      vertex 28.9151 31.8849 0
      vertex 28.7913 31.7499 0
    endloop
  endfacet
  facet normal 0 0 -1
    outer loop
      vertex 29.6818 32.3734 0
      vertex 28.7503 39.0443 0
      vertex 29.572 38.9361 0
    endloop
  endfacet
  facet normal 0 0 -1
    outer loop
      vertex 27.9412 39.2237 0
      vertex 28.7913 31.7499 0
      vertex 28.6798 31.6045 0
    endloop
  endfacet
  facet normal 0 0 -1
    outer loop
      vertex 27.9412 39.2237 0
      vertex 28.6798 31.6045 0
      vertex 28.5813 31.45 0
    endloop
  endfacet
  facet normal 0 0 -1
    outer loop
      vertex 27.9412 39.2237 0
      vertex 28.5813 31.45 0
      vertex 28.4968 31.2875 0
    endloop
  endfacet
  facet normal 0 0 -1
    outer loop
      vertex 27.9412 39.2237 0
      vertex 28.4968 31.2875 0
      vertex 28.4266 31.1182 0
    endloop
  endfacet
  facet normal 0 0 -1
    outer loop
      vertex 27.9412 39.2237 0
      vertex 28.4266 31.1182 0
      vertex 28.3716 30.9435 0
    endloop
  endfacet
  facet normal 0 0 -1
    outer loop
      vertex 27.9412 39.2237 0
      vertex 28.3716 30.9435 0
      vertex 28.3319 30.7647 0
    endloop
  endfacet
  facet normal 0 0 -1
    outer loop
      vertex 27.9412 39.2237 0
      vertex 28.3319 30.7647 0
      vertex 28.308 30.583 0
    endloop
  endfacet
  facet normal 0 0 -1
    outer loop
      vertex 29.35 32.2187 0
      vertex 27.9412 39.2237 0
      vertex 28.7503 39.0443 0
    endloop
  endfacet
  facet normal 0 0 -1
    outer loop
      vertex 27.9412 39.2237 0
      vertex 28.308 30.583 0
      vertex 28.3 30.4 0
    endloop
  endfacet
  facet normal 0.999048 0.043627 0
    outer loop
      vertex 60.8 30.4 9
      vertex 60.6843 33.0495 0
      vertex 60.6843 33.0495 9
    endloop
  endfacet
  facet normal 0.999048 0.043627 0
    outer loop
      vertex 60.6843 33.0495 0
      vertex 60.8 30.4 9
      vertex 60.8 30.4 0
    endloop
  endfacet
  facet normal -0.300677 0.953726 0
    outer loop
      vertex 22.5319 59.7641 0
      vertex 20.0026 58.9667 9
      vertex 22.5319 59.7641 9
    endloop
  endfacet
  facet normal -0.300677 0.953726 0
    outer loop
      vertex 20.0026 58.9667 9
      vertex 22.5319 59.7641 0
      vertex 20.0026 58.9667 0
    endloop
  endfacet
  facet normal 0.043627 0.999048 -0
    outer loop
      vertex 33.0495 60.6843 0
      vertex 30.4 60.8 9
      vertex 33.0495 60.6843 9
    endloop
  endfacet
  facet normal 0.043627 0.999048 0
    outer loop
      vertex 30.4 60.8 9
      vertex 33.0495 60.6843 0
      vertex 30.4 60.8 0
    endloop
  endfacet
  facet normal -0.953716 0.300707 0
    outer loop
      vertex 1.03585 38.2681 0
      vertex 1.83334 40.7974 9
      vertex 1.83334 40.7974 0
    endloop
  endfacet
  facet normal -0.953716 0.300707 0
    outer loop
      vertex 1.83334 40.7974 9
      vertex 1.03585 38.2681 0
      vertex 1.03585 38.2681 9
    endloop
  endfacet
  facet normal -0.92388 0.382681 0
    outer loop
      vertex 1.83334 40.7974 0
      vertex 2.84824 43.2476 9
      vertex 2.84824 43.2476 0
    endloop
  endfacet
  facet normal -0.92388 0.382681 0
    outer loop
      vertex 2.84824 43.2476 9
      vertex 1.83334 40.7974 0
      vertex 1.83334 40.7974 9
    endloop
  endfacet
  facet normal -0.675601 0.737268 0
    outer loop
      vertex 10.8593 53.6878 0
      vertex 8.90395 51.896 9
      vertex 10.8593 53.6878 9
    endloop
  endfacet
  facet normal -0.675601 0.737268 0
    outer loop
      vertex 8.90395 51.896 9
      vertex 10.8593 53.6878 0
      vertex 8.90395 51.896 0
    endloop
  endfacet
  facet normal -0.793351 0.608765 0
    outer loop
      vertex 5.49778 47.8367 0
      vertex 7.11225 49.9407 9
      vertex 7.11225 49.9407 0
    endloop
  endfacet
  facet normal -0.793351 0.608765 0
    outer loop
      vertex 7.11225 49.9407 9
      vertex 5.49778 47.8367 0
      vertex 5.49778 47.8367 9
    endloop
  endfacet
  facet normal -0.737278 0.67559 0
    outer loop
      vertex 7.11225 49.9407 0
      vertex 8.90395 51.896 9
      vertex 8.90395 51.896 0
    endloop
  endfacet
  facet normal -0.737278 0.67559 0
    outer loop
      vertex 8.90395 51.896 9
      vertex 7.11225 49.9407 0
      vertex 7.11225 49.9407 9
    endloop
  endfacet
  facet normal 0.67561 0.737259 -0
    outer loop
      vertex 51.896 51.896 0
      vertex 49.9407 53.6878 9
      vertex 51.896 51.896 9
    endloop
  endfacet
  facet normal 0.67561 0.737259 0
    outer loop
      vertex 49.9407 53.6878 9
      vertex 51.896 51.896 0
      vertex 49.9407 53.6878 0
    endloop
  endfacet
  facet normal 0.608748 0.793364 -0
    outer loop
      vertex 49.9407 53.6878 0
      vertex 47.8367 55.3022 9
      vertex 49.9407 53.6878 9
    endloop
  endfacet
  facet normal 0.608748 0.793364 0
    outer loop
      vertex 47.8367 55.3022 9
      vertex 49.9407 53.6878 0
      vertex 47.8367 55.3022 0
    endloop
  endfacet
  facet normal 0.537317 0.84338 -0
    outer loop
      vertex 47.8367 55.3022 0
      vertex 45.6 56.7272 9
      vertex 47.8367 55.3022 9
    endloop
  endfacet
  facet normal 0.537317 0.84338 0
    outer loop
      vertex 45.6 56.7272 9
      vertex 47.8367 55.3022 0
      vertex 45.6 56.7272 0
    endloop
  endfacet
  facet normal 0.793364 0.608748 0
    outer loop
      vertex 55.3022 47.8367 9
      vertex 53.6878 49.9407 0
      vertex 53.6878 49.9407 9
    endloop
  endfacet
  facet normal 0.793364 0.608748 0
    outer loop
      vertex 53.6878 49.9407 0
      vertex 55.3022 47.8367 9
      vertex 55.3022 47.8367 0
    endloop
  endfacet
  facet normal 0.92388 0.382681 0
    outer loop
      vertex 58.9667 40.7974 9
      vertex 57.9518 43.2476 0
      vertex 57.9518 43.2476 9
    endloop
  endfacet
  facet normal 0.92388 0.382681 0
    outer loop
      vertex 57.9518 43.2476 0
      vertex 58.9667 40.7974 9
      vertex 58.9667 40.7974 0
    endloop
  endfacet
  facet normal -0.216471 0.976289 0
    outer loop
      vertex 25.1211 60.3382 0
      vertex 22.5319 59.7641 9
      vertex 25.1211 60.3382 9
    endloop
  endfacet
  facet normal -0.216471 0.976289 0
    outer loop
      vertex 22.5319 59.7641 9
      vertex 25.1211 60.3382 0
      vertex 22.5319 59.7641 0
    endloop
  endfacet
  facet normal -0.461754 0.887008 0
    outer loop
      vertex 17.5524 57.9518 0
      vertex 15.2 56.7272 9
      vertex 17.5524 57.9518 9
    endloop
  endfacet
  facet normal -0.461754 0.887008 0
    outer loop
      vertex 15.2 56.7272 9
      vertex 17.5524 57.9518 0
      vertex 15.2 56.7272 0
    endloop
  endfacet
  facet normal -0.537317 0.84338 0
    outer loop
      vertex 15.2 56.7272 0
      vertex 12.9633 55.3022 9
      vertex 15.2 56.7272 9
    endloop
  endfacet
  facet normal -0.537317 0.84338 0
    outer loop
      vertex 12.9633 55.3022 9
      vertex 15.2 56.7272 0
      vertex 12.9633 55.3022 0
    endloop
  endfacet
  facet normal -0.608748 0.793364 0
    outer loop
      vertex 12.9633 55.3022 0
      vertex 10.8593 53.6878 9
      vertex 12.9633 55.3022 9
    endloop
  endfacet
  facet normal -0.608748 0.793364 0
    outer loop
      vertex 10.8593 53.6878 9
      vertex 12.9633 55.3022 0
      vertex 10.8593 53.6878 0
    endloop
  endfacet
  facet normal -0.130501 0.991448 0
    outer loop
      vertex 27.7505 60.6843 0
      vertex 25.1211 60.3382 9
      vertex 27.7505 60.6843 9
    endloop
  endfacet
  facet normal -0.130501 0.991448 0
    outer loop
      vertex 25.1211 60.3382 9
      vertex 27.7505 60.6843 0
      vertex 25.1211 60.3382 0
    endloop
  endfacet
  facet normal -0.976296 0.216438 0
    outer loop
      vertex 0.461844 35.6789 0
      vertex 1.03585 38.2681 9
      vertex 1.03585 38.2681 0
    endloop
  endfacet
  facet normal -0.976296 0.216438 0
    outer loop
      vertex 1.03585 38.2681 9
      vertex 0.461844 35.6789 0
      vertex 0.461844 35.6789 9
    endloop
  endfacet
  facet normal -0.382681 0.92388 0
    outer loop
      vertex 20.0026 58.9667 0
      vertex 17.5524 57.9518 9
      vertex 20.0026 58.9667 9
    endloop
  endfacet
  facet normal -0.382681 0.92388 0
    outer loop
      vertex 17.5524 57.9518 9
      vertex 20.0026 58.9667 0
      vertex 17.5524 57.9518 0
    endloop
  endfacet
  facet normal -0.043627 0.999048 0
    outer loop
      vertex 30.4 60.8 0
      vertex 27.7505 60.6843 9
      vertex 30.4 60.8 9
    endloop
  endfacet
  facet normal -0.043627 0.999048 0
    outer loop
      vertex 27.7505 60.6843 9
      vertex 30.4 60.8 0
      vertex 27.7505 60.6843 0
    endloop
  endfacet
  facet normal -0.976289 0.21647 0
    outer loop
      vertex 39.5763 45.9412 0
      vertex 39.7557 46.7503 9
      vertex 39.7557 46.7503 0
    endloop
  endfacet
  facet normal -0.976289 0.21647 0
    outer loop
      vertex 39.7557 46.7503 9
      vertex 39.5763 45.9412 0
      vertex 39.5763 45.9412 9
    endloop
  endfacet
  facet normal -0.999046 0.0436781 0
    outer loop
      vertex 39.8638 47.572 0
      vertex 39.9 48.4 9
      vertex 39.9 48.4 0
    endloop
  endfacet
  facet normal -0.999046 0.0436781 0
    outer loop
      vertex 39.9 48.4 9
      vertex 39.8638 47.572 0
      vertex 39.8638 47.572 9
    endloop
  endfacet
  facet normal 0.0436515 0.999047 0
    outer loop
      vertex 30.4 38.9 4.1
      vertex 30.4 38.9 0
      vertex 29.631 38.9336 4.1
    endloop
  endfacet
  facet normal 0.0423349 0.999103 -0
    outer loop
      vertex 29.631 38.9336 4.1
      vertex 29.572 38.9361 6.3
      vertex 29.631 38.9336 6.3
    endloop
  endfacet
  facet normal 0.0423349 0.999103 0
    outer loop
      vertex 29.631 38.9336 4.1
      vertex 29.572 38.9361 0
      vertex 29.572 38.9361 6.3
    endloop
  endfacet
  facet normal 0.0435577 0.999051 -1.76279e-05
    outer loop
      vertex 29.572 38.9361 0
      vertex 29.631 38.9336 4.1
      vertex 30.4 38.9 0
    endloop
  endfacet
  facet normal -0.675604 0.737264 0
    outer loop
      vertex 37.1175 41.6825 0
      vertex 36.5065 41.1226 6.3
      vertex 37.1175 41.6825 6.3
    endloop
  endfacet
  facet normal -0.675604 0.737264 0
    outer loop
      vertex 36.5065 41.1226 6.3
      vertex 37.1175 41.6825 0
      vertex 36.5065 41.1226 0
    endloop
  endfacet
  facet normal 0.737264 0.675604 0
    outer loop
      vertex 23.6825 41.6825 6.3
      vertex 23.1226 42.2935 0
      vertex 23.1226 42.2935 6.3
    endloop
  endfacet
  facet normal 0.737264 0.675604 0
    outer loop
      vertex 23.1226 42.2935 0
      vertex 23.6825 41.6825 6.3
      vertex 23.6825 41.6825 0
    endloop
  endfacet
  facet normal 0.382721 0.923864 -0
    outer loop
      vertex 27.1508 39.4729 0
      vertex 26.3851 39.7901 6.3
      vertex 27.1508 39.4729 6.3
    endloop
  endfacet
  facet normal 0.382721 0.923864 0
    outer loop
      vertex 26.3851 39.7901 6.3
      vertex 27.1508 39.4729 0
      vertex 26.3851 39.7901 0
    endloop
  endfacet
  facet normal -0.953721 0.300692 0
    outer loop
      vertex 39.3271 45.1508 0
      vertex 39.5763 45.9412 9
      vertex 39.5763 45.9412 0
    endloop
  endfacet
  facet normal -0.953721 0.300692 0
    outer loop
      vertex 39.5763 45.9412 9
      vertex 39.3271 45.1508 0
      vertex 39.3271 45.1508 9
    endloop
  endfacet
  facet normal -0.300692 0.953721 0
    outer loop
      vertex 33.6492 39.4729 0
      vertex 32.8588 39.2237 6.3
      vertex 33.6492 39.4729 6.3
    endloop
  endfacet
  facet normal -0.300692 0.953721 0
    outer loop
      vertex 32.8588 39.2237 6.3
      vertex 33.6492 39.4729 0
      vertex 32.8588 39.2237 0
    endloop
  endfacet
  facet normal 0.887042 0.461689 -0
    outer loop
      vertex 21.8765 44.2191 6.3
      vertex 21.7901 44.3851 9
      vertex 21.8765 44.2191 9
    endloop
  endfacet
  facet normal 0.887042 0.461689 0
    outer loop
      vertex 21.7901 44.3851 9
      vertex 21.8765 44.2191 6.3
      vertex 21.7901 44.3851 0
    endloop
  endfacet
  facet normal 0.886982 0.461804 -0
    outer loop
      vertex 22.1728 43.65 0
      vertex 21.8765 44.2191 6.3
      vertex 22.1728 43.65 6.3
    endloop
  endfacet
  facet normal 0.886995 0.461778 2.98019e-06
    outer loop
      vertex 21.8765 44.2191 6.3
      vertex 22.1728 43.65 0
      vertex 21.7901 44.3851 0
    endloop
  endfacet
  facet normal 0.843398 0.537289 0
    outer loop
      vertex 22.6181 42.951 6.3
      vertex 22.1728 43.65 0
      vertex 22.1728 43.65 6.3
    endloop
  endfacet
  facet normal 0.843398 0.537289 0
    outer loop
      vertex 22.1728 43.65 0
      vertex 22.6181 42.951 6.3
      vertex 22.6181 42.951 0
    endloop
  endfacet
  facet normal 0.999051 -0.0435577 0
    outer loop
      vertex 20.9 48.4 9
      vertex 20.9361 49.228 0
      vertex 20.9361 49.228 9
    endloop
  endfacet
  facet normal 0.999051 -0.0435577 0
    outer loop
      vertex 20.9361 49.228 0
      vertex 20.9 48.4 9
      vertex 20.9 48.4 0
    endloop
  endfacet
  facet normal -0.923864 -0.382721 0
    outer loop
      vertex 39.3271 51.6492 0
      vertex 39.0099 52.4149 9
      vertex 39.0099 52.4149 0
    endloop
  endfacet
  facet normal -0.923864 -0.382721 0
    outer loop
      vertex 39.0099 52.4149 9
      vertex 39.3271 51.6492 0
      vertex 39.3271 51.6492 9
    endloop
  endfacet
  facet normal -0.300692 -0.953721 0
    outer loop
      vertex 32.8588 57.5763 0
      vertex 33.6492 57.3271 9
      vertex 32.8588 57.5763 9
    endloop
  endfacet
  facet normal -0.300692 -0.953721 -0
    outer loop
      vertex 33.6492 57.3271 9
      vertex 32.8588 57.5763 0
      vertex 33.6492 57.3271 0
    endloop
  endfacet
  facet normal -0.737264 -0.675604 0
    outer loop
      vertex 37.6774 54.5065 0
      vertex 37.1175 55.1175 9
      vertex 37.1175 55.1175 0
    endloop
  endfacet
  facet normal -0.737264 -0.675604 0
    outer loop
      vertex 37.1175 55.1175 9
      vertex 37.6774 54.5065 0
      vertex 37.6774 54.5065 9
    endloop
  endfacet
  facet normal -0.976289 -0.21647 0
    outer loop
      vertex 39.7557 50.0497 0
      vertex 39.5763 50.8588 9
      vertex 39.5763 50.8588 0
    endloop
  endfacet
  facet normal -0.976289 -0.21647 0
    outer loop
      vertex 39.5763 50.8588 9
      vertex 39.7557 50.0497 0
      vertex 39.7557 50.0497 9
    endloop
  endfacet
  facet normal 0.21647 -0.976289 0
    outer loop
      vertex 27.9412 57.5763 0
      vertex 28.7503 57.7557 9
      vertex 27.9412 57.5763 9
    endloop
  endfacet
  facet normal 0.21647 -0.976289 0
    outer loop
      vertex 28.7503 57.7557 9
      vertex 27.9412 57.5763 0
      vertex 28.7503 57.7557 0
    endloop
  endfacet
  facet normal 0.382721 -0.923864 0
    outer loop
      vertex 26.3851 57.0099 0
      vertex 27.1508 57.3271 9
      vertex 26.3851 57.0099 9
    endloop
  endfacet
  facet normal 0.382721 -0.923864 0
    outer loop
      vertex 27.1508 57.3271 9
      vertex 26.3851 57.0099 0
      vertex 27.1508 57.3271 0
    endloop
  endfacet
  facet normal -0.843398 0.537289 0
    outer loop
      vertex 38.1819 42.951 0
      vertex 38.6272 43.65 6.3
      vertex 38.6272 43.65 0
    endloop
  endfacet
  facet normal -0.843398 0.537289 0
    outer loop
      vertex 38.6272 43.65 6.3
      vertex 38.1819 42.951 0
      vertex 38.1819 42.951 6.3
    endloop
  endfacet
  facet normal -0.793364 0.608748 0
    outer loop
      vertex 37.6774 42.2935 0
      vertex 38.1819 42.951 6.3
      vertex 38.1819 42.951 0
    endloop
  endfacet
  facet normal -0.793364 0.608748 0
    outer loop
      vertex 38.1819 42.951 6.3
      vertex 37.6774 42.2935 0
      vertex 37.6774 42.2935 6.3
    endloop
  endfacet
  facet normal -0.130551 0.991442 0
    outer loop
      vertex 32.0497 39.0443 0
      vertex 31.228 38.9361 6.3
      vertex 32.0497 39.0443 6.3
    endloop
  endfacet
  facet normal -0.130551 0.991442 0
    outer loop
      vertex 31.228 38.9361 6.3
      vertex 32.0497 39.0443 0
      vertex 31.228 38.9361 0
    endloop
  endfacet
  facet normal -0.608748 0.793364 0
    outer loop
      vertex 36.5065 41.1226 0
      vertex 35.849 40.6181 6.3
      vertex 36.5065 41.1226 6.3
    endloop
  endfacet
  facet normal -0.608748 0.793364 0
    outer loop
      vertex 35.849 40.6181 6.3
      vertex 36.5065 41.1226 0
      vertex 35.849 40.6181 0
    endloop
  endfacet
  facet normal -0.382721 0.923864 0
    outer loop
      vertex 34.4149 39.7901 0
      vertex 33.6492 39.4729 6.3
      vertex 34.4149 39.7901 6.3
    endloop
  endfacet
  facet normal -0.382721 0.923864 0
    outer loop
      vertex 33.6492 39.4729 6.3
      vertex 34.4149 39.7901 0
      vertex 33.6492 39.4729 0
    endloop
  endfacet
  facet normal -0.537289 0.843398 0
    outer loop
      vertex 35.849 40.6181 0
      vertex 35.15 40.1728 6.3
      vertex 35.849 40.6181 6.3
    endloop
  endfacet
  facet normal -0.537289 0.843398 0
    outer loop
      vertex 35.15 40.1728 6.3
      vertex 35.849 40.6181 0
      vertex 35.15 40.1728 0
    endloop
  endfacet
  facet normal 0.953721 0.300692 0
    outer loop
      vertex 21.4729 45.1508 9
      vertex 21.2237 45.9412 0
      vertex 21.2237 45.9412 9
    endloop
  endfacet
  facet normal 0.953721 0.300692 0
    outer loop
      vertex 21.2237 45.9412 0
      vertex 21.4729 45.1508 9
      vertex 21.4729 45.1508 0
    endloop
  endfacet
  facet normal 0.991442 0.130551 0
    outer loop
      vertex 21.0443 46.7503 9
      vertex 20.9361 47.572 0
      vertex 20.9361 47.572 9
    endloop
  endfacet
  facet normal 0.991442 0.130551 0
    outer loop
      vertex 20.9361 47.572 0
      vertex 21.0443 46.7503 9
      vertex 21.0443 46.7503 0
    endloop
  endfacet
  facet normal 0.537289 0.843398 -0
    outer loop
      vertex 25.65 40.1728 0
      vertex 24.951 40.6181 6.3
      vertex 25.65 40.1728 6.3
    endloop
  endfacet
  facet normal 0.537289 0.843398 0
    outer loop
      vertex 24.951 40.6181 6.3
      vertex 25.65 40.1728 0
      vertex 24.951 40.6181 0
    endloop
  endfacet
  facet normal 0.675604 0.737264 -0
    outer loop
      vertex 24.2935 41.1226 0
      vertex 23.6825 41.6825 6.3
      vertex 24.2935 41.1226 6.3
    endloop
  endfacet
  facet normal 0.675604 0.737264 0
    outer loop
      vertex 23.6825 41.6825 6.3
      vertex 24.2935 41.1226 0
      vertex 23.6825 41.6825 0
    endloop
  endfacet
  facet normal 0.130551 0.991442 -0
    outer loop
      vertex 29.572 38.9361 0
      vertex 28.7503 39.0443 6.3
      vertex 29.572 38.9361 6.3
    endloop
  endfacet
  facet normal 0.130551 0.991442 0
    outer loop
      vertex 28.7503 39.0443 6.3
      vertex 29.572 38.9361 0
      vertex 28.7503 39.0443 0
    endloop
  endfacet
  facet normal 0.21647 0.976289 -0
    outer loop
      vertex 28.7503 39.0443 0
      vertex 27.9412 39.2237 6.3
      vertex 28.7503 39.0443 6.3
    endloop
  endfacet
  facet normal 0.21647 0.976289 0
    outer loop
      vertex 27.9412 39.2237 6.3
      vertex 28.7503 39.0443 0
      vertex 27.9412 39.2237 0
    endloop
  endfacet
  facet normal -0.130433 -0.991457 0
    outer loop
      vertex 31.228 57.8638 0
      vertex 32.0497 57.7557 9
      vertex 31.228 57.8638 9
    endloop
  endfacet
  facet normal -0.130433 -0.991457 -0
    outer loop
      vertex 32.0497 57.7557 9
      vertex 31.228 57.8638 0
      vertex 32.0497 57.7557 0
    endloop
  endfacet
  facet normal -0.21647 -0.976289 0
    outer loop
      vertex 32.0497 57.7557 0
      vertex 32.8588 57.5763 9
      vertex 32.0497 57.7557 9
    endloop
  endfacet
  facet normal -0.21647 -0.976289 -0
    outer loop
      vertex 32.8588 57.5763 9
      vertex 32.0497 57.7557 0
      vertex 32.8588 57.5763 0
    endloop
  endfacet
  facet normal -0.537289 -0.843398 0
    outer loop
      vertex 35.15 56.6272 0
      vertex 35.849 56.1819 9
      vertex 35.15 56.6272 9
    endloop
  endfacet
  facet normal -0.537289 -0.843398 -0
    outer loop
      vertex 35.849 56.1819 9
      vertex 35.15 56.6272 0
      vertex 35.849 56.1819 0
    endloop
  endfacet
  facet normal -0.675604 -0.737264 0
    outer loop
      vertex 36.5065 55.6774 0
      vertex 37.1175 55.1175 9
      vertex 36.5065 55.6774 9
    endloop
  endfacet
  facet normal -0.675604 -0.737264 -0
    outer loop
      vertex 37.1175 55.1175 9
      vertex 36.5065 55.6774 0
      vertex 37.1175 55.1175 0
    endloop
  endfacet
  facet normal -0.608748 -0.793364 0
    outer loop
      vertex 35.849 56.1819 0
      vertex 36.5065 55.6774 9
      vertex 35.849 56.1819 9
    endloop
  endfacet
  facet normal -0.608748 -0.793364 -0
    outer loop
      vertex 36.5065 55.6774 9
      vertex 35.849 56.1819 0
      vertex 36.5065 55.6774 0
    endloop
  endfacet
  facet normal -0.793364 -0.608748 0
    outer loop
      vertex 38.1819 53.849 0
      vertex 37.6774 54.5065 9
      vertex 37.6774 54.5065 0
    endloop
  endfacet
  facet normal -0.793364 -0.608748 0
    outer loop
      vertex 37.6774 54.5065 9
      vertex 38.1819 53.849 0
      vertex 38.1819 53.849 9
    endloop
  endfacet
  facet normal 0.0436781 -0.999046 0
    outer loop
      vertex 29.572 57.8638 0
      vertex 30.4 57.9 9
      vertex 29.572 57.8638 9
    endloop
  endfacet
  facet normal 0.0436781 -0.999046 0
    outer loop
      vertex 30.4 57.9 9
      vertex 29.572 57.8638 0
      vertex 30.4 57.9 0
    endloop
  endfacet
  facet normal 0.608748 -0.793364 0
    outer loop
      vertex 24.2935 55.6774 0
      vertex 24.951 56.1819 9
      vertex 24.2935 55.6774 9
    endloop
  endfacet
  facet normal 0.608748 -0.793364 0
    outer loop
      vertex 24.951 56.1819 9
      vertex 24.2935 55.6774 0
      vertex 24.951 56.1819 0
    endloop
  endfacet
  facet normal 0.300692 -0.953721 0
    outer loop
      vertex 27.1508 57.3271 0
      vertex 27.9412 57.5763 9
      vertex 27.1508 57.3271 9
    endloop
  endfacet
  facet normal 0.300692 -0.953721 0
    outer loop
      vertex 27.9412 57.5763 9
      vertex 27.1508 57.3271 0
      vertex 27.9412 57.5763 0
    endloop
  endfacet
  facet normal -0.0436781 -0.999046 0
    outer loop
      vertex 30.4 57.9 0
      vertex 31.228 57.8638 9
      vertex 30.4 57.9 9
    endloop
  endfacet
  facet normal -0.0436781 -0.999046 -0
    outer loop
      vertex 31.228 57.8638 9
      vertex 30.4 57.9 0
      vertex 31.228 57.8638 0
    endloop
  endfacet
  facet normal 0.675604 -0.737264 0
    outer loop
      vertex 23.6825 55.1175 0
      vertex 24.2935 55.6774 9
      vertex 23.6825 55.1175 9
    endloop
  endfacet
  facet normal 0.675604 -0.737264 0
    outer loop
      vertex 24.2935 55.6774 9
      vertex 23.6825 55.1175 0
      vertex 24.2935 55.6774 0
    endloop
  endfacet
  facet normal 0.886995 -0.461778 0
    outer loop
      vertex 21.7901 52.4149 9
      vertex 22.1728 53.15 0
      vertex 22.1728 53.15 9
    endloop
  endfacet
  facet normal 0.886995 -0.461778 0
    outer loop
      vertex 22.1728 53.15 0
      vertex 21.7901 52.4149 9
      vertex 21.7901 52.4149 0
    endloop
  endfacet
  facet normal 0.953721 -0.300692 0
    outer loop
      vertex 21.2237 50.8588 9
      vertex 21.4729 51.6492 0
      vertex 21.4729 51.6492 9
    endloop
  endfacet
  facet normal 0.953721 -0.300692 0
    outer loop
      vertex 21.4729 51.6492 0
      vertex 21.2237 50.8588 9
      vertex 21.2237 50.8588 0
    endloop
  endfacet
  facet normal 0.991442 -0.130551 0
    outer loop
      vertex 20.9361 49.228 9
      vertex 21.0443 50.0497 0
      vertex 21.0443 50.0497 9
    endloop
  endfacet
  facet normal 0.991442 -0.130551 0
    outer loop
      vertex 21.0443 50.0497 0
      vertex 20.9361 49.228 9
      vertex 20.9361 49.228 0
    endloop
  endfacet
  facet normal -0.991457 0.130433 0
    outer loop
      vertex 39.7557 46.7503 0
      vertex 39.8638 47.572 9
      vertex 39.8638 47.572 0
    endloop
  endfacet
  facet normal -0.991457 0.130433 0
    outer loop
      vertex 39.8638 47.572 9
      vertex 39.7557 46.7503 0
      vertex 39.7557 46.7503 9
    endloop
  endfacet
  facet normal -0.887042 0.461689 0
    outer loop
      vertex 39.0099 44.3851 0
      vertex 38.9235 44.2191 6.3
      vertex 39.0099 44.3851 9
    endloop
  endfacet
  facet normal -0.886995 0.461778 2.98019e-06
    outer loop
      vertex 38.6272 43.65 0
      vertex 38.9235 44.2191 6.3
      vertex 39.0099 44.3851 0
    endloop
  endfacet
  facet normal -0.886982 0.461804 0
    outer loop
      vertex 38.9235 44.2191 6.3
      vertex 38.6272 43.65 0
      vertex 38.6272 43.65 6.3
    endloop
  endfacet
  facet normal -0.887042 0.461689 0
    outer loop
      vertex 39.0099 44.3851 9
      vertex 38.9235 44.2191 6.3
      vertex 38.9235 44.2191 9
    endloop
  endfacet
  facet normal -0.923864 0.382721 0
    outer loop
      vertex 39.0099 44.3851 0
      vertex 39.3271 45.1508 9
      vertex 39.3271 45.1508 0
    endloop
  endfacet
  facet normal -0.923864 0.382721 0
    outer loop
      vertex 39.3271 45.1508 9
      vertex 39.0099 44.3851 0
      vertex 39.0099 44.3851 9
    endloop
  endfacet
  facet normal -0.737264 0.675604 0
    outer loop
      vertex 37.1175 41.6825 0
      vertex 37.6774 42.2935 6.3
      vertex 37.6774 42.2935 0
    endloop
  endfacet
  facet normal -0.737264 0.675604 0
    outer loop
      vertex 37.6774 42.2935 6.3
      vertex 37.1175 41.6825 0
      vertex 37.1175 41.6825 6.3
    endloop
  endfacet
  facet normal -0.0423349 0.999103 0
    outer loop
      vertex 31.228 38.9361 6.3
      vertex 31.169 38.9336 4.1
      vertex 31.169 38.9336 6.3
    endloop
  endfacet
  facet normal -0.0423349 0.999103 0
    outer loop
      vertex 31.228 38.9361 0
      vertex 31.169 38.9336 4.1
      vertex 31.228 38.9361 6.3
    endloop
  endfacet
  facet normal -0.0435577 0.999051 -1.76279e-05
    outer loop
      vertex 30.4 38.9 0
      vertex 31.169 38.9336 4.1
      vertex 31.228 38.9361 0
    endloop
  endfacet
  facet normal -0.0436515 0.999047 0
    outer loop
      vertex 31.169 38.9336 4.1
      vertex 30.4 38.9 0
      vertex 30.4 38.9 4.1
    endloop
  endfacet
  facet normal -0.21647 0.976289 0
    outer loop
      vertex 32.8588 39.2237 0
      vertex 32.0497 39.0443 6.3
      vertex 32.8588 39.2237 6.3
    endloop
  endfacet
  facet normal -0.21647 0.976289 0
    outer loop
      vertex 32.0497 39.0443 6.3
      vertex 32.8588 39.2237 0
      vertex 32.0497 39.0443 0
    endloop
  endfacet
  facet normal -0.461778 0.886995 0
    outer loop
      vertex 35.15 40.1728 0
      vertex 34.4149 39.7901 6.3
      vertex 35.15 40.1728 6.3
    endloop
  endfacet
  facet normal -0.461778 0.886995 0
    outer loop
      vertex 34.4149 39.7901 6.3
      vertex 35.15 40.1728 0
      vertex 34.4149 39.7901 0
    endloop
  endfacet
  facet normal 0.793364 0.608748 0
    outer loop
      vertex 23.1226 42.2935 6.3
      vertex 22.6181 42.951 0
      vertex 22.6181 42.951 6.3
    endloop
  endfacet
  facet normal 0.793364 0.608748 0
    outer loop
      vertex 22.6181 42.951 0
      vertex 23.1226 42.2935 6.3
      vertex 23.1226 42.2935 0
    endloop
  endfacet
  facet normal 0.923864 0.382721 0
    outer loop
      vertex 21.7901 44.3851 9
      vertex 21.4729 45.1508 0
      vertex 21.4729 45.1508 9
    endloop
  endfacet
  facet normal 0.923864 0.382721 0
    outer loop
      vertex 21.4729 45.1508 0
      vertex 21.7901 44.3851 9
      vertex 21.7901 44.3851 0
    endloop
  endfacet
  facet normal 0.999051 0.0435577 0
    outer loop
      vertex 20.9361 47.572 9
      vertex 20.9 48.4 0
      vertex 20.9 48.4 9
    endloop
  endfacet
  facet normal 0.999051 0.0435577 0
    outer loop
      vertex 20.9 48.4 0
      vertex 20.9361 47.572 9
      vertex 20.9361 47.572 0
    endloop
  endfacet
  facet normal 0.976289 0.21647 0
    outer loop
      vertex 21.2237 45.9412 9
      vertex 21.0443 46.7503 0
      vertex 21.0443 46.7503 9
    endloop
  endfacet
  facet normal 0.976289 0.21647 0
    outer loop
      vertex 21.0443 46.7503 0
      vertex 21.2237 45.9412 9
      vertex 21.2237 45.9412 0
    endloop
  endfacet
  facet normal 0.461778 0.886995 -0
    outer loop
      vertex 26.3851 39.7901 0
      vertex 25.65 40.1728 6.3
      vertex 26.3851 39.7901 6.3
    endloop
  endfacet
  facet normal 0.461778 0.886995 0
    outer loop
      vertex 25.65 40.1728 6.3
      vertex 26.3851 39.7901 0
      vertex 25.65 40.1728 0
    endloop
  endfacet
  facet normal 0.608748 0.793364 -0
    outer loop
      vertex 24.951 40.6181 0
      vertex 24.2935 41.1226 6.3
      vertex 24.951 40.6181 6.3
    endloop
  endfacet
  facet normal 0.608748 0.793364 0
    outer loop
      vertex 24.2935 41.1226 6.3
      vertex 24.951 40.6181 0
      vertex 24.2935 41.1226 0
    endloop
  endfacet
  facet normal 0.300692 0.953721 -0
    outer loop
      vertex 27.9412 39.2237 0
      vertex 27.1508 39.4729 6.3
      vertex 27.9412 39.2237 6.3
    endloop
  endfacet
  facet normal 0.300692 0.953721 0
    outer loop
      vertex 27.1508 39.4729 6.3
      vertex 27.9412 39.2237 0
      vertex 27.1508 39.4729 0
    endloop
  endfacet
  facet normal -0.382721 -0.923864 0
    outer loop
      vertex 33.6492 57.3271 0
      vertex 34.4149 57.0099 9
      vertex 33.6492 57.3271 9
    endloop
  endfacet
  facet normal -0.382721 -0.923864 -0
    outer loop
      vertex 34.4149 57.0099 9
      vertex 33.6492 57.3271 0
      vertex 34.4149 57.0099 0
    endloop
  endfacet
  facet normal -0.461778 -0.886995 0
    outer loop
      vertex 34.4149 57.0099 0
      vertex 35.15 56.6272 9
      vertex 34.4149 57.0099 9
    endloop
  endfacet
  facet normal -0.461778 -0.886995 -0
    outer loop
      vertex 35.15 56.6272 9
      vertex 34.4149 57.0099 0
      vertex 35.15 56.6272 0
    endloop
  endfacet
  facet normal -0.843398 -0.537289 0
    outer loop
      vertex 38.6272 53.15 0
      vertex 38.1819 53.849 9
      vertex 38.1819 53.849 0
    endloop
  endfacet
  facet normal -0.843398 -0.537289 0
    outer loop
      vertex 38.1819 53.849 9
      vertex 38.6272 53.15 0
      vertex 38.6272 53.15 9
    endloop
  endfacet
  facet normal -0.953721 -0.300692 0
    outer loop
      vertex 39.5763 50.8588 0
      vertex 39.3271 51.6492 9
      vertex 39.3271 51.6492 0
    endloop
  endfacet
  facet normal -0.953721 -0.300692 0
    outer loop
      vertex 39.3271 51.6492 9
      vertex 39.5763 50.8588 0
      vertex 39.5763 50.8588 9
    endloop
  endfacet
  facet normal -0.991457 -0.130433 0
    outer loop
      vertex 39.8638 49.228 0
      vertex 39.7557 50.0497 9
      vertex 39.7557 50.0497 0
    endloop
  endfacet
  facet normal -0.991457 -0.130433 0
    outer loop
      vertex 39.7557 50.0497 9
      vertex 39.8638 49.228 0
      vertex 39.8638 49.228 9
    endloop
  endfacet
  facet normal -0.999046 -0.0436781 0
    outer loop
      vertex 39.9 48.4 0
      vertex 39.8638 49.228 9
      vertex 39.8638 49.228 0
    endloop
  endfacet
  facet normal -0.999046 -0.0436781 0
    outer loop
      vertex 39.8638 49.228 9
      vertex 39.9 48.4 0
      vertex 39.9 48.4 9
    endloop
  endfacet
  facet normal 0.130433 -0.991457 0
    outer loop
      vertex 28.7503 57.7557 0
      vertex 29.572 57.8638 9
      vertex 28.7503 57.7557 9
    endloop
  endfacet
  facet normal 0.130433 -0.991457 0
    outer loop
      vertex 29.572 57.8638 9
      vertex 28.7503 57.7557 0
      vertex 29.572 57.8638 0
    endloop
  endfacet
  facet normal 0.537289 -0.843398 0
    outer loop
      vertex 24.951 56.1819 0
      vertex 25.65 56.6272 9
      vertex 24.951 56.1819 9
    endloop
  endfacet
  facet normal 0.537289 -0.843398 0
    outer loop
      vertex 25.65 56.6272 9
      vertex 24.951 56.1819 0
      vertex 25.65 56.6272 0
    endloop
  endfacet
  facet normal 0.793364 -0.608748 0
    outer loop
      vertex 22.6181 53.849 9
      vertex 23.1226 54.5065 0
      vertex 23.1226 54.5065 9
    endloop
  endfacet
  facet normal 0.793364 -0.608748 0
    outer loop
      vertex 23.1226 54.5065 0
      vertex 22.6181 53.849 9
      vertex 22.6181 53.849 0
    endloop
  endfacet
  facet normal 0.843398 -0.537289 0
    outer loop
      vertex 22.1728 53.15 9
      vertex 22.6181 53.849 0
      vertex 22.6181 53.849 9
    endloop
  endfacet
  facet normal 0.843398 -0.537289 0
    outer loop
      vertex 22.6181 53.849 0
      vertex 22.1728 53.15 9
      vertex 22.1728 53.15 0
    endloop
  endfacet
  facet normal 0.976289 -0.21647 0
    outer loop
      vertex 21.0443 50.0497 9
      vertex 21.2237 50.8588 0
      vertex 21.2237 50.8588 9
    endloop
  endfacet
  facet normal 0.976289 -0.21647 0
    outer loop
      vertex 21.2237 50.8588 0
      vertex 21.0443 50.0497 9
      vertex 21.0443 50.0497 0
    endloop
  endfacet
  facet normal 0.923864 -0.382721 0
    outer loop
      vertex 21.4729 51.6492 9
      vertex 21.7901 52.4149 0
      vertex 21.7901 52.4149 9
    endloop
  endfacet
  facet normal 0.923864 -0.382721 0
    outer loop
      vertex 21.7901 52.4149 0
      vertex 21.4729 51.6492 9
      vertex 21.4729 51.6492 0
    endloop
  endfacet
  facet normal -0.886995 -0.461778 0
    outer loop
      vertex 39.0099 52.4149 0
      vertex 38.6272 53.15 9
      vertex 38.6272 53.15 0
    endloop
  endfacet
  facet normal -0.886995 -0.461778 0
    outer loop
      vertex 38.6272 53.15 9
      vertex 39.0099 52.4149 0
      vertex 39.0099 52.4149 9
    endloop
  endfacet
  facet normal 0.461778 -0.886995 0
    outer loop
      vertex 25.65 56.6272 0
      vertex 26.3851 57.0099 9
      vertex 25.65 56.6272 9
    endloop
  endfacet
  facet normal 0.461778 -0.886995 0
    outer loop
      vertex 26.3851 57.0099 9
      vertex 25.65 56.6272 0
      vertex 26.3851 57.0099 0
    endloop
  endfacet
  facet normal 0.737264 -0.675604 0
    outer loop
      vertex 23.1226 54.5065 9
      vertex 23.6825 55.1175 0
      vertex 23.6825 55.1175 9
    endloop
  endfacet
  facet normal 0.737264 -0.675604 0
    outer loop
      vertex 23.6825 55.1175 0
      vertex 23.1226 54.5065 9
      vertex 23.1226 54.5065 0
    endloop
  endfacet
  facet normal -0.999046 0.0436741 0
    outer loop
      vertex 32.492 30.217 0
      vertex 32.5 30.4 6.3
      vertex 32.5 30.4 0
    endloop
  endfacet
  facet normal -0.999046 0.0436741 0
    outer loop
      vertex 32.5 30.4 6.3
      vertex 32.492 30.217 0
      vertex 32.492 30.217 6.3
    endloop
  endfacet
  facet normal 0.0436741 0.999046 -0
    outer loop
      vertex 30.4 28.3 0
      vertex 30.217 28.308 6.3
      vertex 30.4 28.3 6.3
    endloop
  endfacet
  facet normal 0.0436741 0.999046 0
    outer loop
      vertex 30.217 28.308 6.3
      vertex 30.4 28.3 0
      vertex 30.217 28.308 0
    endloop
  endfacet
  facet normal -0.0436741 -0.999046 0
    outer loop
      vertex 30.4 32.5 0
      vertex 30.583 32.492 6.3
      vertex 30.4 32.5 6.3
    endloop
  endfacet
  facet normal -0.0436741 -0.999046 -0
    outer loop
      vertex 30.583 32.492 6.3
      vertex 30.4 32.5 0
      vertex 30.583 32.492 0
    endloop
  endfacet
  facet normal -0.675873 0.737018 0
    outer loop
      vertex 31.8849 28.9151 0
      vertex 31.7499 28.7913 6.3
      vertex 31.8849 28.9151 6.3
    endloop
  endfacet
  facet normal -0.675873 0.737018 0
    outer loop
      vertex 31.7499 28.7913 6.3
      vertex 31.8849 28.9151 0
      vertex 31.7499 28.7913 0
    endloop
  endfacet
  facet normal 0.737018 0.675873 0
    outer loop
      vertex 28.9151 28.9151 6.3
      vertex 28.7913 29.0501 0
      vertex 28.7913 29.0501 6.3
    endloop
  endfacet
  facet normal 0.737018 0.675873 0
    outer loop
      vertex 28.7913 29.0501 0
      vertex 28.9151 28.9151 6.3
      vertex 28.9151 28.9151 0
    endloop
  endfacet
  facet normal 0.461353 0.887217 -0
    outer loop
      vertex 29.5125 28.4968 0
      vertex 29.35 28.5813 6.3
      vertex 29.5125 28.4968 6.3
    endloop
  endfacet
  facet normal 0.461353 0.887217 0
    outer loop
      vertex 29.35 28.5813 6.3
      vertex 29.5125 28.4968 0
      vertex 29.35 28.5813 0
    endloop
  endfacet
  facet normal 0.923737 -0.383026 0
    outer loop
      vertex 28.4266 31.1182 6.3
      vertex 28.4968 31.2875 0
      vertex 28.4968 31.2875 6.3
    endloop
  endfacet
  facet normal 0.923737 -0.383026 0
    outer loop
      vertex 28.4968 31.2875 0
      vertex 28.4266 31.1182 6.3
      vertex 28.4266 31.1182 0
    endloop
  endfacet
  facet normal -0.887217 0.461353 0
    outer loop
      vertex 32.2187 29.35 0
      vertex 32.3032 29.5125 6.3
      vertex 32.3032 29.5125 0
    endloop
  endfacet
  facet normal -0.887217 0.461353 0
    outer loop
      vertex 32.3032 29.5125 6.3
      vertex 32.2187 29.35 0
      vertex 32.2187 29.35 6.3
    endloop
  endfacet
  facet normal -0.383026 0.923737 0
    outer loop
      vertex 31.2875 28.4968 0
      vertex 31.1182 28.4266 6.3
      vertex 31.2875 28.4968 6.3
    endloop
  endfacet
  facet normal -0.383026 0.923737 0
    outer loop
      vertex 31.1182 28.4266 6.3
      vertex 31.2875 28.4968 0
      vertex 31.1182 28.4266 0
    endloop
  endfacet
  facet normal 0.887217 0.461353 0
    outer loop
      vertex 28.5813 29.35 6.3
      vertex 28.4968 29.5125 0
      vertex 28.4968 29.5125 6.3
    endloop
  endfacet
  facet normal 0.887217 0.461353 0
    outer loop
      vertex 28.4968 29.5125 0
      vertex 28.5813 29.35 6.3
      vertex 28.5813 29.35 0
    endloop
  endfacet
  facet normal 0.843212 0.537582 0
    outer loop
      vertex 28.6798 29.1955 6.3
      vertex 28.5813 29.35 0
      vertex 28.5813 29.35 6.3
    endloop
  endfacet
  facet normal 0.843212 0.537582 0
    outer loop
      vertex 28.5813 29.35 0
      vertex 28.6798 29.1955 6.3
      vertex 28.6798 29.1955 0
    endloop
  endfacet
  facet normal 0.216757 0.976226 -0
    outer loop
      vertex 30.0353 28.3319 0
      vertex 29.8565 28.3716 6.3
      vertex 30.0353 28.3319 6.3
    endloop
  endfacet
  facet normal 0.216757 0.976226 0
    outer loop
      vertex 29.8565 28.3716 6.3
      vertex 30.0353 28.3319 0
      vertex 29.8565 28.3716 0
    endloop
  endfacet
  facet normal -0.887217 -0.461353 0
    outer loop
      vertex 32.3032 31.2875 0
      vertex 32.2187 31.45 6.3
      vertex 32.2187 31.45 0
    endloop
  endfacet
  facet normal -0.887217 -0.461353 0
    outer loop
      vertex 32.2187 31.45 6.3
      vertex 32.3032 31.2875 0
      vertex 32.3032 31.2875 6.3
    endloop
  endfacet
  facet normal -0.383026 -0.923737 0
    outer loop
      vertex 31.1182 32.3734 0
      vertex 31.2875 32.3032 6.3
      vertex 31.1182 32.3734 6.3
    endloop
  endfacet
  facet normal -0.383026 -0.923737 -0
    outer loop
      vertex 31.2875 32.3032 6.3
      vertex 31.1182 32.3734 0
      vertex 31.2875 32.3032 0
    endloop
  endfacet
  facet normal -0.737018 -0.675873 0
    outer loop
      vertex 32.0087 31.7499 0
      vertex 31.8849 31.8849 6.3
      vertex 31.8849 31.8849 0
    endloop
  endfacet
  facet normal -0.737018 -0.675873 0
    outer loop
      vertex 31.8849 31.8849 6.3
      vertex 32.0087 31.7499 0
      vertex 32.0087 31.7499 6.3
    endloop
  endfacet
  facet normal -0.953846 -0.300295 0
    outer loop
      vertex 32.4284 30.9435 0
      vertex 32.3734 31.1182 6.3
      vertex 32.3734 31.1182 0
    endloop
  endfacet
  facet normal -0.953846 -0.300295 0
    outer loop
      vertex 32.3734 31.1182 6.3
      vertex 32.4284 30.9435 0
      vertex 32.4284 30.9435 6.3
    endloop
  endfacet
  facet normal 0.300295 -0.953846 0
    outer loop
      vertex 29.6818 32.3734 0
      vertex 29.8565 32.4284 6.3
      vertex 29.6818 32.3734 6.3
    endloop
  endfacet
  facet normal 0.300295 -0.953846 0
    outer loop
      vertex 29.8565 32.4284 6.3
      vertex 29.6818 32.3734 0
      vertex 29.8565 32.4284 0
    endloop
  endfacet
  facet normal 0.675873 -0.737018 0
    outer loop
      vertex 28.9151 31.8849 0
      vertex 29.0501 32.0087 6.3
      vertex 28.9151 31.8849 6.3
    endloop
  endfacet
  facet normal 0.675873 -0.737018 0
    outer loop
      vertex 29.0501 32.0087 6.3
      vertex 28.9151 31.8849 0
      vertex 29.0501 32.0087 0
    endloop
  endfacet
  facet normal 0.737018 -0.675873 0
    outer loop
      vertex 28.7913 31.7499 6.3
      vertex 28.9151 31.8849 0
      vertex 28.9151 31.8849 6.3
    endloop
  endfacet
  facet normal 0.737018 -0.675873 0
    outer loop
      vertex 28.9151 31.8849 0
      vertex 28.7913 31.7499 6.3
      vertex 28.7913 31.7499 0
    endloop
  endfacet
  facet normal -0.99146 0.130412 0
    outer loop
      vertex 32.4681 30.0353 0
      vertex 32.492 30.217 6.3
      vertex 32.492 30.217 0
    endloop
  endfacet
  facet normal -0.99146 0.130412 0
    outer loop
      vertex 32.492 30.217 6.3
      vertex 32.4681 30.0353 0
      vertex 32.4681 30.0353 6.3
    endloop
  endfacet
  facet normal -0.923737 0.383026 0
    outer loop
      vertex 32.3032 29.5125 0
      vertex 32.3734 29.6818 6.3
      vertex 32.3734 29.6818 0
    endloop
  endfacet
  facet normal -0.923737 0.383026 0
    outer loop
      vertex 32.3734 29.6818 6.3
      vertex 32.3032 29.5125 0
      vertex 32.3032 29.5125 6.3
    endloop
  endfacet
  facet normal -0.793536 0.608523 0
    outer loop
      vertex 32.0087 29.0501 0
      vertex 32.1202 29.1955 6.3
      vertex 32.1202 29.1955 0
    endloop
  endfacet
  facet normal -0.793536 0.608523 0
    outer loop
      vertex 32.1202 29.1955 6.3
      vertex 32.0087 29.0501 0
      vertex 32.0087 29.0501 6.3
    endloop
  endfacet
  facet normal -0.843212 0.537582 0
    outer loop
      vertex 32.1202 29.1955 0
      vertex 32.2187 29.35 6.3
      vertex 32.2187 29.35 0
    endloop
  endfacet
  facet normal -0.843212 0.537582 0
    outer loop
      vertex 32.2187 29.35 6.3
      vertex 32.1202 29.1955 0
      vertex 32.1202 29.1955 6.3
    endloop
  endfacet
  facet normal -0.216757 0.976226 0
    outer loop
      vertex 30.9435 28.3716 0
      vertex 30.7647 28.3319 6.3
      vertex 30.9435 28.3716 6.3
    endloop
  endfacet
  facet normal -0.216757 0.976226 0
    outer loop
      vertex 30.7647 28.3319 6.3
      vertex 30.9435 28.3716 0
      vertex 30.7647 28.3319 0
    endloop
  endfacet
  facet normal -0.130412 0.99146 0
    outer loop
      vertex 30.7647 28.3319 0
      vertex 30.583 28.308 6.3
      vertex 30.7647 28.3319 6.3
    endloop
  endfacet
  facet normal -0.130412 0.99146 0
    outer loop
      vertex 30.583 28.308 6.3
      vertex 30.7647 28.3319 0
      vertex 30.583 28.308 0
    endloop
  endfacet
  facet normal -0.537582 0.843212 0
    outer loop
      vertex 31.6045 28.6798 0
      vertex 31.45 28.5813 6.3
      vertex 31.6045 28.6798 6.3
    endloop
  endfacet
  facet normal -0.537582 0.843212 0
    outer loop
      vertex 31.45 28.5813 6.3
      vertex 31.6045 28.6798 0
      vertex 31.45 28.5813 0
    endloop
  endfacet
  facet normal -0.608523 0.793536 0
    outer loop
      vertex 31.7499 28.7913 0
      vertex 31.6045 28.6798 6.3
      vertex 31.7499 28.7913 6.3
    endloop
  endfacet
  facet normal -0.608523 0.793536 0
    outer loop
      vertex 31.6045 28.6798 6.3
      vertex 31.7499 28.7913 0
      vertex 31.6045 28.6798 0
    endloop
  endfacet
  facet normal 0.976226 0.216757 0
    outer loop
      vertex 28.3716 29.8565 6.3
      vertex 28.3319 30.0353 0
      vertex 28.3319 30.0353 6.3
    endloop
  endfacet
  facet normal 0.976226 0.216757 0
    outer loop
      vertex 28.3319 30.0353 0
      vertex 28.3716 29.8565 6.3
      vertex 28.3716 29.8565 0
    endloop
  endfacet
  facet normal 0.923737 0.383026 0
    outer loop
      vertex 28.4968 29.5125 6.3
      vertex 28.4266 29.6818 0
      vertex 28.4266 29.6818 6.3
    endloop
  endfacet
  facet normal 0.923737 0.383026 0
    outer loop
      vertex 28.4266 29.6818 0
      vertex 28.4968 29.5125 6.3
      vertex 28.4968 29.5125 0
    endloop
  endfacet
  facet normal 0.99146 0.130412 0
    outer loop
      vertex 28.3319 30.0353 6.3
      vertex 28.308 30.217 0
      vertex 28.308 30.217 6.3
    endloop
  endfacet
  facet normal 0.99146 0.130412 0
    outer loop
      vertex 28.308 30.217 0
      vertex 28.3319 30.0353 6.3
      vertex 28.3319 30.0353 0
    endloop
  endfacet
  facet normal 0.608523 0.793536 -0
    outer loop
      vertex 29.1955 28.6798 0
      vertex 29.0501 28.7913 6.3
      vertex 29.1955 28.6798 6.3
    endloop
  endfacet
  facet normal 0.608523 0.793536 0
    outer loop
      vertex 29.0501 28.7913 6.3
      vertex 29.1955 28.6798 0
      vertex 29.0501 28.7913 0
    endloop
  endfacet
  facet normal 0.130412 0.99146 -0
    outer loop
      vertex 30.217 28.308 0
      vertex 30.0353 28.3319 6.3
      vertex 30.217 28.308 6.3
    endloop
  endfacet
  facet normal 0.130412 0.99146 0
    outer loop
      vertex 30.0353 28.3319 6.3
      vertex 30.217 28.308 0
      vertex 30.0353 28.3319 0
    endloop
  endfacet
  facet normal -0.130412 -0.99146 0
    outer loop
      vertex 30.583 32.492 0
      vertex 30.7647 32.4681 6.3
      vertex 30.583 32.492 6.3
    endloop
  endfacet
  facet normal -0.130412 -0.99146 -0
    outer loop
      vertex 30.7647 32.4681 6.3
      vertex 30.583 32.492 0
      vertex 30.7647 32.4681 0
    endloop
  endfacet
  facet normal -0.537582 -0.843212 0
    outer loop
      vertex 31.45 32.2187 0
      vertex 31.6045 32.1202 6.3
      vertex 31.45 32.2187 6.3
    endloop
  endfacet
  facet normal -0.537582 -0.843212 -0
    outer loop
      vertex 31.6045 32.1202 6.3
      vertex 31.45 32.2187 0
      vertex 31.6045 32.1202 0
    endloop
  endfacet
  facet normal -0.675873 -0.737018 0
    outer loop
      vertex 31.7499 32.0087 0
      vertex 31.8849 31.8849 6.3
      vertex 31.7499 32.0087 6.3
    endloop
  endfacet
  facet normal -0.675873 -0.737018 -0
    outer loop
      vertex 31.8849 31.8849 6.3
      vertex 31.7499 32.0087 0
      vertex 31.8849 31.8849 0
    endloop
  endfacet
  facet normal -0.608523 -0.793536 0
    outer loop
      vertex 31.6045 32.1202 0
      vertex 31.7499 32.0087 6.3
      vertex 31.6045 32.1202 6.3
    endloop
  endfacet
  facet normal -0.608523 -0.793536 -0
    outer loop
      vertex 31.7499 32.0087 6.3
      vertex 31.6045 32.1202 0
      vertex 31.7499 32.0087 0
    endloop
  endfacet
  facet normal -0.793536 -0.608523 0
    outer loop
      vertex 32.1202 31.6045 0
      vertex 32.0087 31.7499 6.3
      vertex 32.0087 31.7499 0
    endloop
  endfacet
  facet normal -0.793536 -0.608523 0
    outer loop
      vertex 32.0087 31.7499 6.3
      vertex 32.1202 31.6045 0
      vertex 32.1202 31.6045 6.3
    endloop
  endfacet
  facet normal -0.843212 -0.537582 0
    outer loop
      vertex 32.2187 31.45 0
      vertex 32.1202 31.6045 6.3
      vertex 32.1202 31.6045 0
    endloop
  endfacet
  facet normal -0.843212 -0.537582 0
    outer loop
      vertex 32.1202 31.6045 6.3
      vertex 32.2187 31.45 0
      vertex 32.2187 31.45 6.3
    endloop
  endfacet
  facet normal 0.608523 -0.793536 0
    outer loop
      vertex 29.0501 32.0087 0
      vertex 29.1955 32.1202 6.3
      vertex 29.0501 32.0087 6.3
    endloop
  endfacet
  facet normal 0.608523 -0.793536 0
    outer loop
      vertex 29.1955 32.1202 6.3
      vertex 29.0501 32.0087 0
      vertex 29.1955 32.1202 0
    endloop
  endfacet
  facet normal 0.537582 -0.843212 0
    outer loop
      vertex 29.1955 32.1202 0
      vertex 29.35 32.2187 6.3
      vertex 29.1955 32.1202 6.3
    endloop
  endfacet
  facet normal 0.537582 -0.843212 0
    outer loop
      vertex 29.35 32.2187 6.3
      vertex 29.1955 32.1202 0
      vertex 29.35 32.2187 0
    endloop
  endfacet
  facet normal 0.461353 -0.887217 0
    outer loop
      vertex 29.35 32.2187 0
      vertex 29.5125 32.3032 6.3
      vertex 29.35 32.2187 6.3
    endloop
  endfacet
  facet normal 0.461353 -0.887217 0
    outer loop
      vertex 29.5125 32.3032 6.3
      vertex 29.35 32.2187 0
      vertex 29.5125 32.3032 0
    endloop
  endfacet
  facet normal 0.130412 -0.99146 0
    outer loop
      vertex 30.0353 32.4681 0
      vertex 30.217 32.492 6.3
      vertex 30.0353 32.4681 6.3
    endloop
  endfacet
  facet normal 0.130412 -0.99146 0
    outer loop
      vertex 30.217 32.492 6.3
      vertex 30.0353 32.4681 0
      vertex 30.217 32.492 0
    endloop
  endfacet
  facet normal 0.843212 -0.537582 0
    outer loop
      vertex 28.5813 31.45 6.3
      vertex 28.6798 31.6045 0
      vertex 28.6798 31.6045 6.3
    endloop
  endfacet
  facet normal 0.843212 -0.537582 0
    outer loop
      vertex 28.6798 31.6045 0
      vertex 28.5813 31.45 6.3
      vertex 28.5813 31.45 0
    endloop
  endfacet
  facet normal 0.887217 -0.461353 0
    outer loop
      vertex 28.4968 31.2875 6.3
      vertex 28.5813 31.45 0
      vertex 28.5813 31.45 6.3
    endloop
  endfacet
  facet normal 0.887217 -0.461353 0
    outer loop
      vertex 28.5813 31.45 0
      vertex 28.4968 31.2875 6.3
      vertex 28.4968 31.2875 0
    endloop
  endfacet
  facet normal 0.99146 -0.130412 0
    outer loop
      vertex 28.308 30.583 6.3
      vertex 28.3319 30.7647 0
      vertex 28.3319 30.7647 6.3
    endloop
  endfacet
  facet normal 0.99146 -0.130412 0
    outer loop
      vertex 28.3319 30.7647 0
      vertex 28.308 30.583 6.3
      vertex 28.308 30.583 0
    endloop
  endfacet
  facet normal -0.953846 0.300295 0
    outer loop
      vertex 32.3734 29.6818 0
      vertex 32.4284 29.8565 6.3
      vertex 32.4284 29.8565 0
    endloop
  endfacet
  facet normal -0.953846 0.300295 0
    outer loop
      vertex 32.4284 29.8565 6.3
      vertex 32.3734 29.6818 0
      vertex 32.3734 29.6818 6.3
    endloop
  endfacet
  facet normal -0.976226 0.216757 0
    outer loop
      vertex 32.4284 29.8565 0
      vertex 32.4681 30.0353 6.3
      vertex 32.4681 30.0353 0
    endloop
  endfacet
  facet normal -0.976226 0.216757 0
    outer loop
      vertex 32.4681 30.0353 6.3
      vertex 32.4284 29.8565 0
      vertex 32.4284 29.8565 6.3
    endloop
  endfacet
  facet normal -0.737018 0.675873 0
    outer loop
      vertex 31.8849 28.9151 0
      vertex 32.0087 29.0501 6.3
      vertex 32.0087 29.0501 0
    endloop
  endfacet
  facet normal -0.737018 0.675873 0
    outer loop
      vertex 32.0087 29.0501 6.3
      vertex 31.8849 28.9151 0
      vertex 31.8849 28.9151 6.3
    endloop
  endfacet
  facet normal -0.300295 0.953846 0
    outer loop
      vertex 31.1182 28.4266 0
      vertex 30.9435 28.3716 6.3
      vertex 31.1182 28.4266 6.3
    endloop
  endfacet
  facet normal -0.300295 0.953846 0
    outer loop
      vertex 30.9435 28.3716 6.3
      vertex 31.1182 28.4266 0
      vertex 30.9435 28.3716 0
    endloop
  endfacet
  facet normal -0.0436741 0.999046 0
    outer loop
      vertex 30.583 28.308 0
      vertex 30.4 28.3 6.3
      vertex 30.583 28.308 6.3
    endloop
  endfacet
  facet normal -0.0436741 0.999046 0
    outer loop
      vertex 30.4 28.3 6.3
      vertex 30.583 28.308 0
      vertex 30.4 28.3 0
    endloop
  endfacet
  facet normal -0.461353 0.887217 0
    outer loop
      vertex 31.45 28.5813 0
      vertex 31.2875 28.4968 6.3
      vertex 31.45 28.5813 6.3
    endloop
  endfacet
  facet normal -0.461353 0.887217 0
    outer loop
      vertex 31.2875 28.4968 6.3
      vertex 31.45 28.5813 0
      vertex 31.2875 28.4968 0
    endloop
  endfacet
  facet normal 0.793536 0.608523 0
    outer loop
      vertex 28.7913 29.0501 6.3
      vertex 28.6798 29.1955 0
      vertex 28.6798 29.1955 6.3
    endloop
  endfacet
  facet normal 0.793536 0.608523 0
    outer loop
      vertex 28.6798 29.1955 0
      vertex 28.7913 29.0501 6.3
      vertex 28.7913 29.0501 0
    endloop
  endfacet
  facet normal 0.953846 0.300295 0
    outer loop
      vertex 28.4266 29.6818 6.3
      vertex 28.3716 29.8565 0
      vertex 28.3716 29.8565 6.3
    endloop
  endfacet
  facet normal 0.953846 0.300295 0
    outer loop
      vertex 28.3716 29.8565 0
      vertex 28.4266 29.6818 6.3
      vertex 28.4266 29.6818 0
    endloop
  endfacet
  facet normal 0.999046 0.0436741 0
    outer loop
      vertex 28.308 30.217 6.3
      vertex 28.3 30.4 0
      vertex 28.3 30.4 6.3
    endloop
  endfacet
  facet normal 0.999046 0.0436741 0
    outer loop
      vertex 28.3 30.4 0
      vertex 28.308 30.217 6.3
      vertex 28.308 30.217 0
    endloop
  endfacet
  facet normal 0.675873 0.737018 -0
    outer loop
      vertex 29.0501 28.7913 0
      vertex 28.9151 28.9151 6.3
      vertex 29.0501 28.7913 6.3
    endloop
  endfacet
  facet normal 0.675873 0.737018 0
    outer loop
      vertex 28.9151 28.9151 6.3
      vertex 29.0501 28.7913 0
      vertex 28.9151 28.9151 0
    endloop
  endfacet
  facet normal 0.537582 0.843212 -0
    outer loop
      vertex 29.35 28.5813 0
      vertex 29.1955 28.6798 6.3
      vertex 29.35 28.5813 6.3
    endloop
  endfacet
  facet normal 0.537582 0.843212 0
    outer loop
      vertex 29.1955 28.6798 6.3
      vertex 29.35 28.5813 0
      vertex 29.1955 28.6798 0
    endloop
  endfacet
  facet normal 0.383026 0.923737 -0
    outer loop
      vertex 29.6818 28.4266 0
      vertex 29.5125 28.4968 6.3
      vertex 29.6818 28.4266 6.3
    endloop
  endfacet
  facet normal 0.383026 0.923737 0
    outer loop
      vertex 29.5125 28.4968 6.3
      vertex 29.6818 28.4266 0
      vertex 29.5125 28.4968 0
    endloop
  endfacet
  facet normal 0.300295 0.953846 -0
    outer loop
      vertex 29.8565 28.3716 0
      vertex 29.6818 28.4266 6.3
      vertex 29.8565 28.3716 6.3
    endloop
  endfacet
  facet normal 0.300295 0.953846 0
    outer loop
      vertex 29.6818 28.4266 6.3
      vertex 29.8565 28.3716 0
      vertex 29.6818 28.4266 0
    endloop
  endfacet
  facet normal -0.999046 -0.0436741 0
    outer loop
      vertex 32.5 30.4 0
      vertex 32.492 30.583 6.3
      vertex 32.492 30.583 0
    endloop
  endfacet
  facet normal -0.999046 -0.0436741 0
    outer loop
      vertex 32.492 30.583 6.3
      vertex 32.5 30.4 0
      vertex 32.5 30.4 6.3
    endloop
  endfacet
  facet normal -0.216757 -0.976226 0
    outer loop
      vertex 30.7647 32.4681 0
      vertex 30.9435 32.4284 6.3
      vertex 30.7647 32.4681 6.3
    endloop
  endfacet
  facet normal -0.216757 -0.976226 -0
    outer loop
      vertex 30.9435 32.4284 6.3
      vertex 30.7647 32.4681 0
      vertex 30.9435 32.4284 0
    endloop
  endfacet
  facet normal -0.461353 -0.887217 0
    outer loop
      vertex 31.2875 32.3032 0
      vertex 31.45 32.2187 6.3
      vertex 31.2875 32.3032 6.3
    endloop
  endfacet
  facet normal -0.461353 -0.887217 -0
    outer loop
      vertex 31.45 32.2187 6.3
      vertex 31.2875 32.3032 0
      vertex 31.45 32.2187 0
    endloop
  endfacet
  facet normal -0.923737 -0.383026 0
    outer loop
      vertex 32.3734 31.1182 0
      vertex 32.3032 31.2875 6.3
      vertex 32.3032 31.2875 0
    endloop
  endfacet
  facet normal -0.923737 -0.383026 0
    outer loop
      vertex 32.3032 31.2875 6.3
      vertex 32.3734 31.1182 0
      vertex 32.3734 31.1182 6.3
    endloop
  endfacet
  facet normal -0.976226 -0.216757 0
    outer loop
      vertex 32.4681 30.7647 0
      vertex 32.4284 30.9435 6.3
      vertex 32.4284 30.9435 0
    endloop
  endfacet
  facet normal -0.976226 -0.216757 0
    outer loop
      vertex 32.4284 30.9435 6.3
      vertex 32.4681 30.7647 0
      vertex 32.4681 30.7647 6.3
    endloop
  endfacet
  facet normal 0.383026 -0.923737 0
    outer loop
      vertex 29.5125 32.3032 0
      vertex 29.6818 32.3734 6.3
      vertex 29.5125 32.3032 6.3
    endloop
  endfacet
  facet normal 0.383026 -0.923737 0
    outer loop
      vertex 29.6818 32.3734 6.3
      vertex 29.5125 32.3032 0
      vertex 29.6818 32.3734 0
    endloop
  endfacet
  facet normal 0.216757 -0.976226 0
    outer loop
      vertex 29.8565 32.4284 0
      vertex 30.0353 32.4681 6.3
      vertex 29.8565 32.4284 6.3
    endloop
  endfacet
  facet normal 0.216757 -0.976226 0
    outer loop
      vertex 30.0353 32.4681 6.3
      vertex 29.8565 32.4284 0
      vertex 30.0353 32.4681 0
    endloop
  endfacet
  facet normal 0.0436741 -0.999046 0
    outer loop
      vertex 30.217 32.492 0
      vertex 30.4 32.5 6.3
      vertex 30.217 32.492 6.3
    endloop
  endfacet
  facet normal 0.0436741 -0.999046 0
    outer loop
      vertex 30.4 32.5 6.3
      vertex 30.217 32.492 0
      vertex 30.4 32.5 0
    endloop
  endfacet
  facet normal 0.793536 -0.608523 0
    outer loop
      vertex 28.6798 31.6045 6.3
      vertex 28.7913 31.7499 0
      vertex 28.7913 31.7499 6.3
    endloop
  endfacet
  facet normal 0.793536 -0.608523 0
    outer loop
      vertex 28.7913 31.7499 0
      vertex 28.6798 31.6045 6.3
      vertex 28.6798 31.6045 0
    endloop
  endfacet
  facet normal 0.976226 -0.216757 0
    outer loop
      vertex 28.3319 30.7647 6.3
      vertex 28.3716 30.9435 0
      vertex 28.3716 30.9435 6.3
    endloop
  endfacet
  facet normal 0.976226 -0.216757 0
    outer loop
      vertex 28.3716 30.9435 0
      vertex 28.3319 30.7647 6.3
      vertex 28.3319 30.7647 0
    endloop
  endfacet
  facet normal 0.999046 -0.0436741 0
    outer loop
      vertex 28.3 30.4 6.3
      vertex 28.308 30.583 0
      vertex 28.308 30.583 6.3
    endloop
  endfacet
  facet normal 0.999046 -0.0436741 0
    outer loop
      vertex 28.308 30.583 0
      vertex 28.3 30.4 6.3
      vertex 28.3 30.4 0
    endloop
  endfacet
  facet normal -0.99146 -0.130412 0
    outer loop
      vertex 32.492 30.583 0
      vertex 32.4681 30.7647 6.3
      vertex 32.4681 30.7647 0
    endloop
  endfacet
  facet normal -0.99146 -0.130412 0
    outer loop
      vertex 32.4681 30.7647 6.3
      vertex 32.492 30.583 0
      vertex 32.492 30.583 6.3
    endloop
  endfacet
  facet normal -0.300295 -0.953846 0
    outer loop
      vertex 30.9435 32.4284 0
      vertex 31.1182 32.3734 6.3
      vertex 30.9435 32.4284 6.3
    endloop
  endfacet
  facet normal -0.300295 -0.953846 -0
    outer loop
      vertex 31.1182 32.3734 6.3
      vertex 30.9435 32.4284 0
      vertex 31.1182 32.3734 0
    endloop
  endfacet
  facet normal 0.953846 -0.300295 0
    outer loop
      vertex 28.3716 30.9435 6.3
      vertex 28.4266 31.1182 0
      vertex 28.4266 31.1182 6.3
    endloop
  endfacet
  facet normal 0.953846 -0.300295 0
    outer loop
      vertex 28.4266 31.1182 0
      vertex 28.3716 30.9435 6.3
      vertex 28.3716 30.9435 0
    endloop
  endfacet
  facet normal -0.608756 0.793358 0
    outer loop
      vertex 40.8453 17.9518 6.3
      vertex 39.7206 17.0888 9
      vertex 40.8453 17.9518 9
    endloop
  endfacet
  facet normal -0.608756 0.793358 0
    outer loop
      vertex 39.7206 17.0888 9
      vertex 40.8453 17.9518 6.3
      vertex 39.7206 17.0888 6.3
    endloop
  endfacet
  facet normal 0.382686 0.923878 -0
    outer loop
      vertex 24.8422 15.13 6.3
      vertex 23.5325 15.6725 9
      vertex 24.8422 15.13 9
    endloop
  endfacet
  facet normal 0.382686 0.923878 0
    outer loop
      vertex 23.5325 15.6725 9
      vertex 24.8422 15.13 6.3
      vertex 23.5325 15.6725 6.3
    endloop
  endfacet
  facet normal 0.923878 0.382686 0
    outer loop
      vertex 15.6725 23.5325 9
      vertex 15.13 24.8422 6.3
      vertex 15.13 24.8422 9
    endloop
  endfacet
  facet normal 0.923878 0.382686 0
    outer loop
      vertex 15.13 24.8422 6.3
      vertex 15.6725 23.5325 9
      vertex 15.6725 23.5325 6.3
    endloop
  endfacet
  facet normal -0.923878 -0.382686 0
    outer loop
      vertex 45.67 35.9578 6.3
      vertex 45.1275 37.2675 9
      vertex 45.1275 37.2675 6.3
    endloop
  endfacet
  facet normal -0.923878 -0.382686 0
    outer loop
      vertex 45.1275 37.2675 9
      vertex 45.67 35.9578 6.3
      vertex 45.67 35.9578 9
    endloop
  endfacet
  facet normal -0.887015 0.461741 0
    outer loop
      vertex 44.4729 22.275 6.3
      vertex 45.1275 23.5325 9
      vertex 45.1275 23.5325 6.3
    endloop
  endfacet
  facet normal -0.887015 0.461741 0
    outer loop
      vertex 45.1275 23.5325 9
      vertex 44.4729 22.275 6.3
      vertex 44.4729 22.275 9
    endloop
  endfacet
  facet normal -0.843385 0.537309 0
    outer loop
      vertex 43.7112 21.0794 6.3
      vertex 44.4729 22.275 9
      vertex 44.4729 22.275 6.3
    endloop
  endfacet
  facet normal -0.843385 0.537309 0
    outer loop
      vertex 44.4729 22.275 9
      vertex 43.7112 21.0794 6.3
      vertex 43.7112 21.0794 9
    endloop
  endfacet
  facet normal -0.382686 0.923878 0
    outer loop
      vertex 37.2675 15.6725 6.3
      vertex 35.9578 15.13 9
      vertex 37.2675 15.6725 9
    endloop
  endfacet
  facet normal -0.382686 0.923878 0
    outer loop
      vertex 35.9578 15.13 9
      vertex 37.2675 15.6725 6.3
      vertex 35.9578 15.13 6.3
    endloop
  endfacet
  facet normal 0.793358 0.608756 0
    outer loop
      vertex 17.9518 19.9547 9
      vertex 17.0888 21.0794 6.3
      vertex 17.0888 21.0794 9
    endloop
  endfacet
  facet normal 0.793358 0.608756 0
    outer loop
      vertex 17.0888 21.0794 6.3
      vertex 17.9518 19.9547 9
      vertex 17.9518 19.9547 6.3
    endloop
  endfacet
  facet normal 0.216423 0.9763 -0
    outer loop
      vertex 27.5782 14.3969 6.3
      vertex 26.1942 14.7037 9
      vertex 27.5782 14.3969 9
    endloop
  endfacet
  facet normal 0.216423 0.9763 0
    outer loop
      vertex 26.1942 14.7037 9
      vertex 27.5782 14.3969 6.3
      vertex 26.1942 14.7037 6.3
    endloop
  endfacet
  facet normal -0.999049 -0.0435933 0
    outer loop
      vertex 46.65 30.4 6.3
      vertex 46.5882 31.8163 9
      vertex 46.5882 31.8163 6.3
    endloop
  endfacet
  facet normal -0.999049 -0.0435933 0
    outer loop
      vertex 46.5882 31.8163 9
      vertex 46.65 30.4 6.3
      vertex 46.65 30.4 9
    endloop
  endfacet
  facet normal -0.793358 -0.608756 0
    outer loop
      vertex 43.7112 39.7206 6.3
      vertex 42.8482 40.8453 9
      vertex 42.8482 40.8453 6.3
    endloop
  endfacet
  facet normal -0.793358 -0.608756 0
    outer loop
      vertex 42.8482 40.8453 9
      vertex 43.7112 39.7206 6.3
      vertex 43.7112 39.7206 9
    endloop
  endfacet
  facet normal 0.608756 -0.793358 0
    outer loop
      vertex 19.9547 42.8482 6.3
      vertex 21.0794 43.7112 9
      vertex 19.9547 42.8482 9
    endloop
  endfacet
  facet normal 0.608756 -0.793358 0
    outer loop
      vertex 21.0794 43.7112 9
      vertex 19.9547 42.8482 6.3
      vertex 21.0794 43.7112 6.3
    endloop
  endfacet
  facet normal 0.923878 -0.382686 0
    outer loop
      vertex 15.13 35.9578 9
      vertex 15.6725 37.2675 6.3
      vertex 15.6725 37.2675 9
    endloop
  endfacet
  facet normal 0.923878 -0.382686 0
    outer loop
      vertex 15.6725 37.2675 6.3
      vertex 15.13 35.9578 9
      vertex 15.13 35.9578 6.3
    endloop
  endfacet
  facet normal 0.737295 -0.675571 0
    outer loop
      vertex 17.9518 40.8453 9
      vertex 18.9095 41.8905 6.3
      vertex 18.9095 41.8905 9
    endloop
  endfacet
  facet normal 0.737295 -0.675571 0
    outer loop
      vertex 18.9095 41.8905 6.3
      vertex 17.9518 40.8453 9
      vertex 17.9518 40.8453 6.3
    endloop
  endfacet
  facet normal -0.9763 0.216423 0
    outer loop
      vertex 46.0963 26.1942 6.3
      vertex 46.4031 27.5782 9
      vertex 46.4031 27.5782 6.3
    endloop
  endfacet
  facet normal -0.9763 0.216423 0
    outer loop
      vertex 46.4031 27.5782 9
      vertex 46.0963 26.1942 6.3
      vertex 46.0963 26.1942 9
    endloop
  endfacet
  facet normal -0.953714 0.300716 0
    outer loop
      vertex 45.67 24.8422 6.3
      vertex 46.0963 26.1942 9
      vertex 46.0963 26.1942 6.3
    endloop
  endfacet
  facet normal -0.953714 0.300716 0
    outer loop
      vertex 46.0963 26.1942 9
      vertex 45.67 24.8422 6.3
      vertex 45.67 24.8422 9
    endloop
  endfacet
  facet normal -0.923878 0.382686 0
    outer loop
      vertex 45.1275 23.5325 6.3
      vertex 45.67 24.8422 9
      vertex 45.67 24.8422 6.3
    endloop
  endfacet
  facet normal -0.923878 0.382686 0
    outer loop
      vertex 45.67 24.8422 9
      vertex 45.1275 23.5325 6.3
      vertex 45.1275 23.5325 9
    endloop
  endfacet
  facet normal -0.737295 0.675571 0
    outer loop
      vertex 41.8905 18.9095 6.3
      vertex 42.8482 19.9547 9
      vertex 42.8482 19.9547 6.3
    endloop
  endfacet
  facet normal -0.737295 0.675571 0
    outer loop
      vertex 42.8482 19.9547 9
      vertex 41.8905 18.9095 6.3
      vertex 41.8905 18.9095 9
    endloop
  endfacet
  facet normal -0.793358 0.608756 0
    outer loop
      vertex 42.8482 19.9547 6.3
      vertex 43.7112 21.0794 9
      vertex 43.7112 21.0794 6.3
    endloop
  endfacet
  facet normal -0.793358 0.608756 0
    outer loop
      vertex 43.7112 21.0794 9
      vertex 42.8482 19.9547 6.3
      vertex 42.8482 19.9547 9
    endloop
  endfacet
  facet normal -0.675571 0.737295 0
    outer loop
      vertex 41.8905 18.9095 6.3
      vertex 40.8453 17.9518 9
      vertex 41.8905 18.9095 9
    endloop
  endfacet
  facet normal -0.675571 0.737295 0
    outer loop
      vertex 40.8453 17.9518 9
      vertex 41.8905 18.9095 6.3
      vertex 40.8453 17.9518 6.3
    endloop
  endfacet
  facet normal -0.537309 0.843385 0
    outer loop
      vertex 39.7206 17.0888 6.3
      vertex 38.525 16.3271 9
      vertex 39.7206 17.0888 9
    endloop
  endfacet
  facet normal -0.537309 0.843385 0
    outer loop
      vertex 38.525 16.3271 9
      vertex 39.7206 17.0888 6.3
      vertex 38.525 16.3271 6.3
    endloop
  endfacet
  facet normal 0.0435933 0.999049 -0
    outer loop
      vertex 30.4 14.15 6.3
      vertex 28.9837 14.2118 9
      vertex 30.4 14.15 9
    endloop
  endfacet
  facet normal 0.0435933 0.999049 0
    outer loop
      vertex 28.9837 14.2118 9
      vertex 30.4 14.15 6.3
      vertex 28.9837 14.2118 6.3
    endloop
  endfacet
  facet normal -0.461741 0.887015 0
    outer loop
      vertex 38.525 16.3271 6.3
      vertex 37.2675 15.6725 9
      vertex 38.525 16.3271 9
    endloop
  endfacet
  facet normal -0.461741 0.887015 0
    outer loop
      vertex 37.2675 15.6725 9
      vertex 38.525 16.3271 6.3
      vertex 37.2675 15.6725 6.3
    endloop
  endfacet
  facet normal -0.300716 0.953714 0
    outer loop
      vertex 35.9578 15.13 6.3
      vertex 34.6058 14.7037 9
      vertex 35.9578 15.13 9
    endloop
  endfacet
  facet normal -0.300716 0.953714 0
    outer loop
      vertex 34.6058 14.7037 9
      vertex 35.9578 15.13 6.3
      vertex 34.6058 14.7037 6.3
    endloop
  endfacet
  facet normal -0.216423 0.9763 0
    outer loop
      vertex 34.6058 14.7037 6.3
      vertex 33.2218 14.3969 9
      vertex 34.6058 14.7037 9
    endloop
  endfacet
  facet normal -0.216423 0.9763 0
    outer loop
      vertex 33.2218 14.3969 9
      vertex 34.6058 14.7037 6.3
      vertex 33.2218 14.3969 6.3
    endloop
  endfacet
  facet normal 0.999049 -0.0435933 0
    outer loop
      vertex 14.15 30.4 9
      vertex 14.2118 31.8163 6.3
      vertex 14.2118 31.8163 9
    endloop
  endfacet
  facet normal 0.999049 -0.0435933 0
    outer loop
      vertex 14.2118 31.8163 6.3
      vertex 14.15 30.4 9
      vertex 14.15 30.4 6.3
    endloop
  endfacet
  facet normal 0.953714 0.300716 0
    outer loop
      vertex 15.13 24.8422 9
      vertex 14.7037 26.1942 6.3
      vertex 14.7037 26.1942 9
    endloop
  endfacet
  facet normal 0.953714 0.300716 0
    outer loop
      vertex 14.7037 26.1942 6.3
      vertex 15.13 24.8422 9
      vertex 15.13 24.8422 6.3
    endloop
  endfacet
  facet normal 0.9763 0.216423 0
    outer loop
      vertex 14.7037 26.1942 9
      vertex 14.3969 27.5782 6.3
      vertex 14.3969 27.5782 9
    endloop
  endfacet
  facet normal 0.9763 0.216423 0
    outer loop
      vertex 14.3969 27.5782 6.3
      vertex 14.7037 26.1942 9
      vertex 14.7037 26.1942 6.3
    endloop
  endfacet
  facet normal 0.887015 0.461741 0
    outer loop
      vertex 16.3271 22.275 9
      vertex 15.6725 23.5325 6.3
      vertex 15.6725 23.5325 9
    endloop
  endfacet
  facet normal 0.887015 0.461741 0
    outer loop
      vertex 15.6725 23.5325 6.3
      vertex 16.3271 22.275 9
      vertex 16.3271 22.275 6.3
    endloop
  endfacet
  facet normal 0.843385 0.537309 0
    outer loop
      vertex 17.0888 21.0794 9
      vertex 16.3271 22.275 6.3
      vertex 16.3271 22.275 9
    endloop
  endfacet
  facet normal 0.843385 0.537309 0
    outer loop
      vertex 16.3271 22.275 6.3
      vertex 17.0888 21.0794 9
      vertex 17.0888 21.0794 6.3
    endloop
  endfacet
  facet normal 0.300716 0.953714 -0
    outer loop
      vertex 26.1942 14.7037 6.3
      vertex 24.8422 15.13 9
      vertex 26.1942 14.7037 9
    endloop
  endfacet
  facet normal 0.300716 0.953714 0
    outer loop
      vertex 24.8422 15.13 9
      vertex 26.1942 14.7037 6.3
      vertex 24.8422 15.13 6.3
    endloop
  endfacet
  facet normal 0.130569 0.991439 -0
    outer loop
      vertex 28.9837 14.2118 6.3
      vertex 27.5782 14.3969 9
      vertex 28.9837 14.2118 9
    endloop
  endfacet
  facet normal 0.130569 0.991439 0
    outer loop
      vertex 27.5782 14.3969 9
      vertex 28.9837 14.2118 6.3
      vertex 27.5782 14.3969 6.3
    endloop
  endfacet
  facet normal 0.608756 0.793358 -0
    outer loop
      vertex 21.0794 17.0888 6.3
      vertex 19.9547 17.9518 9
      vertex 21.0794 17.0888 9
    endloop
  endfacet
  facet normal 0.608756 0.793358 0
    outer loop
      vertex 19.9547 17.9518 9
      vertex 21.0794 17.0888 6.3
      vertex 19.9547 17.9518 6.3
    endloop
  endfacet
  facet normal 0.675571 0.737295 -0
    outer loop
      vertex 19.9547 17.9518 6.3
      vertex 18.9095 18.9095 9
      vertex 19.9547 17.9518 9
    endloop
  endfacet
  facet normal 0.675571 0.737295 0
    outer loop
      vertex 18.9095 18.9095 9
      vertex 19.9547 17.9518 6.3
      vertex 18.9095 18.9095 6.3
    endloop
  endfacet
  facet normal 0.461741 0.887015 -0
    outer loop
      vertex 23.5325 15.6725 6.3
      vertex 22.275 16.3271 9
      vertex 23.5325 15.6725 9
    endloop
  endfacet
  facet normal 0.461741 0.887015 0
    outer loop
      vertex 22.275 16.3271 9
      vertex 23.5325 15.6725 6.3
      vertex 22.275 16.3271 6.3
    endloop
  endfacet
  facet normal 0.737295 0.675571 0
    outer loop
      vertex 18.9095 18.9095 9
      vertex 17.9518 19.9547 6.3
      vertex 17.9518 19.9547 9
    endloop
  endfacet
  facet normal 0.737295 0.675571 0
    outer loop
      vertex 17.9518 19.9547 6.3
      vertex 18.9095 18.9095 9
      vertex 18.9095 18.9095 6.3
    endloop
  endfacet
  facet normal -0.999049 0.0435933 0
    outer loop
      vertex 46.5882 28.9837 6.3
      vertex 46.65 30.4 9
      vertex 46.65 30.4 6.3
    endloop
  endfacet
  facet normal -0.999049 0.0435933 0
    outer loop
      vertex 46.65 30.4 9
      vertex 46.5882 28.9837 6.3
      vertex 46.5882 28.9837 9
    endloop
  endfacet
  facet normal -0.675571 -0.737295 0
    outer loop
      vertex 40.8453 42.8482 6.3
      vertex 41.8905 41.8905 9
      vertex 40.8453 42.8482 9
    endloop
  endfacet
  facet normal -0.675571 -0.737295 -0
    outer loop
      vertex 41.8905 41.8905 9
      vertex 40.8453 42.8482 6.3
      vertex 41.8905 41.8905 6.3
    endloop
  endfacet
  facet normal -0.537368 -0.843348 0
    outer loop
      vertex 38.9235 44.2191 6.3
      vertex 39.7206 43.7112 9
      vertex 38.9235 44.2191 9
    endloop
  endfacet
  facet normal -0.537368 -0.843348 -0
    outer loop
      vertex 39.7206 43.7112 9
      vertex 38.9235 44.2191 6.3
      vertex 39.7206 43.7112 6.3
    endloop
  endfacet
  facet normal -0.887015 -0.461741 0
    outer loop
      vertex 45.1275 37.2675 6.3
      vertex 44.4729 38.525 9
      vertex 44.4729 38.525 6.3
    endloop
  endfacet
  facet normal -0.887015 -0.461741 0
    outer loop
      vertex 44.4729 38.525 9
      vertex 45.1275 37.2675 6.3
      vertex 45.1275 37.2675 9
    endloop
  endfacet
  facet normal 0.991439 -0.130569 0
    outer loop
      vertex 14.2118 31.8163 9
      vertex 14.3969 33.2218 6.3
      vertex 14.3969 33.2218 9
    endloop
  endfacet
  facet normal 0.991439 -0.130569 0
    outer loop
      vertex 14.3969 33.2218 6.3
      vertex 14.2118 31.8163 9
      vertex 14.2118 31.8163 6.3
    endloop
  endfacet
  facet normal 0.953714 -0.300716 0
    outer loop
      vertex 14.7037 34.6058 9
      vertex 15.13 35.9578 6.3
      vertex 15.13 35.9578 9
    endloop
  endfacet
  facet normal 0.953714 -0.300716 0
    outer loop
      vertex 15.13 35.9578 6.3
      vertex 14.7037 34.6058 9
      vertex 14.7037 34.6058 6.3
    endloop
  endfacet
  facet normal 0.9763 -0.216423 0
    outer loop
      vertex 14.3969 33.2218 9
      vertex 14.7037 34.6058 6.3
      vertex 14.7037 34.6058 9
    endloop
  endfacet
  facet normal 0.9763 -0.216423 0
    outer loop
      vertex 14.7037 34.6058 6.3
      vertex 14.3969 33.2218 9
      vertex 14.3969 33.2218 6.3
    endloop
  endfacet
  facet normal -0.991439 0.130569 0
    outer loop
      vertex 46.4031 27.5782 6.3
      vertex 46.5882 28.9837 9
      vertex 46.5882 28.9837 6.3
    endloop
  endfacet
  facet normal -0.991439 0.130569 0
    outer loop
      vertex 46.5882 28.9837 9
      vertex 46.4031 27.5782 6.3
      vertex 46.4031 27.5782 9
    endloop
  endfacet
  facet normal -0.0435933 0.999049 0
    outer loop
      vertex 31.8163 14.2118 6.3
      vertex 30.4 14.15 9
      vertex 31.8163 14.2118 9
    endloop
  endfacet
  facet normal -0.0435933 0.999049 0
    outer loop
      vertex 30.4 14.15 9
      vertex 31.8163 14.2118 6.3
      vertex 30.4 14.15 6.3
    endloop
  endfacet
  facet normal -0.130569 0.991439 0
    outer loop
      vertex 33.2218 14.3969 6.3
      vertex 31.8163 14.2118 9
      vertex 33.2218 14.3969 9
    endloop
  endfacet
  facet normal -0.130569 0.991439 0
    outer loop
      vertex 31.8163 14.2118 9
      vertex 33.2218 14.3969 6.3
      vertex 31.8163 14.2118 6.3
    endloop
  endfacet
  facet normal 0 0 1
    outer loop
      vertex 23.5034 30.4784 6.3
      vertex 22.2966 30.4784 6.3
      vertex 22.3 30.4 6.3
    endloop
  endfacet
  facet normal 0 0 1
    outer loop
      vertex 23.1226 42.2935 6.3
      vertex 22.2863 30.5563 6.3
      vertex 22.2966 30.4784 6.3
    endloop
  endfacet
  facet normal 0 0 1
    outer loop
      vertex 23.1226 42.2935 6.3
      vertex 22.2693 30.6329 6.3
      vertex 22.2863 30.5563 6.3
    endloop
  endfacet
  facet normal 0 0 1
    outer loop
      vertex 23.1226 42.2935 6.3
      vertex 22.2457 30.7078 6.3
      vertex 22.2693 30.6329 6.3
    endloop
  endfacet
  facet normal 0 0 1
    outer loop
      vertex 23.1226 42.2935 6.3
      vertex 22.2157 30.7804 6.3
      vertex 22.2457 30.7078 6.3
    endloop
  endfacet
  facet normal 0 0 1
    outer loop
      vertex 23.1226 42.2935 6.3
      vertex 22.1794 30.85 6.3
      vertex 22.2157 30.7804 6.3
    endloop
  endfacet
  facet normal 0 0 1
    outer loop
      vertex 21.0794 43.7112 6.3
      vertex 22.6181 42.951 6.3
      vertex 22.1728 43.65 6.3
    endloop
  endfacet
  facet normal 0 0 1
    outer loop
      vertex 23.1226 42.2935 6.3
      vertex 22.1372 30.9162 6.3
      vertex 22.1794 30.85 6.3
    endloop
  endfacet
  facet normal 0 0 1
    outer loop
      vertex 23.1226 42.2935 6.3
      vertex 22.0894 30.9785 6.3
      vertex 22.1372 30.9162 6.3
    endloop
  endfacet
  facet normal 0 0 1
    outer loop
      vertex 23.1226 42.2935 6.3
      vertex 22.0364 31.0364 6.3
      vertex 22.0894 30.9785 6.3
    endloop
  endfacet
  facet normal 0 0 1
    outer loop
      vertex 23.1226 42.2935 6.3
      vertex 21.9785 31.0894 6.3
      vertex 22.0364 31.0364 6.3
    endloop
  endfacet
  facet normal 0 0 1
    outer loop
      vertex 23.1226 42.2935 6.3
      vertex 21.9162 31.1372 6.3
      vertex 21.9785 31.0894 6.3
    endloop
  endfacet
  facet normal -0 0 1
    outer loop
      vertex 21.0794 43.7112 6.3
      vertex 22.1728 43.65 6.3
      vertex 21.8765 44.2191 6.3
    endloop
  endfacet
  facet normal 0 0 1
    outer loop
      vertex 23.1226 42.2935 6.3
      vertex 21.85 31.1794 6.3
      vertex 21.9162 31.1372 6.3
    endloop
  endfacet
  facet normal 0 0 1
    outer loop
      vertex 22.6181 42.951 6.3
      vertex 21.0794 43.7112 6.3
      vertex 19.9547 42.8482 6.3
    endloop
  endfacet
  facet normal 0 0 1
    outer loop
      vertex 23.1226 42.2935 6.3
      vertex 21.7804 31.2157 6.3
      vertex 21.85 31.1794 6.3
    endloop
  endfacet
  facet normal 0 0 1
    outer loop
      vertex 23.1226 42.2935 6.3
      vertex 19.9547 42.8482 6.3
      vertex 18.9095 41.8905 6.3
    endloop
  endfacet
  facet normal 0 0 1
    outer loop
      vertex 23.1226 42.2935 6.3
      vertex 21.7078 31.2457 6.3
      vertex 21.7804 31.2157 6.3
    endloop
  endfacet
  facet normal 0 0 1
    outer loop
      vertex 23.1226 42.2935 6.3
      vertex 18.9095 41.8905 6.3
      vertex 17.9518 40.8453 6.3
    endloop
  endfacet
  facet normal 0 0 1
    outer loop
      vertex 23.1226 42.2935 6.3
      vertex 21.6329 31.2693 6.3
      vertex 21.7078 31.2457 6.3
    endloop
  endfacet
  facet normal 0 0 1
    outer loop
      vertex 23.1226 42.2935 6.3
      vertex 21.5563 31.2863 6.3
      vertex 21.6329 31.2693 6.3
    endloop
  endfacet
  facet normal 0 0 1
    outer loop
      vertex 17.0888 39.7206 6.3
      vertex 23.1226 42.2935 6.3
      vertex 17.9518 40.8453 6.3
    endloop
  endfacet
  facet normal 0 0 1
    outer loop
      vertex 23.1226 42.2935 6.3
      vertex 21.4784 31.2966 6.3
      vertex 21.5563 31.2863 6.3
    endloop
  endfacet
  facet normal 0 0 1
    outer loop
      vertex 23.1226 42.2935 6.3
      vertex 17.0888 39.7206 6.3
      vertex 21.4784 31.2966 6.3
    endloop
  endfacet
  facet normal 0 0 1
    outer loop
      vertex 21.4784 31.2966 6.3
      vertex 17.0888 39.7206 6.3
      vertex 21.4 31.3 6.3
    endloop
  endfacet
  facet normal 0 0 1
    outer loop
      vertex 21.4 31.3 6.3
      vertex 17.0888 39.7206 6.3
      vertex 21.3216 31.2966 6.3
    endloop
  endfacet
  facet normal -0 0 1
    outer loop
      vertex 16.3271 38.525 6.3
      vertex 21.3216 31.2966 6.3
      vertex 17.0888 39.7206 6.3
    endloop
  endfacet
  facet normal 0 0 1
    outer loop
      vertex 21.3216 31.2966 6.3
      vertex 16.3271 38.525 6.3
      vertex 21.2437 31.2863 6.3
    endloop
  endfacet
  facet normal 0 0 1
    outer loop
      vertex 21.2437 31.2863 6.3
      vertex 16.3271 38.525 6.3
      vertex 21.1671 31.2693 6.3
    endloop
  endfacet
  facet normal -0 0 1
    outer loop
      vertex 15.6725 37.2675 6.3
      vertex 21.1671 31.2693 6.3
      vertex 16.3271 38.525 6.3
    endloop
  endfacet
  facet normal 0 0 1
    outer loop
      vertex 21.1671 31.2693 6.3
      vertex 15.6725 37.2675 6.3
      vertex 21.0922 31.2457 6.3
    endloop
  endfacet
  facet normal 0 0 1
    outer loop
      vertex 21.0922 31.2457 6.3
      vertex 15.6725 37.2675 6.3
      vertex 21.0196 31.2157 6.3
    endloop
  endfacet
  facet normal -0 0 1
    outer loop
      vertex 15.13 35.9578 6.3
      vertex 21.0196 31.2157 6.3
      vertex 15.6725 37.2675 6.3
    endloop
  endfacet
  facet normal 0 0 1
    outer loop
      vertex 21.0196 31.2157 6.3
      vertex 15.13 35.9578 6.3
      vertex 20.95 31.1794 6.3
    endloop
  endfacet
  facet normal 0 0 1
    outer loop
      vertex 20.95 31.1794 6.3
      vertex 15.13 35.9578 6.3
      vertex 20.8838 31.1372 6.3
    endloop
  endfacet
  facet normal 0 0 1
    outer loop
      vertex 20.8838 31.1372 6.3
      vertex 15.13 35.9578 6.3
      vertex 20.8215 31.0894 6.3
    endloop
  endfacet
  facet normal -0 0 1
    outer loop
      vertex 14.7037 34.6058 6.3
      vertex 20.8215 31.0894 6.3
      vertex 15.13 35.9578 6.3
    endloop
  endfacet
  facet normal 0 0 1
    outer loop
      vertex 20.8215 31.0894 6.3
      vertex 14.7037 34.6058 6.3
      vertex 20.7636 31.0364 6.3
    endloop
  endfacet
  facet normal 0 0 1
    outer loop
      vertex 20.7636 31.0364 6.3
      vertex 14.7037 34.6058 6.3
      vertex 20.7106 30.9785 6.3
    endloop
  endfacet
  facet normal -0 0 1
    outer loop
      vertex 14.3969 33.2218 6.3
      vertex 20.7106 30.9785 6.3
      vertex 14.7037 34.6058 6.3
    endloop
  endfacet
  facet normal 0 0 1
    outer loop
      vertex 28.3 30.4 6.3
      vertex 25.2966 30.4784 6.3
      vertex 25.3 30.4 6.3
    endloop
  endfacet
  facet normal 0 0 1
    outer loop
      vertex 26.3851 39.7901 6.3
      vertex 25.2863 30.5563 6.3
      vertex 25.2966 30.4784 6.3
    endloop
  endfacet
  facet normal 0 0 1
    outer loop
      vertex 26.3851 39.7901 6.3
      vertex 25.2693 30.6329 6.3
      vertex 25.2863 30.5563 6.3
    endloop
  endfacet
  facet normal 0 0 1
    outer loop
      vertex 26.3851 39.7901 6.3
      vertex 25.2457 30.7078 6.3
      vertex 25.2693 30.6329 6.3
    endloop
  endfacet
  facet normal 0 0 1
    outer loop
      vertex 26.3851 39.7901 6.3
      vertex 25.2157 30.7804 6.3
      vertex 25.2457 30.7078 6.3
    endloop
  endfacet
  facet normal 0 0 1
    outer loop
      vertex 26.3851 39.7901 6.3
      vertex 25.1794 30.85 6.3
      vertex 25.2157 30.7804 6.3
    endloop
  endfacet
  facet normal 0 0 1
    outer loop
      vertex 26.3851 39.7901 6.3
      vertex 25.1372 30.9162 6.3
      vertex 25.1794 30.85 6.3
    endloop
  endfacet
  facet normal 0 0 1
    outer loop
      vertex 26.3851 39.7901 6.3
      vertex 25.0894 30.9785 6.3
      vertex 25.1372 30.9162 6.3
    endloop
  endfacet
  facet normal 0 0 1
    outer loop
      vertex 26.3851 39.7901 6.3
      vertex 25.0364 31.0364 6.3
      vertex 25.0894 30.9785 6.3
    endloop
  endfacet
  facet normal 0 0 1
    outer loop
      vertex 26.3851 39.7901 6.3
      vertex 24.9785 31.0894 6.3
      vertex 25.0364 31.0364 6.3
    endloop
  endfacet
  facet normal 0 0 1
    outer loop
      vertex 24.1671 31.2693 6.3
      vertex 25.65 40.1728 6.3
      vertex 24.951 40.6181 6.3
    endloop
  endfacet
  facet normal 0 0 1
    outer loop
      vertex 26.3851 39.7901 6.3
      vertex 24.9162 31.1372 6.3
      vertex 24.9785 31.0894 6.3
    endloop
  endfacet
  facet normal 0 0 1
    outer loop
      vertex 26.3851 39.7901 6.3
      vertex 24.85 31.1794 6.3
      vertex 24.9162 31.1372 6.3
    endloop
  endfacet
  facet normal 0 0 1
    outer loop
      vertex 26.3851 39.7901 6.3
      vertex 24.7804 31.2157 6.3
      vertex 24.85 31.1794 6.3
    endloop
  endfacet
  facet normal 0 0 1
    outer loop
      vertex 26.3851 39.7901 6.3
      vertex 24.7078 31.2457 6.3
      vertex 24.7804 31.2157 6.3
    endloop
  endfacet
  facet normal 0 0 1
    outer loop
      vertex 26.3851 39.7901 6.3
      vertex 24.6329 31.2693 6.3
      vertex 24.7078 31.2457 6.3
    endloop
  endfacet
  facet normal 0 0 1
    outer loop
      vertex 26.3851 39.7901 6.3
      vertex 24.5563 31.2863 6.3
      vertex 24.6329 31.2693 6.3
    endloop
  endfacet
  facet normal 0 0 1
    outer loop
      vertex 26.3851 39.7901 6.3
      vertex 24.4784 31.2966 6.3
      vertex 24.5563 31.2863 6.3
    endloop
  endfacet
  facet normal 0 0 1
    outer loop
      vertex 26.3851 39.7901 6.3
      vertex 24.4 31.3 6.3
      vertex 24.4784 31.2966 6.3
    endloop
  endfacet
  facet normal 0 0 1
    outer loop
      vertex 26.3851 39.7901 6.3
      vertex 24.3216 31.2966 6.3
      vertex 24.4 31.3 6.3
    endloop
  endfacet
  facet normal 0 0 1
    outer loop
      vertex 23.95 31.1794 6.3
      vertex 24.951 40.6181 6.3
      vertex 24.2935 41.1226 6.3
    endloop
  endfacet
  facet normal 0 0 1
    outer loop
      vertex 25.65 40.1728 6.3
      vertex 24.2437 31.2863 6.3
      vertex 24.3216 31.2966 6.3
    endloop
  endfacet
  facet normal 0 0 1
    outer loop
      vertex 25.65 40.1728 6.3
      vertex 24.1671 31.2693 6.3
      vertex 24.2437 31.2863 6.3
    endloop
  endfacet
  facet normal 0 0 1
    outer loop
      vertex 24.951 40.6181 6.3
      vertex 24.0922 31.2457 6.3
      vertex 24.1671 31.2693 6.3
    endloop
  endfacet
  facet normal 0 0 1
    outer loop
      vertex 24.951 40.6181 6.3
      vertex 24.0196 31.2157 6.3
      vertex 24.0922 31.2457 6.3
    endloop
  endfacet
  facet normal 0 0 1
    outer loop
      vertex 24.951 40.6181 6.3
      vertex 23.95 31.1794 6.3
      vertex 24.0196 31.2157 6.3
    endloop
  endfacet
  facet normal 0 0 1
    outer loop
      vertex 22.2966 30.4784 6.3
      vertex 23.95 31.1794 6.3
      vertex 24.2935 41.1226 6.3
    endloop
  endfacet
  facet normal 0 0 1
    outer loop
      vertex 23.95 31.1794 6.3
      vertex 22.2966 30.4784 6.3
      vertex 23.8838 31.1372 6.3
    endloop
  endfacet
  facet normal 0 0 1
    outer loop
      vertex 22.2966 30.4784 6.3
      vertex 23.8215 31.0894 6.3
      vertex 23.8838 31.1372 6.3
    endloop
  endfacet
  facet normal 0 0 1
    outer loop
      vertex 22.2966 30.4784 6.3
      vertex 23.7636 31.0364 6.3
      vertex 23.8215 31.0894 6.3
    endloop
  endfacet
  facet normal 0 0 1
    outer loop
      vertex 22.2966 30.4784 6.3
      vertex 24.2935 41.1226 6.3
      vertex 23.6825 41.6825 6.3
    endloop
  endfacet
  facet normal 0 0 1
    outer loop
      vertex 22.2966 30.4784 6.3
      vertex 23.7106 30.9785 6.3
      vertex 23.7636 31.0364 6.3
    endloop
  endfacet
  facet normal 0 0 1
    outer loop
      vertex 22.2966 30.4784 6.3
      vertex 23.6628 30.9162 6.3
      vertex 23.7106 30.9785 6.3
    endloop
  endfacet
  facet normal 0 0 1
    outer loop
      vertex 22.2966 30.4784 6.3
      vertex 23.6206 30.85 6.3
      vertex 23.6628 30.9162 6.3
    endloop
  endfacet
  facet normal 0 0 1
    outer loop
      vertex 22.2966 30.4784 6.3
      vertex 23.5843 30.7804 6.3
      vertex 23.6206 30.85 6.3
    endloop
  endfacet
  facet normal 0 0 1
    outer loop
      vertex 22.2966 30.4784 6.3
      vertex 23.5543 30.7078 6.3
      vertex 23.5843 30.7804 6.3
    endloop
  endfacet
  facet normal 0 0 1
    outer loop
      vertex 22.2966 30.4784 6.3
      vertex 23.5307 30.6329 6.3
      vertex 23.5543 30.7078 6.3
    endloop
  endfacet
  facet normal 0 0 1
    outer loop
      vertex 22.2966 30.4784 6.3
      vertex 23.5137 30.5563 6.3
      vertex 23.5307 30.6329 6.3
    endloop
  endfacet
  facet normal 0 0 1
    outer loop
      vertex 22.2966 30.4784 6.3
      vertex 23.5034 30.4784 6.3
      vertex 23.5137 30.5563 6.3
    endloop
  endfacet
  facet normal 0 0 1
    outer loop
      vertex 22.2966 30.4784 6.3
      vertex 23.6825 41.6825 6.3
      vertex 23.1226 42.2935 6.3
    endloop
  endfacet
  facet normal 0 0 1
    outer loop
      vertex 41.8905 18.9095 6.3
      vertex 31.2863 24.2437 6.3
      vertex 40.8453 17.9518 6.3
    endloop
  endfacet
  facet normal 0 0 1
    outer loop
      vertex 40.8453 17.9518 6.3
      vertex 31.2966 21.4784 6.3
      vertex 31.3 21.4 6.3
    endloop
  endfacet
  facet normal -0 0 1
    outer loop
      vertex 31.2863 21.5563 6.3
      vertex 40.8453 17.9518 6.3
      vertex 31.2863 24.2437 6.3
    endloop
  endfacet
  facet normal 0 0 1
    outer loop
      vertex 40.8453 17.9518 6.3
      vertex 31.2863 21.5563 6.3
      vertex 31.2966 21.4784 6.3
    endloop
  endfacet
  facet normal -0 0 1
    outer loop
      vertex 31.2693 24.1671 6.3
      vertex 31.2863 21.5563 6.3
      vertex 31.2863 24.2437 6.3
    endloop
  endfacet
  facet normal 0 0 1
    outer loop
      vertex 31.2693 24.1671 6.3
      vertex 31.2693 21.6329 6.3
      vertex 31.2863 21.5563 6.3
    endloop
  endfacet
  facet normal -0 0 1
    outer loop
      vertex 31.2457 24.0922 6.3
      vertex 31.2693 21.6329 6.3
      vertex 31.2693 24.1671 6.3
    endloop
  endfacet
  facet normal 0 0 1
    outer loop
      vertex 31.2457 24.0922 6.3
      vertex 31.2457 21.7078 6.3
      vertex 31.2693 21.6329 6.3
    endloop
  endfacet
  facet normal -0 0 1
    outer loop
      vertex 31.2157 24.0196 6.3
      vertex 31.2457 21.7078 6.3
      vertex 31.2457 24.0922 6.3
    endloop
  endfacet
  facet normal 0 0 1
    outer loop
      vertex 31.2157 24.0196 6.3
      vertex 31.2157 21.7804 6.3
      vertex 31.2457 21.7078 6.3
    endloop
  endfacet
  facet normal -0 0 1
    outer loop
      vertex 31.1794 23.95 6.3
      vertex 31.2157 21.7804 6.3
      vertex 31.2157 24.0196 6.3
    endloop
  endfacet
  facet normal 0 0 1
    outer loop
      vertex 31.1794 23.95 6.3
      vertex 31.1794 21.85 6.3
      vertex 31.2157 21.7804 6.3
    endloop
  endfacet
  facet normal -0 0 1
    outer loop
      vertex 31.1372 23.8838 6.3
      vertex 31.1794 21.85 6.3
      vertex 31.1794 23.95 6.3
    endloop
  endfacet
  facet normal 0 0 1
    outer loop
      vertex 31.1372 23.8838 6.3
      vertex 31.1372 21.9162 6.3
      vertex 31.1794 21.85 6.3
    endloop
  endfacet
  facet normal -0 0 1
    outer loop
      vertex 31.0894 23.8215 6.3
      vertex 31.1372 21.9162 6.3
      vertex 31.1372 23.8838 6.3
    endloop
  endfacet
  facet normal 0 0 1
    outer loop
      vertex 31.0894 23.8215 6.3
      vertex 31.0894 21.9785 6.3
      vertex 31.1372 21.9162 6.3
    endloop
  endfacet
  facet normal -0 0 1
    outer loop
      vertex 31.0364 23.7636 6.3
      vertex 31.0894 21.9785 6.3
      vertex 31.0894 23.8215 6.3
    endloop
  endfacet
  facet normal 0 0 1
    outer loop
      vertex 31.0364 23.7636 6.3
      vertex 31.0364 22.0364 6.3
      vertex 31.0894 21.9785 6.3
    endloop
  endfacet
  facet normal -0 0 1
    outer loop
      vertex 30.9785 23.7106 6.3
      vertex 31.0364 22.0364 6.3
      vertex 31.0364 23.7636 6.3
    endloop
  endfacet
  facet normal 0 0 1
    outer loop
      vertex 30.9785 23.7106 6.3
      vertex 30.9785 22.0894 6.3
      vertex 31.0364 22.0364 6.3
    endloop
  endfacet
  facet normal -0 0 1
    outer loop
      vertex 30.9162 23.6628 6.3
      vertex 30.9785 22.0894 6.3
      vertex 30.9785 23.7106 6.3
    endloop
  endfacet
  facet normal 0 0 1
    outer loop
      vertex 30.9162 23.6628 6.3
      vertex 30.9162 22.1372 6.3
      vertex 30.9785 22.0894 6.3
    endloop
  endfacet
  facet normal -0 0 1
    outer loop
      vertex 30.85 23.6206 6.3
      vertex 30.9162 22.1372 6.3
      vertex 30.9162 23.6628 6.3
    endloop
  endfacet
  facet normal 0 0 1
    outer loop
      vertex 30.85 23.6206 6.3
      vertex 30.85 22.1794 6.3
      vertex 30.9162 22.1372 6.3
    endloop
  endfacet
  facet normal -0 0 1
    outer loop
      vertex 30.7804 23.5843 6.3
      vertex 30.85 22.1794 6.3
      vertex 30.85 23.6206 6.3
    endloop
  endfacet
  facet normal 0 0 1
    outer loop
      vertex 30.7804 23.5843 6.3
      vertex 30.7804 22.2157 6.3
      vertex 30.85 22.1794 6.3
    endloop
  endfacet
  facet normal -0 0 1
    outer loop
      vertex 30.7078 23.5543 6.3
      vertex 30.7804 22.2157 6.3
      vertex 30.7804 23.5843 6.3
    endloop
  endfacet
  facet normal 0 0 1
    outer loop
      vertex 30.7078 23.5543 6.3
      vertex 30.7078 22.2457 6.3
      vertex 30.7804 22.2157 6.3
    endloop
  endfacet
  facet normal -0 0 1
    outer loop
      vertex 30.6329 23.5307 6.3
      vertex 30.7078 22.2457 6.3
      vertex 30.7078 23.5543 6.3
    endloop
  endfacet
  facet normal 0 0 1
    outer loop
      vertex 30.6329 23.5307 6.3
      vertex 30.6329 22.2693 6.3
      vertex 30.7078 22.2457 6.3
    endloop
  endfacet
  facet normal -0 0 1
    outer loop
      vertex 30.5563 23.5137 6.3
      vertex 30.6329 22.2693 6.3
      vertex 30.6329 23.5307 6.3
    endloop
  endfacet
  facet normal 0 0 1
    outer loop
      vertex 30.5563 23.5137 6.3
      vertex 30.5563 22.2863 6.3
      vertex 30.6329 22.2693 6.3
    endloop
  endfacet
  facet normal -0 0 1
    outer loop
      vertex 30.4784 23.5034 6.3
      vertex 30.5563 22.2863 6.3
      vertex 30.5563 23.5137 6.3
    endloop
  endfacet
  facet normal 0 0 1
    outer loop
      vertex 30.4784 23.5034 6.3
      vertex 30.4784 22.2966 6.3
      vertex 30.5563 22.2863 6.3
    endloop
  endfacet
  facet normal -0 0 1
    outer loop
      vertex 30.4 23.5 6.3
      vertex 30.4784 22.2966 6.3
      vertex 30.4784 23.5034 6.3
    endloop
  endfacet
  facet normal 0 0 1
    outer loop
      vertex 30.4 23.5 6.3
      vertex 30.4 22.3 6.3
      vertex 30.4784 22.2966 6.3
    endloop
  endfacet
  facet normal 0 0 1
    outer loop
      vertex 30.3216 23.5034 6.3
      vertex 30.4 22.3 6.3
      vertex 30.4 23.5 6.3
    endloop
  endfacet
  facet normal 0 0 1
    outer loop
      vertex 30.3216 23.5034 6.3
      vertex 30.3216 22.2966 6.3
      vertex 30.4 22.3 6.3
    endloop
  endfacet
  facet normal 0 0 1
    outer loop
      vertex 30.2437 23.5137 6.3
      vertex 30.3216 22.2966 6.3
      vertex 30.3216 23.5034 6.3
    endloop
  endfacet
  facet normal 0 0 1
    outer loop
      vertex 30.2437 23.5137 6.3
      vertex 30.2437 22.2863 6.3
      vertex 30.3216 22.2966 6.3
    endloop
  endfacet
  facet normal 0 0 1
    outer loop
      vertex 30.1671 23.5307 6.3
      vertex 30.2437 22.2863 6.3
      vertex 30.2437 23.5137 6.3
    endloop
  endfacet
  facet normal 0 0 1
    outer loop
      vertex 30.1671 23.5307 6.3
      vertex 30.1671 22.2693 6.3
      vertex 30.2437 22.2863 6.3
    endloop
  endfacet
  facet normal 0 0 1
    outer loop
      vertex 30.0922 23.5543 6.3
      vertex 30.1671 22.2693 6.3
      vertex 30.1671 23.5307 6.3
    endloop
  endfacet
  facet normal 0 0 1
    outer loop
      vertex 30.0922 23.5543 6.3
      vertex 30.0922 22.2457 6.3
      vertex 30.1671 22.2693 6.3
    endloop
  endfacet
  facet normal 0 0 1
    outer loop
      vertex 30.0196 23.5843 6.3
      vertex 30.0922 22.2457 6.3
      vertex 30.0922 23.5543 6.3
    endloop
  endfacet
  facet normal 0 0 1
    outer loop
      vertex 30.0196 23.5843 6.3
      vertex 30.0196 22.2157 6.3
      vertex 30.0922 22.2457 6.3
    endloop
  endfacet
  facet normal 0 0 1
    outer loop
      vertex 29.95 23.6206 6.3
      vertex 30.0196 22.2157 6.3
      vertex 30.0196 23.5843 6.3
    endloop
  endfacet
  facet normal 0 0 1
    outer loop
      vertex 29.95 23.6206 6.3
      vertex 29.95 22.1794 6.3
      vertex 30.0196 22.2157 6.3
    endloop
  endfacet
  facet normal 0 0 1
    outer loop
      vertex 29.8838 23.6628 6.3
      vertex 29.95 22.1794 6.3
      vertex 29.95 23.6206 6.3
    endloop
  endfacet
  facet normal 0 0 1
    outer loop
      vertex 29.8838 23.6628 6.3
      vertex 29.8838 22.1372 6.3
      vertex 29.95 22.1794 6.3
    endloop
  endfacet
  facet normal 0 0 1
    outer loop
      vertex 29.8215 23.7106 6.3
      vertex 29.8838 22.1372 6.3
      vertex 29.8838 23.6628 6.3
    endloop
  endfacet
  facet normal 0 0 1
    outer loop
      vertex 29.8215 23.7106 6.3
      vertex 29.8215 22.0894 6.3
      vertex 29.8838 22.1372 6.3
    endloop
  endfacet
  facet normal 0 0 1
    outer loop
      vertex 29.7636 23.7636 6.3
      vertex 29.8215 22.0894 6.3
      vertex 29.8215 23.7106 6.3
    endloop
  endfacet
  facet normal 0 0 1
    outer loop
      vertex 29.7636 23.7636 6.3
      vertex 29.7636 22.0364 6.3
      vertex 29.8215 22.0894 6.3
    endloop
  endfacet
  facet normal 0 0 1
    outer loop
      vertex 29.7106 23.8215 6.3
      vertex 29.7636 22.0364 6.3
      vertex 29.7636 23.7636 6.3
    endloop
  endfacet
  facet normal 0 0 1
    outer loop
      vertex 29.7106 23.8215 6.3
      vertex 29.7106 21.9785 6.3
      vertex 29.7636 22.0364 6.3
    endloop
  endfacet
  facet normal 0 0 1
    outer loop
      vertex 29.6628 23.8838 6.3
      vertex 29.7106 21.9785 6.3
      vertex 29.7106 23.8215 6.3
    endloop
  endfacet
  facet normal 0 0 1
    outer loop
      vertex 29.6628 23.8838 6.3
      vertex 29.6628 21.9162 6.3
      vertex 29.7106 21.9785 6.3
    endloop
  endfacet
  facet normal 0 0 1
    outer loop
      vertex 29.6206 23.95 6.3
      vertex 29.6628 21.9162 6.3
      vertex 29.6628 23.8838 6.3
    endloop
  endfacet
  facet normal 0 0 1
    outer loop
      vertex 29.6206 23.95 6.3
      vertex 29.6206 21.85 6.3
      vertex 29.6628 21.9162 6.3
    endloop
  endfacet
  facet normal 0 0 1
    outer loop
      vertex 29.5843 24.0196 6.3
      vertex 29.6206 21.85 6.3
      vertex 29.6206 23.95 6.3
    endloop
  endfacet
  facet normal 0 0 1
    outer loop
      vertex 29.5843 24.0196 6.3
      vertex 29.5843 21.7804 6.3
      vertex 29.6206 21.85 6.3
    endloop
  endfacet
  facet normal 0 0 1
    outer loop
      vertex 29.5543 24.0922 6.3
      vertex 29.5843 21.7804 6.3
      vertex 29.5843 24.0196 6.3
    endloop
  endfacet
  facet normal 0 0 1
    outer loop
      vertex 29.5543 24.0922 6.3
      vertex 29.5543 21.7078 6.3
      vertex 29.5843 21.7804 6.3
    endloop
  endfacet
  facet normal 0 0 1
    outer loop
      vertex 29.5307 24.1671 6.3
      vertex 29.5543 21.7078 6.3
      vertex 29.5543 24.0922 6.3
    endloop
  endfacet
  facet normal 0 0 1
    outer loop
      vertex 29.5307 24.1671 6.3
      vertex 29.5307 21.6329 6.3
      vertex 29.5543 21.7078 6.3
    endloop
  endfacet
  facet normal 0 0 1
    outer loop
      vertex 29.5137 24.2437 6.3
      vertex 29.5307 21.6329 6.3
      vertex 29.5307 24.1671 6.3
    endloop
  endfacet
  facet normal 0 0 1
    outer loop
      vertex 29.5137 24.2437 6.3
      vertex 29.5137 21.5563 6.3
      vertex 29.5307 21.6329 6.3
    endloop
  endfacet
  facet normal 0 0 1
    outer loop
      vertex 24.2437 29.5137 6.3
      vertex 29.5137 24.2437 6.3
      vertex 29.5034 24.3216 6.3
    endloop
  endfacet
  facet normal 0 0 1
    outer loop
      vertex 29.5137 24.2437 6.3
      vertex 18.9095 18.9095 6.3
      vertex 29.5137 21.5563 6.3
    endloop
  endfacet
  facet normal 0 0 1
    outer loop
      vertex 24.3216 29.5034 6.3
      vertex 29.5034 24.3216 6.3
      vertex 29.5 24.4 6.3
    endloop
  endfacet
  facet normal 0 -0 1
    outer loop
      vertex 19.9547 17.9518 6.3
      vertex 29.5137 21.5563 6.3
      vertex 18.9095 18.9095 6.3
    endloop
  endfacet
  facet normal 0 0 1
    outer loop
      vertex 36.3216 29.5034 6.3
      vertex 31.2966 24.4784 6.3
      vertex 31.3 24.4 6.3
    endloop
  endfacet
  facet normal 0 0 1
    outer loop
      vertex 30.9785 25.0894 6.3
      vertex 31.45 28.5813 6.3
      vertex 31.2875 28.4968 6.3
    endloop
  endfacet
  facet normal 0 0 1
    outer loop
      vertex 31.6045 28.6798 6.3
      vertex 31.2863 24.5563 6.3
      vertex 31.2966 24.4784 6.3
    endloop
  endfacet
  facet normal 0 0 1
    outer loop
      vertex 31.6045 28.6798 6.3
      vertex 31.2693 24.6329 6.3
      vertex 31.2863 24.5563 6.3
    endloop
  endfacet
  facet normal 0 0 1
    outer loop
      vertex 31.6045 28.6798 6.3
      vertex 31.2457 24.7078 6.3
      vertex 31.2693 24.6329 6.3
    endloop
  endfacet
  facet normal 0 0 1
    outer loop
      vertex 31.6045 28.6798 6.3
      vertex 31.2157 24.7804 6.3
      vertex 31.2457 24.7078 6.3
    endloop
  endfacet
  facet normal 0 0 1
    outer loop
      vertex 31.6045 28.6798 6.3
      vertex 31.1794 24.85 6.3
      vertex 31.2157 24.7804 6.3
    endloop
  endfacet
  facet normal 0 0 1
    outer loop
      vertex 31.6045 28.6798 6.3
      vertex 31.1372 24.9162 6.3
      vertex 31.1794 24.85 6.3
    endloop
  endfacet
  facet normal 0 0 1
    outer loop
      vertex 30.9162 25.1372 6.3
      vertex 31.2875 28.4968 6.3
      vertex 31.1182 28.4266 6.3
    endloop
  endfacet
  facet normal 0 0 1
    outer loop
      vertex 31.6045 28.6798 6.3
      vertex 31.0894 24.9785 6.3
      vertex 31.1372 24.9162 6.3
    endloop
  endfacet
  facet normal 0 0 1
    outer loop
      vertex 31.45 28.5813 6.3
      vertex 31.0364 25.0364 6.3
      vertex 31.0894 24.9785 6.3
    endloop
  endfacet
  facet normal 0 0 1
    outer loop
      vertex 31.45 28.5813 6.3
      vertex 30.9785 25.0894 6.3
      vertex 31.0364 25.0364 6.3
    endloop
  endfacet
  facet normal 0 0 1
    outer loop
      vertex 30.7804 25.2157 6.3
      vertex 31.1182 28.4266 6.3
      vertex 30.9435 28.3716 6.3
    endloop
  endfacet
  facet normal 0 0 1
    outer loop
      vertex 31.2875 28.4968 6.3
      vertex 30.9162 25.1372 6.3
      vertex 30.9785 25.0894 6.3
    endloop
  endfacet
  facet normal 0 0 1
    outer loop
      vertex 31.1182 28.4266 6.3
      vertex 30.85 25.1794 6.3
      vertex 30.9162 25.1372 6.3
    endloop
  endfacet
  facet normal 0 0 1
    outer loop
      vertex 31.1182 28.4266 6.3
      vertex 30.7804 25.2157 6.3
      vertex 30.85 25.1794 6.3
    endloop
  endfacet
  facet normal 0 0 1
    outer loop
      vertex 30.7078 25.2457 6.3
      vertex 30.9435 28.3716 6.3
      vertex 30.7647 28.3319 6.3
    endloop
  endfacet
  facet normal 0 0 1
    outer loop
      vertex 30.9435 28.3716 6.3
      vertex 30.7078 25.2457 6.3
      vertex 30.7804 25.2157 6.3
    endloop
  endfacet
  facet normal 0 0 1
    outer loop
      vertex 30.7647 28.3319 6.3
      vertex 30.6329 25.2693 6.3
      vertex 30.7078 25.2457 6.3
    endloop
  endfacet
  facet normal 0 0 1
    outer loop
      vertex 30.5563 25.2863 6.3
      vertex 30.7647 28.3319 6.3
      vertex 30.583 28.308 6.3
    endloop
  endfacet
  facet normal 0 0 1
    outer loop
      vertex 30.7647 28.3319 6.3
      vertex 30.5563 25.2863 6.3
      vertex 30.6329 25.2693 6.3
    endloop
  endfacet
  facet normal 0 0 1
    outer loop
      vertex 30.583 28.308 6.3
      vertex 30.4784 25.2966 6.3
      vertex 30.5563 25.2863 6.3
    endloop
  endfacet
  facet normal -0 0 1
    outer loop
      vertex 30.4 28.3 6.3
      vertex 30.4784 25.2966 6.3
      vertex 30.583 28.308 6.3
    endloop
  endfacet
  facet normal 0 0 1
    outer loop
      vertex 30.4 28.3 6.3
      vertex 30.4 25.3 6.3
      vertex 30.4784 25.2966 6.3
    endloop
  endfacet
  facet normal 0 0 1
    outer loop
      vertex 30.4 28.3 6.3
      vertex 30.3216 25.2966 6.3
      vertex 30.4 25.3 6.3
    endloop
  endfacet
  facet normal 0 0 1
    outer loop
      vertex 30.217 28.308 6.3
      vertex 30.3216 25.2966 6.3
      vertex 30.4 28.3 6.3
    endloop
  endfacet
  facet normal 0 0 1
    outer loop
      vertex 30.3216 25.2966 6.3
      vertex 30.217 28.308 6.3
      vertex 30.2437 25.2863 6.3
    endloop
  endfacet
  facet normal 0 0 1
    outer loop
      vertex 30.0353 28.3319 6.3
      vertex 30.2437 25.2863 6.3
      vertex 30.217 28.308 6.3
    endloop
  endfacet
  facet normal 0 0 1
    outer loop
      vertex 30.2437 25.2863 6.3
      vertex 30.0353 28.3319 6.3
      vertex 30.1671 25.2693 6.3
    endloop
  endfacet
  facet normal 0 0 1
    outer loop
      vertex 30.1671 25.2693 6.3
      vertex 30.0353 28.3319 6.3
      vertex 30.0922 25.2457 6.3
    endloop
  endfacet
  facet normal 0 0 1
    outer loop
      vertex 29.8565 28.3716 6.3
      vertex 30.0922 25.2457 6.3
      vertex 30.0353 28.3319 6.3
    endloop
  endfacet
  facet normal 0 0 1
    outer loop
      vertex 30.0922 25.2457 6.3
      vertex 29.8565 28.3716 6.3
      vertex 30.0196 25.2157 6.3
    endloop
  endfacet
  facet normal 0 0 1
    outer loop
      vertex 29.6818 28.4266 6.3
      vertex 30.0196 25.2157 6.3
      vertex 29.8565 28.3716 6.3
    endloop
  endfacet
  facet normal 0 0 1
    outer loop
      vertex 30.0196 25.2157 6.3
      vertex 29.6818 28.4266 6.3
      vertex 29.95 25.1794 6.3
    endloop
  endfacet
  facet normal 0 0 1
    outer loop
      vertex 29.95 25.1794 6.3
      vertex 29.6818 28.4266 6.3
      vertex 29.8838 25.1372 6.3
    endloop
  endfacet
  facet normal 0 0 1
    outer loop
      vertex 29.5125 28.4968 6.3
      vertex 29.8838 25.1372 6.3
      vertex 29.6818 28.4266 6.3
    endloop
  endfacet
  facet normal 0 0 1
    outer loop
      vertex 29.8838 25.1372 6.3
      vertex 29.5125 28.4968 6.3
      vertex 29.8215 25.0894 6.3
    endloop
  endfacet
  facet normal 0 0 1
    outer loop
      vertex 29.35 28.5813 6.3
      vertex 29.8215 25.0894 6.3
      vertex 29.5125 28.4968 6.3
    endloop
  endfacet
  facet normal 0 0 1
    outer loop
      vertex 29.8215 25.0894 6.3
      vertex 29.35 28.5813 6.3
      vertex 29.7636 25.0364 6.3
    endloop
  endfacet
  facet normal 0 0 1
    outer loop
      vertex 29.7636 25.0364 6.3
      vertex 29.35 28.5813 6.3
      vertex 29.7106 24.9785 6.3
    endloop
  endfacet
  facet normal 0 0 1
    outer loop
      vertex 29.1955 28.6798 6.3
      vertex 29.7106 24.9785 6.3
      vertex 29.35 28.5813 6.3
    endloop
  endfacet
  facet normal 0 0 1
    outer loop
      vertex 29.7106 24.9785 6.3
      vertex 29.1955 28.6798 6.3
      vertex 29.6628 24.9162 6.3
    endloop
  endfacet
  facet normal 0 0 1
    outer loop
      vertex 29.0501 28.7913 6.3
      vertex 29.6628 24.9162 6.3
      vertex 29.1955 28.6798 6.3
    endloop
  endfacet
  facet normal 0 0 1
    outer loop
      vertex 29.6628 24.9162 6.3
      vertex 29.0501 28.7913 6.3
      vertex 29.6206 24.85 6.3
    endloop
  endfacet
  facet normal 0 0 1
    outer loop
      vertex 28.9151 28.9151 6.3
      vertex 29.6206 24.85 6.3
      vertex 29.0501 28.7913 6.3
    endloop
  endfacet
  facet normal 0 0 1
    outer loop
      vertex 29.6206 24.85 6.3
      vertex 28.9151 28.9151 6.3
      vertex 29.5843 24.7804 6.3
    endloop
  endfacet
  facet normal 0 0 1
    outer loop
      vertex 24.7804 29.5843 6.3
      vertex 29.5843 24.7804 6.3
      vertex 28.9151 28.9151 6.3
    endloop
  endfacet
  facet normal -0 0 1
    outer loop
      vertex 24.7078 29.5543 6.3
      vertex 29.5543 24.7078 6.3
      vertex 24.7804 29.5843 6.3
    endloop
  endfacet
  facet normal 0 0 1
    outer loop
      vertex 29.5843 24.7804 6.3
      vertex 24.7804 29.5843 6.3
      vertex 29.5543 24.7078 6.3
    endloop
  endfacet
  facet normal 0 0 1
    outer loop
      vertex 35.5034 30.4784 6.3
      vertex 32.492 30.583 6.3
      vertex 32.5 30.4 6.3
    endloop
  endfacet
  facet normal 0 0 1
    outer loop
      vertex 35.8838 31.1372 6.3
      vertex 32.4681 30.7647 6.3
      vertex 32.492 30.583 6.3
    endloop
  endfacet
  facet normal 0 0 1
    outer loop
      vertex 35.8838 31.1372 6.3
      vertex 32.4284 30.9435 6.3
      vertex 32.4681 30.7647 6.3
    endloop
  endfacet
  facet normal 0 0 1
    outer loop
      vertex 35.8838 31.1372 6.3
      vertex 32.3734 31.1182 6.3
      vertex 32.4284 30.9435 6.3
    endloop
  endfacet
  facet normal 0 0 1
    outer loop
      vertex 35.8838 31.1372 6.3
      vertex 32.3032 31.2875 6.3
      vertex 32.3734 31.1182 6.3
    endloop
  endfacet
  facet normal 0 0 1
    outer loop
      vertex 35.8838 31.1372 6.3
      vertex 32.2187 31.45 6.3
      vertex 32.3032 31.2875 6.3
    endloop
  endfacet
  facet normal 0 0 1
    outer loop
      vertex 35.8838 31.1372 6.3
      vertex 32.1202 31.6045 6.3
      vertex 32.2187 31.45 6.3
    endloop
  endfacet
  facet normal 0 0 1
    outer loop
      vertex 31.2157 36.7804 6.3
      vertex 32.8588 39.2237 6.3
      vertex 32.0497 39.0443 6.3
    endloop
  endfacet
  facet normal 0 0 1
    outer loop
      vertex 36.0922 31.2457 6.3
      vertex 31.2457 36.0922 6.3
      vertex 36.0196 31.2157 6.3
    endloop
  endfacet
  facet normal -0 0 1
    outer loop
      vertex 31.2157 36.0196 6.3
      vertex 36.0196 31.2157 6.3
      vertex 31.2457 36.0922 6.3
    endloop
  endfacet
  facet normal -0 -0 1
    outer loop
      vertex 31.8849 31.8849 6.3
      vertex 36.0196 31.2157 6.3
      vertex 31.2157 36.0196 6.3
    endloop
  endfacet
  facet normal 0 0 1
    outer loop
      vertex 35.8838 31.1372 6.3
      vertex 32.0087 31.7499 6.3
      vertex 32.1202 31.6045 6.3
    endloop
  endfacet
  facet normal -0 -0 1
    outer loop
      vertex 32.0087 31.7499 6.3
      vertex 35.95 31.1794 6.3
      vertex 31.8849 31.8849 6.3
    endloop
  endfacet
  facet normal 0 0 1
    outer loop
      vertex 32.8588 39.2237 6.3
      vertex 31.3 36.4 6.3
      vertex 31.2966 36.3216 6.3
    endloop
  endfacet
  facet normal 0 0 1
    outer loop
      vertex 32.8588 39.2237 6.3
      vertex 31.2966 36.4784 6.3
      vertex 31.3 36.4 6.3
    endloop
  endfacet
  facet normal 0 0 1
    outer loop
      vertex 32.8588 39.2237 6.3
      vertex 31.2863 36.5563 6.3
      vertex 31.2966 36.4784 6.3
    endloop
  endfacet
  facet normal 0 0 1
    outer loop
      vertex 32.8588 39.2237 6.3
      vertex 31.2693 36.6329 6.3
      vertex 31.2863 36.5563 6.3
    endloop
  endfacet
  facet normal 0 0 1
    outer loop
      vertex 32.8588 39.2237 6.3
      vertex 31.2457 36.7078 6.3
      vertex 31.2693 36.6329 6.3
    endloop
  endfacet
  facet normal 0 0 1
    outer loop
      vertex 31.0364 38.7636 6.3
      vertex 32.0497 39.0443 6.3
      vertex 31.228 38.9361 6.3
    endloop
  endfacet
  facet normal 0 0 1
    outer loop
      vertex 32.8588 39.2237 6.3
      vertex 31.2157 36.7804 6.3
      vertex 31.2457 36.7078 6.3
    endloop
  endfacet
  facet normal 0 0 1
    outer loop
      vertex 32.0497 39.0443 6.3
      vertex 31.1794 36.85 6.3
      vertex 31.2157 36.7804 6.3
    endloop
  endfacet
  facet normal 0 0 1
    outer loop
      vertex 31.1372 38.8838 6.3
      vertex 31.228 38.9361 6.3
      vertex 31.169 38.9336 6.3
    endloop
  endfacet
  facet normal 0 0 1
    outer loop
      vertex 31.0894 38.8215 6.3
      vertex 31.228 38.9361 6.3
      vertex 31.1372 38.8838 6.3
    endloop
  endfacet
  facet normal 0 0 1
    outer loop
      vertex 32.0497 39.0443 6.3
      vertex 31.1372 36.9162 6.3
      vertex 31.1794 36.85 6.3
    endloop
  endfacet
  facet normal 0 0 1
    outer loop
      vertex 31.0364 38.7636 6.3
      vertex 31.228 38.9361 6.3
      vertex 31.0894 38.8215 6.3
    endloop
  endfacet
  facet normal 0 0 1
    outer loop
      vertex 32.0497 39.0443 6.3
      vertex 31.0894 36.9785 6.3
      vertex 31.1372 36.9162 6.3
    endloop
  endfacet
  facet normal 0 0 1
    outer loop
      vertex 32.0497 39.0443 6.3
      vertex 31.0364 38.7636 6.3
      vertex 31.0364 37.0364 6.3
    endloop
  endfacet
  facet normal 0 0 1
    outer loop
      vertex 32.0497 39.0443 6.3
      vertex 31.0364 37.0364 6.3
      vertex 31.0894 36.9785 6.3
    endloop
  endfacet
  facet normal -0 0 1
    outer loop
      vertex 30.9785 38.7106 6.3
      vertex 31.0364 37.0364 6.3
      vertex 31.0364 38.7636 6.3
    endloop
  endfacet
  facet normal 0 0 1
    outer loop
      vertex 30.9785 38.7106 6.3
      vertex 30.9785 37.0894 6.3
      vertex 31.0364 37.0364 6.3
    endloop
  endfacet
  facet normal -0 0 1
    outer loop
      vertex 30.9162 38.6628 6.3
      vertex 30.9785 37.0894 6.3
      vertex 30.9785 38.7106 6.3
    endloop
  endfacet
  facet normal 0 0 1
    outer loop
      vertex 30.9162 38.6628 6.3
      vertex 30.9162 37.1372 6.3
      vertex 30.9785 37.0894 6.3
    endloop
  endfacet
  facet normal -0 0 1
    outer loop
      vertex 30.85 38.6206 6.3
      vertex 30.9162 37.1372 6.3
      vertex 30.9162 38.6628 6.3
    endloop
  endfacet
  facet normal 0 0 1
    outer loop
      vertex 30.85 38.6206 6.3
      vertex 30.85 37.1794 6.3
      vertex 30.9162 37.1372 6.3
    endloop
  endfacet
  facet normal -0 0 1
    outer loop
      vertex 30.7804 38.5843 6.3
      vertex 30.85 37.1794 6.3
      vertex 30.85 38.6206 6.3
    endloop
  endfacet
  facet normal 0 0 1
    outer loop
      vertex 30.7804 38.5843 6.3
      vertex 30.7804 37.2157 6.3
      vertex 30.85 37.1794 6.3
    endloop
  endfacet
  facet normal -0 0 1
    outer loop
      vertex 30.7078 38.5543 6.3
      vertex 30.7804 37.2157 6.3
      vertex 30.7804 38.5843 6.3
    endloop
  endfacet
  facet normal 0 0 1
    outer loop
      vertex 30.7078 38.5543 6.3
      vertex 30.7078 37.2457 6.3
      vertex 30.7804 37.2157 6.3
    endloop
  endfacet
  facet normal -0 0 1
    outer loop
      vertex 30.6329 38.5307 6.3
      vertex 30.7078 37.2457 6.3
      vertex 30.7078 38.5543 6.3
    endloop
  endfacet
  facet normal 0 0 1
    outer loop
      vertex 30.6329 38.5307 6.3
      vertex 30.6329 37.2693 6.3
      vertex 30.7078 37.2457 6.3
    endloop
  endfacet
  facet normal -0 0 1
    outer loop
      vertex 30.5563 38.5137 6.3
      vertex 30.6329 37.2693 6.3
      vertex 30.6329 38.5307 6.3
    endloop
  endfacet
  facet normal 0 0 1
    outer loop
      vertex 30.5563 38.5137 6.3
      vertex 30.5563 37.2863 6.3
      vertex 30.6329 37.2693 6.3
    endloop
  endfacet
  facet normal -0 0 1
    outer loop
      vertex 30.4784 38.5034 6.3
      vertex 30.5563 37.2863 6.3
      vertex 30.5563 38.5137 6.3
    endloop
  endfacet
  facet normal 0 0 1
    outer loop
      vertex 30.4784 38.5034 6.3
      vertex 30.4784 37.2966 6.3
      vertex 30.5563 37.2863 6.3
    endloop
  endfacet
  facet normal -0 0 1
    outer loop
      vertex 30.4 38.5 6.3
      vertex 30.4784 37.2966 6.3
      vertex 30.4784 38.5034 6.3
    endloop
  endfacet
  facet normal 0 0 1
    outer loop
      vertex 30.4 38.5 6.3
      vertex 30.4 37.3 6.3
      vertex 30.4784 37.2966 6.3
    endloop
  endfacet
  facet normal 0 0 1
    outer loop
      vertex 30.3216 38.5034 6.3
      vertex 30.4 37.3 6.3
      vertex 30.4 38.5 6.3
    endloop
  endfacet
  facet normal 0 0 1
    outer loop
      vertex 30.3216 38.5034 6.3
      vertex 30.3216 37.2966 6.3
      vertex 30.4 37.3 6.3
    endloop
  endfacet
  facet normal 0 0 1
    outer loop
      vertex 30.2437 38.5137 6.3
      vertex 30.3216 37.2966 6.3
      vertex 30.3216 38.5034 6.3
    endloop
  endfacet
  facet normal 0 0 1
    outer loop
      vertex 30.2437 38.5137 6.3
      vertex 30.2437 37.2863 6.3
      vertex 30.3216 37.2966 6.3
    endloop
  endfacet
  facet normal 0 0 1
    outer loop
      vertex 30.1671 38.5307 6.3
      vertex 30.2437 37.2863 6.3
      vertex 30.2437 38.5137 6.3
    endloop
  endfacet
  facet normal 0 0 1
    outer loop
      vertex 30.1671 38.5307 6.3
      vertex 30.1671 37.2693 6.3
      vertex 30.2437 37.2863 6.3
    endloop
  endfacet
  facet normal 0 0 1
    outer loop
      vertex 30.0922 38.5543 6.3
      vertex 30.1671 37.2693 6.3
      vertex 30.1671 38.5307 6.3
    endloop
  endfacet
  facet normal 0 0 1
    outer loop
      vertex 30.0922 38.5543 6.3
      vertex 30.0922 37.2457 6.3
      vertex 30.1671 37.2693 6.3
    endloop
  endfacet
  facet normal 0 0 1
    outer loop
      vertex 30.0196 38.5843 6.3
      vertex 30.0922 37.2457 6.3
      vertex 30.0922 38.5543 6.3
    endloop
  endfacet
  facet normal 0 0 1
    outer loop
      vertex 30.0196 38.5843 6.3
      vertex 30.0196 37.2157 6.3
      vertex 30.0922 37.2457 6.3
    endloop
  endfacet
  facet normal 0 0 1
    outer loop
      vertex 29.95 38.6206 6.3
      vertex 30.0196 37.2157 6.3
      vertex 30.0196 38.5843 6.3
    endloop
  endfacet
  facet normal 0 0 1
    outer loop
      vertex 29.95 38.6206 6.3
      vertex 29.95 37.1794 6.3
      vertex 30.0196 37.2157 6.3
    endloop
  endfacet
  facet normal 0 0 1
    outer loop
      vertex 29.8838 38.6628 6.3
      vertex 29.95 37.1794 6.3
      vertex 29.95 38.6206 6.3
    endloop
  endfacet
  facet normal 0 0 1
    outer loop
      vertex 29.8838 38.6628 6.3
      vertex 29.8838 37.1372 6.3
      vertex 29.95 37.1794 6.3
    endloop
  endfacet
  facet normal 0 0 1
    outer loop
      vertex 29.8215 38.7106 6.3
      vertex 29.8838 37.1372 6.3
      vertex 29.8838 38.6628 6.3
    endloop
  endfacet
  facet normal 0 0 1
    outer loop
      vertex 29.8215 38.7106 6.3
      vertex 29.8215 37.0894 6.3
      vertex 29.8838 37.1372 6.3
    endloop
  endfacet
  facet normal 0 0 1
    outer loop
      vertex 29.7636 38.7636 6.3
      vertex 29.8215 37.0894 6.3
      vertex 29.8215 38.7106 6.3
    endloop
  endfacet
  facet normal 0 0 1
    outer loop
      vertex 29.7636 38.7636 6.3
      vertex 29.7636 37.0364 6.3
      vertex 29.8215 37.0894 6.3
    endloop
  endfacet
  facet normal 0 0 1
    outer loop
      vertex 28.7503 39.0443 6.3
      vertex 29.7636 38.7636 6.3
      vertex 29.7106 38.8215 6.3
    endloop
  endfacet
  facet normal 0 0 1
    outer loop
      vertex 29.7636 38.7636 6.3
      vertex 28.7503 39.0443 6.3
      vertex 29.7636 37.0364 6.3
    endloop
  endfacet
  facet normal 0 0 1
    outer loop
      vertex 29.572 38.9361 6.3
      vertex 29.7106 38.8215 6.3
      vertex 29.6628 38.8838 6.3
    endloop
  endfacet
  facet normal 0 0 1
    outer loop
      vertex 28.7503 39.0443 6.3
      vertex 29.7106 38.8215 6.3
      vertex 29.572 38.9361 6.3
    endloop
  endfacet
  facet normal 0 0 1
    outer loop
      vertex 29.572 38.9361 6.3
      vertex 29.6628 38.8838 6.3
      vertex 29.631 38.9336 6.3
    endloop
  endfacet
  facet normal 0 0 1
    outer loop
      vertex 29.7636 37.0364 6.3
      vertex 28.7503 39.0443 6.3
      vertex 29.7106 36.9785 6.3
    endloop
  endfacet
  facet normal 0 0 1
    outer loop
      vertex 29.7106 36.9785 6.3
      vertex 28.7503 39.0443 6.3
      vertex 29.6628 36.9162 6.3
    endloop
  endfacet
  facet normal 0 0 1
    outer loop
      vertex 29.6628 36.9162 6.3
      vertex 28.7503 39.0443 6.3
      vertex 29.6206 36.85 6.3
    endloop
  endfacet
  facet normal 0 0 1
    outer loop
      vertex 29.6206 36.85 6.3
      vertex 28.7503 39.0443 6.3
      vertex 29.5843 36.7804 6.3
    endloop
  endfacet
  facet normal 0 0 1
    outer loop
      vertex 27.9412 39.2237 6.3
      vertex 29.5843 36.7804 6.3
      vertex 28.7503 39.0443 6.3
    endloop
  endfacet
  facet normal 0 0 1
    outer loop
      vertex 29.5843 36.7804 6.3
      vertex 27.9412 39.2237 6.3
      vertex 29.5543 36.7078 6.3
    endloop
  endfacet
  facet normal 0 0 1
    outer loop
      vertex 29.5543 36.7078 6.3
      vertex 27.9412 39.2237 6.3
      vertex 29.5307 36.6329 6.3
    endloop
  endfacet
  facet normal 0 0 1
    outer loop
      vertex 29.5307 36.6329 6.3
      vertex 27.9412 39.2237 6.3
      vertex 29.5137 36.5563 6.3
    endloop
  endfacet
  facet normal 0 0 1
    outer loop
      vertex 29.5137 36.5563 6.3
      vertex 27.9412 39.2237 6.3
      vertex 29.5034 36.4784 6.3
    endloop
  endfacet
  facet normal 0 0 1
    outer loop
      vertex 27.1508 39.4729 6.3
      vertex 29.5034 36.4784 6.3
      vertex 27.9412 39.2237 6.3
    endloop
  endfacet
  facet normal 0 0 1
    outer loop
      vertex 29.5034 36.4784 6.3
      vertex 27.1508 39.4729 6.3
      vertex 29.5 36.4 6.3
    endloop
  endfacet
  facet normal 0 0 1
    outer loop
      vertex 29.5 36.4 6.3
      vertex 29.1955 32.1202 6.3
      vertex 29.35 32.2187 6.3
    endloop
  endfacet
  facet normal 0 0 1
    outer loop
      vertex 29.5 36.4 6.3
      vertex 29.0501 32.0087 6.3
      vertex 29.1955 32.1202 6.3
    endloop
  endfacet
  facet normal 0 0 1
    outer loop
      vertex 26.3851 39.7901 6.3
      vertex 29.5 36.4 6.3
      vertex 27.1508 39.4729 6.3
    endloop
  endfacet
  facet normal 0 0 1
    outer loop
      vertex 29.5 36.4 6.3
      vertex 28.9151 31.8849 6.3
      vertex 29.0501 32.0087 6.3
    endloop
  endfacet
  facet normal 0 0 1
    outer loop
      vertex 25.2966 30.4784 6.3
      vertex 28.7913 31.7499 6.3
      vertex 29.5 36.4 6.3
    endloop
  endfacet
  facet normal 0 0 1
    outer loop
      vertex 29.5 36.4 6.3
      vertex 28.7913 31.7499 6.3
      vertex 28.9151 31.8849 6.3
    endloop
  endfacet
  facet normal 0 0 1
    outer loop
      vertex 25.2966 30.4784 6.3
      vertex 28.6798 31.6045 6.3
      vertex 28.7913 31.7499 6.3
    endloop
  endfacet
  facet normal 0 0 1
    outer loop
      vertex 25.2966 30.4784 6.3
      vertex 28.5813 31.45 6.3
      vertex 28.6798 31.6045 6.3
    endloop
  endfacet
  facet normal 0 0 1
    outer loop
      vertex 25.2966 30.4784 6.3
      vertex 28.4968 31.2875 6.3
      vertex 28.5813 31.45 6.3
    endloop
  endfacet
  facet normal 0 0 1
    outer loop
      vertex 25.2966 30.4784 6.3
      vertex 28.4266 31.1182 6.3
      vertex 28.4968 31.2875 6.3
    endloop
  endfacet
  facet normal 0 0 1
    outer loop
      vertex 25.2966 30.4784 6.3
      vertex 28.308 30.583 6.3
      vertex 28.3319 30.7647 6.3
    endloop
  endfacet
  facet normal 0 0 1
    outer loop
      vertex 25.2966 30.4784 6.3
      vertex 28.3319 30.7647 6.3
      vertex 28.3716 30.9435 6.3
    endloop
  endfacet
  facet normal 0 0 1
    outer loop
      vertex 36.0196 31.2157 6.3
      vertex 31.8849 31.8849 6.3
      vertex 35.95 31.1794 6.3
    endloop
  endfacet
  facet normal 0 0 1
    outer loop
      vertex 35.95 31.1794 6.3
      vertex 32.0087 31.7499 6.3
      vertex 35.8838 31.1372 6.3
    endloop
  endfacet
  facet normal -0 0 1
    outer loop
      vertex 31.1794 35.95 6.3
      vertex 31.8849 31.8849 6.3
      vertex 31.2157 36.0196 6.3
    endloop
  endfacet
  facet normal 0 0 1
    outer loop
      vertex 31.8849 31.8849 6.3
      vertex 31.1794 35.95 6.3
      vertex 31.7499 32.0087 6.3
    endloop
  endfacet
  facet normal -0 0 1
    outer loop
      vertex 31.1372 35.8838 6.3
      vertex 31.7499 32.0087 6.3
      vertex 31.1794 35.95 6.3
    endloop
  endfacet
  facet normal 0 0 1
    outer loop
      vertex 31.7499 32.0087 6.3
      vertex 31.1372 35.8838 6.3
      vertex 31.6045 32.1202 6.3
    endloop
  endfacet
  facet normal -0 0 1
    outer loop
      vertex 31.0894 35.8215 6.3
      vertex 31.6045 32.1202 6.3
      vertex 31.1372 35.8838 6.3
    endloop
  endfacet
  facet normal 0 0 1
    outer loop
      vertex 31.6045 32.1202 6.3
      vertex 31.0894 35.8215 6.3
      vertex 31.45 32.2187 6.3
    endloop
  endfacet
  facet normal -0 0 1
    outer loop
      vertex 31.0364 35.7636 6.3
      vertex 31.45 32.2187 6.3
      vertex 31.0894 35.8215 6.3
    endloop
  endfacet
  facet normal -0 0 1
    outer loop
      vertex 30.9785 35.7106 6.3
      vertex 31.45 32.2187 6.3
      vertex 31.0364 35.7636 6.3
    endloop
  endfacet
  facet normal 0 0 1
    outer loop
      vertex 31.45 32.2187 6.3
      vertex 30.9785 35.7106 6.3
      vertex 31.2875 32.3032 6.3
    endloop
  endfacet
  facet normal -0 0 1
    outer loop
      vertex 30.9162 35.6628 6.3
      vertex 31.2875 32.3032 6.3
      vertex 30.9785 35.7106 6.3
    endloop
  endfacet
  facet normal 0 0 1
    outer loop
      vertex 31.2875 32.3032 6.3
      vertex 30.9162 35.6628 6.3
      vertex 31.1182 32.3734 6.3
    endloop
  endfacet
  facet normal -0 0 1
    outer loop
      vertex 30.85 35.6206 6.3
      vertex 31.1182 32.3734 6.3
      vertex 30.9162 35.6628 6.3
    endloop
  endfacet
  facet normal -0 0 1
    outer loop
      vertex 30.7804 35.5843 6.3
      vertex 31.1182 32.3734 6.3
      vertex 30.85 35.6206 6.3
    endloop
  endfacet
  facet normal 0 0 1
    outer loop
      vertex 31.1182 32.3734 6.3
      vertex 30.7804 35.5843 6.3
      vertex 30.9435 32.4284 6.3
    endloop
  endfacet
  facet normal -0 0 1
    outer loop
      vertex 30.7078 35.5543 6.3
      vertex 30.9435 32.4284 6.3
      vertex 30.7804 35.5843 6.3
    endloop
  endfacet
  facet normal 0 0 1
    outer loop
      vertex 30.9435 32.4284 6.3
      vertex 30.7078 35.5543 6.3
      vertex 30.7647 32.4681 6.3
    endloop
  endfacet
  facet normal -0 0 1
    outer loop
      vertex 30.6329 35.5307 6.3
      vertex 30.7647 32.4681 6.3
      vertex 30.7078 35.5543 6.3
    endloop
  endfacet
  facet normal -0 0 1
    outer loop
      vertex 30.5563 35.5137 6.3
      vertex 30.7647 32.4681 6.3
      vertex 30.6329 35.5307 6.3
    endloop
  endfacet
  facet normal 0 0 1
    outer loop
      vertex 30.7647 32.4681 6.3
      vertex 30.5563 35.5137 6.3
      vertex 30.583 32.492 6.3
    endloop
  endfacet
  facet normal -0 0 1
    outer loop
      vertex 30.4784 35.5034 6.3
      vertex 30.583 32.492 6.3
      vertex 30.5563 35.5137 6.3
    endloop
  endfacet
  facet normal 0 0 1
    outer loop
      vertex 30.4 32.5 6.3
      vertex 30.4784 35.5034 6.3
      vertex 30.4 35.5 6.3
    endloop
  endfacet
  facet normal 0 0 1
    outer loop
      vertex 30.4784 35.5034 6.3
      vertex 30.4 32.5 6.3
      vertex 30.583 32.492 6.3
    endloop
  endfacet
  facet normal 0 0 1
    outer loop
      vertex 30.3216 35.5034 6.3
      vertex 30.4 32.5 6.3
      vertex 30.4 35.5 6.3
    endloop
  endfacet
  facet normal 0 0 1
    outer loop
      vertex 30.217 32.492 6.3
      vertex 30.3216 35.5034 6.3
      vertex 30.2437 35.5137 6.3
    endloop
  endfacet
  facet normal 0 0 1
    outer loop
      vertex 30.3216 35.5034 6.3
      vertex 30.217 32.492 6.3
      vertex 30.4 32.5 6.3
    endloop
  endfacet
  facet normal 0 0 1
    outer loop
      vertex 30.0353 32.4681 6.3
      vertex 30.2437 35.5137 6.3
      vertex 30.1671 35.5307 6.3
    endloop
  endfacet
  facet normal 0 0 1
    outer loop
      vertex 30.0353 32.4681 6.3
      vertex 30.1671 35.5307 6.3
      vertex 30.0922 35.5543 6.3
    endloop
  endfacet
  facet normal 0 0 1
    outer loop
      vertex 30.2437 35.5137 6.3
      vertex 30.0353 32.4681 6.3
      vertex 30.217 32.492 6.3
    endloop
  endfacet
  facet normal 0 0 1
    outer loop
      vertex 29.8565 32.4284 6.3
      vertex 30.0922 35.5543 6.3
      vertex 30.0196 35.5843 6.3
    endloop
  endfacet
  facet normal 0 0 1
    outer loop
      vertex 29.6818 32.3734 6.3
      vertex 30.0196 35.5843 6.3
      vertex 29.95 35.6206 6.3
    endloop
  endfacet
  facet normal 0 0 1
    outer loop
      vertex 29.6818 32.3734 6.3
      vertex 29.95 35.6206 6.3
      vertex 29.8838 35.6628 6.3
    endloop
  endfacet
  facet normal 0 0 1
    outer loop
      vertex 30.0922 35.5543 6.3
      vertex 29.8565 32.4284 6.3
      vertex 30.0353 32.4681 6.3
    endloop
  endfacet
  facet normal 0 0 1
    outer loop
      vertex 29.5125 32.3032 6.3
      vertex 29.8838 35.6628 6.3
      vertex 29.8215 35.7106 6.3
    endloop
  endfacet
  facet normal 0 0 1
    outer loop
      vertex 29.35 32.2187 6.3
      vertex 29.8215 35.7106 6.3
      vertex 29.7636 35.7636 6.3
    endloop
  endfacet
  facet normal 0 0 1
    outer loop
      vertex 29.35 32.2187 6.3
      vertex 29.7636 35.7636 6.3
      vertex 29.7106 35.8215 6.3
    endloop
  endfacet
  facet normal 0 0 1
    outer loop
      vertex 30.0196 35.5843 6.3
      vertex 29.6818 32.3734 6.3
      vertex 29.8565 32.4284 6.3
    endloop
  endfacet
  facet normal 0 0 1
    outer loop
      vertex 29.35 32.2187 6.3
      vertex 29.7106 35.8215 6.3
      vertex 29.6628 35.8838 6.3
    endloop
  endfacet
  facet normal 0 0 1
    outer loop
      vertex 29.35 32.2187 6.3
      vertex 29.6628 35.8838 6.3
      vertex 29.6206 35.95 6.3
    endloop
  endfacet
  facet normal 0 0 1
    outer loop
      vertex 29.35 32.2187 6.3
      vertex 29.6206 35.95 6.3
      vertex 29.5843 36.0196 6.3
    endloop
  endfacet
  facet normal 0 0 1
    outer loop
      vertex 29.35 32.2187 6.3
      vertex 29.5843 36.0196 6.3
      vertex 29.5543 36.0922 6.3
    endloop
  endfacet
  facet normal 0 0 1
    outer loop
      vertex 29.35 32.2187 6.3
      vertex 29.5543 36.0922 6.3
      vertex 29.5307 36.1671 6.3
    endloop
  endfacet
  facet normal 0 0 1
    outer loop
      vertex 29.35 32.2187 6.3
      vertex 29.5307 36.1671 6.3
      vertex 29.5137 36.2437 6.3
    endloop
  endfacet
  facet normal 0 0 1
    outer loop
      vertex 29.8838 35.6628 6.3
      vertex 29.5125 32.3032 6.3
      vertex 29.6818 32.3734 6.3
    endloop
  endfacet
  facet normal 0 0 1
    outer loop
      vertex 29.35 32.2187 6.3
      vertex 29.5137 36.2437 6.3
      vertex 29.5034 36.3216 6.3
    endloop
  endfacet
  facet normal 0 0 1
    outer loop
      vertex 29.35 32.2187 6.3
      vertex 29.5034 36.3216 6.3
      vertex 29.5 36.4 6.3
    endloop
  endfacet
  facet normal 0 0 1
    outer loop
      vertex 29.8215 35.7106 6.3
      vertex 29.35 32.2187 6.3
      vertex 29.5125 32.3032 6.3
    endloop
  endfacet
  facet normal 0 0 1
    outer loop
      vertex 38.5034 30.4784 6.3
      vertex 37.2966 30.4784 6.3
      vertex 37.3 30.4 6.3
    endloop
  endfacet
  facet normal 0 0 1
    outer loop
      vertex 38.95 31.1794 6.3
      vertex 37.2863 30.5563 6.3
      vertex 37.2966 30.4784 6.3
    endloop
  endfacet
  facet normal 0 0 1
    outer loop
      vertex 38.95 31.1794 6.3
      vertex 37.2693 30.6329 6.3
      vertex 37.2863 30.5563 6.3
    endloop
  endfacet
  facet normal 0 0 1
    outer loop
      vertex 38.95 31.1794 6.3
      vertex 37.2457 30.7078 6.3
      vertex 37.2693 30.6329 6.3
    endloop
  endfacet
  facet normal 0 0 1
    outer loop
      vertex 38.95 31.1794 6.3
      vertex 37.2157 30.7804 6.3
      vertex 37.2457 30.7078 6.3
    endloop
  endfacet
  facet normal 0 0 1
    outer loop
      vertex 38.95 31.1794 6.3
      vertex 37.1794 30.85 6.3
      vertex 37.2157 30.7804 6.3
    endloop
  endfacet
  facet normal 0 0 1
    outer loop
      vertex 38.95 31.1794 6.3
      vertex 37.1372 30.9162 6.3
      vertex 37.1794 30.85 6.3
    endloop
  endfacet
  facet normal 0 -0 1
    outer loop
      vertex 36.6329 31.2693 6.3
      vertex 39.1671 31.2693 6.3
      vertex 35.15 40.1728 6.3
    endloop
  endfacet
  facet normal 0 0 1
    outer loop
      vertex 38.95 31.1794 6.3
      vertex 37.0894 30.9785 6.3
      vertex 37.1372 30.9162 6.3
    endloop
  endfacet
  facet normal 0 0 1
    outer loop
      vertex 38.95 31.1794 6.3
      vertex 37.0364 31.0364 6.3
      vertex 37.0894 30.9785 6.3
    endloop
  endfacet
  facet normal 0 0 1
    outer loop
      vertex 38.95 31.1794 6.3
      vertex 36.9785 31.0894 6.3
      vertex 37.0364 31.0364 6.3
    endloop
  endfacet
  facet normal 0 0 1
    outer loop
      vertex 39.1671 31.2693 6.3
      vertex 36.6329 31.2693 6.3
      vertex 39.0922 31.2457 6.3
    endloop
  endfacet
  facet normal 0 0 1
    outer loop
      vertex 38.95 31.1794 6.3
      vertex 36.9162 31.1372 6.3
      vertex 36.9785 31.0894 6.3
    endloop
  endfacet
  facet normal 0 0 1
    outer loop
      vertex 38.95 31.1794 6.3
      vertex 36.85 31.1794 6.3
      vertex 36.9162 31.1372 6.3
    endloop
  endfacet
  facet normal 0 -0 1
    outer loop
      vertex 36.7078 31.2457 6.3
      vertex 39.0922 31.2457 6.3
      vertex 36.6329 31.2693 6.3
    endloop
  endfacet
  facet normal 0 0 1
    outer loop
      vertex 38.95 31.1794 6.3
      vertex 36.7804 31.2157 6.3
      vertex 36.85 31.1794 6.3
    endloop
  endfacet
  facet normal 0 0 1
    outer loop
      vertex 39.0196 31.2157 6.3
      vertex 36.7804 31.2157 6.3
      vertex 38.95 31.1794 6.3
    endloop
  endfacet
  facet normal 0 -0 1
    outer loop
      vertex 36.7804 31.2157 6.3
      vertex 39.0196 31.2157 6.3
      vertex 36.7078 31.2457 6.3
    endloop
  endfacet
  facet normal 0 0 1
    outer loop
      vertex 39.0922 31.2457 6.3
      vertex 36.7078 31.2457 6.3
      vertex 39.0196 31.2157 6.3
    endloop
  endfacet
  facet normal 0 0 1
    outer loop
      vertex 36.6329 31.2693 6.3
      vertex 35.15 40.1728 6.3
      vertex 36.5563 31.2863 6.3
    endloop
  endfacet
  facet normal 0 0 1
    outer loop
      vertex 36.5563 31.2863 6.3
      vertex 35.15 40.1728 6.3
      vertex 36.4784 31.2966 6.3
    endloop
  endfacet
  facet normal -0 0 1
    outer loop
      vertex 34.4149 39.7901 6.3
      vertex 36.4784 31.2966 6.3
      vertex 35.15 40.1728 6.3
    endloop
  endfacet
  facet normal 0 0 1
    outer loop
      vertex 36.4784 31.2966 6.3
      vertex 34.4149 39.7901 6.3
      vertex 36.4 31.3 6.3
    endloop
  endfacet
  facet normal 0 0 1
    outer loop
      vertex 36.4 31.3 6.3
      vertex 34.4149 39.7901 6.3
      vertex 36.3216 31.2966 6.3
    endloop
  endfacet
  facet normal 0 0 1
    outer loop
      vertex 36.3216 31.2966 6.3
      vertex 34.4149 39.7901 6.3
      vertex 36.2437 31.2863 6.3
    endloop
  endfacet
  facet normal -0 0 1
    outer loop
      vertex 33.6492 39.4729 6.3
      vertex 36.2437 31.2863 6.3
      vertex 34.4149 39.7901 6.3
    endloop
  endfacet
  facet normal 0 0 1
    outer loop
      vertex 31.2863 36.2437 6.3
      vertex 33.6492 39.4729 6.3
      vertex 31.2966 36.3216 6.3
    endloop
  endfacet
  facet normal 0 0 1
    outer loop
      vertex 33.6492 39.4729 6.3
      vertex 31.2863 36.2437 6.3
      vertex 36.2437 31.2863 6.3
    endloop
  endfacet
  facet normal 0 0 1
    outer loop
      vertex 31.2966 36.3216 6.3
      vertex 33.6492 39.4729 6.3
      vertex 32.8588 39.2237 6.3
    endloop
  endfacet
  facet normal 0 0 1
    outer loop
      vertex 36.2437 31.2863 6.3
      vertex 31.2863 36.2437 6.3
      vertex 36.1671 31.2693 6.3
    endloop
  endfacet
  facet normal -0 0 1
    outer loop
      vertex 31.2693 36.1671 6.3
      vertex 36.1671 31.2693 6.3
      vertex 31.2863 36.2437 6.3
    endloop
  endfacet
  facet normal 0 0 1
    outer loop
      vertex 36.1671 31.2693 6.3
      vertex 31.2693 36.1671 6.3
      vertex 36.0922 31.2457 6.3
    endloop
  endfacet
  facet normal -0 0 1
    outer loop
      vertex 31.2457 36.0922 6.3
      vertex 36.0922 31.2457 6.3
      vertex 31.2693 36.1671 6.3
    endloop
  endfacet
  facet normal 0 0 1
    outer loop
      vertex 32.492 30.583 6.3
      vertex 35.8215 31.0894 6.3
      vertex 35.8838 31.1372 6.3
    endloop
  endfacet
  facet normal 0 0 1
    outer loop
      vertex 32.492 30.583 6.3
      vertex 35.7636 31.0364 6.3
      vertex 35.8215 31.0894 6.3
    endloop
  endfacet
  facet normal 0 0 1
    outer loop
      vertex 32.492 30.583 6.3
      vertex 35.7106 30.9785 6.3
      vertex 35.7636 31.0364 6.3
    endloop
  endfacet
  facet normal 0 0 1
    outer loop
      vertex 32.492 30.583 6.3
      vertex 35.6628 30.9162 6.3
      vertex 35.7106 30.9785 6.3
    endloop
  endfacet
  facet normal 0 0 1
    outer loop
      vertex 32.492 30.583 6.3
      vertex 35.6206 30.85 6.3
      vertex 35.6628 30.9162 6.3
    endloop
  endfacet
  facet normal 0 0 1
    outer loop
      vertex 32.492 30.583 6.3
      vertex 35.5843 30.7804 6.3
      vertex 35.6206 30.85 6.3
    endloop
  endfacet
  facet normal 0 0 1
    outer loop
      vertex 32.492 30.583 6.3
      vertex 35.5543 30.7078 6.3
      vertex 35.5843 30.7804 6.3
    endloop
  endfacet
  facet normal -0 0 1
    outer loop
      vertex 40.2863 30.5563 6.3
      vertex 46.65 30.4 6.3
      vertex 46.5882 31.8163 6.3
    endloop
  endfacet
  facet normal 0 0 1
    outer loop
      vertex 40.2157 30.7804 6.3
      vertex 46.5882 31.8163 6.3
      vertex 46.4031 33.2218 6.3
    endloop
  endfacet
  facet normal 0 0 1
    outer loop
      vertex 46.65 30.4 6.3
      vertex 40.2966 30.4784 6.3
      vertex 40.3 30.4 6.3
    endloop
  endfacet
  facet normal 0 0 1
    outer loop
      vertex 40.0894 30.9785 6.3
      vertex 46.4031 33.2218 6.3
      vertex 46.0963 34.6058 6.3
    endloop
  endfacet
  facet normal 0 0 1
    outer loop
      vertex 40.2966 30.3216 6.3
      vertex 46.65 30.4 6.3
      vertex 40.3 30.4 6.3
    endloop
  endfacet
  facet normal 0 0 1
    outer loop
      vertex 39.9785 31.0894 6.3
      vertex 46.0963 34.6058 6.3
      vertex 45.67 35.9578 6.3
    endloop
  endfacet
  facet normal 0 0 1
    outer loop
      vertex 40.2863 30.2437 6.3
      vertex 46.65 30.4 6.3
      vertex 40.2966 30.3216 6.3
    endloop
  endfacet
  facet normal 0 0 1
    outer loop
      vertex 39.7804 31.2157 6.3
      vertex 45.67 35.9578 6.3
      vertex 45.1275 37.2675 6.3
    endloop
  endfacet
  facet normal 0 0 1
    outer loop
      vertex 46.65 30.4 6.3
      vertex 40.2863 30.2437 6.3
      vertex 46.5882 28.9837 6.3
    endloop
  endfacet
  facet normal 0 0 1
    outer loop
      vertex 39.6329 31.2693 6.3
      vertex 45.1275 37.2675 6.3
      vertex 44.4729 38.525 6.3
    endloop
  endfacet
  facet normal -0 0 1
    outer loop
      vertex 40.2693 30.1671 6.3
      vertex 46.5882 28.9837 6.3
      vertex 40.2863 30.2437 6.3
    endloop
  endfacet
  facet normal 0 0 1
    outer loop
      vertex 39.4784 31.2966 6.3
      vertex 44.4729 38.525 6.3
      vertex 43.7112 39.7206 6.3
    endloop
  endfacet
  facet normal -0 0 1
    outer loop
      vertex 40.2457 30.0922 6.3
      vertex 46.5882 28.9837 6.3
      vertex 40.2693 30.1671 6.3
    endloop
  endfacet
  facet normal 0 0 1
    outer loop
      vertex 41.8905 41.8905 6.3
      vertex 37.1175 41.6825 6.3
      vertex 42.8482 40.8453 6.3
    endloop
  endfacet
  facet normal -0 0 1
    outer loop
      vertex 40.2157 30.0196 6.3
      vertex 46.5882 28.9837 6.3
      vertex 40.2457 30.0922 6.3
    endloop
  endfacet
  facet normal 0 0 1
    outer loop
      vertex 37.1175 41.6825 6.3
      vertex 41.8905 41.8905 6.3
      vertex 37.6774 42.2935 6.3
    endloop
  endfacet
  facet normal 0 0 1
    outer loop
      vertex 46.5882 28.9837 6.3
      vertex 40.2157 30.0196 6.3
      vertex 46.4031 27.5782 6.3
    endloop
  endfacet
  facet normal -0 0 1
    outer loop
      vertex 37.6774 42.2935 6.3
      vertex 41.8905 41.8905 6.3
      vertex 40.8453 42.8482 6.3
    endloop
  endfacet
  facet normal -0 0 1
    outer loop
      vertex 40.1372 29.8838 6.3
      vertex 46.4031 27.5782 6.3
      vertex 40.1794 29.95 6.3
    endloop
  endfacet
  facet normal -0 0 1
    outer loop
      vertex 40.0894 29.8215 6.3
      vertex 46.4031 27.5782 6.3
      vertex 40.1372 29.8838 6.3
    endloop
  endfacet
  facet normal -0 0 1
    outer loop
      vertex 40.1794 29.95 6.3
      vertex 46.4031 27.5782 6.3
      vertex 40.2157 30.0196 6.3
    endloop
  endfacet
  facet normal 0 0 1
    outer loop
      vertex 46.65 30.4 6.3
      vertex 40.2863 30.5563 6.3
      vertex 40.2966 30.4784 6.3
    endloop
  endfacet
  facet normal 0 0 1
    outer loop
      vertex 46.5882 31.8163 6.3
      vertex 40.2693 30.6329 6.3
      vertex 40.2863 30.5563 6.3
    endloop
  endfacet
  facet normal 0 0 1
    outer loop
      vertex 46.5882 31.8163 6.3
      vertex 40.2457 30.7078 6.3
      vertex 40.2693 30.6329 6.3
    endloop
  endfacet
  facet normal 0 0 1
    outer loop
      vertex 46.5882 31.8163 6.3
      vertex 40.2157 30.7804 6.3
      vertex 40.2457 30.7078 6.3
    endloop
  endfacet
  facet normal 0 0 1
    outer loop
      vertex 46.4031 33.2218 6.3
      vertex 40.1794 30.85 6.3
      vertex 40.2157 30.7804 6.3
    endloop
  endfacet
  facet normal 0 0 1
    outer loop
      vertex 46.4031 33.2218 6.3
      vertex 40.1372 30.9162 6.3
      vertex 40.1794 30.85 6.3
    endloop
  endfacet
  facet normal 0 0 1
    outer loop
      vertex 46.4031 33.2218 6.3
      vertex 40.0894 30.9785 6.3
      vertex 40.1372 30.9162 6.3
    endloop
  endfacet
  facet normal 0 0 1
    outer loop
      vertex 46.0963 34.6058 6.3
      vertex 40.0364 31.0364 6.3
      vertex 40.0894 30.9785 6.3
    endloop
  endfacet
  facet normal 0 0 1
    outer loop
      vertex 46.0963 34.6058 6.3
      vertex 39.9785 31.0894 6.3
      vertex 40.0364 31.0364 6.3
    endloop
  endfacet
  facet normal 0 0 1
    outer loop
      vertex 45.67 35.9578 6.3
      vertex 39.9162 31.1372 6.3
      vertex 39.9785 31.0894 6.3
    endloop
  endfacet
  facet normal 0 0 1
    outer loop
      vertex 45.67 35.9578 6.3
      vertex 39.85 31.1794 6.3
      vertex 39.9162 31.1372 6.3
    endloop
  endfacet
  facet normal 0 0 1
    outer loop
      vertex 45.67 35.9578 6.3
      vertex 39.7804 31.2157 6.3
      vertex 39.85 31.1794 6.3
    endloop
  endfacet
  facet normal -0 0 1
    outer loop
      vertex 38.1819 42.951 6.3
      vertex 40.8453 42.8482 6.3
      vertex 39.7206 43.7112 6.3
    endloop
  endfacet
  facet normal -0 0 1
    outer loop
      vertex 36.5065 41.1226 6.3
      vertex 42.8482 40.8453 6.3
      vertex 37.1175 41.6825 6.3
    endloop
  endfacet
  facet normal 0 0 1
    outer loop
      vertex 45.1275 37.2675 6.3
      vertex 39.7078 31.2457 6.3
      vertex 39.7804 31.2157 6.3
    endloop
  endfacet
  facet normal 0 0 1
    outer loop
      vertex 45.1275 37.2675 6.3
      vertex 39.6329 31.2693 6.3
      vertex 39.7078 31.2457 6.3
    endloop
  endfacet
  facet normal 0 0 1
    outer loop
      vertex 44.4729 38.525 6.3
      vertex 39.5563 31.2863 6.3
      vertex 39.6329 31.2693 6.3
    endloop
  endfacet
  facet normal 0 0 1
    outer loop
      vertex 44.4729 38.525 6.3
      vertex 39.4784 31.2966 6.3
      vertex 39.5563 31.2863 6.3
    endloop
  endfacet
  facet normal 0 0 1
    outer loop
      vertex 43.7112 39.7206 6.3
      vertex 39.4 31.3 6.3
      vertex 39.4784 31.2966 6.3
    endloop
  endfacet
  facet normal 0 0 1
    outer loop
      vertex 42.8482 40.8453 6.3
      vertex 36.5065 41.1226 6.3
      vertex 43.7112 39.7206 6.3
    endloop
  endfacet
  facet normal 0 0 1
    outer loop
      vertex 43.7112 39.7206 6.3
      vertex 36.5065 41.1226 6.3
      vertex 39.4 31.3 6.3
    endloop
  endfacet
  facet normal -0 0 1
    outer loop
      vertex 35.849 40.6181 6.3
      vertex 39.4 31.3 6.3
      vertex 36.5065 41.1226 6.3
    endloop
  endfacet
  facet normal 0 0 1
    outer loop
      vertex 39.4 31.3 6.3
      vertex 35.849 40.6181 6.3
      vertex 39.3216 31.2966 6.3
    endloop
  endfacet
  facet normal 0 0 1
    outer loop
      vertex 39.3216 31.2966 6.3
      vertex 35.849 40.6181 6.3
      vertex 39.2437 31.2863 6.3
    endloop
  endfacet
  facet normal 0 0 1
    outer loop
      vertex 38.6272 43.65 6.3
      vertex 39.7206 43.7112 6.3
      vertex 38.9235 44.2191 6.3
    endloop
  endfacet
  facet normal 0 0 1
    outer loop
      vertex 38.1819 42.951 6.3
      vertex 39.7206 43.7112 6.3
      vertex 38.6272 43.65 6.3
    endloop
  endfacet
  facet normal 0 0 1
    outer loop
      vertex 40.8453 42.8482 6.3
      vertex 38.1819 42.951 6.3
      vertex 37.6774 42.2935 6.3
    endloop
  endfacet
  facet normal -0 0 1
    outer loop
      vertex 35.15 40.1728 6.3
      vertex 39.2437 31.2863 6.3
      vertex 35.849 40.6181 6.3
    endloop
  endfacet
  facet normal 0 0 1
    outer loop
      vertex 39.2437 31.2863 6.3
      vertex 35.15 40.1728 6.3
      vertex 39.1671 31.2693 6.3
    endloop
  endfacet
  facet normal 0 0 1
    outer loop
      vertex 38.95 31.1794 6.3
      vertex 37.2966 30.4784 6.3
      vertex 38.8838 31.1372 6.3
    endloop
  endfacet
  facet normal 0 0 1
    outer loop
      vertex 37.2966 30.4784 6.3
      vertex 38.8215 31.0894 6.3
      vertex 38.8838 31.1372 6.3
    endloop
  endfacet
  facet normal 0 0 1
    outer loop
      vertex 37.2966 30.4784 6.3
      vertex 38.7636 31.0364 6.3
      vertex 38.8215 31.0894 6.3
    endloop
  endfacet
  facet normal 0 0 1
    outer loop
      vertex 37.2966 30.4784 6.3
      vertex 38.7106 30.9785 6.3
      vertex 38.7636 31.0364 6.3
    endloop
  endfacet
  facet normal 0 0 1
    outer loop
      vertex 37.2966 30.4784 6.3
      vertex 38.6628 30.9162 6.3
      vertex 38.7106 30.9785 6.3
    endloop
  endfacet
  facet normal 0 0 1
    outer loop
      vertex 37.2966 30.4784 6.3
      vertex 38.6206 30.85 6.3
      vertex 38.6628 30.9162 6.3
    endloop
  endfacet
  facet normal 0 0 1
    outer loop
      vertex 37.2966 30.4784 6.3
      vertex 38.5843 30.7804 6.3
      vertex 38.6206 30.85 6.3
    endloop
  endfacet
  facet normal 0 0 1
    outer loop
      vertex 37.2966 30.4784 6.3
      vertex 38.5543 30.7078 6.3
      vertex 38.5843 30.7804 6.3
    endloop
  endfacet
  facet normal 0 0 1
    outer loop
      vertex 37.2966 30.4784 6.3
      vertex 38.5307 30.6329 6.3
      vertex 38.5543 30.7078 6.3
    endloop
  endfacet
  facet normal 0 0 1
    outer loop
      vertex 37.2966 30.4784 6.3
      vertex 38.5137 30.5563 6.3
      vertex 38.5307 30.6329 6.3
    endloop
  endfacet
  facet normal 0 0 1
    outer loop
      vertex 46.4031 27.5782 6.3
      vertex 40.0894 29.8215 6.3
      vertex 46.0963 26.1942 6.3
    endloop
  endfacet
  facet normal -0 0 1
    outer loop
      vertex 40.0364 29.7636 6.3
      vertex 46.0963 26.1942 6.3
      vertex 40.0894 29.8215 6.3
    endloop
  endfacet
  facet normal -0 0 1
    outer loop
      vertex 39.9785 29.7106 6.3
      vertex 46.0963 26.1942 6.3
      vertex 40.0364 29.7636 6.3
    endloop
  endfacet
  facet normal 0 0 1
    outer loop
      vertex 46.0963 26.1942 6.3
      vertex 39.9785 29.7106 6.3
      vertex 45.67 24.8422 6.3
    endloop
  endfacet
  facet normal -0 0 1
    outer loop
      vertex 39.9162 29.6628 6.3
      vertex 45.67 24.8422 6.3
      vertex 39.9785 29.7106 6.3
    endloop
  endfacet
  facet normal -0 0 1
    outer loop
      vertex 39.85 29.6206 6.3
      vertex 45.67 24.8422 6.3
      vertex 39.9162 29.6628 6.3
    endloop
  endfacet
  facet normal -0 0 1
    outer loop
      vertex 39.7804 29.5843 6.3
      vertex 45.67 24.8422 6.3
      vertex 39.85 29.6206 6.3
    endloop
  endfacet
  facet normal 0 0 1
    outer loop
      vertex 45.67 24.8422 6.3
      vertex 39.7804 29.5843 6.3
      vertex 45.1275 23.5325 6.3
    endloop
  endfacet
  facet normal -0 0 1
    outer loop
      vertex 39.7078 29.5543 6.3
      vertex 45.1275 23.5325 6.3
      vertex 39.7804 29.5843 6.3
    endloop
  endfacet
  facet normal -0 0 1
    outer loop
      vertex 39.6329 29.5307 6.3
      vertex 45.1275 23.5325 6.3
      vertex 39.7078 29.5543 6.3
    endloop
  endfacet
  facet normal 0 0 1
    outer loop
      vertex 45.1275 23.5325 6.3
      vertex 39.6329 29.5307 6.3
      vertex 44.4729 22.275 6.3
    endloop
  endfacet
  facet normal -0 0 1
    outer loop
      vertex 39.5563 29.5137 6.3
      vertex 44.4729 22.275 6.3
      vertex 39.6329 29.5307 6.3
    endloop
  endfacet
  facet normal -0 0 1
    outer loop
      vertex 39.4784 29.5034 6.3
      vertex 44.4729 22.275 6.3
      vertex 39.5563 29.5137 6.3
    endloop
  endfacet
  facet normal 0 0 1
    outer loop
      vertex 44.4729 22.275 6.3
      vertex 39.4784 29.5034 6.3
      vertex 43.7112 21.0794 6.3
    endloop
  endfacet
  facet normal -0 0 1
    outer loop
      vertex 39.4 29.5 6.3
      vertex 43.7112 21.0794 6.3
      vertex 39.4784 29.5034 6.3
    endloop
  endfacet
  facet normal 0 0 1
    outer loop
      vertex 39.3216 29.5034 6.3
      vertex 43.7112 21.0794 6.3
      vertex 39.4 29.5 6.3
    endloop
  endfacet
  facet normal 0 0 1
    outer loop
      vertex 43.7112 21.0794 6.3
      vertex 39.3216 29.5034 6.3
      vertex 42.8482 19.9547 6.3
    endloop
  endfacet
  facet normal 0 0 1
    outer loop
      vertex 39.2437 29.5137 6.3
      vertex 42.8482 19.9547 6.3
      vertex 39.3216 29.5034 6.3
    endloop
  endfacet
  facet normal 0 0 1
    outer loop
      vertex 42.8482 19.9547 6.3
      vertex 39.2437 29.5137 6.3
      vertex 41.8905 18.9095 6.3
    endloop
  endfacet
  facet normal -0 0 1
    outer loop
      vertex 36.5563 29.5137 6.3
      vertex 41.8905 18.9095 6.3
      vertex 39.2437 29.5137 6.3
    endloop
  endfacet
  facet normal -0 0 1
    outer loop
      vertex 36.4784 29.5034 6.3
      vertex 31.2966 24.3216 6.3
      vertex 36.5563 29.5137 6.3
    endloop
  endfacet
  facet normal 0 0 1
    outer loop
      vertex 36.5563 29.5137 6.3
      vertex 39.2437 29.5137 6.3
      vertex 39.1671 29.5307 6.3
    endloop
  endfacet
  facet normal 0 0 1
    outer loop
      vertex 36.6329 29.5307 6.3
      vertex 39.1671 29.5307 6.3
      vertex 39.0922 29.5543 6.3
    endloop
  endfacet
  facet normal 0 0 1
    outer loop
      vertex 36.7078 29.5543 6.3
      vertex 39.0922 29.5543 6.3
      vertex 39.0196 29.5843 6.3
    endloop
  endfacet
  facet normal 0 0 1
    outer loop
      vertex 36.7804 29.5843 6.3
      vertex 39.0196 29.5843 6.3
      vertex 38.95 29.6206 6.3
    endloop
  endfacet
  facet normal 0 0 1
    outer loop
      vertex 36.85 29.6206 6.3
      vertex 38.95 29.6206 6.3
      vertex 38.8838 29.6628 6.3
    endloop
  endfacet
  facet normal 0 0 1
    outer loop
      vertex 36.9162 29.6628 6.3
      vertex 38.8838 29.6628 6.3
      vertex 38.8215 29.7106 6.3
    endloop
  endfacet
  facet normal 0 0 1
    outer loop
      vertex 36.9785 29.7106 6.3
      vertex 38.8215 29.7106 6.3
      vertex 38.7636 29.7636 6.3
    endloop
  endfacet
  facet normal 0 0 1
    outer loop
      vertex 37.0364 29.7636 6.3
      vertex 38.7636 29.7636 6.3
      vertex 38.7106 29.8215 6.3
    endloop
  endfacet
  facet normal 0 0 1
    outer loop
      vertex 37.0894 29.8215 6.3
      vertex 38.7106 29.8215 6.3
      vertex 38.6628 29.8838 6.3
    endloop
  endfacet
  facet normal 0 0 1
    outer loop
      vertex 37.1372 29.8838 6.3
      vertex 38.6628 29.8838 6.3
      vertex 38.6206 29.95 6.3
    endloop
  endfacet
  facet normal 0 0 1
    outer loop
      vertex 37.1794 29.95 6.3
      vertex 38.6206 29.95 6.3
      vertex 38.5843 30.0196 6.3
    endloop
  endfacet
  facet normal 0 0 1
    outer loop
      vertex 37.2157 30.0196 6.3
      vertex 38.5843 30.0196 6.3
      vertex 38.5543 30.0922 6.3
    endloop
  endfacet
  facet normal 0 0 1
    outer loop
      vertex 37.2457 30.0922 6.3
      vertex 38.5543 30.0922 6.3
      vertex 38.5307 30.1671 6.3
    endloop
  endfacet
  facet normal 0 0 1
    outer loop
      vertex 39.0196 29.5843 6.3
      vertex 36.7804 29.5843 6.3
      vertex 36.7078 29.5543 6.3
    endloop
  endfacet
  facet normal 0 0 1
    outer loop
      vertex 37.2693 30.1671 6.3
      vertex 38.5307 30.1671 6.3
      vertex 38.5137 30.2437 6.3
    endloop
  endfacet
  facet normal 0 0 1
    outer loop
      vertex 37.2863 30.2437 6.3
      vertex 38.5137 30.2437 6.3
      vertex 38.5034 30.3216 6.3
    endloop
  endfacet
  facet normal 0 0 1
    outer loop
      vertex 37.2966 30.3216 6.3
      vertex 38.5034 30.3216 6.3
      vertex 38.5 30.4 6.3
    endloop
  endfacet
  facet normal 0 0 1
    outer loop
      vertex 37.2966 30.4784 6.3
      vertex 38.5034 30.4784 6.3
      vertex 38.5137 30.5563 6.3
    endloop
  endfacet
  facet normal 0 0 1
    outer loop
      vertex 38.5034 30.4784 6.3
      vertex 37.3 30.4 6.3
      vertex 38.5 30.4 6.3
    endloop
  endfacet
  facet normal 0 0 1
    outer loop
      vertex 37.2966 30.3216 6.3
      vertex 38.5 30.4 6.3
      vertex 37.3 30.4 6.3
    endloop
  endfacet
  facet normal 0 0 1
    outer loop
      vertex 38.5034 30.3216 6.3
      vertex 37.2966 30.3216 6.3
      vertex 37.2863 30.2437 6.3
    endloop
  endfacet
  facet normal 0 0 1
    outer loop
      vertex 38.5137 30.2437 6.3
      vertex 37.2863 30.2437 6.3
      vertex 37.2693 30.1671 6.3
    endloop
  endfacet
  facet normal 0 0 1
    outer loop
      vertex 38.5307 30.1671 6.3
      vertex 37.2693 30.1671 6.3
      vertex 37.2457 30.0922 6.3
    endloop
  endfacet
  facet normal 0 0 1
    outer loop
      vertex 38.5543 30.0922 6.3
      vertex 37.2457 30.0922 6.3
      vertex 37.2157 30.0196 6.3
    endloop
  endfacet
  facet normal 0 0 1
    outer loop
      vertex 38.5843 30.0196 6.3
      vertex 37.2157 30.0196 6.3
      vertex 37.1794 29.95 6.3
    endloop
  endfacet
  facet normal 0 0 1
    outer loop
      vertex 38.6206 29.95 6.3
      vertex 37.1794 29.95 6.3
      vertex 37.1372 29.8838 6.3
    endloop
  endfacet
  facet normal 0 0 1
    outer loop
      vertex 38.6628 29.8838 6.3
      vertex 37.1372 29.8838 6.3
      vertex 37.0894 29.8215 6.3
    endloop
  endfacet
  facet normal 0 0 1
    outer loop
      vertex 38.7106 29.8215 6.3
      vertex 37.0894 29.8215 6.3
      vertex 37.0364 29.7636 6.3
    endloop
  endfacet
  facet normal 0 0 1
    outer loop
      vertex 38.7636 29.7636 6.3
      vertex 37.0364 29.7636 6.3
      vertex 36.9785 29.7106 6.3
    endloop
  endfacet
  facet normal 0 0 1
    outer loop
      vertex 38.8215 29.7106 6.3
      vertex 36.9785 29.7106 6.3
      vertex 36.9162 29.6628 6.3
    endloop
  endfacet
  facet normal 0 0 1
    outer loop
      vertex 38.8838 29.6628 6.3
      vertex 36.9162 29.6628 6.3
      vertex 36.85 29.6206 6.3
    endloop
  endfacet
  facet normal 0 0 1
    outer loop
      vertex 38.95 29.6206 6.3
      vertex 36.85 29.6206 6.3
      vertex 36.7804 29.5843 6.3
    endloop
  endfacet
  facet normal 0 0 1
    outer loop
      vertex 39.0922 29.5543 6.3
      vertex 36.7078 29.5543 6.3
      vertex 36.6329 29.5307 6.3
    endloop
  endfacet
  facet normal 0 0 1
    outer loop
      vertex 36.5563 29.5137 6.3
      vertex 39.1671 29.5307 6.3
      vertex 36.6329 29.5307 6.3
    endloop
  endfacet
  facet normal 0 0 1
    outer loop
      vertex 31.2863 24.2437 6.3
      vertex 36.5563 29.5137 6.3
      vertex 31.2966 24.3216 6.3
    endloop
  endfacet
  facet normal 0 0 1
    outer loop
      vertex 36.5563 29.5137 6.3
      vertex 31.2863 24.2437 6.3
      vertex 41.8905 18.9095 6.3
    endloop
  endfacet
  facet normal 0 0 1
    outer loop
      vertex 40.8453 17.9518 6.3
      vertex 31.3 21.4 6.3
      vertex 39.7206 17.0888 6.3
    endloop
  endfacet
  facet normal 0 0 1
    outer loop
      vertex 31.2966 24.3216 6.3
      vertex 36.4784 29.5034 6.3
      vertex 31.3 24.4 6.3
    endloop
  endfacet
  facet normal 0 0 1
    outer loop
      vertex 31.3 24.4 6.3
      vertex 36.4784 29.5034 6.3
      vertex 36.4 29.5 6.3
    endloop
  endfacet
  facet normal 0 0 1
    outer loop
      vertex 31.3 24.4 6.3
      vertex 36.4 29.5 6.3
      vertex 36.3216 29.5034 6.3
    endloop
  endfacet
  facet normal 0 0 1
    outer loop
      vertex 31.2966 24.4784 6.3
      vertex 36.3216 29.5034 6.3
      vertex 36.2437 29.5137 6.3
    endloop
  endfacet
  facet normal 0 0 1
    outer loop
      vertex 31.2966 24.4784 6.3
      vertex 36.2437 29.5137 6.3
      vertex 36.1671 29.5307 6.3
    endloop
  endfacet
  facet normal 0 0 1
    outer loop
      vertex 31.2966 24.4784 6.3
      vertex 36.1671 29.5307 6.3
      vertex 36.0922 29.5543 6.3
    endloop
  endfacet
  facet normal 0 0 1
    outer loop
      vertex 31.2966 24.4784 6.3
      vertex 36.0922 29.5543 6.3
      vertex 36.0196 29.5843 6.3
    endloop
  endfacet
  facet normal 0 0 1
    outer loop
      vertex 39.7206 17.0888 6.3
      vertex 31.2966 21.3216 6.3
      vertex 38.525 16.3271 6.3
    endloop
  endfacet
  facet normal 0 0 1
    outer loop
      vertex 31.8849 28.9151 6.3
      vertex 36.0196 29.5843 6.3
      vertex 35.95 29.6206 6.3
    endloop
  endfacet
  facet normal 0 0 1
    outer loop
      vertex 32.0087 29.0501 6.3
      vertex 35.95 29.6206 6.3
      vertex 35.8838 29.6628 6.3
    endloop
  endfacet
  facet normal 0 0 1
    outer loop
      vertex 32.1202 29.1955 6.3
      vertex 35.8838 29.6628 6.3
      vertex 35.8215 29.7106 6.3
    endloop
  endfacet
  facet normal 0 0 1
    outer loop
      vertex 32.1202 29.1955 6.3
      vertex 35.8215 29.7106 6.3
      vertex 35.7636 29.7636 6.3
    endloop
  endfacet
  facet normal 0 0 1
    outer loop
      vertex 32.2187 29.35 6.3
      vertex 35.7636 29.7636 6.3
      vertex 35.7106 29.8215 6.3
    endloop
  endfacet
  facet normal 0 0 1
    outer loop
      vertex 32.3032 29.5125 6.3
      vertex 35.7106 29.8215 6.3
      vertex 35.6628 29.8838 6.3
    endloop
  endfacet
  facet normal 0 0 1
    outer loop
      vertex 32.3734 29.6818 6.3
      vertex 35.6628 29.8838 6.3
      vertex 35.6206 29.95 6.3
    endloop
  endfacet
  facet normal 0 0 1
    outer loop
      vertex 32.3734 29.6818 6.3
      vertex 35.6206 29.95 6.3
      vertex 35.5843 30.0196 6.3
    endloop
  endfacet
  facet normal 0 0 1
    outer loop
      vertex 32.4284 29.8565 6.3
      vertex 35.5843 30.0196 6.3
      vertex 35.5543 30.0922 6.3
    endloop
  endfacet
  facet normal 0 0 1
    outer loop
      vertex 32.4681 30.0353 6.3
      vertex 35.5543 30.0922 6.3
      vertex 35.5307 30.1671 6.3
    endloop
  endfacet
  facet normal 0 0 1
    outer loop
      vertex 32.4681 30.0353 6.3
      vertex 35.5307 30.1671 6.3
      vertex 35.5137 30.2437 6.3
    endloop
  endfacet
  facet normal 0 0 1
    outer loop
      vertex 32.492 30.217 6.3
      vertex 35.5137 30.2437 6.3
      vertex 35.5034 30.3216 6.3
    endloop
  endfacet
  facet normal -0 0 1
    outer loop
      vertex 32.5 30.4 6.3
      vertex 35.5034 30.3216 6.3
      vertex 35.5 30.4 6.3
    endloop
  endfacet
  facet normal 0 0 1
    outer loop
      vertex 32.492 30.583 6.3
      vertex 35.5307 30.6329 6.3
      vertex 35.5543 30.7078 6.3
    endloop
  endfacet
  facet normal 0 0 1
    outer loop
      vertex 35.5137 30.2437 6.3
      vertex 32.492 30.217 6.3
      vertex 32.4681 30.0353 6.3
    endloop
  endfacet
  facet normal -0 0 1
    outer loop
      vertex 32.492 30.583 6.3
      vertex 35.5137 30.5563 6.3
      vertex 35.5307 30.6329 6.3
    endloop
  endfacet
  facet normal 0 0 1
    outer loop
      vertex 32.492 30.583 6.3
      vertex 35.5034 30.4784 6.3
      vertex 35.5137 30.5563 6.3
    endloop
  endfacet
  facet normal 0 0 1
    outer loop
      vertex 35.5034 30.3216 6.3
      vertex 32.5 30.4 6.3
      vertex 32.492 30.217 6.3
    endloop
  endfacet
  facet normal 0 0 1
    outer loop
      vertex 35.5034 30.4784 6.3
      vertex 32.5 30.4 6.3
      vertex 35.5 30.4 6.3
    endloop
  endfacet
  facet normal 0 0 1
    outer loop
      vertex 35.5543 30.0922 6.3
      vertex 32.4681 30.0353 6.3
      vertex 32.4284 29.8565 6.3
    endloop
  endfacet
  facet normal 0 0 1
    outer loop
      vertex 35.5843 30.0196 6.3
      vertex 32.4284 29.8565 6.3
      vertex 32.3734 29.6818 6.3
    endloop
  endfacet
  facet normal 0 0 1
    outer loop
      vertex 35.6628 29.8838 6.3
      vertex 32.3734 29.6818 6.3
      vertex 32.3032 29.5125 6.3
    endloop
  endfacet
  facet normal 0 0 1
    outer loop
      vertex 35.7106 29.8215 6.3
      vertex 32.3032 29.5125 6.3
      vertex 32.2187 29.35 6.3
    endloop
  endfacet
  facet normal -0 0 1
    outer loop
      vertex 31.2863 21.2437 6.3
      vertex 38.525 16.3271 6.3
      vertex 31.2966 21.3216 6.3
    endloop
  endfacet
  facet normal -0 0 1
    outer loop
      vertex 31.2966 21.3216 6.3
      vertex 39.7206 17.0888 6.3
      vertex 31.3 21.4 6.3
    endloop
  endfacet
  facet normal 0 0 1
    outer loop
      vertex 35.7636 29.7636 6.3
      vertex 32.2187 29.35 6.3
      vertex 32.1202 29.1955 6.3
    endloop
  endfacet
  facet normal 0 0 1
    outer loop
      vertex 35.8838 29.6628 6.3
      vertex 32.1202 29.1955 6.3
      vertex 32.0087 29.0501 6.3
    endloop
  endfacet
  facet normal 0 0 1
    outer loop
      vertex 35.95 29.6206 6.3
      vertex 32.0087 29.0501 6.3
      vertex 31.8849 28.9151 6.3
    endloop
  endfacet
  facet normal 0 0 1
    outer loop
      vertex 31.2966 24.4784 6.3
      vertex 36.0196 29.5843 6.3
      vertex 31.8849 28.9151 6.3
    endloop
  endfacet
  facet normal -0 0 1
    outer loop
      vertex 31.2693 21.1671 6.3
      vertex 38.525 16.3271 6.3
      vertex 31.2863 21.2437 6.3
    endloop
  endfacet
  facet normal 0 0 1
    outer loop
      vertex 31.2966 24.4784 6.3
      vertex 31.8849 28.9151 6.3
      vertex 31.7499 28.7913 6.3
    endloop
  endfacet
  facet normal 0 0 1
    outer loop
      vertex 31.2966 24.4784 6.3
      vertex 31.7499 28.7913 6.3
      vertex 31.6045 28.6798 6.3
    endloop
  endfacet
  facet normal 0 0 1
    outer loop
      vertex 31.0894 24.9785 6.3
      vertex 31.6045 28.6798 6.3
      vertex 31.45 28.5813 6.3
    endloop
  endfacet
  facet normal 0 0 1
    outer loop
      vertex 38.525 16.3271 6.3
      vertex 31.2693 21.1671 6.3
      vertex 37.2675 15.6725 6.3
    endloop
  endfacet
  facet normal -0 0 1
    outer loop
      vertex 31.2457 21.0922 6.3
      vertex 37.2675 15.6725 6.3
      vertex 31.2693 21.1671 6.3
    endloop
  endfacet
  facet normal -0 0 1
    outer loop
      vertex 31.2157 21.0196 6.3
      vertex 37.2675 15.6725 6.3
      vertex 31.2457 21.0922 6.3
    endloop
  endfacet
  facet normal 0 0 1
    outer loop
      vertex 37.2675 15.6725 6.3
      vertex 31.2157 21.0196 6.3
      vertex 35.9578 15.13 6.3
    endloop
  endfacet
  facet normal -0 0 1
    outer loop
      vertex 31.1794 20.95 6.3
      vertex 35.9578 15.13 6.3
      vertex 31.2157 21.0196 6.3
    endloop
  endfacet
  facet normal -0 0 1
    outer loop
      vertex 31.1372 20.8838 6.3
      vertex 35.9578 15.13 6.3
      vertex 31.1794 20.95 6.3
    endloop
  endfacet
  facet normal 0 0 1
    outer loop
      vertex 35.9578 15.13 6.3
      vertex 31.1372 20.8838 6.3
      vertex 34.6058 14.7037 6.3
    endloop
  endfacet
  facet normal -0 0 1
    outer loop
      vertex 31.0894 20.8215 6.3
      vertex 34.6058 14.7037 6.3
      vertex 31.1372 20.8838 6.3
    endloop
  endfacet
  facet normal -0 0 1
    outer loop
      vertex 31.0364 20.7636 6.3
      vertex 34.6058 14.7037 6.3
      vertex 31.0894 20.8215 6.3
    endloop
  endfacet
  facet normal -0 0 1
    outer loop
      vertex 30.9785 20.7106 6.3
      vertex 34.6058 14.7037 6.3
      vertex 31.0364 20.7636 6.3
    endloop
  endfacet
  facet normal 0 0 1
    outer loop
      vertex 34.6058 14.7037 6.3
      vertex 30.9785 20.7106 6.3
      vertex 33.2218 14.3969 6.3
    endloop
  endfacet
  facet normal -0 0 1
    outer loop
      vertex 30.9162 20.6628 6.3
      vertex 33.2218 14.3969 6.3
      vertex 30.9785 20.7106 6.3
    endloop
  endfacet
  facet normal -0 0 1
    outer loop
      vertex 30.85 20.6206 6.3
      vertex 33.2218 14.3969 6.3
      vertex 30.9162 20.6628 6.3
    endloop
  endfacet
  facet normal -0 0 1
    outer loop
      vertex 30.7804 20.5843 6.3
      vertex 33.2218 14.3969 6.3
      vertex 30.85 20.6206 6.3
    endloop
  endfacet
  facet normal 0 0 1
    outer loop
      vertex 33.2218 14.3969 6.3
      vertex 30.7804 20.5843 6.3
      vertex 31.8163 14.2118 6.3
    endloop
  endfacet
  facet normal -0 0 1
    outer loop
      vertex 30.7078 20.5543 6.3
      vertex 31.8163 14.2118 6.3
      vertex 30.7804 20.5843 6.3
    endloop
  endfacet
  facet normal -0 0 1
    outer loop
      vertex 30.6329 20.5307 6.3
      vertex 31.8163 14.2118 6.3
      vertex 30.7078 20.5543 6.3
    endloop
  endfacet
  facet normal -0 0 1
    outer loop
      vertex 30.5563 20.5137 6.3
      vertex 31.8163 14.2118 6.3
      vertex 30.6329 20.5307 6.3
    endloop
  endfacet
  facet normal 0 0 1
    outer loop
      vertex 30.4 14.15 6.3
      vertex 30.5563 20.5137 6.3
      vertex 30.4784 20.5034 6.3
    endloop
  endfacet
  facet normal 0 0 1
    outer loop
      vertex 30.4 14.15 6.3
      vertex 30.4784 20.5034 6.3
      vertex 30.4 20.5 6.3
    endloop
  endfacet
  facet normal 0 0 1
    outer loop
      vertex 30.5563 20.5137 6.3
      vertex 30.4 14.15 6.3
      vertex 31.8163 14.2118 6.3
    endloop
  endfacet
  facet normal 0 0 1
    outer loop
      vertex 30.3216 20.5034 6.3
      vertex 30.4 14.15 6.3
      vertex 30.4 20.5 6.3
    endloop
  endfacet
  facet normal 0 0 1
    outer loop
      vertex 30.2437 20.5137 6.3
      vertex 30.4 14.15 6.3
      vertex 30.3216 20.5034 6.3
    endloop
  endfacet
  facet normal 0 0 1
    outer loop
      vertex 28.9837 14.2118 6.3
      vertex 30.2437 20.5137 6.3
      vertex 30.1671 20.5307 6.3
    endloop
  endfacet
  facet normal 0 0 1
    outer loop
      vertex 28.9837 14.2118 6.3
      vertex 30.1671 20.5307 6.3
      vertex 30.0922 20.5543 6.3
    endloop
  endfacet
  facet normal 0 0 1
    outer loop
      vertex 28.9837 14.2118 6.3
      vertex 30.0922 20.5543 6.3
      vertex 30.0196 20.5843 6.3
    endloop
  endfacet
  facet normal 0 0 1
    outer loop
      vertex 27.5782 14.3969 6.3
      vertex 30.0196 20.5843 6.3
      vertex 29.95 20.6206 6.3
    endloop
  endfacet
  facet normal 0 0 1
    outer loop
      vertex 27.5782 14.3969 6.3
      vertex 29.95 20.6206 6.3
      vertex 29.8838 20.6628 6.3
    endloop
  endfacet
  facet normal 0 0 1
    outer loop
      vertex 27.5782 14.3969 6.3
      vertex 29.8838 20.6628 6.3
      vertex 29.8215 20.7106 6.3
    endloop
  endfacet
  facet normal 0 0 1
    outer loop
      vertex 26.1942 14.7037 6.3
      vertex 29.8215 20.7106 6.3
      vertex 29.7636 20.7636 6.3
    endloop
  endfacet
  facet normal 0 0 1
    outer loop
      vertex 26.1942 14.7037 6.3
      vertex 29.7636 20.7636 6.3
      vertex 29.7106 20.8215 6.3
    endloop
  endfacet
  facet normal 0 0 1
    outer loop
      vertex 26.1942 14.7037 6.3
      vertex 29.7106 20.8215 6.3
      vertex 29.6628 20.8838 6.3
    endloop
  endfacet
  facet normal 0 0 1
    outer loop
      vertex 24.8422 15.13 6.3
      vertex 29.6628 20.8838 6.3
      vertex 29.6206 20.95 6.3
    endloop
  endfacet
  facet normal 0 0 1
    outer loop
      vertex 24.8422 15.13 6.3
      vertex 29.6206 20.95 6.3
      vertex 29.5843 21.0196 6.3
    endloop
  endfacet
  facet normal 0 0 1
    outer loop
      vertex 23.5325 15.6725 6.3
      vertex 29.5843 21.0196 6.3
      vertex 29.5543 21.0922 6.3
    endloop
  endfacet
  facet normal 0 0 1
    outer loop
      vertex 23.5325 15.6725 6.3
      vertex 29.5543 21.0922 6.3
      vertex 29.5307 21.1671 6.3
    endloop
  endfacet
  facet normal 0 0 1
    outer loop
      vertex 22.275 16.3271 6.3
      vertex 29.5307 21.1671 6.3
      vertex 29.5137 21.2437 6.3
    endloop
  endfacet
  facet normal 0 0 1
    outer loop
      vertex 22.275 16.3271 6.3
      vertex 29.5137 21.2437 6.3
      vertex 29.5034 21.3216 6.3
    endloop
  endfacet
  facet normal 0 0 1
    outer loop
      vertex 29.5543 24.7078 6.3
      vertex 24.7078 29.5543 6.3
      vertex 29.5307 24.6329 6.3
    endloop
  endfacet
  facet normal -0 0 1
    outer loop
      vertex 24.6329 29.5307 6.3
      vertex 29.5307 24.6329 6.3
      vertex 24.7078 29.5543 6.3
    endloop
  endfacet
  facet normal -0 0 1
    outer loop
      vertex 24.4784 29.5034 6.3
      vertex 29.5034 24.4784 6.3
      vertex 24.5563 29.5137 6.3
    endloop
  endfacet
  facet normal 0 0 1
    outer loop
      vertex 30.2437 20.5137 6.3
      vertex 28.9837 14.2118 6.3
      vertex 30.4 14.15 6.3
    endloop
  endfacet
  facet normal 0 0 1
    outer loop
      vertex 29.5034 24.4784 6.3
      vertex 24.4784 29.5034 6.3
      vertex 29.5 24.4 6.3
    endloop
  endfacet
  facet normal 0 0 1
    outer loop
      vertex 29.5307 24.6329 6.3
      vertex 24.6329 29.5307 6.3
      vertex 29.5137 24.5563 6.3
    endloop
  endfacet
  facet normal 0 0 1
    outer loop
      vertex 24.85 29.6206 6.3
      vertex 28.9151 28.9151 6.3
      vertex 28.7913 29.0501 6.3
    endloop
  endfacet
  facet normal 0 0 1
    outer loop
      vertex 24.9162 29.6628 6.3
      vertex 28.7913 29.0501 6.3
      vertex 28.6798 29.1955 6.3
    endloop
  endfacet
  facet normal 0 0 1
    outer loop
      vertex 24.9785 29.7106 6.3
      vertex 28.6798 29.1955 6.3
      vertex 28.5813 29.35 6.3
    endloop
  endfacet
  facet normal 0 0 1
    outer loop
      vertex 25.0894 29.8215 6.3
      vertex 28.5813 29.35 6.3
      vertex 28.4968 29.5125 6.3
    endloop
  endfacet
  facet normal 0 0 1
    outer loop
      vertex 25.1372 29.8838 6.3
      vertex 28.4968 29.5125 6.3
      vertex 28.4266 29.6818 6.3
    endloop
  endfacet
  facet normal 0 0 1
    outer loop
      vertex 25.2157 30.0196 6.3
      vertex 28.4266 29.6818 6.3
      vertex 28.3716 29.8565 6.3
    endloop
  endfacet
  facet normal 0 0 1
    outer loop
      vertex 25.2457 30.0922 6.3
      vertex 28.3716 29.8565 6.3
      vertex 28.3319 30.0353 6.3
    endloop
  endfacet
  facet normal 0 0 1
    outer loop
      vertex 25.2863 30.2437 6.3
      vertex 28.3319 30.0353 6.3
      vertex 28.308 30.217 6.3
    endloop
  endfacet
  facet normal -0 0 1
    outer loop
      vertex 25.2966 30.3216 6.3
      vertex 28.308 30.217 6.3
      vertex 28.3 30.4 6.3
    endloop
  endfacet
  facet normal 0 0 1
    outer loop
      vertex 30.0196 20.5843 6.3
      vertex 27.5782 14.3969 6.3
      vertex 28.9837 14.2118 6.3
    endloop
  endfacet
  facet normal -0 0 1
    outer loop
      vertex 25.2966 30.4784 6.3
      vertex 28.3 30.4 6.3
      vertex 28.308 30.583 6.3
    endloop
  endfacet
  facet normal 0 0 1
    outer loop
      vertex 25.2966 30.4784 6.3
      vertex 28.3716 30.9435 6.3
      vertex 28.4266 31.1182 6.3
    endloop
  endfacet
  facet normal 0 0 1
    outer loop
      vertex 25.2966 30.4784 6.3
      vertex 29.5 36.4 6.3
      vertex 26.3851 39.7901 6.3
    endloop
  endfacet
  facet normal 0 0 1
    outer loop
      vertex 28.3 30.4 6.3
      vertex 25.3 30.4 6.3
      vertex 25.2966 30.3216 6.3
    endloop
  endfacet
  facet normal 0 0 1
    outer loop
      vertex 24.3216 31.2966 6.3
      vertex 26.3851 39.7901 6.3
      vertex 25.65 40.1728 6.3
    endloop
  endfacet
  facet normal 0 0 1
    outer loop
      vertex 28.308 30.217 6.3
      vertex 25.2966 30.3216 6.3
      vertex 25.2863 30.2437 6.3
    endloop
  endfacet
  facet normal 0 0 1
    outer loop
      vertex 28.3319 30.0353 6.3
      vertex 25.2863 30.2437 6.3
      vertex 25.2693 30.1671 6.3
    endloop
  endfacet
  facet normal 0 0 1
    outer loop
      vertex 28.3319 30.0353 6.3
      vertex 25.2693 30.1671 6.3
      vertex 25.2457 30.0922 6.3
    endloop
  endfacet
  facet normal 0 0 1
    outer loop
      vertex 28.3716 29.8565 6.3
      vertex 25.2457 30.0922 6.3
      vertex 25.2157 30.0196 6.3
    endloop
  endfacet
  facet normal 0 0 1
    outer loop
      vertex 28.4266 29.6818 6.3
      vertex 25.2157 30.0196 6.3
      vertex 25.1794 29.95 6.3
    endloop
  endfacet
  facet normal 0 0 1
    outer loop
      vertex 28.4266 29.6818 6.3
      vertex 25.1794 29.95 6.3
      vertex 25.1372 29.8838 6.3
    endloop
  endfacet
  facet normal 0 0 1
    outer loop
      vertex 28.4968 29.5125 6.3
      vertex 25.1372 29.8838 6.3
      vertex 25.0894 29.8215 6.3
    endloop
  endfacet
  facet normal 0 0 1
    outer loop
      vertex 28.5813 29.35 6.3
      vertex 25.0894 29.8215 6.3
      vertex 25.0364 29.7636 6.3
    endloop
  endfacet
  facet normal 0 0 1
    outer loop
      vertex 28.5813 29.35 6.3
      vertex 25.0364 29.7636 6.3
      vertex 24.9785 29.7106 6.3
    endloop
  endfacet
  facet normal 0 0 1
    outer loop
      vertex 28.6798 29.1955 6.3
      vertex 24.9785 29.7106 6.3
      vertex 24.9162 29.6628 6.3
    endloop
  endfacet
  facet normal 0 0 1
    outer loop
      vertex 28.7913 29.0501 6.3
      vertex 24.9162 29.6628 6.3
      vertex 24.85 29.6206 6.3
    endloop
  endfacet
  facet normal 0 0 1
    outer loop
      vertex 28.9151 28.9151 6.3
      vertex 24.85 29.6206 6.3
      vertex 24.7804 29.5843 6.3
    endloop
  endfacet
  facet normal 0 0 1
    outer loop
      vertex 29.8215 20.7106 6.3
      vertex 26.1942 14.7037 6.3
      vertex 27.5782 14.3969 6.3
    endloop
  endfacet
  facet normal -0 0 1
    outer loop
      vertex 24.5563 29.5137 6.3
      vertex 29.5137 24.5563 6.3
      vertex 24.6329 29.5307 6.3
    endloop
  endfacet
  facet normal 0 0 1
    outer loop
      vertex 29.6628 20.8838 6.3
      vertex 24.8422 15.13 6.3
      vertex 26.1942 14.7037 6.3
    endloop
  endfacet
  facet normal 0 0 1
    outer loop
      vertex 29.5137 24.5563 6.3
      vertex 24.5563 29.5137 6.3
      vertex 29.5034 24.4784 6.3
    endloop
  endfacet
  facet normal -0 0 1
    outer loop
      vertex 24.4 29.5 6.3
      vertex 29.5 24.4 6.3
      vertex 24.4784 29.5034 6.3
    endloop
  endfacet
  facet normal 0 0 1
    outer loop
      vertex 24.3216 29.5034 6.3
      vertex 29.5 24.4 6.3
      vertex 24.4 29.5 6.3
    endloop
  endfacet
  facet normal 0 0 1
    outer loop
      vertex 29.5034 24.3216 6.3
      vertex 24.3216 29.5034 6.3
      vertex 24.2437 29.5137 6.3
    endloop
  endfacet
  facet normal 0 0 1
    outer loop
      vertex 29.5137 21.5563 6.3
      vertex 19.9547 17.9518 6.3
      vertex 29.5034 21.4784 6.3
    endloop
  endfacet
  facet normal 0 -0 1
    outer loop
      vertex 21.0794 17.0888 6.3
      vertex 29.5034 21.4784 6.3
      vertex 19.9547 17.9518 6.3
    endloop
  endfacet
  facet normal 0 0 1
    outer loop
      vertex 29.5137 24.2437 6.3
      vertex 24.2437 29.5137 6.3
      vertex 18.9095 18.9095 6.3
    endloop
  endfacet
  facet normal 0 0 1
    outer loop
      vertex 18.9095 18.9095 6.3
      vertex 24.2437 29.5137 6.3
      vertex 24.1671 29.5307 6.3
    endloop
  endfacet
  facet normal 0 0 1
    outer loop
      vertex 21.6329 29.5307 6.3
      vertex 24.1671 29.5307 6.3
      vertex 24.0922 29.5543 6.3
    endloop
  endfacet
  facet normal 0 0 1
    outer loop
      vertex 21.7078 29.5543 6.3
      vertex 24.0922 29.5543 6.3
      vertex 24.0196 29.5843 6.3
    endloop
  endfacet
  facet normal 0 0 1
    outer loop
      vertex 21.7804 29.5843 6.3
      vertex 24.0196 29.5843 6.3
      vertex 23.95 29.6206 6.3
    endloop
  endfacet
  facet normal 0 0 1
    outer loop
      vertex 21.85 29.6206 6.3
      vertex 23.95 29.6206 6.3
      vertex 23.8838 29.6628 6.3
    endloop
  endfacet
  facet normal 0 0 1
    outer loop
      vertex 21.9162 29.6628 6.3
      vertex 23.8838 29.6628 6.3
      vertex 23.8215 29.7106 6.3
    endloop
  endfacet
  facet normal 0 0 1
    outer loop
      vertex 21.9785 29.7106 6.3
      vertex 23.8215 29.7106 6.3
      vertex 23.7636 29.7636 6.3
    endloop
  endfacet
  facet normal 0 0 1
    outer loop
      vertex 22.0364 29.7636 6.3
      vertex 23.7636 29.7636 6.3
      vertex 23.7106 29.8215 6.3
    endloop
  endfacet
  facet normal 0 0 1
    outer loop
      vertex 22.0894 29.8215 6.3
      vertex 23.7106 29.8215 6.3
      vertex 23.6628 29.8838 6.3
    endloop
  endfacet
  facet normal 0 0 1
    outer loop
      vertex 22.1372 29.8838 6.3
      vertex 23.6628 29.8838 6.3
      vertex 23.6206 29.95 6.3
    endloop
  endfacet
  facet normal 0 0 1
    outer loop
      vertex 22.1794 29.95 6.3
      vertex 23.6206 29.95 6.3
      vertex 23.5843 30.0196 6.3
    endloop
  endfacet
  facet normal 0 0 1
    outer loop
      vertex 22.2157 30.0196 6.3
      vertex 23.5843 30.0196 6.3
      vertex 23.5543 30.0922 6.3
    endloop
  endfacet
  facet normal 0 0 1
    outer loop
      vertex 29.5843 21.0196 6.3
      vertex 23.5325 15.6725 6.3
      vertex 24.8422 15.13 6.3
    endloop
  endfacet
  facet normal 0 0 1
    outer loop
      vertex 22.2457 30.0922 6.3
      vertex 23.5543 30.0922 6.3
      vertex 23.5307 30.1671 6.3
    endloop
  endfacet
  facet normal 0 0 1
    outer loop
      vertex 22.2693 30.1671 6.3
      vertex 23.5307 30.1671 6.3
      vertex 23.5137 30.2437 6.3
    endloop
  endfacet
  facet normal 0 0 1
    outer loop
      vertex 22.2863 30.2437 6.3
      vertex 23.5137 30.2437 6.3
      vertex 23.5034 30.3216 6.3
    endloop
  endfacet
  facet normal 0 0 1
    outer loop
      vertex 22.2966 30.3216 6.3
      vertex 23.5034 30.3216 6.3
      vertex 23.5 30.4 6.3
    endloop
  endfacet
  facet normal 0 0 1
    outer loop
      vertex 23.5034 30.4784 6.3
      vertex 22.3 30.4 6.3
      vertex 23.5 30.4 6.3
    endloop
  endfacet
  facet normal -0 0 1
    outer loop
      vertex 19.9547 42.8482 6.3
      vertex 23.1226 42.2935 6.3
      vertex 22.6181 42.951 6.3
    endloop
  endfacet
  facet normal 0 0 1
    outer loop
      vertex 22.2966 30.3216 6.3
      vertex 23.5 30.4 6.3
      vertex 22.3 30.4 6.3
    endloop
  endfacet
  facet normal 0 0 1
    outer loop
      vertex 23.5034 30.3216 6.3
      vertex 22.2966 30.3216 6.3
      vertex 22.2863 30.2437 6.3
    endloop
  endfacet
  facet normal 0 0 1
    outer loop
      vertex 23.5137 30.2437 6.3
      vertex 22.2863 30.2437 6.3
      vertex 22.2693 30.1671 6.3
    endloop
  endfacet
  facet normal 0 0 1
    outer loop
      vertex 23.5307 30.1671 6.3
      vertex 22.2693 30.1671 6.3
      vertex 22.2457 30.0922 6.3
    endloop
  endfacet
  facet normal 0 0 1
    outer loop
      vertex 23.5543 30.0922 6.3
      vertex 22.2457 30.0922 6.3
      vertex 22.2157 30.0196 6.3
    endloop
  endfacet
  facet normal 0 0 1
    outer loop
      vertex 23.5843 30.0196 6.3
      vertex 22.2157 30.0196 6.3
      vertex 22.1794 29.95 6.3
    endloop
  endfacet
  facet normal 0 0 1
    outer loop
      vertex 23.6206 29.95 6.3
      vertex 22.1794 29.95 6.3
      vertex 22.1372 29.8838 6.3
    endloop
  endfacet
  facet normal 0 0 1
    outer loop
      vertex 23.6628 29.8838 6.3
      vertex 22.1372 29.8838 6.3
      vertex 22.0894 29.8215 6.3
    endloop
  endfacet
  facet normal 0 0 1
    outer loop
      vertex 23.7106 29.8215 6.3
      vertex 22.0894 29.8215 6.3
      vertex 22.0364 29.7636 6.3
    endloop
  endfacet
  facet normal 0 0 1
    outer loop
      vertex 23.7636 29.7636 6.3
      vertex 22.0364 29.7636 6.3
      vertex 21.9785 29.7106 6.3
    endloop
  endfacet
  facet normal 0 0 1
    outer loop
      vertex 23.8215 29.7106 6.3
      vertex 21.9785 29.7106 6.3
      vertex 21.9162 29.6628 6.3
    endloop
  endfacet
  facet normal 0 0 1
    outer loop
      vertex 23.8838 29.6628 6.3
      vertex 21.9162 29.6628 6.3
      vertex 21.85 29.6206 6.3
    endloop
  endfacet
  facet normal 0 0 1
    outer loop
      vertex 29.5307 21.1671 6.3
      vertex 22.275 16.3271 6.3
      vertex 23.5325 15.6725 6.3
    endloop
  endfacet
  facet normal 0 0 1
    outer loop
      vertex 23.95 29.6206 6.3
      vertex 21.85 29.6206 6.3
      vertex 21.7804 29.5843 6.3
    endloop
  endfacet
  facet normal 0 0 1
    outer loop
      vertex 24.0196 29.5843 6.3
      vertex 21.7804 29.5843 6.3
      vertex 21.7078 29.5543 6.3
    endloop
  endfacet
  facet normal 0 0 1
    outer loop
      vertex 24.0922 29.5543 6.3
      vertex 21.7078 29.5543 6.3
      vertex 21.6329 29.5307 6.3
    endloop
  endfacet
  facet normal 0 0 1
    outer loop
      vertex 24.1671 29.5307 6.3
      vertex 21.6329 29.5307 6.3
      vertex 18.9095 18.9095 6.3
    endloop
  endfacet
  facet normal 0 0 1
    outer loop
      vertex 18.9095 18.9095 6.3
      vertex 21.6329 29.5307 6.3
      vertex 21.5563 29.5137 6.3
    endloop
  endfacet
  facet normal 0 0 1
    outer loop
      vertex 17.9518 19.9547 6.3
      vertex 21.5563 29.5137 6.3
      vertex 21.4784 29.5034 6.3
    endloop
  endfacet
  facet normal 0 0 1
    outer loop
      vertex 17.0888 21.0794 6.3
      vertex 21.4784 29.5034 6.3
      vertex 21.4 29.5 6.3
    endloop
  endfacet
  facet normal 0 0 1
    outer loop
      vertex 17.0888 21.0794 6.3
      vertex 21.4 29.5 6.3
      vertex 21.3216 29.5034 6.3
    endloop
  endfacet
  facet normal 0 0 1
    outer loop
      vertex 16.3271 22.275 6.3
      vertex 21.3216 29.5034 6.3
      vertex 21.2437 29.5137 6.3
    endloop
  endfacet
  facet normal 0 0 1
    outer loop
      vertex 16.3271 22.275 6.3
      vertex 21.2437 29.5137 6.3
      vertex 21.1671 29.5307 6.3
    endloop
  endfacet
  facet normal 0 0 1
    outer loop
      vertex 15.6725 23.5325 6.3
      vertex 21.1671 29.5307 6.3
      vertex 21.0922 29.5543 6.3
    endloop
  endfacet
  facet normal 0 0 1
    outer loop
      vertex 29.5034 21.3216 6.3
      vertex 21.0794 17.0888 6.3
      vertex 22.275 16.3271 6.3
    endloop
  endfacet
  facet normal 0 0 1
    outer loop
      vertex 15.6725 23.5325 6.3
      vertex 21.0922 29.5543 6.3
      vertex 21.0196 29.5843 6.3
    endloop
  endfacet
  facet normal 0 0 1
    outer loop
      vertex 15.13 24.8422 6.3
      vertex 21.0196 29.5843 6.3
      vertex 20.95 29.6206 6.3
    endloop
  endfacet
  facet normal 0 0 1
    outer loop
      vertex 15.13 24.8422 6.3
      vertex 20.95 29.6206 6.3
      vertex 20.8838 29.6628 6.3
    endloop
  endfacet
  facet normal 0 0 1
    outer loop
      vertex 15.13 24.8422 6.3
      vertex 20.8838 29.6628 6.3
      vertex 20.8215 29.7106 6.3
    endloop
  endfacet
  facet normal 0 0 1
    outer loop
      vertex 14.7037 26.1942 6.3
      vertex 20.8215 29.7106 6.3
      vertex 20.7636 29.7636 6.3
    endloop
  endfacet
  facet normal 0 0 1
    outer loop
      vertex 14.7037 26.1942 6.3
      vertex 20.7636 29.7636 6.3
      vertex 20.7106 29.8215 6.3
    endloop
  endfacet
  facet normal 0 0 1
    outer loop
      vertex 14.3969 27.5782 6.3
      vertex 20.7106 29.8215 6.3
      vertex 20.6628 29.8838 6.3
    endloop
  endfacet
  facet normal 0 0 1
    outer loop
      vertex 14.3969 27.5782 6.3
      vertex 20.6628 29.8838 6.3
      vertex 20.6206 29.95 6.3
    endloop
  endfacet
  facet normal 0 0 1
    outer loop
      vertex 14.3969 27.5782 6.3
      vertex 20.6206 29.95 6.3
      vertex 20.5843 30.0196 6.3
    endloop
  endfacet
  facet normal 0 0 1
    outer loop
      vertex 14.2118 28.9837 6.3
      vertex 20.5843 30.0196 6.3
      vertex 20.5543 30.0922 6.3
    endloop
  endfacet
  facet normal 0 0 1
    outer loop
      vertex 14.2118 28.9837 6.3
      vertex 20.5543 30.0922 6.3
      vertex 20.5307 30.1671 6.3
    endloop
  endfacet
  facet normal 0 0 1
    outer loop
      vertex 14.2118 28.9837 6.3
      vertex 20.5307 30.1671 6.3
      vertex 20.5137 30.2437 6.3
    endloop
  endfacet
  facet normal 0 0 1
    outer loop
      vertex 14.15 30.4 6.3
      vertex 20.5137 30.2437 6.3
      vertex 20.5034 30.3216 6.3
    endloop
  endfacet
  facet normal -0 0 1
    outer loop
      vertex 14.15 30.4 6.3
      vertex 20.5034 30.3216 6.3
      vertex 20.5 30.4 6.3
    endloop
  endfacet
  facet normal 0 0 1
    outer loop
      vertex 20.7106 30.9785 6.3
      vertex 14.3969 33.2218 6.3
      vertex 20.6628 30.9162 6.3
    endloop
  endfacet
  facet normal 0 0 1
    outer loop
      vertex 29.5 21.4 6.3
      vertex 21.0794 17.0888 6.3
      vertex 29.5034 21.3216 6.3
    endloop
  endfacet
  facet normal 0 0 1
    outer loop
      vertex 20.6628 30.9162 6.3
      vertex 14.3969 33.2218 6.3
      vertex 20.6206 30.85 6.3
    endloop
  endfacet
  facet normal 0 0 1
    outer loop
      vertex 29.5034 21.4784 6.3
      vertex 21.0794 17.0888 6.3
      vertex 29.5 21.4 6.3
    endloop
  endfacet
  facet normal 0 0 1
    outer loop
      vertex 20.6206 30.85 6.3
      vertex 14.3969 33.2218 6.3
      vertex 20.5843 30.7804 6.3
    endloop
  endfacet
  facet normal 0 0 1
    outer loop
      vertex 21.5563 29.5137 6.3
      vertex 17.9518 19.9547 6.3
      vertex 18.9095 18.9095 6.3
    endloop
  endfacet
  facet normal -0 0 1
    outer loop
      vertex 14.2118 31.8163 6.3
      vertex 20.5843 30.7804 6.3
      vertex 14.3969 33.2218 6.3
    endloop
  endfacet
  facet normal 0 0 1
    outer loop
      vertex 21.4784 29.5034 6.3
      vertex 17.0888 21.0794 6.3
      vertex 17.9518 19.9547 6.3
    endloop
  endfacet
  facet normal 0 0 1
    outer loop
      vertex 20.5843 30.7804 6.3
      vertex 14.2118 31.8163 6.3
      vertex 20.5543 30.7078 6.3
    endloop
  endfacet
  facet normal 0 0 1
    outer loop
      vertex 21.3216 29.5034 6.3
      vertex 16.3271 22.275 6.3
      vertex 17.0888 21.0794 6.3
    endloop
  endfacet
  facet normal 0 0 1
    outer loop
      vertex 20.5543 30.7078 6.3
      vertex 14.2118 31.8163 6.3
      vertex 20.5307 30.6329 6.3
    endloop
  endfacet
  facet normal 0 0 1
    outer loop
      vertex 21.1671 29.5307 6.3
      vertex 15.6725 23.5325 6.3
      vertex 16.3271 22.275 6.3
    endloop
  endfacet
  facet normal 0 0 1
    outer loop
      vertex 20.5307 30.6329 6.3
      vertex 14.2118 31.8163 6.3
      vertex 20.5137 30.5563 6.3
    endloop
  endfacet
  facet normal 0 0 1
    outer loop
      vertex 21.0196 29.5843 6.3
      vertex 15.13 24.8422 6.3
      vertex 15.6725 23.5325 6.3
    endloop
  endfacet
  facet normal 0 0 1
    outer loop
      vertex 14.15 30.4 6.3
      vertex 20.5137 30.5563 6.3
      vertex 14.2118 31.8163 6.3
    endloop
  endfacet
  facet normal 0 0 1
    outer loop
      vertex 20.8215 29.7106 6.3
      vertex 14.7037 26.1942 6.3
      vertex 15.13 24.8422 6.3
    endloop
  endfacet
  facet normal 0 0 1
    outer loop
      vertex 20.5137 30.5563 6.3
      vertex 14.15 30.4 6.3
      vertex 20.5034 30.4784 6.3
    endloop
  endfacet
  facet normal 0 0 1
    outer loop
      vertex 20.7106 29.8215 6.3
      vertex 14.3969 27.5782 6.3
      vertex 14.7037 26.1942 6.3
    endloop
  endfacet
  facet normal 0 0 1
    outer loop
      vertex 20.5034 30.4784 6.3
      vertex 14.15 30.4 6.3
      vertex 20.5 30.4 6.3
    endloop
  endfacet
  facet normal 0 0 1
    outer loop
      vertex 20.5843 30.0196 6.3
      vertex 14.2118 28.9837 6.3
      vertex 14.3969 27.5782 6.3
    endloop
  endfacet
  facet normal 0 0 1
    outer loop
      vertex 20.5137 30.2437 6.3
      vertex 14.15 30.4 6.3
      vertex 14.2118 28.9837 6.3
    endloop
  endfacet
  facet normal 0.999049 0.0435933 0
    outer loop
      vertex 14.2118 28.9837 9
      vertex 14.15 30.4 6.3
      vertex 14.15 30.4 9
    endloop
  endfacet
  facet normal 0.999049 0.0435933 0
    outer loop
      vertex 14.15 30.4 6.3
      vertex 14.2118 28.9837 9
      vertex 14.2118 28.9837 6.3
    endloop
  endfacet
  facet normal 0.991439 0.130569 0
    outer loop
      vertex 14.3969 27.5782 9
      vertex 14.2118 28.9837 6.3
      vertex 14.2118 28.9837 9
    endloop
  endfacet
  facet normal 0.991439 0.130569 0
    outer loop
      vertex 14.2118 28.9837 6.3
      vertex 14.3969 27.5782 9
      vertex 14.3969 27.5782 6.3
    endloop
  endfacet
  facet normal 0.537309 0.843385 -0
    outer loop
      vertex 22.275 16.3271 6.3
      vertex 21.0794 17.0888 9
      vertex 22.275 16.3271 9
    endloop
  endfacet
  facet normal 0.537309 0.843385 0
    outer loop
      vertex 21.0794 17.0888 9
      vertex 22.275 16.3271 6.3
      vertex 21.0794 17.0888 6.3
    endloop
  endfacet
  facet normal -0.953714 -0.300716 0
    outer loop
      vertex 46.0963 34.6058 6.3
      vertex 45.67 35.9578 9
      vertex 45.67 35.9578 6.3
    endloop
  endfacet
  facet normal -0.953714 -0.300716 0
    outer loop
      vertex 45.67 35.9578 9
      vertex 46.0963 34.6058 6.3
      vertex 46.0963 34.6058 9
    endloop
  endfacet
  facet normal -0.991439 -0.130569 0
    outer loop
      vertex 46.5882 31.8163 6.3
      vertex 46.4031 33.2218 9
      vertex 46.4031 33.2218 6.3
    endloop
  endfacet
  facet normal -0.991439 -0.130569 0
    outer loop
      vertex 46.4031 33.2218 9
      vertex 46.5882 31.8163 6.3
      vertex 46.5882 31.8163 9
    endloop
  endfacet
  facet normal -0.737295 -0.675571 0
    outer loop
      vertex 42.8482 40.8453 6.3
      vertex 41.8905 41.8905 9
      vertex 41.8905 41.8905 6.3
    endloop
  endfacet
  facet normal -0.737295 -0.675571 0
    outer loop
      vertex 41.8905 41.8905 9
      vertex 42.8482 40.8453 6.3
      vertex 42.8482 40.8453 9
    endloop
  endfacet
  facet normal -0.608756 -0.793358 0
    outer loop
      vertex 39.7206 43.7112 6.3
      vertex 40.8453 42.8482 9
      vertex 39.7206 43.7112 9
    endloop
  endfacet
  facet normal -0.608756 -0.793358 -0
    outer loop
      vertex 40.8453 42.8482 9
      vertex 39.7206 43.7112 6.3
      vertex 40.8453 42.8482 6.3
    endloop
  endfacet
  facet normal -0.843385 -0.537309 0
    outer loop
      vertex 44.4729 38.525 6.3
      vertex 43.7112 39.7206 9
      vertex 43.7112 39.7206 6.3
    endloop
  endfacet
  facet normal -0.843385 -0.537309 0
    outer loop
      vertex 43.7112 39.7206 9
      vertex 44.4729 38.525 6.3
      vertex 44.4729 38.525 9
    endloop
  endfacet
  facet normal 0.537368 -0.843348 0
    outer loop
      vertex 21.0794 43.7112 6.3
      vertex 21.8765 44.2191 9
      vertex 21.0794 43.7112 9
    endloop
  endfacet
  facet normal 0.537368 -0.843348 0
    outer loop
      vertex 21.8765 44.2191 9
      vertex 21.0794 43.7112 6.3
      vertex 21.8765 44.2191 6.3
    endloop
  endfacet
  facet normal 0.793358 -0.608756 0
    outer loop
      vertex 17.0888 39.7206 9
      vertex 17.9518 40.8453 6.3
      vertex 17.9518 40.8453 9
    endloop
  endfacet
  facet normal 0.793358 -0.608756 0
    outer loop
      vertex 17.9518 40.8453 6.3
      vertex 17.0888 39.7206 9
      vertex 17.0888 39.7206 6.3
    endloop
  endfacet
  facet normal 0.887015 -0.461741 0
    outer loop
      vertex 15.6725 37.2675 9
      vertex 16.3271 38.525 6.3
      vertex 16.3271 38.525 9
    endloop
  endfacet
  facet normal 0.887015 -0.461741 0
    outer loop
      vertex 16.3271 38.525 6.3
      vertex 15.6725 37.2675 9
      vertex 15.6725 37.2675 6.3
    endloop
  endfacet
  facet normal 0.675571 -0.737295 0
    outer loop
      vertex 18.9095 41.8905 6.3
      vertex 19.9547 42.8482 9
      vertex 18.9095 41.8905 9
    endloop
  endfacet
  facet normal 0.675571 -0.737295 0
    outer loop
      vertex 19.9547 42.8482 9
      vertex 18.9095 41.8905 6.3
      vertex 19.9547 42.8482 6.3
    endloop
  endfacet
  facet normal -0.9763 -0.216423 0
    outer loop
      vertex 46.4031 33.2218 6.3
      vertex 46.0963 34.6058 9
      vertex 46.0963 34.6058 6.3
    endloop
  endfacet
  facet normal -0.9763 -0.216423 0
    outer loop
      vertex 46.0963 34.6058 9
      vertex 46.4031 33.2218 6.3
      vertex 46.4031 33.2218 9
    endloop
  endfacet
  facet normal 0.843385 -0.537309 0
    outer loop
      vertex 16.3271 38.525 9
      vertex 17.0888 39.7206 6.3
      vertex 17.0888 39.7206 9
    endloop
  endfacet
  facet normal 0.843385 -0.537309 0
    outer loop
      vertex 17.0888 39.7206 6.3
      vertex 16.3271 38.525 9
      vertex 16.3271 38.525 6.3
    endloop
  endfacet
endsolid OpenSCAD_Model
