solid OpenSCAD_Model
  facet normal -0.461746 -0.887012 0
    outer loop
      vertex 2 0.535898 0
      vertex 2.30953 0.374768 4
      vertex 2 0.535898 4
    endloop
  endfacet
  facet normal -0.461746 -0.887012 -0
    outer loop
      vertex 2.30953 0.374768 4
      vertex 2 0.535898 0
      vertex 2.30953 0.374768 0
    endloop
  endfacet
  facet normal 0 1 -0
    outer loop
      vertex 86 90 0
      vertex 4 90 4
      vertex 86 90 4
    endloop
  endfacet
  facet normal 0 1 0
    outer loop
      vertex 4 90 4
      vertex 86 90 0
      vertex 4 90 0
    endloop
  endfacet
  facet normal -0.537295 -0.843394 0
    outer loop
      vertex 1.70569 0.723392 0
      vertex 2 0.535898 4
      vertex 1.70569 0.723392 4
    endloop
  endfacet
  facet normal -0.537295 -0.843394 -0
    outer loop
      vertex 2 0.535898 4
      vertex 1.70569 0.723392 0
      vertex 2 0.535898 0
    endloop
  endfacet
  facet normal 0 -1 0
    outer loop
      vertex 4 0 0
      vertex 86 0 4
      vertex 4 0 4
    endloop
  endfacet
  facet normal 0 -1 -0
    outer loop
      vertex 86 0 4
      vertex 4 0 0
      vertex 86 0 0
    endloop
  endfacet
  facet normal -1 0 0
    outer loop
      vertex 0 4 0
      vertex 0 86 4
      vertex 0 86 0
    endloop
  endfacet
  facet normal -1 -0 0
    outer loop
      vertex 0 86 4
      vertex 0 4 0
      vertex 0 4 4
    endloop
  endfacet
  facet normal -0.0435591 0.999051 0
    outer loop
      vertex 4 90 0
      vertex 3.65138 89.9848 4
      vertex 4 90 4
    endloop
  endfacet
  facet normal -0.0435591 0.999051 0
    outer loop
      vertex 3.65138 89.9848 4
      vertex 4 90 0
      vertex 3.65138 89.9848 0
    endloop
  endfacet
  facet normal 0.675777 0.737107 -0
    outer loop
      vertex 88.8284 88.8284 0
      vertex 88.5712 89.0642 4
      vertex 88.8284 88.8284 4
    endloop
  endfacet
  facet normal 0.675777 0.737107 0
    outer loop
      vertex 88.5712 89.0642 4
      vertex 88.8284 88.8284 0
      vertex 88.5712 89.0642 0
    endloop
  endfacet
  facet normal -0.130525 -0.991445 0
    outer loop
      vertex 3.30541 0.0607681 0
      vertex 3.65138 0.0152206 4
      vertex 3.30541 0.0607681 4
    endloop
  endfacet
  facet normal -0.130525 -0.991445 -0
    outer loop
      vertex 3.65138 0.0152206 4
      vertex 3.30541 0.0607681 0
      vertex 3.65138 0.0152206 0
    endloop
  endfacet
  facet normal -0.30071 -0.953716 0
    outer loop
      vertex 2.63192 0.241229 0
      vertex 2.96472 0.136296 4
      vertex 2.63192 0.241229 4
    endloop
  endfacet
  facet normal -0.30071 -0.953716 -0
    outer loop
      vertex 2.96472 0.136296 4
      vertex 2.63192 0.241229 0
      vertex 2.96472 0.136296 0
    endloop
  endfacet
  facet normal -0.043618 -0.999048 0
    outer loop
      vertex 3.65138 0.0152206 0
      vertex 4 0 4
      vertex 3.65138 0.0152206 4
    endloop
  endfacet
  facet normal -0.043618 -0.999048 -0
    outer loop
      vertex 4 0 4
      vertex 3.65138 0.0152206 0
      vertex 4 0 0
    endloop
  endfacet
  facet normal -0.923879 -0.382685 0
    outer loop
      vertex 0.374768 2.30953 0
      vertex 0.241229 2.63192 4
      vertex 0.241229 2.63192 0
    endloop
  endfacet
  facet normal -0.923879 -0.382685 0
    outer loop
      vertex 0.241229 2.63192 4
      vertex 0.374768 2.30953 0
      vertex 0.374768 2.30953 4
    endloop
  endfacet
  facet normal -0.999048 -0.043618 0
    outer loop
      vertex 0.0152206 3.65138 0
      vertex 0 4 4
      vertex 0 4 0
    endloop
  endfacet
  facet normal -0.999048 -0.043618 0
    outer loop
      vertex 0 4 4
      vertex 0.0152206 3.65138 0
      vertex 0.0152206 3.65138 4
    endloop
  endfacet
  facet normal 0 0 1
    outer loop
      vertex 11.7019 77.9284 4
      vertex 8.97508 80.6074 4
      vertex 11.5425 77.7207 4
    endloop
  endfacet
  facet normal 0 0 1
    outer loop
      vertex 11 35 4
      vertex 9.69353 8.14816 4
      vertex 9.7 8 4
    endloop
  endfacet
  facet normal -0 0 1
    outer loop
      vertex 8.85 80.5278 4
      vertex 11.5425 77.7207 4
      vertex 8.97508 80.6074 4
    endloop
  endfacet
  facet normal 0 0 1
    outer loop
      vertex 11 35 4
      vertex 9.67417 8.2952 4
      vertex 9.69353 8.14816 4
    endloop
  endfacet
  facet normal 0 0 1
    outer loop
      vertex 11.5425 77.7207 4
      vertex 8.85 80.5278 4
      vertex 11.4019 77.5 4
    endloop
  endfacet
  facet normal 0 0 1
    outer loop
      vertex 11 35 4
      vertex 9.64207 8.43999 4
      vertex 9.67417 8.2952 4
    endloop
  endfacet
  facet normal -0 0 1
    outer loop
      vertex 8.71845 80.4593 4
      vertex 11.4019 77.5 4
      vertex 8.85 80.5278 4
    endloop
  endfacet
  facet normal 0 0 1
    outer loop
      vertex 11 35 4
      vertex 9.59748 8.58143 4
      vertex 9.64207 8.43999 4
    endloop
  endfacet
  facet normal -0 0 1
    outer loop
      vertex 8.58143 80.4025 4
      vertex 11.4019 77.5 4
      vertex 8.71845 80.4593 4
    endloop
  endfacet
  facet normal 0 0 1
    outer loop
      vertex 11 35 4
      vertex 9.54072 8.71845 4
      vertex 9.59748 8.58143 4
    endloop
  endfacet
  facet normal 0 0 1
    outer loop
      vertex 11.4019 77.5 4
      vertex 8.58143 80.4025 4
      vertex 11.2811 77.2679 4
    endloop
  endfacet
  facet normal 0 0 1
    outer loop
      vertex 11 35 4
      vertex 9.47224 8.85 4
      vertex 9.54072 8.71845 4
    endloop
  endfacet
  facet normal -0 0 1
    outer loop
      vertex 8.43999 80.3579 4
      vertex 11.2811 77.2679 4
      vertex 8.58143 80.4025 4
    endloop
  endfacet
  facet normal 0 0 1
    outer loop
      vertex 11 35 4
      vertex 9.39256 8.97508 4
      vertex 9.47224 8.85 4
    endloop
  endfacet
  facet normal 0 0 1
    outer loop
      vertex 11.2811 77.2679 4
      vertex 8.43999 80.3579 4
      vertex 11.1809 77.0261 4
    endloop
  endfacet
  facet normal 0 0 1
    outer loop
      vertex 11 35 4
      vertex 9.30227 9.09274 4
      vertex 9.39256 8.97508 4
    endloop
  endfacet
  facet normal -0 0 1
    outer loop
      vertex 8.2952 80.3258 4
      vertex 11.1809 77.0261 4
      vertex 8.43999 80.3579 4
    endloop
  endfacet
  facet normal 0 0 1
    outer loop
      vertex 11 35 4
      vertex 9.20208 9.20208 4
      vertex 9.30227 9.09274 4
    endloop
  endfacet
  facet normal 0 0 1
    outer loop
      vertex 11.1809 77.0261 4
      vertex 8.2952 80.3258 4
      vertex 11.1022 76.7765 4
    endloop
  endfacet
  facet normal 0 0 1
    outer loop
      vertex 11 35 4
      vertex 9.09274 9.30227 4
      vertex 9.20208 9.20208 4
    endloop
  endfacet
  facet normal -0 0 1
    outer loop
      vertex 8.14816 80.3065 4
      vertex 11.1022 76.7765 4
      vertex 8.2952 80.3258 4
    endloop
  endfacet
  facet normal 0 0 1
    outer loop
      vertex 11 35 4
      vertex 8.97508 9.39256 4
      vertex 9.09274 9.30227 4
    endloop
  endfacet
  facet normal -0 0 1
    outer loop
      vertex 8 80.3 4
      vertex 11.1022 76.7765 4
      vertex 8.14816 80.3065 4
    endloop
  endfacet
  facet normal 0 0 1
    outer loop
      vertex 11 35 4
      vertex 8.85 9.47224 4
      vertex 8.97508 9.39256 4
    endloop
  endfacet
  facet normal 0 0 1
    outer loop
      vertex 11.1022 76.7765 4
      vertex 8 80.3 4
      vertex 11.0456 76.5209 4
    endloop
  endfacet
  facet normal 0 0 1
    outer loop
      vertex 11 35 4
      vertex 8.71845 9.54072 4
      vertex 8.85 9.47224 4
    endloop
  endfacet
  facet normal 0 0 1
    outer loop
      vertex 7.85183 80.3065 4
      vertex 11.0456 76.5209 4
      vertex 8 80.3 4
    endloop
  endfacet
  facet normal 0 0 1
    outer loop
      vertex 11 35 4
      vertex 8.58143 9.59748 4
      vertex 8.71845 9.54072 4
    endloop
  endfacet
  facet normal 0 0 1
    outer loop
      vertex 11.0456 76.5209 4
      vertex 7.85183 80.3065 4
      vertex 11.0114 76.2615 4
    endloop
  endfacet
  facet normal 0 0 1
    outer loop
      vertex 11 35 4
      vertex 8.43999 9.64207 4
      vertex 8.58143 9.59748 4
    endloop
  endfacet
  facet normal 0 0 1
    outer loop
      vertex 7.7048 80.3258 4
      vertex 11.0114 76.2615 4
      vertex 7.85183 80.3065 4
    endloop
  endfacet
  facet normal 0 0 1
    outer loop
      vertex 11 35 4
      vertex 8.2952 9.67417 4
      vertex 8.43999 9.64207 4
    endloop
  endfacet
  facet normal 0 0 1
    outer loop
      vertex 11.0114 76.2615 4
      vertex 7.7048 80.3258 4
      vertex 11 76 4
    endloop
  endfacet
  facet normal 0 0 1
    outer loop
      vertex 11 35 4
      vertex 8.14816 9.69353 4
      vertex 8.2952 9.67417 4
    endloop
  endfacet
  facet normal 0 0 1
    outer loop
      vertex 7.56001 80.3579 4
      vertex 11 76 4
      vertex 7.7048 80.3258 4
    endloop
  endfacet
  facet normal 0 0 1
    outer loop
      vertex 11 35 4
      vertex 8 9.7 4
      vertex 8.14816 9.69353 4
    endloop
  endfacet
  facet normal 0 0 1
    outer loop
      vertex 7.41857 80.4025 4
      vertex 11 76 4
      vertex 7.56001 80.3579 4
    endloop
  endfacet
  facet normal 0 0 1
    outer loop
      vertex 11 35 4
      vertex 7.85183 9.69353 4
      vertex 8 9.7 4
    endloop
  endfacet
  facet normal 0 0 1
    outer loop
      vertex 7.28155 80.4593 4
      vertex 11 76 4
      vertex 7.41857 80.4025 4
    endloop
  endfacet
  facet normal 0 0 1
    outer loop
      vertex 11 35 4
      vertex 7.7048 9.67417 4
      vertex 7.85183 9.69353 4
    endloop
  endfacet
  facet normal 0 0 1
    outer loop
      vertex 7.15 80.5278 4
      vertex 11 76 4
      vertex 7.28155 80.4593 4
    endloop
  endfacet
  facet normal 0 0 1
    outer loop
      vertex 11 35 4
      vertex 7.56001 9.64207 4
      vertex 7.7048 9.67417 4
    endloop
  endfacet
  facet normal 0 0 1
    outer loop
      vertex 7.02492 80.6074 4
      vertex 11 76 4
      vertex 7.15 80.5278 4
    endloop
  endfacet
  facet normal 0 0 1
    outer loop
      vertex 11 35 4
      vertex 7.41857 9.59748 4
      vertex 7.56001 9.64207 4
    endloop
  endfacet
  facet normal 0 0 1
    outer loop
      vertex 6.90726 80.6977 4
      vertex 11 76 4
      vertex 7.02492 80.6074 4
    endloop
  endfacet
  facet normal 0 0 1
    outer loop
      vertex 11 35 4
      vertex 7.28155 9.54072 4
      vertex 7.41857 9.59748 4
    endloop
  endfacet
  facet normal 0 0 1
    outer loop
      vertex 11 76 4
      vertex 6.90726 80.6977 4
      vertex 11 55 4
    endloop
  endfacet
  facet normal 0 0 1
    outer loop
      vertex 11 35 4
      vertex 7.15 9.47224 4
      vertex 7.28155 9.54072 4
    endloop
  endfacet
  facet normal 0 0 1
    outer loop
      vertex 6.79792 80.7979 4
      vertex 11 55 4
      vertex 6.90726 80.6977 4
    endloop
  endfacet
  facet normal 0 0 1
    outer loop
      vertex 11 35 4
      vertex 7.02492 9.39256 4
      vertex 7.15 9.47224 4
    endloop
  endfacet
  facet normal 0 0 1
    outer loop
      vertex 0 86 4
      vertex 11 55 4
      vertex 6.79792 80.7979 4
    endloop
  endfacet
  facet normal 0 0 1
    outer loop
      vertex 11 35 4
      vertex 6.90726 9.30227 4
      vertex 7.02492 9.39256 4
    endloop
  endfacet
  facet normal 0 0 1
    outer loop
      vertex 11 55 4
      vertex 0 86 4
      vertex 11 35 4
    endloop
  endfacet
  facet normal 0 0 1
    outer loop
      vertex 11 35 4
      vertex 6.79792 9.20208 4
      vertex 6.90726 9.30227 4
    endloop
  endfacet
  facet normal 0 0 1
    outer loop
      vertex 0 86 4
      vertex 6.79792 80.7979 4
      vertex 6.69772 80.9073 4
    endloop
  endfacet
  facet normal 0 0 1
    outer loop
      vertex 0 4 4
      vertex 11 35 4
      vertex 0 86 4
    endloop
  endfacet
  facet normal 0 0 1
    outer loop
      vertex 0 86 4
      vertex 6.69772 80.9073 4
      vertex 6.60744 81.0249 4
    endloop
  endfacet
  facet normal 0 0 1
    outer loop
      vertex 11 35 4
      vertex 0 4 4
      vertex 6.79792 9.20208 4
    endloop
  endfacet
  facet normal 0 0 1
    outer loop
      vertex 0 86 4
      vertex 6.60744 81.0249 4
      vertex 6.52776 81.15 4
    endloop
  endfacet
  facet normal 0 0 1
    outer loop
      vertex 6.79792 9.20208 4
      vertex 0 4 4
      vertex 6.69772 9.09274 4
    endloop
  endfacet
  facet normal 0 0 1
    outer loop
      vertex 0 86 4
      vertex 6.52776 81.15 4
      vertex 6.45928 81.2815 4
    endloop
  endfacet
  facet normal 0 0 1
    outer loop
      vertex 6.69772 9.09274 4
      vertex 0 4 4
      vertex 6.60744 8.97508 4
    endloop
  endfacet
  facet normal 0 0 1
    outer loop
      vertex 0 86 4
      vertex 6.45928 81.2815 4
      vertex 6.40252 81.4186 4
    endloop
  endfacet
  facet normal 0 0 1
    outer loop
      vertex 6.60744 8.97508 4
      vertex 0 4 4
      vertex 6.52776 8.85 4
    endloop
  endfacet
  facet normal 0 0 1
    outer loop
      vertex 0 86 4
      vertex 6.40252 81.4186 4
      vertex 6.35793 81.56 4
    endloop
  endfacet
  facet normal 0 0 1
    outer loop
      vertex 6.52776 8.85 4
      vertex 0 4 4
      vertex 6.45928 8.71845 4
    endloop
  endfacet
  facet normal 0 0 1
    outer loop
      vertex 0 86 4
      vertex 6.35793 81.56 4
      vertex 6.32583 81.7048 4
    endloop
  endfacet
  facet normal 0 0 1
    outer loop
      vertex 6.45928 8.71845 4
      vertex 0 4 4
      vertex 6.40252 8.58143 4
    endloop
  endfacet
  facet normal 0 0 1
    outer loop
      vertex 0 86 4
      vertex 6.32583 81.7048 4
      vertex 6.30647 81.8518 4
    endloop
  endfacet
  facet normal 0 0 1
    outer loop
      vertex 6.40252 8.58143 4
      vertex 0 4 4
      vertex 6.35793 8.43999 4
    endloop
  endfacet
  facet normal 0 0 1
    outer loop
      vertex 0 86 4
      vertex 6.30647 81.8518 4
      vertex 6.3 82 4
    endloop
  endfacet
  facet normal 0 0 1
    outer loop
      vertex 6.35793 8.43999 4
      vertex 0 4 4
      vertex 6.32583 8.2952 4
    endloop
  endfacet
  facet normal 0 0 1
    outer loop
      vertex 79 55 4
      vertex 66.5 45 4
      vertex 79 35 4
    endloop
  endfacet
  facet normal 0 0 1
    outer loop
      vertex 79 55 4
      vertex 66.4958 45.0959 4
      vertex 66.5 45 4
    endloop
  endfacet
  facet normal 0 0 1
    outer loop
      vertex 79 55 4
      vertex 66.4833 45.191 4
      vertex 66.4958 45.0959 4
    endloop
  endfacet
  facet normal 0 0 1
    outer loop
      vertex 79 55 4
      vertex 66.4625 45.2847 4
      vertex 66.4833 45.191 4
    endloop
  endfacet
  facet normal 0 0 1
    outer loop
      vertex 79 55 4
      vertex 66.4337 45.3762 4
      vertex 66.4625 45.2847 4
    endloop
  endfacet
  facet normal 0 0 1
    outer loop
      vertex 79 55 4
      vertex 66.3969 45.4649 4
      vertex 66.4337 45.3762 4
    endloop
  endfacet
  facet normal 0 0 1
    outer loop
      vertex 79 55 4
      vertex 66.3526 45.55 4
      vertex 66.3969 45.4649 4
    endloop
  endfacet
  facet normal 0 0 1
    outer loop
      vertex 79 55 4
      vertex 66.3011 45.6309 4
      vertex 66.3526 45.55 4
    endloop
  endfacet
  facet normal 0 0 1
    outer loop
      vertex 79 55 4
      vertex 66.2426 45.7071 4
      vertex 66.3011 45.6309 4
    endloop
  endfacet
  facet normal 0 0 1
    outer loop
      vertex 79 55 4
      vertex 66.1778 45.7778 4
      vertex 66.2426 45.7071 4
    endloop
  endfacet
  facet normal 0 0 1
    outer loop
      vertex 79 55 4
      vertex 66.1071 45.8426 4
      vertex 66.1778 45.7778 4
    endloop
  endfacet
  facet normal 0 0 1
    outer loop
      vertex 79 55 4
      vertex 66.0309 45.9011 4
      vertex 66.1071 45.8426 4
    endloop
  endfacet
  facet normal -0 0 1
    outer loop
      vertex 62.4 51.6 4
      vertex 66.0309 45.9011 4
      vertex 79 55 4
    endloop
  endfacet
  facet normal 0 0 1
    outer loop
      vertex 66.0309 45.9011 4
      vertex 62.4 51.6 4
      vertex 65.95 45.9526 4
    endloop
  endfacet
  facet normal 0 0 1
    outer loop
      vertex 65.95 45.9526 4
      vertex 62.4 51.6 4
      vertex 65.8649 45.9969 4
    endloop
  endfacet
  facet normal 0 0 1
    outer loop
      vertex 65.8649 45.9969 4
      vertex 62.4 51.6 4
      vertex 65.7762 46.0337 4
    endloop
  endfacet
  facet normal 0 0 1
    outer loop
      vertex 65.7762 46.0337 4
      vertex 62.4 51.6 4
      vertex 65.6847 46.0625 4
    endloop
  endfacet
  facet normal 0 0 1
    outer loop
      vertex 65.6847 46.0625 4
      vertex 62.4 51.6 4
      vertex 65.591 46.0833 4
    endloop
  endfacet
  facet normal 0 0 1
    outer loop
      vertex 65.591 46.0833 4
      vertex 62.4 51.6 4
      vertex 65.4959 46.0958 4
    endloop
  endfacet
  facet normal 0 0 1
    outer loop
      vertex 65.4959 46.0958 4
      vertex 62.4 51.6 4
      vertex 65.4 46.1 4
    endloop
  endfacet
  facet normal 0 0 1
    outer loop
      vertex 65.4 46.1 4
      vertex 62.4 51.6 4
      vertex 63 46.1 4
    endloop
  endfacet
  facet normal 0 0 1
    outer loop
      vertex 63 46.1 4
      vertex 62.4 51.6 4
      vertex 62.9041 46.0958 4
    endloop
  endfacet
  facet normal 0 0 1
    outer loop
      vertex 62.9041 46.0958 4
      vertex 62.4 51.6 4
      vertex 62.809 46.0833 4
    endloop
  endfacet
  facet normal 0 0 1
    outer loop
      vertex 62.809 46.0833 4
      vertex 62.4 51.6 4
      vertex 62.7153 46.0625 4
    endloop
  endfacet
  facet normal 0 0 1
    outer loop
      vertex 62.7153 46.0625 4
      vertex 62.4 51.6 4
      vertex 62.6238 46.0337 4
    endloop
  endfacet
  facet normal 0 0 1
    outer loop
      vertex 62.6238 46.0337 4
      vertex 62.4 51.6 4
      vertex 62.5351 45.9969 4
    endloop
  endfacet
  facet normal 0 0 1
    outer loop
      vertex 62.4 51.6 4
      vertex 79 55 4
      vertex 62.4 55 4
    endloop
  endfacet
  facet normal 0 0 1
    outer loop
      vertex 62.5351 45.9969 4
      vertex 62.4 51.6 4
      vertex 62.45 45.9526 4
    endloop
  endfacet
  facet normal 0 0 1
    outer loop
      vertex 62.45 45.9526 4
      vertex 62.4 51.6 4
      vertex 62.4 45.9208 4
    endloop
  endfacet
  facet normal 0 0 1
    outer loop
      vertex 83.6421 81.56 4
      vertex 90 86 4
      vertex 83.6742 81.7048 4
    endloop
  endfacet
  facet normal 0 0 1
    outer loop
      vertex 90 4 4
      vertex 83.6935 8.14816 4
      vertex 83.7 8 4
    endloop
  endfacet
  facet normal 0 0 1
    outer loop
      vertex 83.5975 81.4186 4
      vertex 90 86 4
      vertex 83.6421 81.56 4
    endloop
  endfacet
  facet normal 0 0 1
    outer loop
      vertex 90 4 4
      vertex 83.6742 8.2952 4
      vertex 83.6935 8.14816 4
    endloop
  endfacet
  facet normal 0 0 1
    outer loop
      vertex 90 86 4
      vertex 79 55 4
      vertex 90 4 4
    endloop
  endfacet
  facet normal 0 0 1
    outer loop
      vertex 90 4 4
      vertex 83.6421 8.43999 4
      vertex 83.6742 8.2952 4
    endloop
  endfacet
  facet normal 0 0 1
    outer loop
      vertex 83.5407 81.2815 4
      vertex 90 86 4
      vertex 83.5975 81.4186 4
    endloop
  endfacet
  facet normal -0 0 1
    outer loop
      vertex 79 35 4
      vertex 90 4 4
      vertex 79 55 4
    endloop
  endfacet
  facet normal 0 0 1
    outer loop
      vertex 83.4722 81.15 4
      vertex 90 86 4
      vertex 83.5407 81.2815 4
    endloop
  endfacet
  facet normal -0 -0 1
    outer loop
      vertex 83.3023 9.09274 4
      vertex 90 4 4
      vertex 79 35 4
    endloop
  endfacet
  facet normal 0 0 1
    outer loop
      vertex 83.3926 81.0249 4
      vertex 90 86 4
      vertex 83.4722 81.15 4
    endloop
  endfacet
  facet normal 0 0 1
    outer loop
      vertex 90 4 4
      vertex 83.5975 8.58143 4
      vertex 83.6421 8.43999 4
    endloop
  endfacet
  facet normal 0 0 1
    outer loop
      vertex 83.3023 80.9073 4
      vertex 90 86 4
      vertex 83.3926 81.0249 4
    endloop
  endfacet
  facet normal 0 0 1
    outer loop
      vertex 90 4 4
      vertex 83.5407 8.71845 4
      vertex 83.5975 8.58143 4
    endloop
  endfacet
  facet normal 0 0 1
    outer loop
      vertex 90 86 4
      vertex 83.3023 80.9073 4
      vertex 79 55 4
    endloop
  endfacet
  facet normal 0 0 1
    outer loop
      vertex 90 4 4
      vertex 83.4722 8.85 4
      vertex 83.5407 8.71845 4
    endloop
  endfacet
  facet normal 0 0 1
    outer loop
      vertex 79 55 4
      vertex 83.3023 80.9073 4
      vertex 83.2021 80.7979 4
    endloop
  endfacet
  facet normal 0 0 1
    outer loop
      vertex 90 4 4
      vertex 83.3926 8.97508 4
      vertex 83.4722 8.85 4
    endloop
  endfacet
  facet normal 0 0 1
    outer loop
      vertex 79 55 4
      vertex 83.2021 80.7979 4
      vertex 83.0927 80.6977 4
    endloop
  endfacet
  facet normal 0 0 1
    outer loop
      vertex 90 4 4
      vertex 83.3023 9.09274 4
      vertex 83.3926 8.97508 4
    endloop
  endfacet
  facet normal 0 0 1
    outer loop
      vertex 79 76 4
      vertex 83.0927 80.6977 4
      vertex 82.9751 80.6074 4
    endloop
  endfacet
  facet normal 0 0 1
    outer loop
      vertex 83.3023 9.09274 4
      vertex 79 35 4
      vertex 83.2021 9.20208 4
    endloop
  endfacet
  facet normal 0 0 1
    outer loop
      vertex 79 76 4
      vertex 82.9751 80.6074 4
      vertex 82.85 80.5278 4
    endloop
  endfacet
  facet normal 0 0 1
    outer loop
      vertex 83.2021 9.20208 4
      vertex 79 35 4
      vertex 83.0927 9.30227 4
    endloop
  endfacet
  facet normal 0 0 1
    outer loop
      vertex 79 76 4
      vertex 82.85 80.5278 4
      vertex 82.7185 80.4593 4
    endloop
  endfacet
  facet normal -0 0 1
    outer loop
      vertex 79 14 4
      vertex 83.0927 9.30227 4
      vertex 79 35 4
    endloop
  endfacet
  facet normal 0 0 1
    outer loop
      vertex 79 76 4
      vertex 82.7185 80.4593 4
      vertex 82.5814 80.4025 4
    endloop
  endfacet
  facet normal 0 0 1
    outer loop
      vertex 83.0927 9.30227 4
      vertex 79 14 4
      vertex 82.9751 9.39256 4
    endloop
  endfacet
  facet normal 0 0 1
    outer loop
      vertex 79 76 4
      vertex 82.5814 80.4025 4
      vertex 82.44 80.3579 4
    endloop
  endfacet
  facet normal 0 0 1
    outer loop
      vertex 82.9751 9.39256 4
      vertex 79 14 4
      vertex 82.85 9.47224 4
    endloop
  endfacet
  facet normal 0 0 1
    outer loop
      vertex 79 76 4
      vertex 82.44 80.3579 4
      vertex 82.2952 80.3258 4
    endloop
  endfacet
  facet normal 0 0 1
    outer loop
      vertex 82.85 9.47224 4
      vertex 79 14 4
      vertex 82.7185 9.54072 4
    endloop
  endfacet
  facet normal 0 0 1
    outer loop
      vertex 78.9886 76.2615 4
      vertex 82.2952 80.3258 4
      vertex 82.1482 80.3065 4
    endloop
  endfacet
  facet normal 0 0 1
    outer loop
      vertex 82.7185 9.54072 4
      vertex 79 14 4
      vertex 82.5814 9.59748 4
    endloop
  endfacet
  facet normal 0 0 1
    outer loop
      vertex 78.9544 76.5209 4
      vertex 82.1482 80.3065 4
      vertex 82 80.3 4
    endloop
  endfacet
  facet normal 0 0 1
    outer loop
      vertex 82.5814 9.59748 4
      vertex 79 14 4
      vertex 82.44 9.64207 4
    endloop
  endfacet
  facet normal 0 0 1
    outer loop
      vertex 78.8978 76.7765 4
      vertex 82 80.3 4
      vertex 81.8518 80.3065 4
    endloop
  endfacet
  facet normal 0 0 1
    outer loop
      vertex 82.44 9.64207 4
      vertex 79 14 4
      vertex 82.2952 9.67417 4
    endloop
  endfacet
  facet normal 0 0 1
    outer loop
      vertex 78.8978 76.7765 4
      vertex 81.8518 80.3065 4
      vertex 81.7048 80.3258 4
    endloop
  endfacet
  facet normal -0 0 1
    outer loop
      vertex 78.9886 13.7385 4
      vertex 82.2952 9.67417 4
      vertex 79 14 4
    endloop
  endfacet
  facet normal 0 0 1
    outer loop
      vertex 78.8191 77.0261 4
      vertex 81.7048 80.3258 4
      vertex 81.56 80.3579 4
    endloop
  endfacet
  facet normal 0 0 1
    outer loop
      vertex 82.2952 9.67417 4
      vertex 78.9886 13.7385 4
      vertex 82.1482 9.69353 4
    endloop
  endfacet
  facet normal 0 0 1
    outer loop
      vertex 78.7189 77.2679 4
      vertex 81.56 80.3579 4
      vertex 81.4186 80.4025 4
    endloop
  endfacet
  facet normal -0 0 1
    outer loop
      vertex 78.9544 13.4791 4
      vertex 82.1482 9.69353 4
      vertex 78.9886 13.7385 4
    endloop
  endfacet
  facet normal 0 0 1
    outer loop
      vertex 78.5981 77.5 4
      vertex 81.4186 80.4025 4
      vertex 81.2815 80.4593 4
    endloop
  endfacet
  facet normal 0 0 1
    outer loop
      vertex 82.1482 9.69353 4
      vertex 78.9544 13.4791 4
      vertex 82 9.7 4
    endloop
  endfacet
  facet normal 0 0 1
    outer loop
      vertex 78.5981 77.5 4
      vertex 81.2815 80.4593 4
      vertex 81.15 80.5278 4
    endloop
  endfacet
  facet normal -0 0 1
    outer loop
      vertex 78.8978 13.2235 4
      vertex 82 9.7 4
      vertex 78.9544 13.4791 4
    endloop
  endfacet
  facet normal 0 0 1
    outer loop
      vertex 78.4575 77.7207 4
      vertex 81.15 80.5278 4
      vertex 81.0249 80.6074 4
    endloop
  endfacet
  facet normal 0 0 1
    outer loop
      vertex 82 9.7 4
      vertex 78.8978 13.2235 4
      vertex 81.8518 9.69353 4
    endloop
  endfacet
  facet normal 0 0 1
    outer loop
      vertex 78.2981 77.9284 4
      vertex 81.0249 80.6074 4
      vertex 80.9073 80.6977 4
    endloop
  endfacet
  facet normal 0 0 1
    outer loop
      vertex 81.8518 9.69353 4
      vertex 78.8978 13.2235 4
      vertex 81.7048 9.67417 4
    endloop
  endfacet
  facet normal 0 0 1
    outer loop
      vertex 78.1213 78.1213 4
      vertex 80.9073 80.6977 4
      vertex 80.7979 80.7979 4
    endloop
  endfacet
  facet normal -0 0 1
    outer loop
      vertex 78.8191 12.9739 4
      vertex 81.7048 9.67417 4
      vertex 78.8978 13.2235 4
    endloop
  endfacet
  facet normal 0 0 1
    outer loop
      vertex 78.1213 78.1213 4
      vertex 80.7979 80.7979 4
      vertex 80.6977 80.9073 4
    endloop
  endfacet
  facet normal 0 0 1
    outer loop
      vertex 81.7048 9.67417 4
      vertex 78.8191 12.9739 4
      vertex 81.56 9.64207 4
    endloop
  endfacet
  facet normal 0 0 1
    outer loop
      vertex 77.9284 78.2981 4
      vertex 80.6977 80.9073 4
      vertex 80.6074 81.0249 4
    endloop
  endfacet
  facet normal -0 0 1
    outer loop
      vertex 78.7189 12.7321 4
      vertex 81.56 9.64207 4
      vertex 78.8191 12.9739 4
    endloop
  endfacet
  facet normal 0 0 1
    outer loop
      vertex 77.7207 78.4575 4
      vertex 80.6074 81.0249 4
      vertex 80.5278 81.15 4
    endloop
  endfacet
  facet normal 0 0 1
    outer loop
      vertex 81.56 9.64207 4
      vertex 78.7189 12.7321 4
      vertex 81.4186 9.59748 4
    endloop
  endfacet
  facet normal 0 0 1
    outer loop
      vertex 77.5 78.5981 4
      vertex 80.5278 81.15 4
      vertex 80.4593 81.2815 4
    endloop
  endfacet
  facet normal -0 0 1
    outer loop
      vertex 78.5981 12.5 4
      vertex 81.4186 9.59748 4
      vertex 78.7189 12.7321 4
    endloop
  endfacet
  facet normal 0 0 1
    outer loop
      vertex 77.5 78.5981 4
      vertex 80.4593 81.2815 4
      vertex 80.4025 81.4186 4
    endloop
  endfacet
  facet normal 0 0 1
    outer loop
      vertex 81.4186 9.59748 4
      vertex 78.5981 12.5 4
      vertex 81.2815 9.54072 4
    endloop
  endfacet
  facet normal 0 0 1
    outer loop
      vertex 77.2679 78.7189 4
      vertex 80.4025 81.4186 4
      vertex 80.3579 81.56 4
    endloop
  endfacet
  facet normal 0 0 1
    outer loop
      vertex 81.2815 9.54072 4
      vertex 78.5981 12.5 4
      vertex 81.15 9.47224 4
    endloop
  endfacet
  facet normal 0 0 1
    outer loop
      vertex 77.0261 78.8191 4
      vertex 80.3579 81.56 4
      vertex 80.3258 81.7048 4
    endloop
  endfacet
  facet normal -0 0 1
    outer loop
      vertex 78.4575 12.2793 4
      vertex 81.15 9.47224 4
      vertex 78.5981 12.5 4
    endloop
  endfacet
  facet normal 0 0 1
    outer loop
      vertex 76.7765 78.8978 4
      vertex 80.3258 81.7048 4
      vertex 80.3065 81.8518 4
    endloop
  endfacet
  facet normal 0 0 1
    outer loop
      vertex 81.15 9.47224 4
      vertex 78.4575 12.2793 4
      vertex 81.0249 9.39256 4
    endloop
  endfacet
  facet normal 0 0 1
    outer loop
      vertex 76.7765 78.8978 4
      vertex 80.3065 81.8518 4
      vertex 80.3 82 4
    endloop
  endfacet
  facet normal -0 0 1
    outer loop
      vertex 78.2981 12.0716 4
      vertex 81.0249 9.39256 4
      vertex 78.4575 12.2793 4
    endloop
  endfacet
  facet normal 0 0 1
    outer loop
      vertex 83.2021 83.2021 4
      vertex 90 86 4
      vertex 89.9848 86.3486 4
    endloop
  endfacet
  facet normal 0 0 1
    outer loop
      vertex 83.6935 81.8518 4
      vertex 90 86 4
      vertex 83.7 82 4
    endloop
  endfacet
  facet normal 0 0 1
    outer loop
      vertex 83.2021 83.2021 4
      vertex 89.9848 86.3486 4
      vertex 89.9392 86.6946 4
    endloop
  endfacet
  facet normal 0 0 1
    outer loop
      vertex 83.6742 81.7048 4
      vertex 90 86 4
      vertex 83.6935 81.8518 4
    endloop
  endfacet
  facet normal 0 0 1
    outer loop
      vertex 83.2021 83.2021 4
      vertex 89.9392 86.6946 4
      vertex 89.8637 87.0353 4
    endloop
  endfacet
  facet normal -0 0 1
    outer loop
      vertex 83.6935 7.85183 4
      vertex 90 4 4
      vertex 83.7 8 4
    endloop
  endfacet
  facet normal 0 0 1
    outer loop
      vertex 83.2021 83.2021 4
      vertex 89.8637 87.0353 4
      vertex 89.7588 87.3681 4
    endloop
  endfacet
  facet normal -0 0 1
    outer loop
      vertex 83.6742 7.7048 4
      vertex 90 4 4
      vertex 83.6935 7.85183 4
    endloop
  endfacet
  facet normal 0 0 1
    outer loop
      vertex 83.2021 83.2021 4
      vertex 89.7588 87.3681 4
      vertex 89.6252 87.6905 4
    endloop
  endfacet
  facet normal -0 0 1
    outer loop
      vertex 83.6421 7.56001 4
      vertex 90 4 4
      vertex 83.6742 7.7048 4
    endloop
  endfacet
  facet normal 0 0 1
    outer loop
      vertex 83.2021 83.2021 4
      vertex 89.6252 87.6905 4
      vertex 89.4641 88 4
    endloop
  endfacet
  facet normal -0 0 1
    outer loop
      vertex 83.5975 7.41857 4
      vertex 90 4 4
      vertex 83.6421 7.56001 4
    endloop
  endfacet
  facet normal 0 0 1
    outer loop
      vertex 83.2021 83.2021 4
      vertex 89.4641 88 4
      vertex 89.2766 88.2943 4
    endloop
  endfacet
  facet normal -0 0 1
    outer loop
      vertex 83.5407 7.28155 4
      vertex 90 4 4
      vertex 83.5975 7.41857 4
    endloop
  endfacet
  facet normal 0 0 1
    outer loop
      vertex 83.2021 83.2021 4
      vertex 89.2766 88.2943 4
      vertex 89.0642 88.5712 4
    endloop
  endfacet
  facet normal -0 0 1
    outer loop
      vertex 83.4722 7.15 4
      vertex 90 4 4
      vertex 83.5407 7.28155 4
    endloop
  endfacet
  facet normal 0 0 1
    outer loop
      vertex 83.2021 83.2021 4
      vertex 89.0642 88.5712 4
      vertex 88.8284 88.8284 4
    endloop
  endfacet
  facet normal -0 0 1
    outer loop
      vertex 83.3926 7.02492 4
      vertex 90 4 4
      vertex 83.4722 7.15 4
    endloop
  endfacet
  facet normal 0 0 1
    outer loop
      vertex 83.2021 83.2021 4
      vertex 88.8284 88.8284 4
      vertex 88.5712 89.0642 4
    endloop
  endfacet
  facet normal -0 0 1
    outer loop
      vertex 83.3023 6.90726 4
      vertex 90 4 4
      vertex 83.3926 7.02492 4
    endloop
  endfacet
  facet normal 0 0 1
    outer loop
      vertex 83.2021 83.2021 4
      vertex 88.5712 89.0642 4
      vertex 88.2943 89.2766 4
    endloop
  endfacet
  facet normal -0 0 1
    outer loop
      vertex 83.2021 6.79792 4
      vertex 90 4 4
      vertex 83.3023 6.90726 4
    endloop
  endfacet
  facet normal 0 0 1
    outer loop
      vertex 83.2021 83.2021 4
      vertex 88.2943 89.2766 4
      vertex 88 89.4641 4
    endloop
  endfacet
  facet normal 0 0 1
    outer loop
      vertex 90 4 4
      vertex 83.2021 6.79792 4
      vertex 89.9848 3.65138 4
    endloop
  endfacet
  facet normal 0 0 1
    outer loop
      vertex 83.2021 83.2021 4
      vertex 88 89.4641 4
      vertex 87.6905 89.6252 4
    endloop
  endfacet
  facet normal 0 0 1
    outer loop
      vertex 89.9848 3.65138 4
      vertex 83.2021 6.79792 4
      vertex 89.9392 3.30541 4
    endloop
  endfacet
  facet normal 0 0 1
    outer loop
      vertex 83.2021 83.2021 4
      vertex 87.6905 89.6252 4
      vertex 87.3681 89.7588 4
    endloop
  endfacet
  facet normal 0 0 1
    outer loop
      vertex 89.9392 3.30541 4
      vertex 83.2021 6.79792 4
      vertex 89.8637 2.96472 4
    endloop
  endfacet
  facet normal 0 0 1
    outer loop
      vertex 83.2021 83.2021 4
      vertex 87.3681 89.7588 4
      vertex 87.0353 89.8637 4
    endloop
  endfacet
  facet normal 0 0 1
    outer loop
      vertex 89.8637 2.96472 4
      vertex 83.2021 6.79792 4
      vertex 89.7588 2.63192 4
    endloop
  endfacet
  facet normal 0 0 1
    outer loop
      vertex 83.2021 83.2021 4
      vertex 87.0353 89.8637 4
      vertex 86.6946 89.9392 4
    endloop
  endfacet
  facet normal 0 0 1
    outer loop
      vertex 89.7588 2.63192 4
      vertex 83.2021 6.79792 4
      vertex 89.6252 2.30953 4
    endloop
  endfacet
  facet normal 0 0 1
    outer loop
      vertex 83.2021 83.2021 4
      vertex 86.6946 89.9392 4
      vertex 86.3486 89.9848 4
    endloop
  endfacet
  facet normal 0 0 1
    outer loop
      vertex 89.6252 2.30953 4
      vertex 83.2021 6.79792 4
      vertex 89.4641 2 4
    endloop
  endfacet
  facet normal 0 0 1
    outer loop
      vertex 83.2021 83.2021 4
      vertex 86.3486 89.9848 4
      vertex 86 90 4
    endloop
  endfacet
  facet normal 0 0 1
    outer loop
      vertex 89.4641 2 4
      vertex 83.2021 6.79792 4
      vertex 89.2766 1.70569 4
    endloop
  endfacet
  facet normal 0 0 1
    outer loop
      vertex 89.2766 1.70569 4
      vertex 83.2021 6.79792 4
      vertex 89.0642 1.42885 4
    endloop
  endfacet
  facet normal 0 0 1
    outer loop
      vertex 90 86 4
      vertex 83.6935 82.1482 4
      vertex 83.7 82 4
    endloop
  endfacet
  facet normal 0 0 1
    outer loop
      vertex 90 86 4
      vertex 83.6742 82.2952 4
      vertex 83.6935 82.1482 4
    endloop
  endfacet
  facet normal 0 0 1
    outer loop
      vertex 90 86 4
      vertex 83.6421 82.44 4
      vertex 83.6742 82.2952 4
    endloop
  endfacet
  facet normal 0 0 1
    outer loop
      vertex 90 86 4
      vertex 83.5975 82.5814 4
      vertex 83.6421 82.44 4
    endloop
  endfacet
  facet normal 0 0 1
    outer loop
      vertex 90 86 4
      vertex 83.5407 82.7185 4
      vertex 83.5975 82.5814 4
    endloop
  endfacet
  facet normal 0 0 1
    outer loop
      vertex 90 86 4
      vertex 83.4722 82.85 4
      vertex 83.5407 82.7185 4
    endloop
  endfacet
  facet normal 0 0 1
    outer loop
      vertex 90 86 4
      vertex 83.3926 82.9751 4
      vertex 83.4722 82.85 4
    endloop
  endfacet
  facet normal 0 0 1
    outer loop
      vertex 90 86 4
      vertex 83.3023 83.0927 4
      vertex 83.3926 82.9751 4
    endloop
  endfacet
  facet normal 0 0 1
    outer loop
      vertex 90 86 4
      vertex 83.2021 83.2021 4
      vertex 83.3023 83.0927 4
    endloop
  endfacet
  facet normal 0 0 1
    outer loop
      vertex 86 90 4
      vertex 83.0927 83.3023 4
      vertex 83.2021 83.2021 4
    endloop
  endfacet
  facet normal 0 0 1
    outer loop
      vertex 86 90 4
      vertex 82.9751 83.3926 4
      vertex 83.0927 83.3023 4
    endloop
  endfacet
  facet normal 0 0 1
    outer loop
      vertex 86 90 4
      vertex 82.85 83.4722 4
      vertex 82.9751 83.3926 4
    endloop
  endfacet
  facet normal 0 0 1
    outer loop
      vertex 86 90 4
      vertex 82.7185 83.5407 4
      vertex 82.85 83.4722 4
    endloop
  endfacet
  facet normal 0 0 1
    outer loop
      vertex 86 90 4
      vertex 82.5814 83.5975 4
      vertex 82.7185 83.5407 4
    endloop
  endfacet
  facet normal 0 0 1
    outer loop
      vertex 86 90 4
      vertex 82.44 83.6421 4
      vertex 82.5814 83.5975 4
    endloop
  endfacet
  facet normal 0 0 1
    outer loop
      vertex 86 90 4
      vertex 82.2952 83.6742 4
      vertex 82.44 83.6421 4
    endloop
  endfacet
  facet normal 0 0 1
    outer loop
      vertex 86 90 4
      vertex 82.1482 83.6935 4
      vertex 82.2952 83.6742 4
    endloop
  endfacet
  facet normal 0 0 1
    outer loop
      vertex 86 90 4
      vertex 82 83.7 4
      vertex 82.1482 83.6935 4
    endloop
  endfacet
  facet normal 0 0 1
    outer loop
      vertex 86 90 4
      vertex 81.8518 83.6935 4
      vertex 82 83.7 4
    endloop
  endfacet
  facet normal 0 0 1
    outer loop
      vertex 86 90 4
      vertex 81.7048 83.6742 4
      vertex 81.8518 83.6935 4
    endloop
  endfacet
  facet normal 0 0 1
    outer loop
      vertex 86 90 4
      vertex 81.56 83.6421 4
      vertex 81.7048 83.6742 4
    endloop
  endfacet
  facet normal 0 0 1
    outer loop
      vertex 86 90 4
      vertex 81.4186 83.5975 4
      vertex 81.56 83.6421 4
    endloop
  endfacet
  facet normal 0 0 1
    outer loop
      vertex 86 90 4
      vertex 81.2815 83.5407 4
      vertex 81.4186 83.5975 4
    endloop
  endfacet
  facet normal 0 0 1
    outer loop
      vertex 86 90 4
      vertex 81.15 83.4722 4
      vertex 81.2815 83.5407 4
    endloop
  endfacet
  facet normal 0 0 1
    outer loop
      vertex 86 90 4
      vertex 81.0249 83.3926 4
      vertex 81.15 83.4722 4
    endloop
  endfacet
  facet normal 0 0 1
    outer loop
      vertex 86 90 4
      vertex 80.9073 83.3023 4
      vertex 81.0249 83.3926 4
    endloop
  endfacet
  facet normal 0 0 1
    outer loop
      vertex 86 90 4
      vertex 80.7979 83.2021 4
      vertex 80.9073 83.3023 4
    endloop
  endfacet
  facet normal 0 0 1
    outer loop
      vertex 76 79 4
      vertex 80.7979 83.2021 4
      vertex 86 90 4
    endloop
  endfacet
  facet normal 0 0 1
    outer loop
      vertex 83.0927 80.6977 4
      vertex 79 76 4
      vertex 79 55 4
    endloop
  endfacet
  facet normal 0 0 1
    outer loop
      vertex 76.5209 78.9544 4
      vertex 80.3 82 4
      vertex 80.3065 82.1482 4
    endloop
  endfacet
  facet normal 0 0 1
    outer loop
      vertex 76.2615 78.9886 4
      vertex 80.3065 82.1482 4
      vertex 80.3258 82.2952 4
    endloop
  endfacet
  facet normal 0 0 1
    outer loop
      vertex 82.2952 80.3258 4
      vertex 78.9886 76.2615 4
      vertex 79 76 4
    endloop
  endfacet
  facet normal 0 0 1
    outer loop
      vertex 82.1482 80.3065 4
      vertex 78.9544 76.5209 4
      vertex 78.9886 76.2615 4
    endloop
  endfacet
  facet normal 0 0 1
    outer loop
      vertex 76 79 4
      vertex 80.3258 82.2952 4
      vertex 80.3579 82.44 4
    endloop
  endfacet
  facet normal 0 0 1
    outer loop
      vertex 82 80.3 4
      vertex 78.8978 76.7765 4
      vertex 78.9544 76.5209 4
    endloop
  endfacet
  facet normal 0 0 1
    outer loop
      vertex 81.7048 80.3258 4
      vertex 78.8191 77.0261 4
      vertex 78.8978 76.7765 4
    endloop
  endfacet
  facet normal 0 0 1
    outer loop
      vertex 81.56 80.3579 4
      vertex 78.7189 77.2679 4
      vertex 78.8191 77.0261 4
    endloop
  endfacet
  facet normal 0 0 1
    outer loop
      vertex 76 79 4
      vertex 80.3579 82.44 4
      vertex 80.4025 82.5814 4
    endloop
  endfacet
  facet normal 0 0 1
    outer loop
      vertex 81.4186 80.4025 4
      vertex 78.5981 77.5 4
      vertex 78.7189 77.2679 4
    endloop
  endfacet
  facet normal 0 0 1
    outer loop
      vertex 81.15 80.5278 4
      vertex 78.4575 77.7207 4
      vertex 78.5981 77.5 4
    endloop
  endfacet
  facet normal 0 0 1
    outer loop
      vertex 81.0249 80.6074 4
      vertex 78.2981 77.9284 4
      vertex 78.4575 77.7207 4
    endloop
  endfacet
  facet normal 0 0 1
    outer loop
      vertex 76 79 4
      vertex 80.4025 82.5814 4
      vertex 80.4593 82.7185 4
    endloop
  endfacet
  facet normal 0 0 1
    outer loop
      vertex 80.9073 80.6977 4
      vertex 78.1213 78.1213 4
      vertex 78.2981 77.9284 4
    endloop
  endfacet
  facet normal 0 0 1
    outer loop
      vertex 80.6977 80.9073 4
      vertex 77.9284 78.2981 4
      vertex 78.1213 78.1213 4
    endloop
  endfacet
  facet normal 0 0 1
    outer loop
      vertex 76 79 4
      vertex 80.4593 82.7185 4
      vertex 80.5278 82.85 4
    endloop
  endfacet
  facet normal 0 0 1
    outer loop
      vertex 80.6074 81.0249 4
      vertex 77.7207 78.4575 4
      vertex 77.9284 78.2981 4
    endloop
  endfacet
  facet normal 0 0 1
    outer loop
      vertex 76 79 4
      vertex 80.5278 82.85 4
      vertex 80.6074 82.9751 4
    endloop
  endfacet
  facet normal 0 0 1
    outer loop
      vertex 80.5278 81.15 4
      vertex 77.5 78.5981 4
      vertex 77.7207 78.4575 4
    endloop
  endfacet
  facet normal 0 0 1
    outer loop
      vertex 80.4025 81.4186 4
      vertex 77.2679 78.7189 4
      vertex 77.5 78.5981 4
    endloop
  endfacet
  facet normal 0 0 1
    outer loop
      vertex 76 79 4
      vertex 80.6074 82.9751 4
      vertex 80.6977 83.0927 4
    endloop
  endfacet
  facet normal 0 0 1
    outer loop
      vertex 80.7979 83.2021 4
      vertex 76 79 4
      vertex 80.6977 83.0927 4
    endloop
  endfacet
  facet normal 0 0 1
    outer loop
      vertex 80.3579 81.56 4
      vertex 77.0261 78.8191 4
      vertex 77.2679 78.7189 4
    endloop
  endfacet
  facet normal 0 0 1
    outer loop
      vertex 80.3258 81.7048 4
      vertex 76.7765 78.8978 4
      vertex 77.0261 78.8191 4
    endloop
  endfacet
  facet normal 0 0 1
    outer loop
      vertex 80.3 82 4
      vertex 76.5209 78.9544 4
      vertex 76.7765 78.8978 4
    endloop
  endfacet
  facet normal 0 0 1
    outer loop
      vertex 80.3065 82.1482 4
      vertex 76.2615 78.9886 4
      vertex 76.5209 78.9544 4
    endloop
  endfacet
  facet normal 0 0 1
    outer loop
      vertex 80.3258 82.2952 4
      vertex 76 79 4
      vertex 76.2615 78.9886 4
    endloop
  endfacet
  facet normal 0 0 1
    outer loop
      vertex 86 90 4
      vertex 14 79 4
      vertex 76 79 4
    endloop
  endfacet
  facet normal -0 0 1
    outer loop
      vertex 4 90 4
      vertex 14 79 4
      vertex 86 90 4
    endloop
  endfacet
  facet normal -0 -0 1
    outer loop
      vertex 9.20208 83.2021 4
      vertex 14 79 4
      vertex 4 90 4
    endloop
  endfacet
  facet normal -0 0 1
    outer loop
      vertex 9.09274 80.6977 4
      vertex 11.8787 78.1213 4
      vertex 9.20208 80.7979 4
    endloop
  endfacet
  facet normal 0 0 1
    outer loop
      vertex 11.8787 78.1213 4
      vertex 9.09274 80.6977 4
      vertex 11.7019 77.9284 4
    endloop
  endfacet
  facet normal -0 0 1
    outer loop
      vertex 8.97508 80.6074 4
      vertex 11.7019 77.9284 4
      vertex 9.09274 80.6977 4
    endloop
  endfacet
  facet normal -0 0 1
    outer loop
      vertex 9.20208 80.7979 4
      vertex 11.8787 78.1213 4
      vertex 9.30227 80.9073 4
    endloop
  endfacet
  facet normal 0 0 1
    outer loop
      vertex 12.0716 78.2981 4
      vertex 9.30227 80.9073 4
      vertex 11.8787 78.1213 4
    endloop
  endfacet
  facet normal -0 0 1
    outer loop
      vertex 9.30227 80.9073 4
      vertex 12.0716 78.2981 4
      vertex 9.39256 81.0249 4
    endloop
  endfacet
  facet normal 0 0 1
    outer loop
      vertex 12.2793 78.4575 4
      vertex 9.39256 81.0249 4
      vertex 12.0716 78.2981 4
    endloop
  endfacet
  facet normal -0 0 1
    outer loop
      vertex 9.39256 81.0249 4
      vertex 12.2793 78.4575 4
      vertex 9.47224 81.15 4
    endloop
  endfacet
  facet normal 0 0 1
    outer loop
      vertex 12.5 78.5981 4
      vertex 9.47224 81.15 4
      vertex 12.2793 78.4575 4
    endloop
  endfacet
  facet normal -0 0 1
    outer loop
      vertex 9.47224 81.15 4
      vertex 12.5 78.5981 4
      vertex 9.54072 81.2815 4
    endloop
  endfacet
  facet normal -0 0 1
    outer loop
      vertex 9.54072 81.2815 4
      vertex 12.5 78.5981 4
      vertex 9.59748 81.4186 4
    endloop
  endfacet
  facet normal 0 0 1
    outer loop
      vertex 12.7321 78.7189 4
      vertex 9.59748 81.4186 4
      vertex 12.5 78.5981 4
    endloop
  endfacet
  facet normal -0 0 1
    outer loop
      vertex 9.59748 81.4186 4
      vertex 12.7321 78.7189 4
      vertex 9.64207 81.56 4
    endloop
  endfacet
  facet normal 0 0 1
    outer loop
      vertex 12.9739 78.8191 4
      vertex 9.64207 81.56 4
      vertex 12.7321 78.7189 4
    endloop
  endfacet
  facet normal -0 0 1
    outer loop
      vertex 9.64207 81.56 4
      vertex 12.9739 78.8191 4
      vertex 9.67417 81.7048 4
    endloop
  endfacet
  facet normal 0 0 1
    outer loop
      vertex 13.2235 78.8978 4
      vertex 9.67417 81.7048 4
      vertex 12.9739 78.8191 4
    endloop
  endfacet
  facet normal -0 0 1
    outer loop
      vertex 9.67417 81.7048 4
      vertex 13.2235 78.8978 4
      vertex 9.69353 81.8518 4
    endloop
  endfacet
  facet normal -0 0 1
    outer loop
      vertex 9.69353 81.8518 4
      vertex 13.2235 78.8978 4
      vertex 9.7 82 4
    endloop
  endfacet
  facet normal 0 0 1
    outer loop
      vertex 13.4791 78.9544 4
      vertex 9.7 82 4
      vertex 13.2235 78.8978 4
    endloop
  endfacet
  facet normal -0 -0 1
    outer loop
      vertex 9.47224 82.85 4
      vertex 14 79 4
      vertex 9.39256 82.9751 4
    endloop
  endfacet
  facet normal 0 0 1
    outer loop
      vertex 13.4791 78.9544 4
      vertex 9.69353 82.1482 4
      vertex 9.7 82 4
    endloop
  endfacet
  facet normal 0 0 1
    outer loop
      vertex 13.7385 78.9886 4
      vertex 9.69353 82.1482 4
      vertex 13.4791 78.9544 4
    endloop
  endfacet
  facet normal -0 -0 1
    outer loop
      vertex 9.69353 82.1482 4
      vertex 13.7385 78.9886 4
      vertex 9.67417 82.2952 4
    endloop
  endfacet
  facet normal 0 0 1
    outer loop
      vertex 14 79 4
      vertex 9.67417 82.2952 4
      vertex 13.7385 78.9886 4
    endloop
  endfacet
  facet normal -0 -0 1
    outer loop
      vertex 9.67417 82.2952 4
      vertex 14 79 4
      vertex 9.64207 82.44 4
    endloop
  endfacet
  facet normal -0 -0 1
    outer loop
      vertex 9.64207 82.44 4
      vertex 14 79 4
      vertex 9.59748 82.5814 4
    endloop
  endfacet
  facet normal -0 -0 1
    outer loop
      vertex 9.59748 82.5814 4
      vertex 14 79 4
      vertex 9.54072 82.7185 4
    endloop
  endfacet
  facet normal -0 -0 1
    outer loop
      vertex 9.54072 82.7185 4
      vertex 14 79 4
      vertex 9.47224 82.85 4
    endloop
  endfacet
  facet normal -0 -0 1
    outer loop
      vertex 9.39256 82.9751 4
      vertex 14 79 4
      vertex 9.30227 83.0927 4
    endloop
  endfacet
  facet normal -0 -0 1
    outer loop
      vertex 9.30227 83.0927 4
      vertex 14 79 4
      vertex 9.20208 83.2021 4
    endloop
  endfacet
  facet normal 0 0 1
    outer loop
      vertex 9.20208 83.2021 4
      vertex 4 90 4
      vertex 9.09274 83.3023 4
    endloop
  endfacet
  facet normal 0 0 1
    outer loop
      vertex 9.09274 83.3023 4
      vertex 4 90 4
      vertex 8.97508 83.3926 4
    endloop
  endfacet
  facet normal 0 0 1
    outer loop
      vertex 8.97508 83.3926 4
      vertex 4 90 4
      vertex 8.85 83.4722 4
    endloop
  endfacet
  facet normal 0 0 1
    outer loop
      vertex 8.85 83.4722 4
      vertex 4 90 4
      vertex 8.71845 83.5407 4
    endloop
  endfacet
  facet normal 0 0 1
    outer loop
      vertex 8.71845 83.5407 4
      vertex 4 90 4
      vertex 8.58143 83.5975 4
    endloop
  endfacet
  facet normal 0 0 1
    outer loop
      vertex 8.58143 83.5975 4
      vertex 4 90 4
      vertex 8.43999 83.6421 4
    endloop
  endfacet
  facet normal 0 0 1
    outer loop
      vertex 8.43999 83.6421 4
      vertex 4 90 4
      vertex 8.2952 83.6742 4
    endloop
  endfacet
  facet normal 0 0 1
    outer loop
      vertex 8.2952 83.6742 4
      vertex 4 90 4
      vertex 8.14816 83.6935 4
    endloop
  endfacet
  facet normal 0 0 1
    outer loop
      vertex 8.14816 83.6935 4
      vertex 4 90 4
      vertex 8 83.7 4
    endloop
  endfacet
  facet normal 0 0 1
    outer loop
      vertex 6.30647 82.1482 4
      vertex 0 86 4
      vertex 6.3 82 4
    endloop
  endfacet
  facet normal 0 0 1
    outer loop
      vertex 6.32583 82.2952 4
      vertex 0 86 4
      vertex 6.30647 82.1482 4
    endloop
  endfacet
  facet normal 0 0 1
    outer loop
      vertex 6.35793 82.44 4
      vertex 0 86 4
      vertex 6.32583 82.2952 4
    endloop
  endfacet
  facet normal 0 0 1
    outer loop
      vertex 6.40252 82.5814 4
      vertex 0 86 4
      vertex 6.35793 82.44 4
    endloop
  endfacet
  facet normal 0 0 1
    outer loop
      vertex 6.45928 82.7185 4
      vertex 0 86 4
      vertex 6.40252 82.5814 4
    endloop
  endfacet
  facet normal 0 0 1
    outer loop
      vertex 6.52776 82.85 4
      vertex 0 86 4
      vertex 6.45928 82.7185 4
    endloop
  endfacet
  facet normal 0 0 1
    outer loop
      vertex 6.60744 82.9751 4
      vertex 0 86 4
      vertex 6.52776 82.85 4
    endloop
  endfacet
  facet normal 0 0 1
    outer loop
      vertex 6.69772 83.0927 4
      vertex 0 86 4
      vertex 6.60744 82.9751 4
    endloop
  endfacet
  facet normal 0 0 1
    outer loop
      vertex 6.79792 83.2021 4
      vertex 0 86 4
      vertex 6.69772 83.0927 4
    endloop
  endfacet
  facet normal -0 0 1
    outer loop
      vertex 0 86 4
      vertex 6.79792 83.2021 4
      vertex 4 90 4
    endloop
  endfacet
  facet normal 0 0 1
    outer loop
      vertex 6.90726 83.3023 4
      vertex 4 90 4
      vertex 6.79792 83.2021 4
    endloop
  endfacet
  facet normal 0 0 1
    outer loop
      vertex 7.02492 83.3926 4
      vertex 4 90 4
      vertex 6.90726 83.3023 4
    endloop
  endfacet
  facet normal 0 0 1
    outer loop
      vertex 7.15 83.4722 4
      vertex 4 90 4
      vertex 7.02492 83.3926 4
    endloop
  endfacet
  facet normal 0 0 1
    outer loop
      vertex 7.28155 83.5407 4
      vertex 4 90 4
      vertex 7.15 83.4722 4
    endloop
  endfacet
  facet normal 0 0 1
    outer loop
      vertex 7.41857 83.5975 4
      vertex 4 90 4
      vertex 7.28155 83.5407 4
    endloop
  endfacet
  facet normal 0 0 1
    outer loop
      vertex 7.56001 83.6421 4
      vertex 4 90 4
      vertex 7.41857 83.5975 4
    endloop
  endfacet
  facet normal 0 0 1
    outer loop
      vertex 7.7048 83.6742 4
      vertex 4 90 4
      vertex 7.56001 83.6421 4
    endloop
  endfacet
  facet normal 0 0 1
    outer loop
      vertex 7.85183 83.6935 4
      vertex 4 90 4
      vertex 7.7048 83.6742 4
    endloop
  endfacet
  facet normal 0 0 1
    outer loop
      vertex 8 83.7 4
      vertex 4 90 4
      vertex 7.85183 83.6935 4
    endloop
  endfacet
  facet normal 0 0 1
    outer loop
      vertex 89.0642 1.42885 4
      vertex 83.2021 6.79792 4
      vertex 88.8284 1.17157 4
    endloop
  endfacet
  facet normal 0 0 1
    outer loop
      vertex 88.8284 1.17157 4
      vertex 83.2021 6.79792 4
      vertex 88.5712 0.935822 4
    endloop
  endfacet
  facet normal 0 0 1
    outer loop
      vertex 88.5712 0.935822 4
      vertex 83.2021 6.79792 4
      vertex 88.2943 0.723392 4
    endloop
  endfacet
  facet normal 0 0 1
    outer loop
      vertex 88.2943 0.723392 4
      vertex 83.2021 6.79792 4
      vertex 88 0.535898 4
    endloop
  endfacet
  facet normal 0 0 1
    outer loop
      vertex 88 0.535898 4
      vertex 83.2021 6.79792 4
      vertex 87.6905 0.374768 4
    endloop
  endfacet
  facet normal 0 0 1
    outer loop
      vertex 87.6905 0.374768 4
      vertex 83.2021 6.79792 4
      vertex 87.3681 0.241229 4
    endloop
  endfacet
  facet normal 0 0 1
    outer loop
      vertex 87.3681 0.241229 4
      vertex 83.2021 6.79792 4
      vertex 87.0353 0.136296 4
    endloop
  endfacet
  facet normal 0 0 1
    outer loop
      vertex 87.0353 0.136296 4
      vertex 83.2021 6.79792 4
      vertex 86.6946 0.0607681 4
    endloop
  endfacet
  facet normal 0 0 1
    outer loop
      vertex 86.6946 0.0607681 4
      vertex 83.2021 6.79792 4
      vertex 86.3486 0.0152206 4
    endloop
  endfacet
  facet normal 0 0 1
    outer loop
      vertex 86.3486 0.0152206 4
      vertex 83.2021 6.79792 4
      vertex 86 0 4
    endloop
  endfacet
  facet normal -0 0 1
    outer loop
      vertex 83.0927 6.69772 4
      vertex 86 0 4
      vertex 83.2021 6.79792 4
    endloop
  endfacet
  facet normal -0 0 1
    outer loop
      vertex 82.9751 6.60744 4
      vertex 86 0 4
      vertex 83.0927 6.69772 4
    endloop
  endfacet
  facet normal -0 0 1
    outer loop
      vertex 82.85 6.52776 4
      vertex 86 0 4
      vertex 82.9751 6.60744 4
    endloop
  endfacet
  facet normal -0 0 1
    outer loop
      vertex 82.7185 6.45928 4
      vertex 86 0 4
      vertex 82.85 6.52776 4
    endloop
  endfacet
  facet normal -0 0 1
    outer loop
      vertex 82.5814 6.40252 4
      vertex 86 0 4
      vertex 82.7185 6.45928 4
    endloop
  endfacet
  facet normal -0 0 1
    outer loop
      vertex 82.44 6.35793 4
      vertex 86 0 4
      vertex 82.5814 6.40252 4
    endloop
  endfacet
  facet normal -0 0 1
    outer loop
      vertex 82.2952 6.32583 4
      vertex 86 0 4
      vertex 82.44 6.35793 4
    endloop
  endfacet
  facet normal -0 0 1
    outer loop
      vertex 82.1482 6.30647 4
      vertex 86 0 4
      vertex 82.2952 6.32583 4
    endloop
  endfacet
  facet normal -0 0 1
    outer loop
      vertex 82 6.3 4
      vertex 86 0 4
      vertex 82.1482 6.30647 4
    endloop
  endfacet
  facet normal 0 0 1
    outer loop
      vertex 81.8518 6.30647 4
      vertex 86 0 4
      vertex 82 6.3 4
    endloop
  endfacet
  facet normal 0 0 1
    outer loop
      vertex 81.7048 6.32583 4
      vertex 86 0 4
      vertex 81.8518 6.30647 4
    endloop
  endfacet
  facet normal 0 0 1
    outer loop
      vertex 81.56 6.35793 4
      vertex 86 0 4
      vertex 81.7048 6.32583 4
    endloop
  endfacet
  facet normal 0 0 1
    outer loop
      vertex 81.4186 6.40252 4
      vertex 86 0 4
      vertex 81.56 6.35793 4
    endloop
  endfacet
  facet normal 0 0 1
    outer loop
      vertex 81.2815 6.45928 4
      vertex 86 0 4
      vertex 81.4186 6.40252 4
    endloop
  endfacet
  facet normal 0 0 1
    outer loop
      vertex 81.15 6.52776 4
      vertex 86 0 4
      vertex 81.2815 6.45928 4
    endloop
  endfacet
  facet normal 0 0 1
    outer loop
      vertex 81.0249 6.60744 4
      vertex 86 0 4
      vertex 81.15 6.52776 4
    endloop
  endfacet
  facet normal 0 0 1
    outer loop
      vertex 80.9073 6.69772 4
      vertex 86 0 4
      vertex 81.0249 6.60744 4
    endloop
  endfacet
  facet normal 0 0 1
    outer loop
      vertex 80.7979 6.79792 4
      vertex 86 0 4
      vertex 80.9073 6.69772 4
    endloop
  endfacet
  facet normal 0 0 1
    outer loop
      vertex 76 11 4
      vertex 80.7979 6.79792 4
      vertex 80.6977 6.90726 4
    endloop
  endfacet
  facet normal 0 0 1
    outer loop
      vertex 81.0249 9.39256 4
      vertex 78.2981 12.0716 4
      vertex 80.9073 9.30227 4
    endloop
  endfacet
  facet normal -0 0 1
    outer loop
      vertex 78.1213 11.8787 4
      vertex 80.9073 9.30227 4
      vertex 78.2981 12.0716 4
    endloop
  endfacet
  facet normal 0 0 1
    outer loop
      vertex 80.9073 9.30227 4
      vertex 78.1213 11.8787 4
      vertex 80.7979 9.20208 4
    endloop
  endfacet
  facet normal 0 0 1
    outer loop
      vertex 80.7979 9.20208 4
      vertex 78.1213 11.8787 4
      vertex 80.6977 9.09274 4
    endloop
  endfacet
  facet normal -0 0 1
    outer loop
      vertex 77.9284 11.7019 4
      vertex 80.6977 9.09274 4
      vertex 78.1213 11.8787 4
    endloop
  endfacet
  facet normal 0 0 1
    outer loop
      vertex 80.6977 9.09274 4
      vertex 77.9284 11.7019 4
      vertex 80.6074 8.97508 4
    endloop
  endfacet
  facet normal -0 0 1
    outer loop
      vertex 77.7207 11.5425 4
      vertex 80.6074 8.97508 4
      vertex 77.9284 11.7019 4
    endloop
  endfacet
  facet normal 0 0 1
    outer loop
      vertex 80.6074 8.97508 4
      vertex 77.7207 11.5425 4
      vertex 80.5278 8.85 4
    endloop
  endfacet
  facet normal -0 0 1
    outer loop
      vertex 77.5 11.4019 4
      vertex 80.5278 8.85 4
      vertex 77.7207 11.5425 4
    endloop
  endfacet
  facet normal 0 0 1
    outer loop
      vertex 80.5278 8.85 4
      vertex 77.5 11.4019 4
      vertex 80.4593 8.71845 4
    endloop
  endfacet
  facet normal 0 0 1
    outer loop
      vertex 80.4593 8.71845 4
      vertex 77.5 11.4019 4
      vertex 80.4025 8.58143 4
    endloop
  endfacet
  facet normal -0 0 1
    outer loop
      vertex 77.2679 11.2811 4
      vertex 80.4025 8.58143 4
      vertex 77.5 11.4019 4
    endloop
  endfacet
  facet normal 0 0 1
    outer loop
      vertex 80.4025 8.58143 4
      vertex 77.2679 11.2811 4
      vertex 80.3579 8.43999 4
    endloop
  endfacet
  facet normal -0 0 1
    outer loop
      vertex 77.0261 11.1809 4
      vertex 80.3579 8.43999 4
      vertex 77.2679 11.2811 4
    endloop
  endfacet
  facet normal 0 0 1
    outer loop
      vertex 80.3579 8.43999 4
      vertex 77.0261 11.1809 4
      vertex 80.3258 8.2952 4
    endloop
  endfacet
  facet normal -0 0 1
    outer loop
      vertex 76.7765 11.1022 4
      vertex 80.3258 8.2952 4
      vertex 77.0261 11.1809 4
    endloop
  endfacet
  facet normal 0 0 1
    outer loop
      vertex 80.3258 8.2952 4
      vertex 76.7765 11.1022 4
      vertex 80.3065 8.14816 4
    endloop
  endfacet
  facet normal 0 0 1
    outer loop
      vertex 80.3065 8.14816 4
      vertex 76.7765 11.1022 4
      vertex 80.3 8 4
    endloop
  endfacet
  facet normal -0 0 1
    outer loop
      vertex 76.5209 11.0456 4
      vertex 80.3 8 4
      vertex 76.7765 11.1022 4
    endloop
  endfacet
  facet normal 0 0 1
    outer loop
      vertex 80.3 8 4
      vertex 76.5209 11.0456 4
      vertex 80.3065 7.85183 4
    endloop
  endfacet
  facet normal -0 0 1
    outer loop
      vertex 76.2615 11.0114 4
      vertex 80.3065 7.85183 4
      vertex 76.5209 11.0456 4
    endloop
  endfacet
  facet normal 0 0 1
    outer loop
      vertex 80.3065 7.85183 4
      vertex 76.2615 11.0114 4
      vertex 80.3258 7.7048 4
    endloop
  endfacet
  facet normal -0 0 1
    outer loop
      vertex 76 11 4
      vertex 80.3258 7.7048 4
      vertex 76.2615 11.0114 4
    endloop
  endfacet
  facet normal 0 0 1
    outer loop
      vertex 80.3258 7.7048 4
      vertex 76 11 4
      vertex 80.3579 7.56001 4
    endloop
  endfacet
  facet normal 0 0 1
    outer loop
      vertex 80.3579 7.56001 4
      vertex 76 11 4
      vertex 80.4025 7.41857 4
    endloop
  endfacet
  facet normal 0 0 1
    outer loop
      vertex 80.4025 7.41857 4
      vertex 76 11 4
      vertex 80.4593 7.28155 4
    endloop
  endfacet
  facet normal 0 0 1
    outer loop
      vertex 80.4593 7.28155 4
      vertex 76 11 4
      vertex 80.5278 7.15 4
    endloop
  endfacet
  facet normal 0 0 1
    outer loop
      vertex 80.5278 7.15 4
      vertex 76 11 4
      vertex 80.6074 7.02492 4
    endloop
  endfacet
  facet normal 0 0 1
    outer loop
      vertex 80.6074 7.02492 4
      vertex 76 11 4
      vertex 80.6977 6.90726 4
    endloop
  endfacet
  facet normal 0 0 1
    outer loop
      vertex 80.7979 6.79792 4
      vertex 76 11 4
      vertex 86 0 4
    endloop
  endfacet
  facet normal -0 0 1
    outer loop
      vertex 14 11 4
      vertex 86 0 4
      vertex 76 11 4
    endloop
  endfacet
  facet normal 0 0 1
    outer loop
      vertex 9.67417 7.7048 4
      vertex 14 11 4
      vertex 13.7385 11.0114 4
    endloop
  endfacet
  facet normal 0 0 1
    outer loop
      vertex 9.69353 7.85183 4
      vertex 13.7385 11.0114 4
      vertex 13.4791 11.0456 4
    endloop
  endfacet
  facet normal 0 0 1
    outer loop
      vertex 11 35 4
      vertex 9.7 8 4
      vertex 11 14 4
    endloop
  endfacet
  facet normal 0 0 1
    outer loop
      vertex 9.7 8 4
      vertex 11.0114 13.7385 4
      vertex 11 14 4
    endloop
  endfacet
  facet normal 0 0 1
    outer loop
      vertex 9.7 8 4
      vertex 11.0456 13.4791 4
      vertex 11.0114 13.7385 4
    endloop
  endfacet
  facet normal 0 0 1
    outer loop
      vertex 9.7 8 4
      vertex 11.1022 13.2235 4
      vertex 11.0456 13.4791 4
    endloop
  endfacet
  facet normal 0 0 1
    outer loop
      vertex 9.7 8 4
      vertex 11.1809 12.9739 4
      vertex 11.1022 13.2235 4
    endloop
  endfacet
  facet normal 0 0 1
    outer loop
      vertex 9.7 8 4
      vertex 11.2811 12.7321 4
      vertex 11.1809 12.9739 4
    endloop
  endfacet
  facet normal 0 0 1
    outer loop
      vertex 9.7 8 4
      vertex 11.4019 12.5 4
      vertex 11.2811 12.7321 4
    endloop
  endfacet
  facet normal 0 0 1
    outer loop
      vertex 9.7 8 4
      vertex 11.5425 12.2793 4
      vertex 11.4019 12.5 4
    endloop
  endfacet
  facet normal 0 0 1
    outer loop
      vertex 9.7 8 4
      vertex 11.7019 12.0716 4
      vertex 11.5425 12.2793 4
    endloop
  endfacet
  facet normal 0 0 1
    outer loop
      vertex 9.7 8 4
      vertex 11.8787 11.8787 4
      vertex 11.7019 12.0716 4
    endloop
  endfacet
  facet normal 0 0 1
    outer loop
      vertex 9.7 8 4
      vertex 12.0716 11.7019 4
      vertex 11.8787 11.8787 4
    endloop
  endfacet
  facet normal 0 0 1
    outer loop
      vertex 9.7 8 4
      vertex 12.2793 11.5425 4
      vertex 12.0716 11.7019 4
    endloop
  endfacet
  facet normal 0 0 1
    outer loop
      vertex 9.7 8 4
      vertex 12.5 11.4019 4
      vertex 12.2793 11.5425 4
    endloop
  endfacet
  facet normal 0 0 1
    outer loop
      vertex 9.7 8 4
      vertex 12.7321 11.2811 4
      vertex 12.5 11.4019 4
    endloop
  endfacet
  facet normal 0 0 1
    outer loop
      vertex 9.7 8 4
      vertex 12.9739 11.1809 4
      vertex 12.7321 11.2811 4
    endloop
  endfacet
  facet normal 0 0 1
    outer loop
      vertex 9.7 8 4
      vertex 13.2235 11.1022 4
      vertex 12.9739 11.1809 4
    endloop
  endfacet
  facet normal 0 0 1
    outer loop
      vertex 9.7 8 4
      vertex 13.4791 11.0456 4
      vertex 13.2235 11.1022 4
    endloop
  endfacet
  facet normal 0 0 1
    outer loop
      vertex 9.69353 7.85183 4
      vertex 13.4791 11.0456 4
      vertex 9.7 8 4
    endloop
  endfacet
  facet normal 0 0 1
    outer loop
      vertex 13.7385 11.0114 4
      vertex 9.69353 7.85183 4
      vertex 9.67417 7.7048 4
    endloop
  endfacet
  facet normal 0 0 1
    outer loop
      vertex 14 11 4
      vertex 9.67417 7.7048 4
      vertex 9.64207 7.56001 4
    endloop
  endfacet
  facet normal 0 0 1
    outer loop
      vertex 14 11 4
      vertex 9.64207 7.56001 4
      vertex 9.59748 7.41857 4
    endloop
  endfacet
  facet normal 0 0 1
    outer loop
      vertex 14 11 4
      vertex 9.59748 7.41857 4
      vertex 9.54072 7.28155 4
    endloop
  endfacet
  facet normal 0 0 1
    outer loop
      vertex 14 11 4
      vertex 9.54072 7.28155 4
      vertex 9.47224 7.15 4
    endloop
  endfacet
  facet normal 0 0 1
    outer loop
      vertex 14 11 4
      vertex 9.47224 7.15 4
      vertex 9.39256 7.02492 4
    endloop
  endfacet
  facet normal 0 0 1
    outer loop
      vertex 14 11 4
      vertex 9.39256 7.02492 4
      vertex 9.30227 6.90726 4
    endloop
  endfacet
  facet normal 0 0 1
    outer loop
      vertex 14 11 4
      vertex 9.30227 6.90726 4
      vertex 9.20208 6.79792 4
    endloop
  endfacet
  facet normal 0 0 1
    outer loop
      vertex 14 11 4
      vertex 9.20208 6.79792 4
      vertex 4 0 4
    endloop
  endfacet
  facet normal 0 0 1
    outer loop
      vertex 4 0 4
      vertex 9.20208 6.79792 4
      vertex 9.09274 6.69772 4
    endloop
  endfacet
  facet normal 0 0 1
    outer loop
      vertex 4 0 4
      vertex 9.09274 6.69772 4
      vertex 8.97508 6.60744 4
    endloop
  endfacet
  facet normal 0 0 1
    outer loop
      vertex 4 0 4
      vertex 8.97508 6.60744 4
      vertex 8.85 6.52776 4
    endloop
  endfacet
  facet normal 0 0 1
    outer loop
      vertex 4 0 4
      vertex 8.85 6.52776 4
      vertex 8.71845 6.45928 4
    endloop
  endfacet
  facet normal 0 0 1
    outer loop
      vertex 4 0 4
      vertex 8.71845 6.45928 4
      vertex 8.58143 6.40252 4
    endloop
  endfacet
  facet normal 0 0 1
    outer loop
      vertex 4 0 4
      vertex 8.58143 6.40252 4
      vertex 8.43999 6.35793 4
    endloop
  endfacet
  facet normal 0 0 1
    outer loop
      vertex 4 0 4
      vertex 8.43999 6.35793 4
      vertex 8.2952 6.32583 4
    endloop
  endfacet
  facet normal 0 0 1
    outer loop
      vertex 4 0 4
      vertex 8.2952 6.32583 4
      vertex 8.14816 6.30647 4
    endloop
  endfacet
  facet normal 0 0 1
    outer loop
      vertex 4 0 4
      vertex 8.14816 6.30647 4
      vertex 8 6.3 4
    endloop
  endfacet
  facet normal 0 0 1
    outer loop
      vertex 4 0 4
      vertex 8 6.3 4
      vertex 7.85183 6.30647 4
    endloop
  endfacet
  facet normal 0 0 1
    outer loop
      vertex 14 11 4
      vertex 4 0 4
      vertex 86 0 4
    endloop
  endfacet
  facet normal 0 0 1
    outer loop
      vertex 7.7048 6.32583 4
      vertex 4 0 4
      vertex 7.85183 6.30647 4
    endloop
  endfacet
  facet normal 0 0 1
    outer loop
      vertex 7.56001 6.35793 4
      vertex 4 0 4
      vertex 7.7048 6.32583 4
    endloop
  endfacet
  facet normal 0 0 1
    outer loop
      vertex 7.41857 6.40252 4
      vertex 4 0 4
      vertex 7.56001 6.35793 4
    endloop
  endfacet
  facet normal 0 0 1
    outer loop
      vertex 7.28155 6.45928 4
      vertex 4 0 4
      vertex 7.41857 6.40252 4
    endloop
  endfacet
  facet normal 0 0 1
    outer loop
      vertex 7.15 6.52776 4
      vertex 4 0 4
      vertex 7.28155 6.45928 4
    endloop
  endfacet
  facet normal 0 0 1
    outer loop
      vertex 7.02492 6.60744 4
      vertex 4 0 4
      vertex 7.15 6.52776 4
    endloop
  endfacet
  facet normal 0 0 1
    outer loop
      vertex 6.90726 6.69772 4
      vertex 4 0 4
      vertex 7.02492 6.60744 4
    endloop
  endfacet
  facet normal 0 0 1
    outer loop
      vertex 6.79792 6.79792 4
      vertex 4 0 4
      vertex 6.90726 6.69772 4
    endloop
  endfacet
  facet normal 0 0 1
    outer loop
      vertex 0 4 4
      vertex 6.79792 6.79792 4
      vertex 6.69772 6.90726 4
    endloop
  endfacet
  facet normal 0 0 1
    outer loop
      vertex 0 4 4
      vertex 6.69772 6.90726 4
      vertex 6.60744 7.02492 4
    endloop
  endfacet
  facet normal 0 0 1
    outer loop
      vertex 0 4 4
      vertex 6.60744 7.02492 4
      vertex 6.52776 7.15 4
    endloop
  endfacet
  facet normal 0 0 1
    outer loop
      vertex 0 4 4
      vertex 6.52776 7.15 4
      vertex 6.45928 7.28155 4
    endloop
  endfacet
  facet normal 0 0 1
    outer loop
      vertex 0 4 4
      vertex 6.45928 7.28155 4
      vertex 6.40252 7.41857 4
    endloop
  endfacet
  facet normal 0 0 1
    outer loop
      vertex 0 4 4
      vertex 6.40252 7.41857 4
      vertex 6.35793 7.56001 4
    endloop
  endfacet
  facet normal 0 0 1
    outer loop
      vertex 0 4 4
      vertex 6.35793 7.56001 4
      vertex 6.32583 7.7048 4
    endloop
  endfacet
  facet normal 0 0 1
    outer loop
      vertex 0 4 4
      vertex 6.32583 7.7048 4
      vertex 6.30647 7.85183 4
    endloop
  endfacet
  facet normal 0 0 1
    outer loop
      vertex 0 4 4
      vertex 6.30647 7.85183 4
      vertex 6.3 8 4
    endloop
  endfacet
  facet normal 0 0 1
    outer loop
      vertex 6.32583 8.2952 4
      vertex 0 4 4
      vertex 6.30647 8.14816 4
    endloop
  endfacet
  facet normal 0 0 1
    outer loop
      vertex 0 86 4
      vertex 4 90 4
      vertex 3.65138 89.9848 4
    endloop
  endfacet
  facet normal 0 0 1
    outer loop
      vertex 6.30647 8.14816 4
      vertex 0 4 4
      vertex 6.3 8 4
    endloop
  endfacet
  facet normal 0 0 1
    outer loop
      vertex 0 86 4
      vertex 3.65138 89.9848 4
      vertex 3.30541 89.9392 4
    endloop
  endfacet
  facet normal 0 0 1
    outer loop
      vertex 6.79792 6.79792 4
      vertex 0 4 4
      vertex 4 0 4
    endloop
  endfacet
  facet normal 0 0 1
    outer loop
      vertex 0 86 4
      vertex 3.30541 89.9392 4
      vertex 2.96472 89.8637 4
    endloop
  endfacet
  facet normal 0 0 1
    outer loop
      vertex 4 0 4
      vertex 0 4 4
      vertex 3.65138 0.0152206 4
    endloop
  endfacet
  facet normal 0 0 1
    outer loop
      vertex 0 86 4
      vertex 2.96472 89.8637 4
      vertex 2.63192 89.7588 4
    endloop
  endfacet
  facet normal 0 0 1
    outer loop
      vertex 3.65138 0.0152206 4
      vertex 0 4 4
      vertex 3.30541 0.0607681 4
    endloop
  endfacet
  facet normal 0 0 1
    outer loop
      vertex 0 86 4
      vertex 2.63192 89.7588 4
      vertex 2.30953 89.6252 4
    endloop
  endfacet
  facet normal 0 0 1
    outer loop
      vertex 3.30541 0.0607681 4
      vertex 0 4 4
      vertex 2.96472 0.136296 4
    endloop
  endfacet
  facet normal 0 0 1
    outer loop
      vertex 0 86 4
      vertex 2.30953 89.6252 4
      vertex 2 89.4641 4
    endloop
  endfacet
  facet normal 0 0 1
    outer loop
      vertex 2.96472 0.136296 4
      vertex 0 4 4
      vertex 2.63192 0.241229 4
    endloop
  endfacet
  facet normal 0 0 1
    outer loop
      vertex 0 86 4
      vertex 2 89.4641 4
      vertex 1.70569 89.2766 4
    endloop
  endfacet
  facet normal 0 0 1
    outer loop
      vertex 2.63192 0.241229 4
      vertex 0 4 4
      vertex 2.30953 0.374768 4
    endloop
  endfacet
  facet normal 0 0 1
    outer loop
      vertex 0 86 4
      vertex 1.70569 89.2766 4
      vertex 1.42885 89.0642 4
    endloop
  endfacet
  facet normal 0 0 1
    outer loop
      vertex 2.30953 0.374768 4
      vertex 0 4 4
      vertex 2 0.535898 4
    endloop
  endfacet
  facet normal 0 0 1
    outer loop
      vertex 0 86 4
      vertex 1.42885 89.0642 4
      vertex 1.17157 88.8284 4
    endloop
  endfacet
  facet normal 0 0 1
    outer loop
      vertex 2 0.535898 4
      vertex 0 4 4
      vertex 1.70569 0.723392 4
    endloop
  endfacet
  facet normal 0 0 1
    outer loop
      vertex 0 86 4
      vertex 1.17157 88.8284 4
      vertex 0.935822 88.5712 4
    endloop
  endfacet
  facet normal 0 0 1
    outer loop
      vertex 1.70569 0.723392 4
      vertex 0 4 4
      vertex 1.42885 0.935822 4
    endloop
  endfacet
  facet normal 0 0 1
    outer loop
      vertex 0 86 4
      vertex 0.935822 88.5712 4
      vertex 0.723392 88.2943 4
    endloop
  endfacet
  facet normal 0 0 1
    outer loop
      vertex 1.42885 0.935822 4
      vertex 0 4 4
      vertex 1.17157 1.17157 4
    endloop
  endfacet
  facet normal 0 0 1
    outer loop
      vertex 0 86 4
      vertex 0.723392 88.2943 4
      vertex 0.535898 88 4
    endloop
  endfacet
  facet normal 0 0 1
    outer loop
      vertex 1.17157 1.17157 4
      vertex 0 4 4
      vertex 0.935822 1.42885 4
    endloop
  endfacet
  facet normal 0 0 1
    outer loop
      vertex 0 86 4
      vertex 0.535898 88 4
      vertex 0.374768 87.6905 4
    endloop
  endfacet
  facet normal 0 0 1
    outer loop
      vertex 0.935822 1.42885 4
      vertex 0 4 4
      vertex 0.723392 1.70569 4
    endloop
  endfacet
  facet normal 0 0 1
    outer loop
      vertex 0 86 4
      vertex 0.374768 87.6905 4
      vertex 0.241229 87.3681 4
    endloop
  endfacet
  facet normal 0 0 1
    outer loop
      vertex 0.723392 1.70569 4
      vertex 0 4 4
      vertex 0.535898 2 4
    endloop
  endfacet
  facet normal 0 0 1
    outer loop
      vertex 0 86 4
      vertex 0.241229 87.3681 4
      vertex 0.136296 87.0353 4
    endloop
  endfacet
  facet normal 0 0 1
    outer loop
      vertex 0.535898 2 4
      vertex 0 4 4
      vertex 0.374768 2.30953 4
    endloop
  endfacet
  facet normal 0 0 1
    outer loop
      vertex 0 86 4
      vertex 0.136296 87.0353 4
      vertex 0.0607681 86.6946 4
    endloop
  endfacet
  facet normal 0 0 1
    outer loop
      vertex 0.374768 2.30953 4
      vertex 0 4 4
      vertex 0.241229 2.63192 4
    endloop
  endfacet
  facet normal 0 0 1
    outer loop
      vertex 0 86 4
      vertex 0.0607681 86.6946 4
      vertex 0.0152206 86.3486 4
    endloop
  endfacet
  facet normal 0 0 1
    outer loop
      vertex 0.241229 2.63192 4
      vertex 0 4 4
      vertex 0.136296 2.96472 4
    endloop
  endfacet
  facet normal 0 0 1
    outer loop
      vertex 0.136296 2.96472 4
      vertex 0 4 4
      vertex 0.0607681 3.30541 4
    endloop
  endfacet
  facet normal 0 0 1
    outer loop
      vertex 0.0607681 3.30541 4
      vertex 0 4 4
      vertex 0.0152206 3.65138 4
    endloop
  endfacet
  facet normal -0 0 1
    outer loop
      vertex 66.4958 44.9041 4
      vertex 79 35 4
      vertex 66.5 45 4
    endloop
  endfacet
  facet normal -0 0 1
    outer loop
      vertex 66.4833 44.809 4
      vertex 79 35 4
      vertex 66.4958 44.9041 4
    endloop
  endfacet
  facet normal -0 0 1
    outer loop
      vertex 66.4625 44.7153 4
      vertex 79 35 4
      vertex 66.4833 44.809 4
    endloop
  endfacet
  facet normal -0 0 1
    outer loop
      vertex 66.4337 44.6238 4
      vertex 79 35 4
      vertex 66.4625 44.7153 4
    endloop
  endfacet
  facet normal -0 0 1
    outer loop
      vertex 66.3969 44.5351 4
      vertex 79 35 4
      vertex 66.4337 44.6238 4
    endloop
  endfacet
  facet normal -0 0 1
    outer loop
      vertex 66.3526 44.45 4
      vertex 79 35 4
      vertex 66.3969 44.5351 4
    endloop
  endfacet
  facet normal -0 0 1
    outer loop
      vertex 66.3011 44.3691 4
      vertex 79 35 4
      vertex 66.3526 44.45 4
    endloop
  endfacet
  facet normal -0 0 1
    outer loop
      vertex 66.2426 44.2929 4
      vertex 79 35 4
      vertex 66.3011 44.3691 4
    endloop
  endfacet
  facet normal -0 0 1
    outer loop
      vertex 66.1778 44.2222 4
      vertex 79 35 4
      vertex 66.2426 44.2929 4
    endloop
  endfacet
  facet normal -0 0 1
    outer loop
      vertex 66.1071 44.1573 4
      vertex 79 35 4
      vertex 66.1778 44.2222 4
    endloop
  endfacet
  facet normal -0 0 1
    outer loop
      vertex 66.0309 44.0989 4
      vertex 79 35 4
      vertex 66.1071 44.1573 4
    endloop
  endfacet
  facet normal 0 0 1
    outer loop
      vertex 62.4 38.4 4
      vertex 66.0309 44.0989 4
      vertex 65.95 44.0474 4
    endloop
  endfacet
  facet normal 0 0 1
    outer loop
      vertex 62.4 38.4 4
      vertex 65.95 44.0474 4
      vertex 65.8649 44.0031 4
    endloop
  endfacet
  facet normal 0 0 1
    outer loop
      vertex 62.4 38.4 4
      vertex 65.8649 44.0031 4
      vertex 65.7762 43.9663 4
    endloop
  endfacet
  facet normal 0 0 1
    outer loop
      vertex 62.4 38.4 4
      vertex 65.7762 43.9663 4
      vertex 65.6847 43.9375 4
    endloop
  endfacet
  facet normal 0 0 1
    outer loop
      vertex 62.4 38.4 4
      vertex 65.6847 43.9375 4
      vertex 65.591 43.9167 4
    endloop
  endfacet
  facet normal 0 0 1
    outer loop
      vertex 62.4 38.4 4
      vertex 65.591 43.9167 4
      vertex 65.4959 43.9042 4
    endloop
  endfacet
  facet normal 0 0 1
    outer loop
      vertex 62.4 38.4 4
      vertex 65.4959 43.9042 4
      vertex 65.4 43.9 4
    endloop
  endfacet
  facet normal 0 0 1
    outer loop
      vertex 62.4 38.4 4
      vertex 65.4 43.9 4
      vertex 63 43.9 4
    endloop
  endfacet
  facet normal 0 0 1
    outer loop
      vertex 62.4 38.4 4
      vertex 63 43.9 4
      vertex 62.9041 43.9042 4
    endloop
  endfacet
  facet normal 0 0 1
    outer loop
      vertex 62.4 38.4 4
      vertex 62.9041 43.9042 4
      vertex 62.809 43.9167 4
    endloop
  endfacet
  facet normal 0 0 1
    outer loop
      vertex 62.4 38.4 4
      vertex 62.809 43.9167 4
      vertex 62.7153 43.9375 4
    endloop
  endfacet
  facet normal 0 0 1
    outer loop
      vertex 62.4 38.4 4
      vertex 62.7153 43.9375 4
      vertex 62.6238 43.9663 4
    endloop
  endfacet
  facet normal 0 0 1
    outer loop
      vertex 62.4 38.4 4
      vertex 62.6238 43.9663 4
      vertex 62.5351 44.0031 4
    endloop
  endfacet
  facet normal 0 0 1
    outer loop
      vertex 62.4 38.4 4
      vertex 62.5351 44.0031 4
      vertex 62.45 44.0474 4
    endloop
  endfacet
  facet normal 0 0 1
    outer loop
      vertex 62.4 38.4 4
      vertex 62.45 44.0474 4
      vertex 62.4 44.0792 4
    endloop
  endfacet
  facet normal 0 0 1
    outer loop
      vertex 66.0309 44.0989 4
      vertex 62.4 38.4 4
      vertex 79 35 4
    endloop
  endfacet
  facet normal 0 0 1
    outer loop
      vertex 79 35 4
      vertex 62.4 38.4 4
      vertex 62.4 35 4
    endloop
  endfacet
  facet normal 0 0 1
    outer loop
      vertex 34.75 45.9526 4
      vertex 39 51.6 4
      vertex 39 55 4
    endloop
  endfacet
  facet normal 0 0 1
    outer loop
      vertex 39 51.6 4
      vertex 38.8 45 4
      vertex 39 38.4 4
    endloop
  endfacet
  facet normal -0 0 1
    outer loop
      vertex 38.7958 44.9041 4
      vertex 39 38.4 4
      vertex 38.8 45 4
    endloop
  endfacet
  facet normal 0 0 1
    outer loop
      vertex 39 51.6 4
      vertex 38.7958 45.0959 4
      vertex 38.8 45 4
    endloop
  endfacet
  facet normal 0 0 1
    outer loop
      vertex 39 51.6 4
      vertex 38.7833 45.191 4
      vertex 38.7958 45.0959 4
    endloop
  endfacet
  facet normal 0 0 1
    outer loop
      vertex 39 51.6 4
      vertex 38.7625 45.2847 4
      vertex 38.7833 45.191 4
    endloop
  endfacet
  facet normal 0 0 1
    outer loop
      vertex 39 51.6 4
      vertex 38.7337 45.3762 4
      vertex 38.7625 45.2847 4
    endloop
  endfacet
  facet normal 0 0 1
    outer loop
      vertex 39 51.6 4
      vertex 38.6969 45.4649 4
      vertex 38.7337 45.3762 4
    endloop
  endfacet
  facet normal 0 0 1
    outer loop
      vertex 39 51.6 4
      vertex 38.6526 45.55 4
      vertex 38.6969 45.4649 4
    endloop
  endfacet
  facet normal 0 0 1
    outer loop
      vertex 39 51.6 4
      vertex 38.6011 45.6309 4
      vertex 38.6526 45.55 4
    endloop
  endfacet
  facet normal 0 0 1
    outer loop
      vertex 39 51.6 4
      vertex 38.5426 45.7071 4
      vertex 38.6011 45.6309 4
    endloop
  endfacet
  facet normal 0 0 1
    outer loop
      vertex 39 51.6 4
      vertex 38.4778 45.7778 4
      vertex 38.5426 45.7071 4
    endloop
  endfacet
  facet normal 0 0 1
    outer loop
      vertex 39 51.6 4
      vertex 38.4071 45.8426 4
      vertex 38.4778 45.7778 4
    endloop
  endfacet
  facet normal 0 0 1
    outer loop
      vertex 39 51.6 4
      vertex 38.3309 45.9011 4
      vertex 38.4071 45.8426 4
    endloop
  endfacet
  facet normal 0 0 1
    outer loop
      vertex 39 51.6 4
      vertex 38.25 45.9526 4
      vertex 38.3309 45.9011 4
    endloop
  endfacet
  facet normal 0 0 1
    outer loop
      vertex 39 51.6 4
      vertex 38.1649 45.9969 4
      vertex 38.25 45.9526 4
    endloop
  endfacet
  facet normal 0 0 1
    outer loop
      vertex 39 51.6 4
      vertex 38.0762 46.0337 4
      vertex 38.1649 45.9969 4
    endloop
  endfacet
  facet normal 0 0 1
    outer loop
      vertex 39 51.6 4
      vertex 37.9847 46.0625 4
      vertex 38.0762 46.0337 4
    endloop
  endfacet
  facet normal 0 0 1
    outer loop
      vertex 39 51.6 4
      vertex 37.891 46.0833 4
      vertex 37.9847 46.0625 4
    endloop
  endfacet
  facet normal 0 0 1
    outer loop
      vertex 39 51.6 4
      vertex 37.7959 46.0958 4
      vertex 37.891 46.0833 4
    endloop
  endfacet
  facet normal 0 0 1
    outer loop
      vertex 39 51.6 4
      vertex 37.7 46.1 4
      vertex 37.7959 46.0958 4
    endloop
  endfacet
  facet normal 0 0 1
    outer loop
      vertex 39 51.6 4
      vertex 35.3 46.1 4
      vertex 37.7 46.1 4
    endloop
  endfacet
  facet normal 0 0 1
    outer loop
      vertex 39 51.6 4
      vertex 35.2041 46.0958 4
      vertex 35.3 46.1 4
    endloop
  endfacet
  facet normal 0 0 1
    outer loop
      vertex 39 51.6 4
      vertex 35.109 46.0833 4
      vertex 35.2041 46.0958 4
    endloop
  endfacet
  facet normal 0 0 1
    outer loop
      vertex 39 51.6 4
      vertex 35.0153 46.0625 4
      vertex 35.109 46.0833 4
    endloop
  endfacet
  facet normal 0 0 1
    outer loop
      vertex 39 51.6 4
      vertex 34.9238 46.0337 4
      vertex 35.0153 46.0625 4
    endloop
  endfacet
  facet normal 0 0 1
    outer loop
      vertex 39 51.6 4
      vertex 34.8351 45.9969 4
      vertex 34.9238 46.0337 4
    endloop
  endfacet
  facet normal 0 0 1
    outer loop
      vertex 39 51.6 4
      vertex 34.75 45.9526 4
      vertex 34.8351 45.9969 4
    endloop
  endfacet
  facet normal 0 0 1
    outer loop
      vertex 39 55 4
      vertex 34.6691 45.9011 4
      vertex 34.75 45.9526 4
    endloop
  endfacet
  facet normal 0 0 1
    outer loop
      vertex 39 55 4
      vertex 34.5929 45.8426 4
      vertex 34.6691 45.9011 4
    endloop
  endfacet
  facet normal 0 0 1
    outer loop
      vertex 39 55 4
      vertex 34.5222 45.7778 4
      vertex 34.5929 45.8426 4
    endloop
  endfacet
  facet normal -0 0 1
    outer loop
      vertex 11 55 4
      vertex 34.5222 45.7778 4
      vertex 39 55 4
    endloop
  endfacet
  facet normal 0 0 1
    outer loop
      vertex 34.5222 45.7778 4
      vertex 11 55 4
      vertex 34.4574 45.7071 4
    endloop
  endfacet
  facet normal 0 0 1
    outer loop
      vertex 34.4574 45.7071 4
      vertex 11 55 4
      vertex 34.3989 45.6309 4
    endloop
  endfacet
  facet normal 0 0 1
    outer loop
      vertex 34.3989 45.6309 4
      vertex 11 55 4
      vertex 34.3474 45.55 4
    endloop
  endfacet
  facet normal 0 0 1
    outer loop
      vertex 34.2042 45.0959 4
      vertex 11 55 4
      vertex 34.2 45 4
    endloop
  endfacet
  facet normal 0 0 1
    outer loop
      vertex 34.2167 45.191 4
      vertex 11 55 4
      vertex 34.2042 45.0959 4
    endloop
  endfacet
  facet normal 0 0 1
    outer loop
      vertex 34.2375 45.2847 4
      vertex 11 55 4
      vertex 34.2167 45.191 4
    endloop
  endfacet
  facet normal 0 0 1
    outer loop
      vertex 34.2663 45.3762 4
      vertex 11 55 4
      vertex 34.2375 45.2847 4
    endloop
  endfacet
  facet normal 0 0 1
    outer loop
      vertex 34.3031 45.4649 4
      vertex 11 55 4
      vertex 34.2663 45.3762 4
    endloop
  endfacet
  facet normal 0 0 1
    outer loop
      vertex 34.3474 45.55 4
      vertex 11 55 4
      vertex 34.3031 45.4649 4
    endloop
  endfacet
  facet normal -0 0 1
    outer loop
      vertex 38.7833 44.809 4
      vertex 39 38.4 4
      vertex 38.7958 44.9041 4
    endloop
  endfacet
  facet normal -0 0 1
    outer loop
      vertex 38.7625 44.7153 4
      vertex 39 38.4 4
      vertex 38.7833 44.809 4
    endloop
  endfacet
  facet normal -0 0 1
    outer loop
      vertex 38.7337 44.6238 4
      vertex 39 38.4 4
      vertex 38.7625 44.7153 4
    endloop
  endfacet
  facet normal -0 0 1
    outer loop
      vertex 38.6969 44.5351 4
      vertex 39 38.4 4
      vertex 38.7337 44.6238 4
    endloop
  endfacet
  facet normal -0 0 1
    outer loop
      vertex 38.6526 44.45 4
      vertex 39 38.4 4
      vertex 38.6969 44.5351 4
    endloop
  endfacet
  facet normal -0 0 1
    outer loop
      vertex 38.6011 44.3691 4
      vertex 39 38.4 4
      vertex 38.6526 44.45 4
    endloop
  endfacet
  facet normal -0 0 1
    outer loop
      vertex 38.5426 44.2929 4
      vertex 39 38.4 4
      vertex 38.6011 44.3691 4
    endloop
  endfacet
  facet normal -0 0 1
    outer loop
      vertex 38.4778 44.2222 4
      vertex 39 38.4 4
      vertex 38.5426 44.2929 4
    endloop
  endfacet
  facet normal -0 0 1
    outer loop
      vertex 38.4071 44.1573 4
      vertex 39 38.4 4
      vertex 38.4778 44.2222 4
    endloop
  endfacet
  facet normal -0 0 1
    outer loop
      vertex 38.3309 44.0989 4
      vertex 39 38.4 4
      vertex 38.4071 44.1573 4
    endloop
  endfacet
  facet normal -0 0 1
    outer loop
      vertex 38.25 44.0474 4
      vertex 39 38.4 4
      vertex 38.3309 44.0989 4
    endloop
  endfacet
  facet normal -0 0 1
    outer loop
      vertex 38.1649 44.0031 4
      vertex 39 38.4 4
      vertex 38.25 44.0474 4
    endloop
  endfacet
  facet normal -0 0 1
    outer loop
      vertex 38.0762 43.9663 4
      vertex 39 38.4 4
      vertex 38.1649 44.0031 4
    endloop
  endfacet
  facet normal -0 0 1
    outer loop
      vertex 37.9847 43.9375 4
      vertex 39 38.4 4
      vertex 38.0762 43.9663 4
    endloop
  endfacet
  facet normal -0 0 1
    outer loop
      vertex 37.891 43.9167 4
      vertex 39 38.4 4
      vertex 37.9847 43.9375 4
    endloop
  endfacet
  facet normal -0 0 1
    outer loop
      vertex 37.7959 43.9042 4
      vertex 39 38.4 4
      vertex 37.891 43.9167 4
    endloop
  endfacet
  facet normal -0 0 1
    outer loop
      vertex 37.7 43.9 4
      vertex 39 38.4 4
      vertex 37.7959 43.9042 4
    endloop
  endfacet
  facet normal -0 0 1
    outer loop
      vertex 35.3 43.9 4
      vertex 39 38.4 4
      vertex 37.7 43.9 4
    endloop
  endfacet
  facet normal 0 0 1
    outer loop
      vertex 35.2041 43.9042 4
      vertex 39 38.4 4
      vertex 35.3 43.9 4
    endloop
  endfacet
  facet normal 0 0 1
    outer loop
      vertex 35.109 43.9167 4
      vertex 39 38.4 4
      vertex 35.2041 43.9042 4
    endloop
  endfacet
  facet normal 0 0 1
    outer loop
      vertex 35.0153 43.9375 4
      vertex 39 38.4 4
      vertex 35.109 43.9167 4
    endloop
  endfacet
  facet normal 0 0 1
    outer loop
      vertex 34.9238 43.9663 4
      vertex 39 38.4 4
      vertex 35.0153 43.9375 4
    endloop
  endfacet
  facet normal 0 0 1
    outer loop
      vertex 34.8351 44.0031 4
      vertex 39 38.4 4
      vertex 34.9238 43.9663 4
    endloop
  endfacet
  facet normal 0 0 1
    outer loop
      vertex 34.75 44.0474 4
      vertex 39 38.4 4
      vertex 34.8351 44.0031 4
    endloop
  endfacet
  facet normal 0 0 1
    outer loop
      vertex 39 38.4 4
      vertex 34.75 44.0474 4
      vertex 39 35 4
    endloop
  endfacet
  facet normal 0 0 1
    outer loop
      vertex 34.6691 44.0989 4
      vertex 39 35 4
      vertex 34.75 44.0474 4
    endloop
  endfacet
  facet normal 0 0 1
    outer loop
      vertex 34.5929 44.1573 4
      vertex 39 35 4
      vertex 34.6691 44.0989 4
    endloop
  endfacet
  facet normal 0 0 1
    outer loop
      vertex 34.5222 44.2222 4
      vertex 39 35 4
      vertex 34.5929 44.1573 4
    endloop
  endfacet
  facet normal 0 0 1
    outer loop
      vertex 11 35 4
      vertex 34.5222 44.2222 4
      vertex 34.4574 44.2929 4
    endloop
  endfacet
  facet normal 0 0 1
    outer loop
      vertex 11 35 4
      vertex 34.4574 44.2929 4
      vertex 34.3989 44.3691 4
    endloop
  endfacet
  facet normal 0 0 1
    outer loop
      vertex 11 35 4
      vertex 34.3989 44.3691 4
      vertex 34.3474 44.45 4
    endloop
  endfacet
  facet normal 0 0 1
    outer loop
      vertex 11 35 4
      vertex 34.3474 44.45 4
      vertex 34.3031 44.5351 4
    endloop
  endfacet
  facet normal 0 0 1
    outer loop
      vertex 11 35 4
      vertex 34.2 45 4
      vertex 11 55 4
    endloop
  endfacet
  facet normal 0 0 1
    outer loop
      vertex 34.2 45 4
      vertex 11 35 4
      vertex 34.2042 44.9041 4
    endloop
  endfacet
  facet normal 0 0 1
    outer loop
      vertex 34.2042 44.9041 4
      vertex 11 35 4
      vertex 34.2167 44.809 4
    endloop
  endfacet
  facet normal 0 0 1
    outer loop
      vertex 34.2167 44.809 4
      vertex 11 35 4
      vertex 34.2375 44.7153 4
    endloop
  endfacet
  facet normal 0 0 1
    outer loop
      vertex 34.2375 44.7153 4
      vertex 11 35 4
      vertex 34.2663 44.6238 4
    endloop
  endfacet
  facet normal 0 0 1
    outer loop
      vertex 34.2663 44.6238 4
      vertex 11 35 4
      vertex 34.3031 44.5351 4
    endloop
  endfacet
  facet normal 0 0 1
    outer loop
      vertex 34.5222 44.2222 4
      vertex 11 35 4
      vertex 39 35 4
    endloop
  endfacet
  facet normal 0.382824 0.923821 -0
    outer loop
      vertex 87.6905 89.6252 0
      vertex 87.3681 89.7588 4
      vertex 87.6905 89.6252 4
    endloop
  endfacet
  facet normal 0.382824 0.923821 0
    outer loop
      vertex 87.3681 89.7588 4
      vertex 87.6905 89.6252 0
      vertex 87.3681 89.7588 0
    endloop
  endfacet
  facet normal -0.216436 -0.976297 0
    outer loop
      vertex 2.96472 0.136296 0
      vertex 3.30541 0.0607681 4
      vertex 2.96472 0.136296 4
    endloop
  endfacet
  facet normal -0.216436 -0.976297 -0
    outer loop
      vertex 3.30541 0.0607681 4
      vertex 2.96472 0.136296 0
      vertex 3.30541 0.0607681 0
    endloop
  endfacet
  facet normal -0.608767 -0.793349 0
    outer loop
      vertex 1.42885 0.935822 0
      vertex 1.70569 0.723392 4
      vertex 1.42885 0.935822 4
    endloop
  endfacet
  facet normal -0.608767 -0.793349 -0
    outer loop
      vertex 1.70569 0.723392 4
      vertex 1.42885 0.935822 0
      vertex 1.70569 0.723392 0
    endloop
  endfacet
  facet normal -0 0 -1
    outer loop
      vertex 11.7019 12.0716 0
      vertex 8.97508 9.39256 0
      vertex 11.5425 12.2793 0
    endloop
  endfacet
  facet normal 0 0 -1
    outer loop
      vertex 11 55 0
      vertex 9.69353 81.8518 0
      vertex 9.7 82 0
    endloop
  endfacet
  facet normal 0 0 -1
    outer loop
      vertex 8.85 9.47224 0
      vertex 11.5425 12.2793 0
      vertex 8.97508 9.39256 0
    endloop
  endfacet
  facet normal 0 0 -1
    outer loop
      vertex 11 55 0
      vertex 9.67417 81.7048 0
      vertex 9.69353 81.8518 0
    endloop
  endfacet
  facet normal -0 0 -1
    outer loop
      vertex 11.5425 12.2793 0
      vertex 8.85 9.47224 0
      vertex 11.4019 12.5 0
    endloop
  endfacet
  facet normal 0 0 -1
    outer loop
      vertex 11 55 0
      vertex 9.64207 81.56 0
      vertex 9.67417 81.7048 0
    endloop
  endfacet
  facet normal 0 0 -1
    outer loop
      vertex 8.71845 9.54072 0
      vertex 11.4019 12.5 0
      vertex 8.85 9.47224 0
    endloop
  endfacet
  facet normal 0 0 -1
    outer loop
      vertex 11 55 0
      vertex 9.59748 81.4186 0
      vertex 9.64207 81.56 0
    endloop
  endfacet
  facet normal 0 0 -1
    outer loop
      vertex 8.58143 9.59748 0
      vertex 11.4019 12.5 0
      vertex 8.71845 9.54072 0
    endloop
  endfacet
  facet normal 0 0 -1
    outer loop
      vertex 11 55 0
      vertex 9.54072 81.2815 0
      vertex 9.59748 81.4186 0
    endloop
  endfacet
  facet normal -0 0 -1
    outer loop
      vertex 11.4019 12.5 0
      vertex 8.58143 9.59748 0
      vertex 11.2811 12.7321 0
    endloop
  endfacet
  facet normal 0 0 -1
    outer loop
      vertex 11 55 0
      vertex 9.47224 81.15 0
      vertex 9.54072 81.2815 0
    endloop
  endfacet
  facet normal 0 0 -1
    outer loop
      vertex 8.43999 9.64207 0
      vertex 11.2811 12.7321 0
      vertex 8.58143 9.59748 0
    endloop
  endfacet
  facet normal 0 0 -1
    outer loop
      vertex 11 55 0
      vertex 9.39256 81.0249 0
      vertex 9.47224 81.15 0
    endloop
  endfacet
  facet normal -0 0 -1
    outer loop
      vertex 11.2811 12.7321 0
      vertex 8.43999 9.64207 0
      vertex 11.1809 12.9739 0
    endloop
  endfacet
  facet normal 0 0 -1
    outer loop
      vertex 11 55 0
      vertex 9.30227 80.9073 0
      vertex 9.39256 81.0249 0
    endloop
  endfacet
  facet normal 0 0 -1
    outer loop
      vertex 8.2952 9.67417 0
      vertex 11.1809 12.9739 0
      vertex 8.43999 9.64207 0
    endloop
  endfacet
  facet normal 0 0 -1
    outer loop
      vertex 11 55 0
      vertex 9.20208 80.7979 0
      vertex 9.30227 80.9073 0
    endloop
  endfacet
  facet normal -0 0 -1
    outer loop
      vertex 11.1809 12.9739 0
      vertex 8.2952 9.67417 0
      vertex 11.1022 13.2235 0
    endloop
  endfacet
  facet normal 0 0 -1
    outer loop
      vertex 11 55 0
      vertex 9.09274 80.6977 0
      vertex 9.20208 80.7979 0
    endloop
  endfacet
  facet normal 0 0 -1
    outer loop
      vertex 8.14816 9.69353 0
      vertex 11.1022 13.2235 0
      vertex 8.2952 9.67417 0
    endloop
  endfacet
  facet normal 0 0 -1
    outer loop
      vertex 11 55 0
      vertex 8.97508 80.6074 0
      vertex 9.09274 80.6977 0
    endloop
  endfacet
  facet normal 0 0 -1
    outer loop
      vertex 8 9.7 0
      vertex 11.1022 13.2235 0
      vertex 8.14816 9.69353 0
    endloop
  endfacet
  facet normal 0 0 -1
    outer loop
      vertex 11 55 0
      vertex 8.85 80.5278 0
      vertex 8.97508 80.6074 0
    endloop
  endfacet
  facet normal -0 0 -1
    outer loop
      vertex 11.1022 13.2235 0
      vertex 8 9.7 0
      vertex 11.0456 13.4791 0
    endloop
  endfacet
  facet normal 0 0 -1
    outer loop
      vertex 11 55 0
      vertex 8.71845 80.4593 0
      vertex 8.85 80.5278 0
    endloop
  endfacet
  facet normal 0 0 -1
    outer loop
      vertex 7.85183 9.69353 0
      vertex 11.0456 13.4791 0
      vertex 8 9.7 0
    endloop
  endfacet
  facet normal 0 0 -1
    outer loop
      vertex 11 55 0
      vertex 8.58143 80.4025 0
      vertex 8.71845 80.4593 0
    endloop
  endfacet
  facet normal -0 0 -1
    outer loop
      vertex 11.0456 13.4791 0
      vertex 7.85183 9.69353 0
      vertex 11.0114 13.7385 0
    endloop
  endfacet
  facet normal 0 0 -1
    outer loop
      vertex 11 55 0
      vertex 8.43999 80.3579 0
      vertex 8.58143 80.4025 0
    endloop
  endfacet
  facet normal 0 0 -1
    outer loop
      vertex 7.7048 9.67417 0
      vertex 11.0114 13.7385 0
      vertex 7.85183 9.69353 0
    endloop
  endfacet
  facet normal 0 0 -1
    outer loop
      vertex 11 55 0
      vertex 8.2952 80.3258 0
      vertex 8.43999 80.3579 0
    endloop
  endfacet
  facet normal -0 0 -1
    outer loop
      vertex 11.0114 13.7385 0
      vertex 7.7048 9.67417 0
      vertex 11 14 0
    endloop
  endfacet
  facet normal 0 0 -1
    outer loop
      vertex 11 55 0
      vertex 8.14816 80.3065 0
      vertex 8.2952 80.3258 0
    endloop
  endfacet
  facet normal 0 0 -1
    outer loop
      vertex 7.56001 9.64207 0
      vertex 11 14 0
      vertex 7.7048 9.67417 0
    endloop
  endfacet
  facet normal 0 0 -1
    outer loop
      vertex 11 55 0
      vertex 8 80.3 0
      vertex 8.14816 80.3065 0
    endloop
  endfacet
  facet normal 0 0 -1
    outer loop
      vertex 7.41857 9.59748 0
      vertex 11 14 0
      vertex 7.56001 9.64207 0
    endloop
  endfacet
  facet normal 0 0 -1
    outer loop
      vertex 11 55 0
      vertex 7.85183 80.3065 0
      vertex 8 80.3 0
    endloop
  endfacet
  facet normal 0 0 -1
    outer loop
      vertex 7.28155 9.54072 0
      vertex 11 14 0
      vertex 7.41857 9.59748 0
    endloop
  endfacet
  facet normal 0 0 -1
    outer loop
      vertex 11 55 0
      vertex 7.7048 80.3258 0
      vertex 7.85183 80.3065 0
    endloop
  endfacet
  facet normal 0 0 -1
    outer loop
      vertex 7.15 9.47224 0
      vertex 11 14 0
      vertex 7.28155 9.54072 0
    endloop
  endfacet
  facet normal 0 0 -1
    outer loop
      vertex 11 55 0
      vertex 7.56001 80.3579 0
      vertex 7.7048 80.3258 0
    endloop
  endfacet
  facet normal 0 0 -1
    outer loop
      vertex 7.02492 9.39256 0
      vertex 11 14 0
      vertex 7.15 9.47224 0
    endloop
  endfacet
  facet normal 0 0 -1
    outer loop
      vertex 11 55 0
      vertex 7.41857 80.4025 0
      vertex 7.56001 80.3579 0
    endloop
  endfacet
  facet normal 0 0 -1
    outer loop
      vertex 6.90726 9.30227 0
      vertex 11 14 0
      vertex 7.02492 9.39256 0
    endloop
  endfacet
  facet normal 0 0 -1
    outer loop
      vertex 11 55 0
      vertex 7.28155 80.4593 0
      vertex 7.41857 80.4025 0
    endloop
  endfacet
  facet normal -0 0 -1
    outer loop
      vertex 11 14 0
      vertex 6.90726 9.30227 0
      vertex 11 35 0
    endloop
  endfacet
  facet normal 0 0 -1
    outer loop
      vertex 11 55 0
      vertex 7.15 80.5278 0
      vertex 7.28155 80.4593 0
    endloop
  endfacet
  facet normal 0 0 -1
    outer loop
      vertex 6.79792 9.20208 0
      vertex 11 35 0
      vertex 6.90726 9.30227 0
    endloop
  endfacet
  facet normal 0 0 -1
    outer loop
      vertex 11 55 0
      vertex 7.02492 80.6074 0
      vertex 7.15 80.5278 0
    endloop
  endfacet
  facet normal 0 0 -1
    outer loop
      vertex 0 4 0
      vertex 11 35 0
      vertex 6.79792 9.20208 0
    endloop
  endfacet
  facet normal 0 0 -1
    outer loop
      vertex 11 55 0
      vertex 6.90726 80.6977 0
      vertex 7.02492 80.6074 0
    endloop
  endfacet
  facet normal -0 0 -1
    outer loop
      vertex 11 35 0
      vertex 0 4 0
      vertex 11 55 0
    endloop
  endfacet
  facet normal 0 0 -1
    outer loop
      vertex 11 55 0
      vertex 6.79792 80.7979 0
      vertex 6.90726 80.6977 0
    endloop
  endfacet
  facet normal 0 0 -1
    outer loop
      vertex 0 4 0
      vertex 6.79792 9.20208 0
      vertex 6.69772 9.09274 0
    endloop
  endfacet
  facet normal 0 0 -1
    outer loop
      vertex 0 86 0
      vertex 11 55 0
      vertex 0 4 0
    endloop
  endfacet
  facet normal 0 0 -1
    outer loop
      vertex 0 4 0
      vertex 6.69772 9.09274 0
      vertex 6.60744 8.97508 0
    endloop
  endfacet
  facet normal 0 0 -1
    outer loop
      vertex 11 55 0
      vertex 0 86 0
      vertex 6.79792 80.7979 0
    endloop
  endfacet
  facet normal 0 0 -1
    outer loop
      vertex 0 4 0
      vertex 6.60744 8.97508 0
      vertex 6.52776 8.85 0
    endloop
  endfacet
  facet normal 0 0 -1
    outer loop
      vertex 6.79792 80.7979 0
      vertex 0 86 0
      vertex 6.69772 80.9073 0
    endloop
  endfacet
  facet normal 0 0 -1
    outer loop
      vertex 0 4 0
      vertex 6.52776 8.85 0
      vertex 6.45928 8.71845 0
    endloop
  endfacet
  facet normal 0 0 -1
    outer loop
      vertex 6.69772 80.9073 0
      vertex 0 86 0
      vertex 6.60744 81.0249 0
    endloop
  endfacet
  facet normal 0 0 -1
    outer loop
      vertex 0 4 0
      vertex 6.45928 8.71845 0
      vertex 6.40252 8.58143 0
    endloop
  endfacet
  facet normal 0 0 -1
    outer loop
      vertex 6.60744 81.0249 0
      vertex 0 86 0
      vertex 6.52776 81.15 0
    endloop
  endfacet
  facet normal 0 0 -1
    outer loop
      vertex 0 4 0
      vertex 6.40252 8.58143 0
      vertex 6.35793 8.43999 0
    endloop
  endfacet
  facet normal 0 0 -1
    outer loop
      vertex 6.52776 81.15 0
      vertex 0 86 0
      vertex 6.45928 81.2815 0
    endloop
  endfacet
  facet normal 0 0 -1
    outer loop
      vertex 0 4 0
      vertex 6.35793 8.43999 0
      vertex 6.32583 8.2952 0
    endloop
  endfacet
  facet normal 0 0 -1
    outer loop
      vertex 6.45928 81.2815 0
      vertex 0 86 0
      vertex 6.40252 81.4186 0
    endloop
  endfacet
  facet normal 0 0 -1
    outer loop
      vertex 0 4 0
      vertex 6.32583 8.2952 0
      vertex 6.30647 8.14816 0
    endloop
  endfacet
  facet normal 0 0 -1
    outer loop
      vertex 6.40252 81.4186 0
      vertex 0 86 0
      vertex 6.35793 81.56 0
    endloop
  endfacet
  facet normal 0 0 -1
    outer loop
      vertex 0 4 0
      vertex 6.30647 8.14816 0
      vertex 6.3 8 0
    endloop
  endfacet
  facet normal 0 0 -1
    outer loop
      vertex 6.35793 81.56 0
      vertex 0 86 0
      vertex 6.32583 81.7048 0
    endloop
  endfacet
  facet normal 0 0 -1
    outer loop
      vertex 79 35 0
      vertex 66.5 45 0
      vertex 79 55 0
    endloop
  endfacet
  facet normal 0 0 -1
    outer loop
      vertex 79 35 0
      vertex 66.4958 44.9041 0
      vertex 66.5 45 0
    endloop
  endfacet
  facet normal 0 0 -1
    outer loop
      vertex 79 35 0
      vertex 66.4833 44.809 0
      vertex 66.4958 44.9041 0
    endloop
  endfacet
  facet normal 0 0 -1
    outer loop
      vertex 79 35 0
      vertex 66.4625 44.7153 0
      vertex 66.4833 44.809 0
    endloop
  endfacet
  facet normal 0 0 -1
    outer loop
      vertex 79 35 0
      vertex 66.4337 44.6238 0
      vertex 66.4625 44.7153 0
    endloop
  endfacet
  facet normal 0 0 -1
    outer loop
      vertex 79 35 0
      vertex 66.3969 44.5351 0
      vertex 66.4337 44.6238 0
    endloop
  endfacet
  facet normal 0 0 -1
    outer loop
      vertex 79 35 0
      vertex 66.3526 44.45 0
      vertex 66.3969 44.5351 0
    endloop
  endfacet
  facet normal 0 0 -1
    outer loop
      vertex 79 35 0
      vertex 66.3011 44.3691 0
      vertex 66.3526 44.45 0
    endloop
  endfacet
  facet normal 0 0 -1
    outer loop
      vertex 79 35 0
      vertex 66.2426 44.2929 0
      vertex 66.3011 44.3691 0
    endloop
  endfacet
  facet normal 0 0 -1
    outer loop
      vertex 79 35 0
      vertex 66.1778 44.2222 0
      vertex 66.2426 44.2929 0
    endloop
  endfacet
  facet normal 0 0 -1
    outer loop
      vertex 79 35 0
      vertex 66.1071 44.1573 0
      vertex 66.1778 44.2222 0
    endloop
  endfacet
  facet normal 0 0 -1
    outer loop
      vertex 79 35 0
      vertex 66.0309 44.0989 0
      vertex 66.1071 44.1573 0
    endloop
  endfacet
  facet normal 0 0 -1
    outer loop
      vertex 62.4 38.4 0
      vertex 66.0309 44.0989 0
      vertex 79 35 0
    endloop
  endfacet
  facet normal 0 0 -1
    outer loop
      vertex 66.0309 44.0989 0
      vertex 62.4 38.4 0
      vertex 65.95 44.0474 0
    endloop
  endfacet
  facet normal 0 0 -1
    outer loop
      vertex 65.95 44.0474 0
      vertex 62.4 38.4 0
      vertex 65.8649 44.0031 0
    endloop
  endfacet
  facet normal 0 0 -1
    outer loop
      vertex 65.8649 44.0031 0
      vertex 62.4 38.4 0
      vertex 65.7762 43.9663 0
    endloop
  endfacet
  facet normal 0 0 -1
    outer loop
      vertex 65.7762 43.9663 0
      vertex 62.4 38.4 0
      vertex 65.6847 43.9375 0
    endloop
  endfacet
  facet normal 0 0 -1
    outer loop
      vertex 65.6847 43.9375 0
      vertex 62.4 38.4 0
      vertex 65.591 43.9167 0
    endloop
  endfacet
  facet normal 0 0 -1
    outer loop
      vertex 65.591 43.9167 0
      vertex 62.4 38.4 0
      vertex 65.4959 43.9042 0
    endloop
  endfacet
  facet normal 0 0 -1
    outer loop
      vertex 65.4959 43.9042 0
      vertex 62.4 38.4 0
      vertex 65.4 43.9 0
    endloop
  endfacet
  facet normal -0 0 -1
    outer loop
      vertex 65.4 43.9 0
      vertex 62.4 38.4 0
      vertex 63 43.9 0
    endloop
  endfacet
  facet normal -0 0 -1
    outer loop
      vertex 63 43.9 0
      vertex 62.4 38.4 0
      vertex 62.9041 43.9042 0
    endloop
  endfacet
  facet normal -0 0 -1
    outer loop
      vertex 62.9041 43.9042 0
      vertex 62.4 38.4 0
      vertex 62.809 43.9167 0
    endloop
  endfacet
  facet normal -0 0 -1
    outer loop
      vertex 62.809 43.9167 0
      vertex 62.4 38.4 0
      vertex 62.7153 43.9375 0
    endloop
  endfacet
  facet normal -0 0 -1
    outer loop
      vertex 62.7153 43.9375 0
      vertex 62.4 38.4 0
      vertex 62.6238 43.9663 0
    endloop
  endfacet
  facet normal -0 0 -1
    outer loop
      vertex 62.6238 43.9663 0
      vertex 62.4 38.4 0
      vertex 62.5351 44.0031 0
    endloop
  endfacet
  facet normal 0 0 -1
    outer loop
      vertex 62.4 38.4 0
      vertex 79 35 0
      vertex 62.4 35 0
    endloop
  endfacet
  facet normal -0 0 -1
    outer loop
      vertex 62.5351 44.0031 0
      vertex 62.4 38.4 0
      vertex 62.45 44.0474 0
    endloop
  endfacet
  facet normal -0 0 -1
    outer loop
      vertex 62.45 44.0474 0
      vertex 62.4 38.4 0
      vertex 62.4 44.0792 0
    endloop
  endfacet
  facet normal 0 0 -1
    outer loop
      vertex 83.6421 8.43999 0
      vertex 90 4 0
      vertex 83.6742 8.2952 0
    endloop
  endfacet
  facet normal 0 0 -1
    outer loop
      vertex 90 86 0
      vertex 83.6935 81.8518 0
      vertex 83.7 82 0
    endloop
  endfacet
  facet normal 0 0 -1
    outer loop
      vertex 83.5975 8.58143 0
      vertex 90 4 0
      vertex 83.6421 8.43999 0
    endloop
  endfacet
  facet normal 0 0 -1
    outer loop
      vertex 90 86 0
      vertex 83.6742 81.7048 0
      vertex 83.6935 81.8518 0
    endloop
  endfacet
  facet normal 0 0 -1
    outer loop
      vertex 90 4 0
      vertex 79 35 0
      vertex 90 86 0
    endloop
  endfacet
  facet normal 0 0 -1
    outer loop
      vertex 90 86 0
      vertex 83.6421 81.56 0
      vertex 83.6742 81.7048 0
    endloop
  endfacet
  facet normal 0 0 -1
    outer loop
      vertex 83.5407 8.71845 0
      vertex 90 4 0
      vertex 83.5975 8.58143 0
    endloop
  endfacet
  facet normal 0 0 -1
    outer loop
      vertex 79 55 0
      vertex 90 86 0
      vertex 79 35 0
    endloop
  endfacet
  facet normal 0 0 -1
    outer loop
      vertex 83.4722 8.85 0
      vertex 90 4 0
      vertex 83.5407 8.71845 0
    endloop
  endfacet
  facet normal 0 -0 -1
    outer loop
      vertex 83.3023 80.9073 0
      vertex 90 86 0
      vertex 79 55 0
    endloop
  endfacet
  facet normal 0 0 -1
    outer loop
      vertex 83.3926 8.97508 0
      vertex 90 4 0
      vertex 83.4722 8.85 0
    endloop
  endfacet
  facet normal 0 0 -1
    outer loop
      vertex 90 86 0
      vertex 83.5975 81.4186 0
      vertex 83.6421 81.56 0
    endloop
  endfacet
  facet normal 0 0 -1
    outer loop
      vertex 83.3023 9.09274 0
      vertex 90 4 0
      vertex 83.3926 8.97508 0
    endloop
  endfacet
  facet normal 0 0 -1
    outer loop
      vertex 90 86 0
      vertex 83.5407 81.2815 0
      vertex 83.5975 81.4186 0
    endloop
  endfacet
  facet normal 0 0 -1
    outer loop
      vertex 90 4 0
      vertex 83.3023 9.09274 0
      vertex 79 35 0
    endloop
  endfacet
  facet normal 0 0 -1
    outer loop
      vertex 90 86 0
      vertex 83.4722 81.15 0
      vertex 83.5407 81.2815 0
    endloop
  endfacet
  facet normal 0 0 -1
    outer loop
      vertex 79 35 0
      vertex 83.3023 9.09274 0
      vertex 83.2021 9.20208 0
    endloop
  endfacet
  facet normal 0 0 -1
    outer loop
      vertex 90 86 0
      vertex 83.3926 81.0249 0
      vertex 83.4722 81.15 0
    endloop
  endfacet
  facet normal 0 0 -1
    outer loop
      vertex 79 35 0
      vertex 83.2021 9.20208 0
      vertex 83.0927 9.30227 0
    endloop
  endfacet
  facet normal 0 0 -1
    outer loop
      vertex 90 86 0
      vertex 83.3023 80.9073 0
      vertex 83.3926 81.0249 0
    endloop
  endfacet
  facet normal 0 0 -1
    outer loop
      vertex 79 14 0
      vertex 83.0927 9.30227 0
      vertex 82.9751 9.39256 0
    endloop
  endfacet
  facet normal 0 0 -1
    outer loop
      vertex 83.3023 80.9073 0
      vertex 79 55 0
      vertex 83.2021 80.7979 0
    endloop
  endfacet
  facet normal 0 0 -1
    outer loop
      vertex 79 14 0
      vertex 82.9751 9.39256 0
      vertex 82.85 9.47224 0
    endloop
  endfacet
  facet normal 0 0 -1
    outer loop
      vertex 83.2021 80.7979 0
      vertex 79 55 0
      vertex 83.0927 80.6977 0
    endloop
  endfacet
  facet normal 0 0 -1
    outer loop
      vertex 79 14 0
      vertex 82.85 9.47224 0
      vertex 82.7185 9.54072 0
    endloop
  endfacet
  facet normal 0 0 -1
    outer loop
      vertex 79 76 0
      vertex 83.0927 80.6977 0
      vertex 79 55 0
    endloop
  endfacet
  facet normal 0 0 -1
    outer loop
      vertex 79 14 0
      vertex 82.7185 9.54072 0
      vertex 82.5814 9.59748 0
    endloop
  endfacet
  facet normal 0 0 -1
    outer loop
      vertex 83.0927 80.6977 0
      vertex 79 76 0
      vertex 82.9751 80.6074 0
    endloop
  endfacet
  facet normal 0 0 -1
    outer loop
      vertex 79 14 0
      vertex 82.5814 9.59748 0
      vertex 82.44 9.64207 0
    endloop
  endfacet
  facet normal 0 0 -1
    outer loop
      vertex 82.9751 80.6074 0
      vertex 79 76 0
      vertex 82.85 80.5278 0
    endloop
  endfacet
  facet normal 0 0 -1
    outer loop
      vertex 79 14 0
      vertex 82.44 9.64207 0
      vertex 82.2952 9.67417 0
    endloop
  endfacet
  facet normal 0 0 -1
    outer loop
      vertex 82.85 80.5278 0
      vertex 79 76 0
      vertex 82.7185 80.4593 0
    endloop
  endfacet
  facet normal 0 0 -1
    outer loop
      vertex 78.9886 13.7385 0
      vertex 82.2952 9.67417 0
      vertex 82.1482 9.69353 0
    endloop
  endfacet
  facet normal 0 0 -1
    outer loop
      vertex 82.7185 80.4593 0
      vertex 79 76 0
      vertex 82.5814 80.4025 0
    endloop
  endfacet
  facet normal 0 0 -1
    outer loop
      vertex 78.9544 13.4791 0
      vertex 82.1482 9.69353 0
      vertex 82 9.7 0
    endloop
  endfacet
  facet normal 0 0 -1
    outer loop
      vertex 82.5814 80.4025 0
      vertex 79 76 0
      vertex 82.44 80.3579 0
    endloop
  endfacet
  facet normal 0 0 -1
    outer loop
      vertex 78.8978 13.2235 0
      vertex 82 9.7 0
      vertex 81.8518 9.69353 0
    endloop
  endfacet
  facet normal 0 0 -1
    outer loop
      vertex 82.44 80.3579 0
      vertex 79 76 0
      vertex 82.2952 80.3258 0
    endloop
  endfacet
  facet normal 0 0 -1
    outer loop
      vertex 78.8978 13.2235 0
      vertex 81.8518 9.69353 0
      vertex 81.7048 9.67417 0
    endloop
  endfacet
  facet normal 0 0 -1
    outer loop
      vertex 78.9886 76.2615 0
      vertex 82.2952 80.3258 0
      vertex 79 76 0
    endloop
  endfacet
  facet normal 0 0 -1
    outer loop
      vertex 78.8191 12.9739 0
      vertex 81.7048 9.67417 0
      vertex 81.56 9.64207 0
    endloop
  endfacet
  facet normal 0 0 -1
    outer loop
      vertex 82.2952 80.3258 0
      vertex 78.9886 76.2615 0
      vertex 82.1482 80.3065 0
    endloop
  endfacet
  facet normal 0 0 -1
    outer loop
      vertex 78.7189 12.7321 0
      vertex 81.56 9.64207 0
      vertex 81.4186 9.59748 0
    endloop
  endfacet
  facet normal 0 0 -1
    outer loop
      vertex 78.9544 76.5209 0
      vertex 82.1482 80.3065 0
      vertex 78.9886 76.2615 0
    endloop
  endfacet
  facet normal 0 0 -1
    outer loop
      vertex 78.5981 12.5 0
      vertex 81.4186 9.59748 0
      vertex 81.2815 9.54072 0
    endloop
  endfacet
  facet normal 0 0 -1
    outer loop
      vertex 82.1482 80.3065 0
      vertex 78.9544 76.5209 0
      vertex 82 80.3 0
    endloop
  endfacet
  facet normal 0 0 -1
    outer loop
      vertex 78.5981 12.5 0
      vertex 81.2815 9.54072 0
      vertex 81.15 9.47224 0
    endloop
  endfacet
  facet normal 0 0 -1
    outer loop
      vertex 78.8978 76.7765 0
      vertex 82 80.3 0
      vertex 78.9544 76.5209 0
    endloop
  endfacet
  facet normal 0 0 -1
    outer loop
      vertex 78.4575 12.2793 0
      vertex 81.15 9.47224 0
      vertex 81.0249 9.39256 0
    endloop
  endfacet
  facet normal -0 0 -1
    outer loop
      vertex 82 80.3 0
      vertex 78.8978 76.7765 0
      vertex 81.8518 80.3065 0
    endloop
  endfacet
  facet normal 0 0 -1
    outer loop
      vertex 78.2981 12.0716 0
      vertex 81.0249 9.39256 0
      vertex 80.9073 9.30227 0
    endloop
  endfacet
  facet normal -0 0 -1
    outer loop
      vertex 81.8518 80.3065 0
      vertex 78.8978 76.7765 0
      vertex 81.7048 80.3258 0
    endloop
  endfacet
  facet normal 0 0 -1
    outer loop
      vertex 78.1213 11.8787 0
      vertex 80.9073 9.30227 0
      vertex 80.7979 9.20208 0
    endloop
  endfacet
  facet normal 0 0 -1
    outer loop
      vertex 78.8191 77.0261 0
      vertex 81.7048 80.3258 0
      vertex 78.8978 76.7765 0
    endloop
  endfacet
  facet normal 0 0 -1
    outer loop
      vertex 78.1213 11.8787 0
      vertex 80.7979 9.20208 0
      vertex 80.6977 9.09274 0
    endloop
  endfacet
  facet normal -0 0 -1
    outer loop
      vertex 81.7048 80.3258 0
      vertex 78.8191 77.0261 0
      vertex 81.56 80.3579 0
    endloop
  endfacet
  facet normal 0 0 -1
    outer loop
      vertex 77.9284 11.7019 0
      vertex 80.6977 9.09274 0
      vertex 80.6074 8.97508 0
    endloop
  endfacet
  facet normal 0 0 -1
    outer loop
      vertex 78.7189 77.2679 0
      vertex 81.56 80.3579 0
      vertex 78.8191 77.0261 0
    endloop
  endfacet
  facet normal 0 0 -1
    outer loop
      vertex 77.7207 11.5425 0
      vertex 80.6074 8.97508 0
      vertex 80.5278 8.85 0
    endloop
  endfacet
  facet normal -0 0 -1
    outer loop
      vertex 81.56 80.3579 0
      vertex 78.7189 77.2679 0
      vertex 81.4186 80.4025 0
    endloop
  endfacet
  facet normal 0 0 -1
    outer loop
      vertex 77.5 11.4019 0
      vertex 80.5278 8.85 0
      vertex 80.4593 8.71845 0
    endloop
  endfacet
  facet normal 0 0 -1
    outer loop
      vertex 78.5981 77.5 0
      vertex 81.4186 80.4025 0
      vertex 78.7189 77.2679 0
    endloop
  endfacet
  facet normal 0 0 -1
    outer loop
      vertex 77.5 11.4019 0
      vertex 80.4593 8.71845 0
      vertex 80.4025 8.58143 0
    endloop
  endfacet
  facet normal -0 0 -1
    outer loop
      vertex 81.4186 80.4025 0
      vertex 78.5981 77.5 0
      vertex 81.2815 80.4593 0
    endloop
  endfacet
  facet normal 0 0 -1
    outer loop
      vertex 77.2679 11.2811 0
      vertex 80.4025 8.58143 0
      vertex 80.3579 8.43999 0
    endloop
  endfacet
  facet normal -0 0 -1
    outer loop
      vertex 81.2815 80.4593 0
      vertex 78.5981 77.5 0
      vertex 81.15 80.5278 0
    endloop
  endfacet
  facet normal 0 0 -1
    outer loop
      vertex 77.0261 11.1809 0
      vertex 80.3579 8.43999 0
      vertex 80.3258 8.2952 0
    endloop
  endfacet
  facet normal 0 0 -1
    outer loop
      vertex 78.4575 77.7207 0
      vertex 81.15 80.5278 0
      vertex 78.5981 77.5 0
    endloop
  endfacet
  facet normal 0 0 -1
    outer loop
      vertex 76.7765 11.1022 0
      vertex 80.3258 8.2952 0
      vertex 80.3065 8.14816 0
    endloop
  endfacet
  facet normal -0 0 -1
    outer loop
      vertex 81.15 80.5278 0
      vertex 78.4575 77.7207 0
      vertex 81.0249 80.6074 0
    endloop
  endfacet
  facet normal 0 0 -1
    outer loop
      vertex 76.7765 11.1022 0
      vertex 80.3065 8.14816 0
      vertex 80.3 8 0
    endloop
  endfacet
  facet normal 0 0 -1
    outer loop
      vertex 78.2981 77.9284 0
      vertex 81.0249 80.6074 0
      vertex 78.4575 77.7207 0
    endloop
  endfacet
  facet normal 0 0 -1
    outer loop
      vertex 83.2021 6.79792 0
      vertex 90 4 0
      vertex 89.9848 3.65138 0
    endloop
  endfacet
  facet normal 0 0 -1
    outer loop
      vertex 83.6935 8.14816 0
      vertex 90 4 0
      vertex 83.7 8 0
    endloop
  endfacet
  facet normal 0 0 -1
    outer loop
      vertex 83.2021 6.79792 0
      vertex 89.9848 3.65138 0
      vertex 89.9392 3.30541 0
    endloop
  endfacet
  facet normal 0 0 -1
    outer loop
      vertex 83.6742 8.2952 0
      vertex 90 4 0
      vertex 83.6935 8.14816 0
    endloop
  endfacet
  facet normal 0 0 -1
    outer loop
      vertex 83.2021 6.79792 0
      vertex 89.9392 3.30541 0
      vertex 89.8637 2.96472 0
    endloop
  endfacet
  facet normal 0 0 -1
    outer loop
      vertex 83.6935 82.1482 0
      vertex 90 86 0
      vertex 83.7 82 0
    endloop
  endfacet
  facet normal 0 0 -1
    outer loop
      vertex 83.2021 6.79792 0
      vertex 89.8637 2.96472 0
      vertex 89.7588 2.63192 0
    endloop
  endfacet
  facet normal 0 0 -1
    outer loop
      vertex 83.6742 82.2952 0
      vertex 90 86 0
      vertex 83.6935 82.1482 0
    endloop
  endfacet
  facet normal 0 0 -1
    outer loop
      vertex 83.2021 6.79792 0
      vertex 89.7588 2.63192 0
      vertex 89.6252 2.30953 0
    endloop
  endfacet
  facet normal 0 0 -1
    outer loop
      vertex 83.6421 82.44 0
      vertex 90 86 0
      vertex 83.6742 82.2952 0
    endloop
  endfacet
  facet normal 0 0 -1
    outer loop
      vertex 83.2021 6.79792 0
      vertex 89.6252 2.30953 0
      vertex 89.4641 2 0
    endloop
  endfacet
  facet normal 0 0 -1
    outer loop
      vertex 83.5975 82.5814 0
      vertex 90 86 0
      vertex 83.6421 82.44 0
    endloop
  endfacet
  facet normal 0 0 -1
    outer loop
      vertex 83.2021 6.79792 0
      vertex 89.4641 2 0
      vertex 89.2766 1.70569 0
    endloop
  endfacet
  facet normal 0 0 -1
    outer loop
      vertex 83.5407 82.7185 0
      vertex 90 86 0
      vertex 83.5975 82.5814 0
    endloop
  endfacet
  facet normal 0 0 -1
    outer loop
      vertex 83.2021 6.79792 0
      vertex 89.2766 1.70569 0
      vertex 89.0642 1.42885 0
    endloop
  endfacet
  facet normal 0 0 -1
    outer loop
      vertex 83.4722 82.85 0
      vertex 90 86 0
      vertex 83.5407 82.7185 0
    endloop
  endfacet
  facet normal 0 0 -1
    outer loop
      vertex 83.2021 6.79792 0
      vertex 89.0642 1.42885 0
      vertex 88.8284 1.17157 0
    endloop
  endfacet
  facet normal 0 0 -1
    outer loop
      vertex 83.3926 82.9751 0
      vertex 90 86 0
      vertex 83.4722 82.85 0
    endloop
  endfacet
  facet normal 0 0 -1
    outer loop
      vertex 83.2021 6.79792 0
      vertex 88.8284 1.17157 0
      vertex 88.5712 0.935822 0
    endloop
  endfacet
  facet normal 0 0 -1
    outer loop
      vertex 83.3023 83.0927 0
      vertex 90 86 0
      vertex 83.3926 82.9751 0
    endloop
  endfacet
  facet normal 0 0 -1
    outer loop
      vertex 83.2021 6.79792 0
      vertex 88.5712 0.935822 0
      vertex 88.2943 0.723392 0
    endloop
  endfacet
  facet normal 0 0 -1
    outer loop
      vertex 83.2021 83.2021 0
      vertex 90 86 0
      vertex 83.3023 83.0927 0
    endloop
  endfacet
  facet normal 0 0 -1
    outer loop
      vertex 83.2021 6.79792 0
      vertex 88.2943 0.723392 0
      vertex 88 0.535898 0
    endloop
  endfacet
  facet normal -0 0 -1
    outer loop
      vertex 90 86 0
      vertex 83.2021 83.2021 0
      vertex 89.9848 86.3486 0
    endloop
  endfacet
  facet normal 0 0 -1
    outer loop
      vertex 83.2021 6.79792 0
      vertex 88 0.535898 0
      vertex 87.6905 0.374768 0
    endloop
  endfacet
  facet normal -0 0 -1
    outer loop
      vertex 89.9848 86.3486 0
      vertex 83.2021 83.2021 0
      vertex 89.9392 86.6946 0
    endloop
  endfacet
  facet normal 0 0 -1
    outer loop
      vertex 83.2021 6.79792 0
      vertex 87.6905 0.374768 0
      vertex 87.3681 0.241229 0
    endloop
  endfacet
  facet normal -0 0 -1
    outer loop
      vertex 89.9392 86.6946 0
      vertex 83.2021 83.2021 0
      vertex 89.8637 87.0353 0
    endloop
  endfacet
  facet normal 0 0 -1
    outer loop
      vertex 83.2021 6.79792 0
      vertex 87.3681 0.241229 0
      vertex 87.0353 0.136296 0
    endloop
  endfacet
  facet normal -0 0 -1
    outer loop
      vertex 89.8637 87.0353 0
      vertex 83.2021 83.2021 0
      vertex 89.7588 87.3681 0
    endloop
  endfacet
  facet normal 0 0 -1
    outer loop
      vertex 83.2021 6.79792 0
      vertex 87.0353 0.136296 0
      vertex 86.6946 0.0607681 0
    endloop
  endfacet
  facet normal -0 0 -1
    outer loop
      vertex 89.7588 87.3681 0
      vertex 83.2021 83.2021 0
      vertex 89.6252 87.6905 0
    endloop
  endfacet
  facet normal 0 0 -1
    outer loop
      vertex 83.2021 6.79792 0
      vertex 86.6946 0.0607681 0
      vertex 86.3486 0.0152206 0
    endloop
  endfacet
  facet normal -0 0 -1
    outer loop
      vertex 89.6252 87.6905 0
      vertex 83.2021 83.2021 0
      vertex 89.4641 88 0
    endloop
  endfacet
  facet normal 0 0 -1
    outer loop
      vertex 83.2021 6.79792 0
      vertex 86.3486 0.0152206 0
      vertex 86 0 0
    endloop
  endfacet
  facet normal -0 0 -1
    outer loop
      vertex 89.4641 88 0
      vertex 83.2021 83.2021 0
      vertex 89.2766 88.2943 0
    endloop
  endfacet
  facet normal -0 0 -1
    outer loop
      vertex 89.2766 88.2943 0
      vertex 83.2021 83.2021 0
      vertex 89.0642 88.5712 0
    endloop
  endfacet
  facet normal 0 0 -1
    outer loop
      vertex 90 4 0
      vertex 83.6935 7.85183 0
      vertex 83.7 8 0
    endloop
  endfacet
  facet normal 0 0 -1
    outer loop
      vertex 90 4 0
      vertex 83.6742 7.7048 0
      vertex 83.6935 7.85183 0
    endloop
  endfacet
  facet normal 0 0 -1
    outer loop
      vertex 90 4 0
      vertex 83.6421 7.56001 0
      vertex 83.6742 7.7048 0
    endloop
  endfacet
  facet normal 0 0 -1
    outer loop
      vertex 90 4 0
      vertex 83.5975 7.41857 0
      vertex 83.6421 7.56001 0
    endloop
  endfacet
  facet normal 0 0 -1
    outer loop
      vertex 90 4 0
      vertex 83.5407 7.28155 0
      vertex 83.5975 7.41857 0
    endloop
  endfacet
  facet normal 0 0 -1
    outer loop
      vertex 90 4 0
      vertex 83.4722 7.15 0
      vertex 83.5407 7.28155 0
    endloop
  endfacet
  facet normal 0 0 -1
    outer loop
      vertex 90 4 0
      vertex 83.3926 7.02492 0
      vertex 83.4722 7.15 0
    endloop
  endfacet
  facet normal 0 0 -1
    outer loop
      vertex 90 4 0
      vertex 83.3023 6.90726 0
      vertex 83.3926 7.02492 0
    endloop
  endfacet
  facet normal 0 0 -1
    outer loop
      vertex 90 4 0
      vertex 83.2021 6.79792 0
      vertex 83.3023 6.90726 0
    endloop
  endfacet
  facet normal 0 0 -1
    outer loop
      vertex 86 0 0
      vertex 83.0927 6.69772 0
      vertex 83.2021 6.79792 0
    endloop
  endfacet
  facet normal 0 0 -1
    outer loop
      vertex 86 0 0
      vertex 82.9751 6.60744 0
      vertex 83.0927 6.69772 0
    endloop
  endfacet
  facet normal 0 0 -1
    outer loop
      vertex 86 0 0
      vertex 82.85 6.52776 0
      vertex 82.9751 6.60744 0
    endloop
  endfacet
  facet normal 0 0 -1
    outer loop
      vertex 86 0 0
      vertex 82.7185 6.45928 0
      vertex 82.85 6.52776 0
    endloop
  endfacet
  facet normal 0 0 -1
    outer loop
      vertex 86 0 0
      vertex 82.5814 6.40252 0
      vertex 82.7185 6.45928 0
    endloop
  endfacet
  facet normal 0 0 -1
    outer loop
      vertex 86 0 0
      vertex 82.44 6.35793 0
      vertex 82.5814 6.40252 0
    endloop
  endfacet
  facet normal 0 0 -1
    outer loop
      vertex 86 0 0
      vertex 82.2952 6.32583 0
      vertex 82.44 6.35793 0
    endloop
  endfacet
  facet normal 0 0 -1
    outer loop
      vertex 86 0 0
      vertex 82.1482 6.30647 0
      vertex 82.2952 6.32583 0
    endloop
  endfacet
  facet normal 0 0 -1
    outer loop
      vertex 86 0 0
      vertex 82 6.3 0
      vertex 82.1482 6.30647 0
    endloop
  endfacet
  facet normal 0 0 -1
    outer loop
      vertex 86 0 0
      vertex 81.8518 6.30647 0
      vertex 82 6.3 0
    endloop
  endfacet
  facet normal 0 0 -1
    outer loop
      vertex 86 0 0
      vertex 81.7048 6.32583 0
      vertex 81.8518 6.30647 0
    endloop
  endfacet
  facet normal 0 0 -1
    outer loop
      vertex 86 0 0
      vertex 81.56 6.35793 0
      vertex 81.7048 6.32583 0
    endloop
  endfacet
  facet normal 0 0 -1
    outer loop
      vertex 86 0 0
      vertex 81.4186 6.40252 0
      vertex 81.56 6.35793 0
    endloop
  endfacet
  facet normal 0 0 -1
    outer loop
      vertex 86 0 0
      vertex 81.2815 6.45928 0
      vertex 81.4186 6.40252 0
    endloop
  endfacet
  facet normal 0 0 -1
    outer loop
      vertex 86 0 0
      vertex 81.15 6.52776 0
      vertex 81.2815 6.45928 0
    endloop
  endfacet
  facet normal 0 0 -1
    outer loop
      vertex 86 0 0
      vertex 81.0249 6.60744 0
      vertex 81.15 6.52776 0
    endloop
  endfacet
  facet normal 0 0 -1
    outer loop
      vertex 86 0 0
      vertex 80.9073 6.69772 0
      vertex 81.0249 6.60744 0
    endloop
  endfacet
  facet normal 0 0 -1
    outer loop
      vertex 86 0 0
      vertex 80.7979 6.79792 0
      vertex 80.9073 6.69772 0
    endloop
  endfacet
  facet normal 0 0 -1
    outer loop
      vertex 76 11 0
      vertex 80.7979 6.79792 0
      vertex 86 0 0
    endloop
  endfacet
  facet normal 0 0 -1
    outer loop
      vertex 83.0927 9.30227 0
      vertex 79 14 0
      vertex 79 35 0
    endloop
  endfacet
  facet normal 0 0 -1
    outer loop
      vertex 76.5209 11.0456 0
      vertex 80.3 8 0
      vertex 80.3065 7.85183 0
    endloop
  endfacet
  facet normal 0 0 -1
    outer loop
      vertex 76.2615 11.0114 0
      vertex 80.3065 7.85183 0
      vertex 80.3258 7.7048 0
    endloop
  endfacet
  facet normal 0 0 -1
    outer loop
      vertex 82.2952 9.67417 0
      vertex 78.9886 13.7385 0
      vertex 79 14 0
    endloop
  endfacet
  facet normal 0 0 -1
    outer loop
      vertex 82.1482 9.69353 0
      vertex 78.9544 13.4791 0
      vertex 78.9886 13.7385 0
    endloop
  endfacet
  facet normal 0 0 -1
    outer loop
      vertex 76 11 0
      vertex 80.3258 7.7048 0
      vertex 80.3579 7.56001 0
    endloop
  endfacet
  facet normal 0 0 -1
    outer loop
      vertex 82 9.7 0
      vertex 78.8978 13.2235 0
      vertex 78.9544 13.4791 0
    endloop
  endfacet
  facet normal 0 0 -1
    outer loop
      vertex 81.7048 9.67417 0
      vertex 78.8191 12.9739 0
      vertex 78.8978 13.2235 0
    endloop
  endfacet
  facet normal 0 0 -1
    outer loop
      vertex 81.56 9.64207 0
      vertex 78.7189 12.7321 0
      vertex 78.8191 12.9739 0
    endloop
  endfacet
  facet normal 0 0 -1
    outer loop
      vertex 76 11 0
      vertex 80.3579 7.56001 0
      vertex 80.4025 7.41857 0
    endloop
  endfacet
  facet normal 0 0 -1
    outer loop
      vertex 81.4186 9.59748 0
      vertex 78.5981 12.5 0
      vertex 78.7189 12.7321 0
    endloop
  endfacet
  facet normal 0 0 -1
    outer loop
      vertex 81.15 9.47224 0
      vertex 78.4575 12.2793 0
      vertex 78.5981 12.5 0
    endloop
  endfacet
  facet normal 0 0 -1
    outer loop
      vertex 81.0249 9.39256 0
      vertex 78.2981 12.0716 0
      vertex 78.4575 12.2793 0
    endloop
  endfacet
  facet normal 0 0 -1
    outer loop
      vertex 76 11 0
      vertex 80.4025 7.41857 0
      vertex 80.4593 7.28155 0
    endloop
  endfacet
  facet normal 0 0 -1
    outer loop
      vertex 80.9073 9.30227 0
      vertex 78.1213 11.8787 0
      vertex 78.2981 12.0716 0
    endloop
  endfacet
  facet normal 0 0 -1
    outer loop
      vertex 80.6977 9.09274 0
      vertex 77.9284 11.7019 0
      vertex 78.1213 11.8787 0
    endloop
  endfacet
  facet normal 0 0 -1
    outer loop
      vertex 76 11 0
      vertex 80.4593 7.28155 0
      vertex 80.5278 7.15 0
    endloop
  endfacet
  facet normal 0 0 -1
    outer loop
      vertex 80.6074 8.97508 0
      vertex 77.7207 11.5425 0
      vertex 77.9284 11.7019 0
    endloop
  endfacet
  facet normal 0 0 -1
    outer loop
      vertex 76 11 0
      vertex 80.5278 7.15 0
      vertex 80.6074 7.02492 0
    endloop
  endfacet
  facet normal 0 0 -1
    outer loop
      vertex 80.5278 8.85 0
      vertex 77.5 11.4019 0
      vertex 77.7207 11.5425 0
    endloop
  endfacet
  facet normal 0 0 -1
    outer loop
      vertex 80.4025 8.58143 0
      vertex 77.2679 11.2811 0
      vertex 77.5 11.4019 0
    endloop
  endfacet
  facet normal 0 0 -1
    outer loop
      vertex 76 11 0
      vertex 80.6074 7.02492 0
      vertex 80.6977 6.90726 0
    endloop
  endfacet
  facet normal 0 0 -1
    outer loop
      vertex 80.7979 6.79792 0
      vertex 76 11 0
      vertex 80.6977 6.90726 0
    endloop
  endfacet
  facet normal 0 0 -1
    outer loop
      vertex 80.3579 8.43999 0
      vertex 77.0261 11.1809 0
      vertex 77.2679 11.2811 0
    endloop
  endfacet
  facet normal 0 0 -1
    outer loop
      vertex 80.3258 8.2952 0
      vertex 76.7765 11.1022 0
      vertex 77.0261 11.1809 0
    endloop
  endfacet
  facet normal 0 0 -1
    outer loop
      vertex 80.3 8 0
      vertex 76.5209 11.0456 0
      vertex 76.7765 11.1022 0
    endloop
  endfacet
  facet normal 0 0 -1
    outer loop
      vertex 80.3065 7.85183 0
      vertex 76.2615 11.0114 0
      vertex 76.5209 11.0456 0
    endloop
  endfacet
  facet normal 0 0 -1
    outer loop
      vertex 80.3258 7.7048 0
      vertex 76 11 0
      vertex 76.2615 11.0114 0
    endloop
  endfacet
  facet normal 0 0 -1
    outer loop
      vertex 86 0 0
      vertex 14 11 0
      vertex 76 11 0
    endloop
  endfacet
  facet normal 0 0 -1
    outer loop
      vertex 4 0 0
      vertex 14 11 0
      vertex 86 0 0
    endloop
  endfacet
  facet normal 0 -0 -1
    outer loop
      vertex 9.20208 6.79792 0
      vertex 14 11 0
      vertex 4 0 0
    endloop
  endfacet
  facet normal 0 0 -1
    outer loop
      vertex 9.09274 9.30227 0
      vertex 11.8787 11.8787 0
      vertex 9.20208 9.20208 0
    endloop
  endfacet
  facet normal -0 0 -1
    outer loop
      vertex 11.8787 11.8787 0
      vertex 9.09274 9.30227 0
      vertex 11.7019 12.0716 0
    endloop
  endfacet
  facet normal 0 0 -1
    outer loop
      vertex 8.97508 9.39256 0
      vertex 11.7019 12.0716 0
      vertex 9.09274 9.30227 0
    endloop
  endfacet
  facet normal 0 0 -1
    outer loop
      vertex 9.20208 9.20208 0
      vertex 11.8787 11.8787 0
      vertex 9.30227 9.09274 0
    endloop
  endfacet
  facet normal -0 0 -1
    outer loop
      vertex 12.0716 11.7019 0
      vertex 9.30227 9.09274 0
      vertex 11.8787 11.8787 0
    endloop
  endfacet
  facet normal 0 0 -1
    outer loop
      vertex 9.30227 9.09274 0
      vertex 12.0716 11.7019 0
      vertex 9.39256 8.97508 0
    endloop
  endfacet
  facet normal -0 0 -1
    outer loop
      vertex 12.2793 11.5425 0
      vertex 9.39256 8.97508 0
      vertex 12.0716 11.7019 0
    endloop
  endfacet
  facet normal 0 0 -1
    outer loop
      vertex 9.39256 8.97508 0
      vertex 12.2793 11.5425 0
      vertex 9.47224 8.85 0
    endloop
  endfacet
  facet normal -0 0 -1
    outer loop
      vertex 12.5 11.4019 0
      vertex 9.47224 8.85 0
      vertex 12.2793 11.5425 0
    endloop
  endfacet
  facet normal 0 0 -1
    outer loop
      vertex 9.47224 8.85 0
      vertex 12.5 11.4019 0
      vertex 9.54072 8.71845 0
    endloop
  endfacet
  facet normal 0 0 -1
    outer loop
      vertex 9.54072 8.71845 0
      vertex 12.5 11.4019 0
      vertex 9.59748 8.58143 0
    endloop
  endfacet
  facet normal -0 0 -1
    outer loop
      vertex 12.7321 11.2811 0
      vertex 9.59748 8.58143 0
      vertex 12.5 11.4019 0
    endloop
  endfacet
  facet normal 0 0 -1
    outer loop
      vertex 9.59748 8.58143 0
      vertex 12.7321 11.2811 0
      vertex 9.64207 8.43999 0
    endloop
  endfacet
  facet normal -0 0 -1
    outer loop
      vertex 12.9739 11.1809 0
      vertex 9.64207 8.43999 0
      vertex 12.7321 11.2811 0
    endloop
  endfacet
  facet normal 0 0 -1
    outer loop
      vertex 9.64207 8.43999 0
      vertex 12.9739 11.1809 0
      vertex 9.67417 8.2952 0
    endloop
  endfacet
  facet normal -0 0 -1
    outer loop
      vertex 13.2235 11.1022 0
      vertex 9.67417 8.2952 0
      vertex 12.9739 11.1809 0
    endloop
  endfacet
  facet normal 0 0 -1
    outer loop
      vertex 9.67417 8.2952 0
      vertex 13.2235 11.1022 0
      vertex 9.69353 8.14816 0
    endloop
  endfacet
  facet normal 0 0 -1
    outer loop
      vertex 9.69353 8.14816 0
      vertex 13.2235 11.1022 0
      vertex 9.7 8 0
    endloop
  endfacet
  facet normal -0 0 -1
    outer loop
      vertex 13.4791 11.0456 0
      vertex 9.7 8 0
      vertex 13.2235 11.1022 0
    endloop
  endfacet
  facet normal 0 -0 -1
    outer loop
      vertex 9.47224 7.15 0
      vertex 14 11 0
      vertex 9.39256 7.02492 0
    endloop
  endfacet
  facet normal 0 0 -1
    outer loop
      vertex 13.4791 11.0456 0
      vertex 9.69353 7.85183 0
      vertex 9.7 8 0
    endloop
  endfacet
  facet normal -0 0 -1
    outer loop
      vertex 13.7385 11.0114 0
      vertex 9.69353 7.85183 0
      vertex 13.4791 11.0456 0
    endloop
  endfacet
  facet normal 0 -0 -1
    outer loop
      vertex 9.69353 7.85183 0
      vertex 13.7385 11.0114 0
      vertex 9.67417 7.7048 0
    endloop
  endfacet
  facet normal -0 0 -1
    outer loop
      vertex 14 11 0
      vertex 9.67417 7.7048 0
      vertex 13.7385 11.0114 0
    endloop
  endfacet
  facet normal 0 -0 -1
    outer loop
      vertex 9.67417 7.7048 0
      vertex 14 11 0
      vertex 9.64207 7.56001 0
    endloop
  endfacet
  facet normal 0 -0 -1
    outer loop
      vertex 9.64207 7.56001 0
      vertex 14 11 0
      vertex 9.59748 7.41857 0
    endloop
  endfacet
  facet normal 0 -0 -1
    outer loop
      vertex 9.59748 7.41857 0
      vertex 14 11 0
      vertex 9.54072 7.28155 0
    endloop
  endfacet
  facet normal 0 -0 -1
    outer loop
      vertex 9.54072 7.28155 0
      vertex 14 11 0
      vertex 9.47224 7.15 0
    endloop
  endfacet
  facet normal 0 -0 -1
    outer loop
      vertex 9.39256 7.02492 0
      vertex 14 11 0
      vertex 9.30227 6.90726 0
    endloop
  endfacet
  facet normal 0 -0 -1
    outer loop
      vertex 9.30227 6.90726 0
      vertex 14 11 0
      vertex 9.20208 6.79792 0
    endloop
  endfacet
  facet normal 0 0 -1
    outer loop
      vertex 9.20208 6.79792 0
      vertex 4 0 0
      vertex 9.09274 6.69772 0
    endloop
  endfacet
  facet normal 0 0 -1
    outer loop
      vertex 9.09274 6.69772 0
      vertex 4 0 0
      vertex 8.97508 6.60744 0
    endloop
  endfacet
  facet normal 0 0 -1
    outer loop
      vertex 8.97508 6.60744 0
      vertex 4 0 0
      vertex 8.85 6.52776 0
    endloop
  endfacet
  facet normal 0 0 -1
    outer loop
      vertex 8.85 6.52776 0
      vertex 4 0 0
      vertex 8.71845 6.45928 0
    endloop
  endfacet
  facet normal 0 0 -1
    outer loop
      vertex 8.71845 6.45928 0
      vertex 4 0 0
      vertex 8.58143 6.40252 0
    endloop
  endfacet
  facet normal 0 0 -1
    outer loop
      vertex 8.58143 6.40252 0
      vertex 4 0 0
      vertex 8.43999 6.35793 0
    endloop
  endfacet
  facet normal 0 0 -1
    outer loop
      vertex 8.43999 6.35793 0
      vertex 4 0 0
      vertex 8.2952 6.32583 0
    endloop
  endfacet
  facet normal 0 0 -1
    outer loop
      vertex 8.2952 6.32583 0
      vertex 4 0 0
      vertex 8.14816 6.30647 0
    endloop
  endfacet
  facet normal 0 0 -1
    outer loop
      vertex 8.14816 6.30647 0
      vertex 4 0 0
      vertex 8 6.3 0
    endloop
  endfacet
  facet normal -0 0 -1
    outer loop
      vertex 6.30647 7.85183 0
      vertex 0 4 0
      vertex 6.3 8 0
    endloop
  endfacet
  facet normal -0 0 -1
    outer loop
      vertex 6.32583 7.7048 0
      vertex 0 4 0
      vertex 6.30647 7.85183 0
    endloop
  endfacet
  facet normal -0 0 -1
    outer loop
      vertex 6.35793 7.56001 0
      vertex 0 4 0
      vertex 6.32583 7.7048 0
    endloop
  endfacet
  facet normal -0 0 -1
    outer loop
      vertex 6.40252 7.41857 0
      vertex 0 4 0
      vertex 6.35793 7.56001 0
    endloop
  endfacet
  facet normal -0 0 -1
    outer loop
      vertex 6.45928 7.28155 0
      vertex 0 4 0
      vertex 6.40252 7.41857 0
    endloop
  endfacet
  facet normal -0 0 -1
    outer loop
      vertex 6.52776 7.15 0
      vertex 0 4 0
      vertex 6.45928 7.28155 0
    endloop
  endfacet
  facet normal -0 0 -1
    outer loop
      vertex 6.60744 7.02492 0
      vertex 0 4 0
      vertex 6.52776 7.15 0
    endloop
  endfacet
  facet normal -0 0 -1
    outer loop
      vertex 6.69772 6.90726 0
      vertex 0 4 0
      vertex 6.60744 7.02492 0
    endloop
  endfacet
  facet normal -0 0 -1
    outer loop
      vertex 6.79792 6.79792 0
      vertex 0 4 0
      vertex 6.69772 6.90726 0
    endloop
  endfacet
  facet normal 0 0 -1
    outer loop
      vertex 0 4 0
      vertex 6.79792 6.79792 0
      vertex 4 0 0
    endloop
  endfacet
  facet normal -0 0 -1
    outer loop
      vertex 6.90726 6.69772 0
      vertex 4 0 0
      vertex 6.79792 6.79792 0
    endloop
  endfacet
  facet normal -0 0 -1
    outer loop
      vertex 7.02492 6.60744 0
      vertex 4 0 0
      vertex 6.90726 6.69772 0
    endloop
  endfacet
  facet normal -0 0 -1
    outer loop
      vertex 7.15 6.52776 0
      vertex 4 0 0
      vertex 7.02492 6.60744 0
    endloop
  endfacet
  facet normal -0 0 -1
    outer loop
      vertex 7.28155 6.45928 0
      vertex 4 0 0
      vertex 7.15 6.52776 0
    endloop
  endfacet
  facet normal -0 0 -1
    outer loop
      vertex 7.41857 6.40252 0
      vertex 4 0 0
      vertex 7.28155 6.45928 0
    endloop
  endfacet
  facet normal -0 0 -1
    outer loop
      vertex 7.56001 6.35793 0
      vertex 4 0 0
      vertex 7.41857 6.40252 0
    endloop
  endfacet
  facet normal -0 0 -1
    outer loop
      vertex 7.7048 6.32583 0
      vertex 4 0 0
      vertex 7.56001 6.35793 0
    endloop
  endfacet
  facet normal -0 0 -1
    outer loop
      vertex 7.85183 6.30647 0
      vertex 4 0 0
      vertex 7.7048 6.32583 0
    endloop
  endfacet
  facet normal -0 0 -1
    outer loop
      vertex 8 6.3 0
      vertex 4 0 0
      vertex 7.85183 6.30647 0
    endloop
  endfacet
  facet normal -0 0 -1
    outer loop
      vertex 89.0642 88.5712 0
      vertex 83.2021 83.2021 0
      vertex 88.8284 88.8284 0
    endloop
  endfacet
  facet normal -0 0 -1
    outer loop
      vertex 88.8284 88.8284 0
      vertex 83.2021 83.2021 0
      vertex 88.5712 89.0642 0
    endloop
  endfacet
  facet normal -0 0 -1
    outer loop
      vertex 88.5712 89.0642 0
      vertex 83.2021 83.2021 0
      vertex 88.2943 89.2766 0
    endloop
  endfacet
  facet normal -0 0 -1
    outer loop
      vertex 88.2943 89.2766 0
      vertex 83.2021 83.2021 0
      vertex 88 89.4641 0
    endloop
  endfacet
  facet normal -0 0 -1
    outer loop
      vertex 88 89.4641 0
      vertex 83.2021 83.2021 0
      vertex 87.6905 89.6252 0
    endloop
  endfacet
  facet normal -0 0 -1
    outer loop
      vertex 87.6905 89.6252 0
      vertex 83.2021 83.2021 0
      vertex 87.3681 89.7588 0
    endloop
  endfacet
  facet normal -0 0 -1
    outer loop
      vertex 87.3681 89.7588 0
      vertex 83.2021 83.2021 0
      vertex 87.0353 89.8637 0
    endloop
  endfacet
  facet normal -0 0 -1
    outer loop
      vertex 87.0353 89.8637 0
      vertex 83.2021 83.2021 0
      vertex 86.6946 89.9392 0
    endloop
  endfacet
  facet normal -0 0 -1
    outer loop
      vertex 86.6946 89.9392 0
      vertex 83.2021 83.2021 0
      vertex 86.3486 89.9848 0
    endloop
  endfacet
  facet normal -0 0 -1
    outer loop
      vertex 86.3486 89.9848 0
      vertex 83.2021 83.2021 0
      vertex 86 90 0
    endloop
  endfacet
  facet normal 0 0 -1
    outer loop
      vertex 83.0927 83.3023 0
      vertex 86 90 0
      vertex 83.2021 83.2021 0
    endloop
  endfacet
  facet normal 0 0 -1
    outer loop
      vertex 82.9751 83.3926 0
      vertex 86 90 0
      vertex 83.0927 83.3023 0
    endloop
  endfacet
  facet normal 0 0 -1
    outer loop
      vertex 82.85 83.4722 0
      vertex 86 90 0
      vertex 82.9751 83.3926 0
    endloop
  endfacet
  facet normal 0 0 -1
    outer loop
      vertex 82.7185 83.5407 0
      vertex 86 90 0
      vertex 82.85 83.4722 0
    endloop
  endfacet
  facet normal 0 0 -1
    outer loop
      vertex 82.5814 83.5975 0
      vertex 86 90 0
      vertex 82.7185 83.5407 0
    endloop
  endfacet
  facet normal 0 0 -1
    outer loop
      vertex 82.44 83.6421 0
      vertex 86 90 0
      vertex 82.5814 83.5975 0
    endloop
  endfacet
  facet normal 0 0 -1
    outer loop
      vertex 82.2952 83.6742 0
      vertex 86 90 0
      vertex 82.44 83.6421 0
    endloop
  endfacet
  facet normal 0 0 -1
    outer loop
      vertex 82.1482 83.6935 0
      vertex 86 90 0
      vertex 82.2952 83.6742 0
    endloop
  endfacet
  facet normal 0 0 -1
    outer loop
      vertex 82 83.7 0
      vertex 86 90 0
      vertex 82.1482 83.6935 0
    endloop
  endfacet
  facet normal 0 0 -1
    outer loop
      vertex 81.8518 83.6935 0
      vertex 86 90 0
      vertex 82 83.7 0
    endloop
  endfacet
  facet normal 0 0 -1
    outer loop
      vertex 81.7048 83.6742 0
      vertex 86 90 0
      vertex 81.8518 83.6935 0
    endloop
  endfacet
  facet normal 0 0 -1
    outer loop
      vertex 81.56 83.6421 0
      vertex 86 90 0
      vertex 81.7048 83.6742 0
    endloop
  endfacet
  facet normal 0 0 -1
    outer loop
      vertex 81.4186 83.5975 0
      vertex 86 90 0
      vertex 81.56 83.6421 0
    endloop
  endfacet
  facet normal 0 0 -1
    outer loop
      vertex 81.2815 83.5407 0
      vertex 86 90 0
      vertex 81.4186 83.5975 0
    endloop
  endfacet
  facet normal 0 0 -1
    outer loop
      vertex 81.15 83.4722 0
      vertex 86 90 0
      vertex 81.2815 83.5407 0
    endloop
  endfacet
  facet normal 0 0 -1
    outer loop
      vertex 81.0249 83.3926 0
      vertex 86 90 0
      vertex 81.15 83.4722 0
    endloop
  endfacet
  facet normal 0 0 -1
    outer loop
      vertex 80.9073 83.3023 0
      vertex 86 90 0
      vertex 81.0249 83.3926 0
    endloop
  endfacet
  facet normal 0 0 -1
    outer loop
      vertex 80.7979 83.2021 0
      vertex 86 90 0
      vertex 80.9073 83.3023 0
    endloop
  endfacet
  facet normal 0 0 -1
    outer loop
      vertex 76 79 0
      vertex 80.7979 83.2021 0
      vertex 80.6977 83.0927 0
    endloop
  endfacet
  facet normal -0 0 -1
    outer loop
      vertex 81.0249 80.6074 0
      vertex 78.2981 77.9284 0
      vertex 80.9073 80.6977 0
    endloop
  endfacet
  facet normal 0 0 -1
    outer loop
      vertex 78.1213 78.1213 0
      vertex 80.9073 80.6977 0
      vertex 78.2981 77.9284 0
    endloop
  endfacet
  facet normal -0 0 -1
    outer loop
      vertex 80.9073 80.6977 0
      vertex 78.1213 78.1213 0
      vertex 80.7979 80.7979 0
    endloop
  endfacet
  facet normal -0 0 -1
    outer loop
      vertex 80.7979 80.7979 0
      vertex 78.1213 78.1213 0
      vertex 80.6977 80.9073 0
    endloop
  endfacet
  facet normal 0 0 -1
    outer loop
      vertex 77.9284 78.2981 0
      vertex 80.6977 80.9073 0
      vertex 78.1213 78.1213 0
    endloop
  endfacet
  facet normal -0 0 -1
    outer loop
      vertex 80.6977 80.9073 0
      vertex 77.9284 78.2981 0
      vertex 80.6074 81.0249 0
    endloop
  endfacet
  facet normal 0 0 -1
    outer loop
      vertex 77.7207 78.4575 0
      vertex 80.6074 81.0249 0
      vertex 77.9284 78.2981 0
    endloop
  endfacet
  facet normal -0 0 -1
    outer loop
      vertex 80.6074 81.0249 0
      vertex 77.7207 78.4575 0
      vertex 80.5278 81.15 0
    endloop
  endfacet
  facet normal 0 0 -1
    outer loop
      vertex 77.5 78.5981 0
      vertex 80.5278 81.15 0
      vertex 77.7207 78.4575 0
    endloop
  endfacet
  facet normal -0 0 -1
    outer loop
      vertex 80.5278 81.15 0
      vertex 77.5 78.5981 0
      vertex 80.4593 81.2815 0
    endloop
  endfacet
  facet normal -0 0 -1
    outer loop
      vertex 80.4593 81.2815 0
      vertex 77.5 78.5981 0
      vertex 80.4025 81.4186 0
    endloop
  endfacet
  facet normal 0 0 -1
    outer loop
      vertex 77.2679 78.7189 0
      vertex 80.4025 81.4186 0
      vertex 77.5 78.5981 0
    endloop
  endfacet
  facet normal -0 0 -1
    outer loop
      vertex 80.4025 81.4186 0
      vertex 77.2679 78.7189 0
      vertex 80.3579 81.56 0
    endloop
  endfacet
  facet normal 0 0 -1
    outer loop
      vertex 77.0261 78.8191 0
      vertex 80.3579 81.56 0
      vertex 77.2679 78.7189 0
    endloop
  endfacet
  facet normal -0 0 -1
    outer loop
      vertex 80.3579 81.56 0
      vertex 77.0261 78.8191 0
      vertex 80.3258 81.7048 0
    endloop
  endfacet
  facet normal 0 0 -1
    outer loop
      vertex 76.7765 78.8978 0
      vertex 80.3258 81.7048 0
      vertex 77.0261 78.8191 0
    endloop
  endfacet
  facet normal -0 0 -1
    outer loop
      vertex 80.3258 81.7048 0
      vertex 76.7765 78.8978 0
      vertex 80.3065 81.8518 0
    endloop
  endfacet
  facet normal -0 0 -1
    outer loop
      vertex 80.3065 81.8518 0
      vertex 76.7765 78.8978 0
      vertex 80.3 82 0
    endloop
  endfacet
  facet normal 0 0 -1
    outer loop
      vertex 76.5209 78.9544 0
      vertex 80.3 82 0
      vertex 76.7765 78.8978 0
    endloop
  endfacet
  facet normal -0 0 -1
    outer loop
      vertex 80.3 82 0
      vertex 76.5209 78.9544 0
      vertex 80.3065 82.1482 0
    endloop
  endfacet
  facet normal 0 0 -1
    outer loop
      vertex 76.2615 78.9886 0
      vertex 80.3065 82.1482 0
      vertex 76.5209 78.9544 0
    endloop
  endfacet
  facet normal -0 0 -1
    outer loop
      vertex 80.3065 82.1482 0
      vertex 76.2615 78.9886 0
      vertex 80.3258 82.2952 0
    endloop
  endfacet
  facet normal 0 0 -1
    outer loop
      vertex 76 79 0
      vertex 80.3258 82.2952 0
      vertex 76.2615 78.9886 0
    endloop
  endfacet
  facet normal -0 0 -1
    outer loop
      vertex 80.3258 82.2952 0
      vertex 76 79 0
      vertex 80.3579 82.44 0
    endloop
  endfacet
  facet normal -0 0 -1
    outer loop
      vertex 80.3579 82.44 0
      vertex 76 79 0
      vertex 80.4025 82.5814 0
    endloop
  endfacet
  facet normal -0 0 -1
    outer loop
      vertex 80.4025 82.5814 0
      vertex 76 79 0
      vertex 80.4593 82.7185 0
    endloop
  endfacet
  facet normal -0 0 -1
    outer loop
      vertex 80.4593 82.7185 0
      vertex 76 79 0
      vertex 80.5278 82.85 0
    endloop
  endfacet
  facet normal -0 0 -1
    outer loop
      vertex 80.5278 82.85 0
      vertex 76 79 0
      vertex 80.6074 82.9751 0
    endloop
  endfacet
  facet normal -0 0 -1
    outer loop
      vertex 80.6074 82.9751 0
      vertex 76 79 0
      vertex 80.6977 83.0927 0
    endloop
  endfacet
  facet normal -0 0 -1
    outer loop
      vertex 80.7979 83.2021 0
      vertex 76 79 0
      vertex 86 90 0
    endloop
  endfacet
  facet normal 0 0 -1
    outer loop
      vertex 14 79 0
      vertex 86 90 0
      vertex 76 79 0
    endloop
  endfacet
  facet normal 0 0 -1
    outer loop
      vertex 9.67417 82.2952 0
      vertex 14 79 0
      vertex 13.7385 78.9886 0
    endloop
  endfacet
  facet normal 0 0 -1
    outer loop
      vertex 9.69353 82.1482 0
      vertex 13.7385 78.9886 0
      vertex 13.4791 78.9544 0
    endloop
  endfacet
  facet normal 0 0 -1
    outer loop
      vertex 11 55 0
      vertex 9.7 82 0
      vertex 11 76 0
    endloop
  endfacet
  facet normal 0 0 -1
    outer loop
      vertex 9.7 82 0
      vertex 11.0114 76.2615 0
      vertex 11 76 0
    endloop
  endfacet
  facet normal 0 0 -1
    outer loop
      vertex 9.7 82 0
      vertex 11.0456 76.5209 0
      vertex 11.0114 76.2615 0
    endloop
  endfacet
  facet normal 0 0 -1
    outer loop
      vertex 9.7 82 0
      vertex 11.1022 76.7765 0
      vertex 11.0456 76.5209 0
    endloop
  endfacet
  facet normal 0 0 -1
    outer loop
      vertex 9.7 82 0
      vertex 11.1809 77.0261 0
      vertex 11.1022 76.7765 0
    endloop
  endfacet
  facet normal 0 0 -1
    outer loop
      vertex 9.7 82 0
      vertex 11.2811 77.2679 0
      vertex 11.1809 77.0261 0
    endloop
  endfacet
  facet normal 0 0 -1
    outer loop
      vertex 9.7 82 0
      vertex 11.4019 77.5 0
      vertex 11.2811 77.2679 0
    endloop
  endfacet
  facet normal 0 0 -1
    outer loop
      vertex 9.7 82 0
      vertex 11.5425 77.7207 0
      vertex 11.4019 77.5 0
    endloop
  endfacet
  facet normal 0 0 -1
    outer loop
      vertex 9.7 82 0
      vertex 11.7019 77.9284 0
      vertex 11.5425 77.7207 0
    endloop
  endfacet
  facet normal 0 0 -1
    outer loop
      vertex 9.7 82 0
      vertex 11.8787 78.1213 0
      vertex 11.7019 77.9284 0
    endloop
  endfacet
  facet normal 0 0 -1
    outer loop
      vertex 9.7 82 0
      vertex 12.0716 78.2981 0
      vertex 11.8787 78.1213 0
    endloop
  endfacet
  facet normal 0 0 -1
    outer loop
      vertex 9.7 82 0
      vertex 12.2793 78.4575 0
      vertex 12.0716 78.2981 0
    endloop
  endfacet
  facet normal 0 0 -1
    outer loop
      vertex 9.7 82 0
      vertex 12.5 78.5981 0
      vertex 12.2793 78.4575 0
    endloop
  endfacet
  facet normal 0 0 -1
    outer loop
      vertex 9.7 82 0
      vertex 12.7321 78.7189 0
      vertex 12.5 78.5981 0
    endloop
  endfacet
  facet normal 0 0 -1
    outer loop
      vertex 9.7 82 0
      vertex 12.9739 78.8191 0
      vertex 12.7321 78.7189 0
    endloop
  endfacet
  facet normal 0 0 -1
    outer loop
      vertex 9.7 82 0
      vertex 13.2235 78.8978 0
      vertex 12.9739 78.8191 0
    endloop
  endfacet
  facet normal 0 0 -1
    outer loop
      vertex 9.7 82 0
      vertex 13.4791 78.9544 0
      vertex 13.2235 78.8978 0
    endloop
  endfacet
  facet normal 0 0 -1
    outer loop
      vertex 9.69353 82.1482 0
      vertex 13.4791 78.9544 0
      vertex 9.7 82 0
    endloop
  endfacet
  facet normal 0 0 -1
    outer loop
      vertex 13.7385 78.9886 0
      vertex 9.69353 82.1482 0
      vertex 9.67417 82.2952 0
    endloop
  endfacet
  facet normal 0 0 -1
    outer loop
      vertex 14 79 0
      vertex 9.67417 82.2952 0
      vertex 9.64207 82.44 0
    endloop
  endfacet
  facet normal 0 0 -1
    outer loop
      vertex 14 79 0
      vertex 9.64207 82.44 0
      vertex 9.59748 82.5814 0
    endloop
  endfacet
  facet normal 0 0 -1
    outer loop
      vertex 14 79 0
      vertex 9.59748 82.5814 0
      vertex 9.54072 82.7185 0
    endloop
  endfacet
  facet normal 0 0 -1
    outer loop
      vertex 14 79 0
      vertex 9.54072 82.7185 0
      vertex 9.47224 82.85 0
    endloop
  endfacet
  facet normal 0 0 -1
    outer loop
      vertex 14 79 0
      vertex 9.47224 82.85 0
      vertex 9.39256 82.9751 0
    endloop
  endfacet
  facet normal 0 0 -1
    outer loop
      vertex 14 79 0
      vertex 9.39256 82.9751 0
      vertex 9.30227 83.0927 0
    endloop
  endfacet
  facet normal 0 0 -1
    outer loop
      vertex 14 79 0
      vertex 9.30227 83.0927 0
      vertex 9.20208 83.2021 0
    endloop
  endfacet
  facet normal 0 0 -1
    outer loop
      vertex 14 79 0
      vertex 9.20208 83.2021 0
      vertex 4 90 0
    endloop
  endfacet
  facet normal 0 0 -1
    outer loop
      vertex 4 90 0
      vertex 9.20208 83.2021 0
      vertex 9.09274 83.3023 0
    endloop
  endfacet
  facet normal 0 0 -1
    outer loop
      vertex 4 90 0
      vertex 9.09274 83.3023 0
      vertex 8.97508 83.3926 0
    endloop
  endfacet
  facet normal 0 0 -1
    outer loop
      vertex 4 90 0
      vertex 8.97508 83.3926 0
      vertex 8.85 83.4722 0
    endloop
  endfacet
  facet normal 0 0 -1
    outer loop
      vertex 4 90 0
      vertex 8.85 83.4722 0
      vertex 8.71845 83.5407 0
    endloop
  endfacet
  facet normal 0 0 -1
    outer loop
      vertex 4 90 0
      vertex 8.71845 83.5407 0
      vertex 8.58143 83.5975 0
    endloop
  endfacet
  facet normal 0 0 -1
    outer loop
      vertex 4 90 0
      vertex 8.58143 83.5975 0
      vertex 8.43999 83.6421 0
    endloop
  endfacet
  facet normal 0 0 -1
    outer loop
      vertex 4 90 0
      vertex 8.43999 83.6421 0
      vertex 8.2952 83.6742 0
    endloop
  endfacet
  facet normal 0 0 -1
    outer loop
      vertex 4 90 0
      vertex 8.2952 83.6742 0
      vertex 8.14816 83.6935 0
    endloop
  endfacet
  facet normal 0 0 -1
    outer loop
      vertex 4 90 0
      vertex 8.14816 83.6935 0
      vertex 8 83.7 0
    endloop
  endfacet
  facet normal 0 0 -1
    outer loop
      vertex 4 90 0
      vertex 8 83.7 0
      vertex 7.85183 83.6935 0
    endloop
  endfacet
  facet normal 0 0 -1
    outer loop
      vertex 14 79 0
      vertex 4 90 0
      vertex 86 90 0
    endloop
  endfacet
  facet normal 0 0 -1
    outer loop
      vertex 7.7048 83.6742 0
      vertex 4 90 0
      vertex 7.85183 83.6935 0
    endloop
  endfacet
  facet normal 0 0 -1
    outer loop
      vertex 7.56001 83.6421 0
      vertex 4 90 0
      vertex 7.7048 83.6742 0
    endloop
  endfacet
  facet normal 0 0 -1
    outer loop
      vertex 7.41857 83.5975 0
      vertex 4 90 0
      vertex 7.56001 83.6421 0
    endloop
  endfacet
  facet normal 0 0 -1
    outer loop
      vertex 7.28155 83.5407 0
      vertex 4 90 0
      vertex 7.41857 83.5975 0
    endloop
  endfacet
  facet normal 0 0 -1
    outer loop
      vertex 7.15 83.4722 0
      vertex 4 90 0
      vertex 7.28155 83.5407 0
    endloop
  endfacet
  facet normal 0 0 -1
    outer loop
      vertex 7.02492 83.3926 0
      vertex 4 90 0
      vertex 7.15 83.4722 0
    endloop
  endfacet
  facet normal 0 0 -1
    outer loop
      vertex 6.90726 83.3023 0
      vertex 4 90 0
      vertex 7.02492 83.3926 0
    endloop
  endfacet
  facet normal 0 0 -1
    outer loop
      vertex 6.79792 83.2021 0
      vertex 4 90 0
      vertex 6.90726 83.3023 0
    endloop
  endfacet
  facet normal 0 0 -1
    outer loop
      vertex 0 86 0
      vertex 6.79792 83.2021 0
      vertex 6.69772 83.0927 0
    endloop
  endfacet
  facet normal 0 0 -1
    outer loop
      vertex 0 86 0
      vertex 6.69772 83.0927 0
      vertex 6.60744 82.9751 0
    endloop
  endfacet
  facet normal 0 0 -1
    outer loop
      vertex 0 86 0
      vertex 6.60744 82.9751 0
      vertex 6.52776 82.85 0
    endloop
  endfacet
  facet normal 0 0 -1
    outer loop
      vertex 0 86 0
      vertex 6.52776 82.85 0
      vertex 6.45928 82.7185 0
    endloop
  endfacet
  facet normal 0 0 -1
    outer loop
      vertex 0 86 0
      vertex 6.45928 82.7185 0
      vertex 6.40252 82.5814 0
    endloop
  endfacet
  facet normal 0 0 -1
    outer loop
      vertex 0 86 0
      vertex 6.40252 82.5814 0
      vertex 6.35793 82.44 0
    endloop
  endfacet
  facet normal 0 0 -1
    outer loop
      vertex 0 86 0
      vertex 6.35793 82.44 0
      vertex 6.32583 82.2952 0
    endloop
  endfacet
  facet normal 0 0 -1
    outer loop
      vertex 0 86 0
      vertex 6.32583 82.2952 0
      vertex 6.30647 82.1482 0
    endloop
  endfacet
  facet normal 0 0 -1
    outer loop
      vertex 0 86 0
      vertex 6.30647 82.1482 0
      vertex 6.3 82 0
    endloop
  endfacet
  facet normal 0 0 -1
    outer loop
      vertex 6.32583 81.7048 0
      vertex 0 86 0
      vertex 6.30647 81.8518 0
    endloop
  endfacet
  facet normal 0 0 -1
    outer loop
      vertex 0 4 0
      vertex 4 0 0
      vertex 3.65138 0.0152206 0
    endloop
  endfacet
  facet normal 0 0 -1
    outer loop
      vertex 6.30647 81.8518 0
      vertex 0 86 0
      vertex 6.3 82 0
    endloop
  endfacet
  facet normal 0 0 -1
    outer loop
      vertex 0 4 0
      vertex 3.65138 0.0152206 0
      vertex 3.30541 0.0607681 0
    endloop
  endfacet
  facet normal 0 0 -1
    outer loop
      vertex 6.79792 83.2021 0
      vertex 0 86 0
      vertex 4 90 0
    endloop
  endfacet
  facet normal 0 0 -1
    outer loop
      vertex 0 4 0
      vertex 3.30541 0.0607681 0
      vertex 2.96472 0.136296 0
    endloop
  endfacet
  facet normal 0 0 -1
    outer loop
      vertex 4 90 0
      vertex 0 86 0
      vertex 3.65138 89.9848 0
    endloop
  endfacet
  facet normal 0 0 -1
    outer loop
      vertex 0 4 0
      vertex 2.96472 0.136296 0
      vertex 2.63192 0.241229 0
    endloop
  endfacet
  facet normal 0 0 -1
    outer loop
      vertex 3.65138 89.9848 0
      vertex 0 86 0
      vertex 3.30541 89.9392 0
    endloop
  endfacet
  facet normal 0 0 -1
    outer loop
      vertex 0 4 0
      vertex 2.63192 0.241229 0
      vertex 2.30953 0.374768 0
    endloop
  endfacet
  facet normal 0 0 -1
    outer loop
      vertex 3.30541 89.9392 0
      vertex 0 86 0
      vertex 2.96472 89.8637 0
    endloop
  endfacet
  facet normal 0 0 -1
    outer loop
      vertex 0 4 0
      vertex 2.30953 0.374768 0
      vertex 2 0.535898 0
    endloop
  endfacet
  facet normal 0 0 -1
    outer loop
      vertex 2.96472 89.8637 0
      vertex 0 86 0
      vertex 2.63192 89.7588 0
    endloop
  endfacet
  facet normal 0 0 -1
    outer loop
      vertex 0 4 0
      vertex 2 0.535898 0
      vertex 1.70569 0.723392 0
    endloop
  endfacet
  facet normal 0 0 -1
    outer loop
      vertex 2.63192 89.7588 0
      vertex 0 86 0
      vertex 2.30953 89.6252 0
    endloop
  endfacet
  facet normal 0 0 -1
    outer loop
      vertex 0 4 0
      vertex 1.70569 0.723392 0
      vertex 1.42885 0.935822 0
    endloop
  endfacet
  facet normal 0 0 -1
    outer loop
      vertex 2.30953 89.6252 0
      vertex 0 86 0
      vertex 2 89.4641 0
    endloop
  endfacet
  facet normal 0 0 -1
    outer loop
      vertex 0 4 0
      vertex 1.42885 0.935822 0
      vertex 1.17157 1.17157 0
    endloop
  endfacet
  facet normal 0 0 -1
    outer loop
      vertex 2 89.4641 0
      vertex 0 86 0
      vertex 1.70569 89.2766 0
    endloop
  endfacet
  facet normal 0 0 -1
    outer loop
      vertex 0 4 0
      vertex 1.17157 1.17157 0
      vertex 0.935822 1.42885 0
    endloop
  endfacet
  facet normal 0 0 -1
    outer loop
      vertex 1.70569 89.2766 0
      vertex 0 86 0
      vertex 1.42885 89.0642 0
    endloop
  endfacet
  facet normal 0 0 -1
    outer loop
      vertex 0 4 0
      vertex 0.935822 1.42885 0
      vertex 0.723392 1.70569 0
    endloop
  endfacet
  facet normal 0 0 -1
    outer loop
      vertex 1.42885 89.0642 0
      vertex 0 86 0
      vertex 1.17157 88.8284 0
    endloop
  endfacet
  facet normal 0 0 -1
    outer loop
      vertex 0 4 0
      vertex 0.723392 1.70569 0
      vertex 0.535898 2 0
    endloop
  endfacet
  facet normal 0 0 -1
    outer loop
      vertex 1.17157 88.8284 0
      vertex 0 86 0
      vertex 0.935822 88.5712 0
    endloop
  endfacet
  facet normal 0 0 -1
    outer loop
      vertex 0 4 0
      vertex 0.535898 2 0
      vertex 0.374768 2.30953 0
    endloop
  endfacet
  facet normal 0 0 -1
    outer loop
      vertex 0.935822 88.5712 0
      vertex 0 86 0
      vertex 0.723392 88.2943 0
    endloop
  endfacet
  facet normal 0 0 -1
    outer loop
      vertex 0 4 0
      vertex 0.374768 2.30953 0
      vertex 0.241229 2.63192 0
    endloop
  endfacet
  facet normal 0 0 -1
    outer loop
      vertex 0.723392 88.2943 0
      vertex 0 86 0
      vertex 0.535898 88 0
    endloop
  endfacet
  facet normal 0 0 -1
    outer loop
      vertex 0 4 0
      vertex 0.241229 2.63192 0
      vertex 0.136296 2.96472 0
    endloop
  endfacet
  facet normal 0 0 -1
    outer loop
      vertex 0.535898 88 0
      vertex 0 86 0
      vertex 0.374768 87.6905 0
    endloop
  endfacet
  facet normal 0 0 -1
    outer loop
      vertex 0 4 0
      vertex 0.136296 2.96472 0
      vertex 0.0607681 3.30541 0
    endloop
  endfacet
  facet normal 0 0 -1
    outer loop
      vertex 0.374768 87.6905 0
      vertex 0 86 0
      vertex 0.241229 87.3681 0
    endloop
  endfacet
  facet normal 0 0 -1
    outer loop
      vertex 0 4 0
      vertex 0.0607681 3.30541 0
      vertex 0.0152206 3.65138 0
    endloop
  endfacet
  facet normal 0 0 -1
    outer loop
      vertex 0.241229 87.3681 0
      vertex 0 86 0
      vertex 0.136296 87.0353 0
    endloop
  endfacet
  facet normal 0 0 -1
    outer loop
      vertex 0.136296 87.0353 0
      vertex 0 86 0
      vertex 0.0607681 86.6946 0
    endloop
  endfacet
  facet normal 0 0 -1
    outer loop
      vertex 0.0607681 86.6946 0
      vertex 0 86 0
      vertex 0.0152206 86.3486 0
    endloop
  endfacet
  facet normal 0 0 -1
    outer loop
      vertex 66.4958 45.0959 0
      vertex 79 55 0
      vertex 66.5 45 0
    endloop
  endfacet
  facet normal 0 0 -1
    outer loop
      vertex 66.4833 45.191 0
      vertex 79 55 0
      vertex 66.4958 45.0959 0
    endloop
  endfacet
  facet normal 0 0 -1
    outer loop
      vertex 66.4625 45.2847 0
      vertex 79 55 0
      vertex 66.4833 45.191 0
    endloop
  endfacet
  facet normal 0 0 -1
    outer loop
      vertex 66.4337 45.3762 0
      vertex 79 55 0
      vertex 66.4625 45.2847 0
    endloop
  endfacet
  facet normal 0 0 -1
    outer loop
      vertex 66.3969 45.4649 0
      vertex 79 55 0
      vertex 66.4337 45.3762 0
    endloop
  endfacet
  facet normal 0 0 -1
    outer loop
      vertex 66.3526 45.55 0
      vertex 79 55 0
      vertex 66.3969 45.4649 0
    endloop
  endfacet
  facet normal 0 0 -1
    outer loop
      vertex 66.3011 45.6309 0
      vertex 79 55 0
      vertex 66.3526 45.55 0
    endloop
  endfacet
  facet normal 0 0 -1
    outer loop
      vertex 66.2426 45.7071 0
      vertex 79 55 0
      vertex 66.3011 45.6309 0
    endloop
  endfacet
  facet normal 0 0 -1
    outer loop
      vertex 66.1778 45.7778 0
      vertex 79 55 0
      vertex 66.2426 45.7071 0
    endloop
  endfacet
  facet normal 0 0 -1
    outer loop
      vertex 66.1071 45.8426 0
      vertex 79 55 0
      vertex 66.1778 45.7778 0
    endloop
  endfacet
  facet normal 0 0 -1
    outer loop
      vertex 66.0309 45.9011 0
      vertex 79 55 0
      vertex 66.1071 45.8426 0
    endloop
  endfacet
  facet normal 0 0 -1
    outer loop
      vertex 62.4 51.6 0
      vertex 66.0309 45.9011 0
      vertex 65.95 45.9526 0
    endloop
  endfacet
  facet normal 0 0 -1
    outer loop
      vertex 62.4 51.6 0
      vertex 65.95 45.9526 0
      vertex 65.8649 45.9969 0
    endloop
  endfacet
  facet normal 0 0 -1
    outer loop
      vertex 62.4 51.6 0
      vertex 65.8649 45.9969 0
      vertex 65.7762 46.0337 0
    endloop
  endfacet
  facet normal 0 0 -1
    outer loop
      vertex 62.4 51.6 0
      vertex 65.7762 46.0337 0
      vertex 65.6847 46.0625 0
    endloop
  endfacet
  facet normal 0 0 -1
    outer loop
      vertex 62.4 51.6 0
      vertex 65.6847 46.0625 0
      vertex 65.591 46.0833 0
    endloop
  endfacet
  facet normal 0 0 -1
    outer loop
      vertex 62.4 51.6 0
      vertex 65.591 46.0833 0
      vertex 65.4959 46.0958 0
    endloop
  endfacet
  facet normal 0 0 -1
    outer loop
      vertex 62.4 51.6 0
      vertex 65.4959 46.0958 0
      vertex 65.4 46.1 0
    endloop
  endfacet
  facet normal 0 0 -1
    outer loop
      vertex 62.4 51.6 0
      vertex 65.4 46.1 0
      vertex 63 46.1 0
    endloop
  endfacet
  facet normal 0 0 -1
    outer loop
      vertex 62.4 51.6 0
      vertex 63 46.1 0
      vertex 62.9041 46.0958 0
    endloop
  endfacet
  facet normal 0 0 -1
    outer loop
      vertex 62.4 51.6 0
      vertex 62.9041 46.0958 0
      vertex 62.809 46.0833 0
    endloop
  endfacet
  facet normal 0 0 -1
    outer loop
      vertex 62.4 51.6 0
      vertex 62.809 46.0833 0
      vertex 62.7153 46.0625 0
    endloop
  endfacet
  facet normal 0 0 -1
    outer loop
      vertex 62.4 51.6 0
      vertex 62.7153 46.0625 0
      vertex 62.6238 46.0337 0
    endloop
  endfacet
  facet normal 0 0 -1
    outer loop
      vertex 62.4 51.6 0
      vertex 62.6238 46.0337 0
      vertex 62.5351 45.9969 0
    endloop
  endfacet
  facet normal 0 0 -1
    outer loop
      vertex 62.4 51.6 0
      vertex 62.5351 45.9969 0
      vertex 62.45 45.9526 0
    endloop
  endfacet
  facet normal 0 0 -1
    outer loop
      vertex 62.4 51.6 0
      vertex 62.45 45.9526 0
      vertex 62.4 45.9208 0
    endloop
  endfacet
  facet normal 0 0 -1
    outer loop
      vertex 66.0309 45.9011 0
      vertex 62.4 51.6 0
      vertex 79 55 0
    endloop
  endfacet
  facet normal -0 0 -1
    outer loop
      vertex 79 55 0
      vertex 62.4 51.6 0
      vertex 62.4 55 0
    endloop
  endfacet
  facet normal 0 0 -1
    outer loop
      vertex 34.75 44.0474 0
      vertex 39 38.4 0
      vertex 39 35 0
    endloop
  endfacet
  facet normal 0 0 -1
    outer loop
      vertex 39 38.4 0
      vertex 38.8 45 0
      vertex 39 51.6 0
    endloop
  endfacet
  facet normal 0 0 -1
    outer loop
      vertex 38.7958 45.0959 0
      vertex 39 51.6 0
      vertex 38.8 45 0
    endloop
  endfacet
  facet normal 0 0 -1
    outer loop
      vertex 39 38.4 0
      vertex 38.7958 44.9041 0
      vertex 38.8 45 0
    endloop
  endfacet
  facet normal 0 0 -1
    outer loop
      vertex 39 38.4 0
      vertex 38.7833 44.809 0
      vertex 38.7958 44.9041 0
    endloop
  endfacet
  facet normal 0 0 -1
    outer loop
      vertex 39 38.4 0
      vertex 38.7625 44.7153 0
      vertex 38.7833 44.809 0
    endloop
  endfacet
  facet normal 0 0 -1
    outer loop
      vertex 39 38.4 0
      vertex 38.7337 44.6238 0
      vertex 38.7625 44.7153 0
    endloop
  endfacet
  facet normal 0 0 -1
    outer loop
      vertex 39 38.4 0
      vertex 38.6969 44.5351 0
      vertex 38.7337 44.6238 0
    endloop
  endfacet
  facet normal 0 0 -1
    outer loop
      vertex 39 38.4 0
      vertex 38.6526 44.45 0
      vertex 38.6969 44.5351 0
    endloop
  endfacet
  facet normal 0 0 -1
    outer loop
      vertex 39 38.4 0
      vertex 38.6011 44.3691 0
      vertex 38.6526 44.45 0
    endloop
  endfacet
  facet normal 0 0 -1
    outer loop
      vertex 39 38.4 0
      vertex 38.5426 44.2929 0
      vertex 38.6011 44.3691 0
    endloop
  endfacet
  facet normal 0 0 -1
    outer loop
      vertex 39 38.4 0
      vertex 38.4778 44.2222 0
      vertex 38.5426 44.2929 0
    endloop
  endfacet
  facet normal 0 0 -1
    outer loop
      vertex 39 38.4 0
      vertex 38.4071 44.1573 0
      vertex 38.4778 44.2222 0
    endloop
  endfacet
  facet normal 0 0 -1
    outer loop
      vertex 39 38.4 0
      vertex 38.3309 44.0989 0
      vertex 38.4071 44.1573 0
    endloop
  endfacet
  facet normal 0 0 -1
    outer loop
      vertex 39 38.4 0
      vertex 38.25 44.0474 0
      vertex 38.3309 44.0989 0
    endloop
  endfacet
  facet normal 0 0 -1
    outer loop
      vertex 39 38.4 0
      vertex 38.1649 44.0031 0
      vertex 38.25 44.0474 0
    endloop
  endfacet
  facet normal 0 0 -1
    outer loop
      vertex 39 38.4 0
      vertex 38.0762 43.9663 0
      vertex 38.1649 44.0031 0
    endloop
  endfacet
  facet normal 0 0 -1
    outer loop
      vertex 39 38.4 0
      vertex 37.9847 43.9375 0
      vertex 38.0762 43.9663 0
    endloop
  endfacet
  facet normal 0 0 -1
    outer loop
      vertex 39 38.4 0
      vertex 37.891 43.9167 0
      vertex 37.9847 43.9375 0
    endloop
  endfacet
  facet normal 0 0 -1
    outer loop
      vertex 39 38.4 0
      vertex 37.7959 43.9042 0
      vertex 37.891 43.9167 0
    endloop
  endfacet
  facet normal 0 0 -1
    outer loop
      vertex 39 38.4 0
      vertex 37.7 43.9 0
      vertex 37.7959 43.9042 0
    endloop
  endfacet
  facet normal 0 0 -1
    outer loop
      vertex 39 38.4 0
      vertex 35.3 43.9 0
      vertex 37.7 43.9 0
    endloop
  endfacet
  facet normal 0 0 -1
    outer loop
      vertex 39 38.4 0
      vertex 35.2041 43.9042 0
      vertex 35.3 43.9 0
    endloop
  endfacet
  facet normal 0 0 -1
    outer loop
      vertex 39 38.4 0
      vertex 35.109 43.9167 0
      vertex 35.2041 43.9042 0
    endloop
  endfacet
  facet normal 0 0 -1
    outer loop
      vertex 39 38.4 0
      vertex 35.0153 43.9375 0
      vertex 35.109 43.9167 0
    endloop
  endfacet
  facet normal 0 0 -1
    outer loop
      vertex 39 38.4 0
      vertex 34.9238 43.9663 0
      vertex 35.0153 43.9375 0
    endloop
  endfacet
  facet normal 0 0 -1
    outer loop
      vertex 39 38.4 0
      vertex 34.8351 44.0031 0
      vertex 34.9238 43.9663 0
    endloop
  endfacet
  facet normal 0 0 -1
    outer loop
      vertex 39 38.4 0
      vertex 34.75 44.0474 0
      vertex 34.8351 44.0031 0
    endloop
  endfacet
  facet normal 0 0 -1
    outer loop
      vertex 39 35 0
      vertex 34.6691 44.0989 0
      vertex 34.75 44.0474 0
    endloop
  endfacet
  facet normal 0 0 -1
    outer loop
      vertex 39 35 0
      vertex 34.5929 44.1573 0
      vertex 34.6691 44.0989 0
    endloop
  endfacet
  facet normal 0 0 -1
    outer loop
      vertex 39 35 0
      vertex 34.5222 44.2222 0
      vertex 34.5929 44.1573 0
    endloop
  endfacet
  facet normal 0 0 -1
    outer loop
      vertex 11 35 0
      vertex 34.5222 44.2222 0
      vertex 39 35 0
    endloop
  endfacet
  facet normal -0 0 -1
    outer loop
      vertex 34.5222 44.2222 0
      vertex 11 35 0
      vertex 34.4574 44.2929 0
    endloop
  endfacet
  facet normal -0 0 -1
    outer loop
      vertex 34.4574 44.2929 0
      vertex 11 35 0
      vertex 34.3989 44.3691 0
    endloop
  endfacet
  facet normal -0 0 -1
    outer loop
      vertex 34.3989 44.3691 0
      vertex 11 35 0
      vertex 34.3474 44.45 0
    endloop
  endfacet
  facet normal -0 0 -1
    outer loop
      vertex 34.2042 44.9041 0
      vertex 11 35 0
      vertex 34.2 45 0
    endloop
  endfacet
  facet normal -0 0 -1
    outer loop
      vertex 34.2167 44.809 0
      vertex 11 35 0
      vertex 34.2042 44.9041 0
    endloop
  endfacet
  facet normal -0 0 -1
    outer loop
      vertex 34.2375 44.7153 0
      vertex 11 35 0
      vertex 34.2167 44.809 0
    endloop
  endfacet
  facet normal -0 0 -1
    outer loop
      vertex 34.2663 44.6238 0
      vertex 11 35 0
      vertex 34.2375 44.7153 0
    endloop
  endfacet
  facet normal -0 0 -1
    outer loop
      vertex 34.3031 44.5351 0
      vertex 11 35 0
      vertex 34.2663 44.6238 0
    endloop
  endfacet
  facet normal -0 0 -1
    outer loop
      vertex 34.3474 44.45 0
      vertex 11 35 0
      vertex 34.3031 44.5351 0
    endloop
  endfacet
  facet normal 0 0 -1
    outer loop
      vertex 38.7833 45.191 0
      vertex 39 51.6 0
      vertex 38.7958 45.0959 0
    endloop
  endfacet
  facet normal 0 0 -1
    outer loop
      vertex 38.7625 45.2847 0
      vertex 39 51.6 0
      vertex 38.7833 45.191 0
    endloop
  endfacet
  facet normal 0 0 -1
    outer loop
      vertex 38.7337 45.3762 0
      vertex 39 51.6 0
      vertex 38.7625 45.2847 0
    endloop
  endfacet
  facet normal 0 0 -1
    outer loop
      vertex 38.6969 45.4649 0
      vertex 39 51.6 0
      vertex 38.7337 45.3762 0
    endloop
  endfacet
  facet normal 0 0 -1
    outer loop
      vertex 38.6526 45.55 0
      vertex 39 51.6 0
      vertex 38.6969 45.4649 0
    endloop
  endfacet
  facet normal 0 0 -1
    outer loop
      vertex 38.6011 45.6309 0
      vertex 39 51.6 0
      vertex 38.6526 45.55 0
    endloop
  endfacet
  facet normal 0 0 -1
    outer loop
      vertex 38.5426 45.7071 0
      vertex 39 51.6 0
      vertex 38.6011 45.6309 0
    endloop
  endfacet
  facet normal 0 0 -1
    outer loop
      vertex 38.4778 45.7778 0
      vertex 39 51.6 0
      vertex 38.5426 45.7071 0
    endloop
  endfacet
  facet normal 0 0 -1
    outer loop
      vertex 38.4071 45.8426 0
      vertex 39 51.6 0
      vertex 38.4778 45.7778 0
    endloop
  endfacet
  facet normal 0 0 -1
    outer loop
      vertex 38.3309 45.9011 0
      vertex 39 51.6 0
      vertex 38.4071 45.8426 0
    endloop
  endfacet
  facet normal 0 0 -1
    outer loop
      vertex 38.25 45.9526 0
      vertex 39 51.6 0
      vertex 38.3309 45.9011 0
    endloop
  endfacet
  facet normal 0 0 -1
    outer loop
      vertex 38.1649 45.9969 0
      vertex 39 51.6 0
      vertex 38.25 45.9526 0
    endloop
  endfacet
  facet normal 0 0 -1
    outer loop
      vertex 38.0762 46.0337 0
      vertex 39 51.6 0
      vertex 38.1649 45.9969 0
    endloop
  endfacet
  facet normal 0 0 -1
    outer loop
      vertex 37.9847 46.0625 0
      vertex 39 51.6 0
      vertex 38.0762 46.0337 0
    endloop
  endfacet
  facet normal 0 0 -1
    outer loop
      vertex 37.891 46.0833 0
      vertex 39 51.6 0
      vertex 37.9847 46.0625 0
    endloop
  endfacet
  facet normal 0 0 -1
    outer loop
      vertex 37.7959 46.0958 0
      vertex 39 51.6 0
      vertex 37.891 46.0833 0
    endloop
  endfacet
  facet normal 0 0 -1
    outer loop
      vertex 37.7 46.1 0
      vertex 39 51.6 0
      vertex 37.7959 46.0958 0
    endloop
  endfacet
  facet normal 0 0 -1
    outer loop
      vertex 35.3 46.1 0
      vertex 39 51.6 0
      vertex 37.7 46.1 0
    endloop
  endfacet
  facet normal 0 0 -1
    outer loop
      vertex 35.2041 46.0958 0
      vertex 39 51.6 0
      vertex 35.3 46.1 0
    endloop
  endfacet
  facet normal 0 0 -1
    outer loop
      vertex 35.109 46.0833 0
      vertex 39 51.6 0
      vertex 35.2041 46.0958 0
    endloop
  endfacet
  facet normal 0 0 -1
    outer loop
      vertex 35.0153 46.0625 0
      vertex 39 51.6 0
      vertex 35.109 46.0833 0
    endloop
  endfacet
  facet normal 0 0 -1
    outer loop
      vertex 34.9238 46.0337 0
      vertex 39 51.6 0
      vertex 35.0153 46.0625 0
    endloop
  endfacet
  facet normal 0 0 -1
    outer loop
      vertex 34.8351 45.9969 0
      vertex 39 51.6 0
      vertex 34.9238 46.0337 0
    endloop
  endfacet
  facet normal 0 0 -1
    outer loop
      vertex 34.75 45.9526 0
      vertex 39 51.6 0
      vertex 34.8351 45.9969 0
    endloop
  endfacet
  facet normal -0 0 -1
    outer loop
      vertex 39 51.6 0
      vertex 34.75 45.9526 0
      vertex 39 55 0
    endloop
  endfacet
  facet normal 0 0 -1
    outer loop
      vertex 34.6691 45.9011 0
      vertex 39 55 0
      vertex 34.75 45.9526 0
    endloop
  endfacet
  facet normal 0 0 -1
    outer loop
      vertex 34.5929 45.8426 0
      vertex 39 55 0
      vertex 34.6691 45.9011 0
    endloop
  endfacet
  facet normal 0 0 -1
    outer loop
      vertex 34.5222 45.7778 0
      vertex 39 55 0
      vertex 34.5929 45.8426 0
    endloop
  endfacet
  facet normal 0 0 -1
    outer loop
      vertex 11 55 0
      vertex 34.5222 45.7778 0
      vertex 34.4574 45.7071 0
    endloop
  endfacet
  facet normal 0 0 -1
    outer loop
      vertex 11 55 0
      vertex 34.4574 45.7071 0
      vertex 34.3989 45.6309 0
    endloop
  endfacet
  facet normal 0 0 -1
    outer loop
      vertex 11 55 0
      vertex 34.3989 45.6309 0
      vertex 34.3474 45.55 0
    endloop
  endfacet
  facet normal 0 0 -1
    outer loop
      vertex 11 55 0
      vertex 34.3474 45.55 0
      vertex 34.3031 45.4649 0
    endloop
  endfacet
  facet normal 0 0 -1
    outer loop
      vertex 11 55 0
      vertex 34.2 45 0
      vertex 11 35 0
    endloop
  endfacet
  facet normal 0 0 -1
    outer loop
      vertex 34.2 45 0
      vertex 11 55 0
      vertex 34.2042 45.0959 0
    endloop
  endfacet
  facet normal 0 0 -1
    outer loop
      vertex 34.2042 45.0959 0
      vertex 11 55 0
      vertex 34.2167 45.191 0
    endloop
  endfacet
  facet normal 0 0 -1
    outer loop
      vertex 34.2167 45.191 0
      vertex 11 55 0
      vertex 34.2375 45.2847 0
    endloop
  endfacet
  facet normal 0 0 -1
    outer loop
      vertex 34.2375 45.2847 0
      vertex 11 55 0
      vertex 34.2663 45.3762 0
    endloop
  endfacet
  facet normal 0 0 -1
    outer loop
      vertex 34.2663 45.3762 0
      vertex 11 55 0
      vertex 34.3031 45.4649 0
    endloop
  endfacet
  facet normal 0 0 -1
    outer loop
      vertex 34.5222 45.7778 0
      vertex 11 55 0
      vertex 39 55 0
    endloop
  endfacet
  facet normal -0.991446 0.130514 0
    outer loop
      vertex 0.0152206 86.3486 0
      vertex 0.0607681 86.6946 4
      vertex 0.0607681 86.6946 0
    endloop
  endfacet
  facet normal -0.991446 0.130514 0
    outer loop
      vertex 0.0607681 86.6946 4
      vertex 0.0152206 86.3486 0
      vertex 0.0152206 86.3486 4
    endloop
  endfacet
  facet normal -0.953716 0.30071 0
    outer loop
      vertex 0.136296 87.0353 0
      vertex 0.241229 87.3681 4
      vertex 0.241229 87.3681 0
    endloop
  endfacet
  facet normal -0.953716 0.30071 0
    outer loop
      vertex 0.241229 87.3681 4
      vertex 0.136296 87.0353 0
      vertex 0.136296 87.0353 4
    endloop
  endfacet
  facet normal -0.923883 0.382675 0
    outer loop
      vertex 0.241229 87.3681 0
      vertex 0.374768 87.6905 4
      vertex 0.374768 87.6905 0
    endloop
  endfacet
  facet normal -0.923883 0.382675 0
    outer loop
      vertex 0.374768 87.6905 4
      vertex 0.241229 87.3681 0
      vertex 0.241229 87.3681 4
    endloop
  endfacet
  facet normal 0.130662 0.991427 -0
    outer loop
      vertex 86.6946 89.9392 0
      vertex 86.3486 89.9848 4
      vertex 86.6946 89.9392 4
    endloop
  endfacet
  facet normal 0.130662 0.991427 0
    outer loop
      vertex 86.3486 89.9848 4
      vertex 86.6946 89.9392 0
      vertex 86.3486 89.9848 0
    endloop
  endfacet
  facet normal 0.0435616 0.999051 -0
    outer loop
      vertex 86.3486 89.9848 0
      vertex 86 90 4
      vertex 86.3486 89.9848 4
    endloop
  endfacet
  facet normal 0.0435616 0.999051 0
    outer loop
      vertex 86 90 4
      vertex 86.3486 89.9848 0
      vertex 86 90 0
    endloop
  endfacet
  facet normal 1 -0 0
    outer loop
      vertex 90 4 4
      vertex 90 86 0
      vertex 90 86 4
    endloop
  endfacet
  facet normal 1 0 0
    outer loop
      vertex 90 86 0
      vertex 90 4 4
      vertex 90 4 0
    endloop
  endfacet
  facet normal 0.793454 0.60863 0
    outer loop
      vertex 89.2766 88.2943 4
      vertex 89.0642 88.5712 0
      vertex 89.0642 88.5712 4
    endloop
  endfacet
  facet normal 0.793454 0.60863 0
    outer loop
      vertex 89.0642 88.5712 0
      vertex 89.2766 88.2943 4
      vertex 89.2766 88.2943 0
    endloop
  endfacet
  facet normal 0.461714 0.887029 -0
    outer loop
      vertex 88 89.4641 0
      vertex 87.6905 89.6252 4
      vertex 88 89.4641 4
    endloop
  endfacet
  facet normal 0.461714 0.887029 0
    outer loop
      vertex 87.6905 89.6252 4
      vertex 88 89.4641 0
      vertex 87.6905 89.6252 0
    endloop
  endfacet
  facet normal -0.382685 -0.923879 0
    outer loop
      vertex 2.30953 0.374768 0
      vertex 2.63192 0.241229 4
      vertex 2.30953 0.374768 4
    endloop
  endfacet
  facet normal -0.382685 -0.923879 -0
    outer loop
      vertex 2.63192 0.241229 4
      vertex 2.30953 0.374768 0
      vertex 2.63192 0.241229 0
    endloop
  endfacet
  facet normal -0.737285 -0.675581 0
    outer loop
      vertex 1.17157 1.17157 0
      vertex 0.935822 1.42885 4
      vertex 0.935822 1.42885 0
    endloop
  endfacet
  facet normal -0.737285 -0.675581 0
    outer loop
      vertex 0.935822 1.42885 4
      vertex 1.17157 1.17157 0
      vertex 1.17157 1.17157 4
    endloop
  endfacet
  facet normal -0.793349 -0.608767 0
    outer loop
      vertex 0.935822 1.42885 0
      vertex 0.723392 1.70569 4
      vertex 0.723392 1.70569 0
    endloop
  endfacet
  facet normal -0.793349 -0.608767 0
    outer loop
      vertex 0.723392 1.70569 4
      vertex 0.935822 1.42885 0
      vertex 0.935822 1.42885 4
    endloop
  endfacet
  facet normal -0.887012 -0.461746 0
    outer loop
      vertex 0.535898 2 0
      vertex 0.374768 2.30953 4
      vertex 0.374768 2.30953 0
    endloop
  endfacet
  facet normal -0.887012 -0.461746 0
    outer loop
      vertex 0.374768 2.30953 4
      vertex 0.535898 2 0
      vertex 0.535898 2 4
    endloop
  endfacet
  facet normal -0.976297 -0.216436 0
    outer loop
      vertex 0.136296 2.96472 0
      vertex 0.0607681 3.30541 4
      vertex 0.0607681 3.30541 0
    endloop
  endfacet
  facet normal -0.976297 -0.216436 0
    outer loop
      vertex 0.0607681 3.30541 4
      vertex 0.136296 2.96472 0
      vertex 0.136296 2.96472 4
    endloop
  endfacet
  facet normal -0.991445 -0.130525 0
    outer loop
      vertex 0.0607681 3.30541 0
      vertex 0.0152206 3.65138 4
      vertex 0.0152206 3.65138 0
    endloop
  endfacet
  facet normal -0.991445 -0.130525 0
    outer loop
      vertex 0.0152206 3.65138 4
      vertex 0.0607681 3.30541 0
      vertex 0.0607681 3.30541 4
    endloop
  endfacet
  facet normal -0.537307 0.843386 0
    outer loop
      vertex 2 89.4641 0
      vertex 1.70569 89.2766 4
      vertex 2 89.4641 4
    endloop
  endfacet
  facet normal -0.537307 0.843386 0
    outer loop
      vertex 1.70569 89.2766 4
      vertex 2 89.4641 0
      vertex 1.70569 89.2766 0
    endloop
  endfacet
  facet normal -0.976298 0.21643 0
    outer loop
      vertex 0.0607681 86.6946 0
      vertex 0.136296 87.0353 4
      vertex 0.136296 87.0353 0
    endloop
  endfacet
  facet normal -0.976298 0.21643 0
    outer loop
      vertex 0.136296 87.0353 4
      vertex 0.0607681 86.6946 0
      vertex 0.0607681 86.6946 4
    endloop
  endfacet
  facet normal -0.999048 0.0436205 0
    outer loop
      vertex 0 86 0
      vertex 0.0152206 86.3486 4
      vertex 0.0152206 86.3486 0
    endloop
  endfacet
  facet normal -0.999048 0.0436205 0
    outer loop
      vertex 0.0152206 86.3486 4
      vertex 0 86 0
      vertex 0 86 4
    endloop
  endfacet
  facet normal -0.886994 0.461781 0
    outer loop
      vertex 0.374768 87.6905 0
      vertex 0.535898 88 4
      vertex 0.535898 88 0
    endloop
  endfacet
  facet normal -0.886994 0.461781 0
    outer loop
      vertex 0.535898 88 4
      vertex 0.374768 87.6905 0
      vertex 0.374768 87.6905 4
    endloop
  endfacet
  facet normal -0.843386 0.537308 0
    outer loop
      vertex 0.535898 88 0
      vertex 0.723392 88.2943 4
      vertex 0.723392 88.2943 0
    endloop
  endfacet
  facet normal -0.843386 0.537308 0
    outer loop
      vertex 0.723392 88.2943 4
      vertex 0.535898 88 0
      vertex 0.535898 88 4
    endloop
  endfacet
  facet normal 0.887047 -0.461678 0
    outer loop
      vertex 89.4641 2 4
      vertex 89.6252 2.30953 0
      vertex 89.6252 2.30953 4
    endloop
  endfacet
  facet normal 0.887047 -0.461678 0
    outer loop
      vertex 89.6252 2.30953 0
      vertex 89.4641 2 4
      vertex 89.4641 2 0
    endloop
  endfacet
  facet normal 0.887029 0.461714 0
    outer loop
      vertex 89.6252 87.6905 4
      vertex 89.4641 88 0
      vertex 89.4641 88 4
    endloop
  endfacet
  facet normal 0.887029 0.461714 0
    outer loop
      vertex 89.4641 88 0
      vertex 89.6252 87.6905 4
      vertex 89.6252 87.6905 0
    endloop
  endfacet
  facet normal 0.991427 0.130662 0
    outer loop
      vertex 89.9848 86.3486 4
      vertex 89.9392 86.6946 0
      vertex 89.9392 86.6946 4
    endloop
  endfacet
  facet normal 0.991427 0.130662 0
    outer loop
      vertex 89.9392 86.6946 0
      vertex 89.9848 86.3486 4
      vertex 89.9848 86.3486 0
    endloop
  endfacet
  facet normal 0.976315 0.216354 0
    outer loop
      vertex 89.9392 86.6946 4
      vertex 89.8637 87.0353 0
      vertex 89.8637 87.0353 4
    endloop
  endfacet
  facet normal 0.976315 0.216354 0
    outer loop
      vertex 89.8637 87.0353 0
      vertex 89.9392 86.6946 4
      vertex 89.9392 86.6946 0
    endloop
  endfacet
  facet normal 0.60863 0.793454 -0
    outer loop
      vertex 88.5712 89.0642 0
      vertex 88.2943 89.2766 4
      vertex 88.5712 89.0642 4
    endloop
  endfacet
  facet normal 0.60863 0.793454 0
    outer loop
      vertex 88.2943 89.2766 4
      vertex 88.5712 89.0642 0
      vertex 88.2943 89.2766 0
    endloop
  endfacet
  facet normal 0.53732 0.843378 -0
    outer loop
      vertex 88.2943 89.2766 0
      vertex 88 89.4641 4
      vertex 88.2943 89.2766 4
    endloop
  endfacet
  facet normal 0.53732 0.843378 0
    outer loop
      vertex 88 89.4641 4
      vertex 88.2943 89.2766 0
      vertex 88 89.4641 0
    endloop
  endfacet
  facet normal -0.675581 -0.737285 0
    outer loop
      vertex 1.17157 1.17157 0
      vertex 1.42885 0.935822 4
      vertex 1.17157 1.17157 4
    endloop
  endfacet
  facet normal -0.675581 -0.737285 -0
    outer loop
      vertex 1.42885 0.935822 4
      vertex 1.17157 1.17157 0
      vertex 1.42885 0.935822 0
    endloop
  endfacet
  facet normal -0.843394 -0.537295 0
    outer loop
      vertex 0.723392 1.70569 0
      vertex 0.535898 2 4
      vertex 0.535898 2 0
    endloop
  endfacet
  facet normal -0.843394 -0.537295 0
    outer loop
      vertex 0.535898 2 4
      vertex 0.723392 1.70569 0
      vertex 0.723392 1.70569 4
    endloop
  endfacet
  facet normal -0.953716 -0.30071 0
    outer loop
      vertex 0.241229 2.63192 0
      vertex 0.136296 2.96472 4
      vertex 0.136296 2.96472 0
    endloop
  endfacet
  facet normal -0.953716 -0.30071 0
    outer loop
      vertex 0.136296 2.96472 4
      vertex 0.241229 2.63192 0
      vertex 0.241229 2.63192 4
    endloop
  endfacet
  facet normal -0.382834 0.923817 0
    outer loop
      vertex 2.63192 89.7588 0
      vertex 2.30953 89.6252 4
      vertex 2.63192 89.7588 4
    endloop
  endfacet
  facet normal -0.382834 0.923817 0
    outer loop
      vertex 2.30953 89.6252 4
      vertex 2.63192 89.7588 0
      vertex 2.30953 89.6252 0
    endloop
  endfacet
  facet normal -0.21636 0.976314 0
    outer loop
      vertex 3.30541 89.9392 0
      vertex 2.96472 89.8637 4
      vertex 3.30541 89.9392 4
    endloop
  endfacet
  facet normal -0.21636 0.976314 0
    outer loop
      vertex 2.96472 89.8637 4
      vertex 3.30541 89.9392 0
      vertex 2.96472 89.8637 0
    endloop
  endfacet
  facet normal 0.999051 -0.0435591 0
    outer loop
      vertex 89.9848 3.65138 4
      vertex 90 4 0
      vertex 90 4 4
    endloop
  endfacet
  facet normal 0.999051 -0.0435591 0
    outer loop
      vertex 90 4 0
      vertex 89.9848 3.65138 4
      vertex 89.9848 3.65138 0
    endloop
  endfacet
  facet normal 0.0436205 -0.999048 0
    outer loop
      vertex 86 0 0
      vertex 86.3486 0.0152206 4
      vertex 86 0 4
    endloop
  endfacet
  facet normal 0.0436205 -0.999048 0
    outer loop
      vertex 86.3486 0.0152206 4
      vertex 86 0 0
      vertex 86.3486 0.0152206 0
    endloop
  endfacet
  facet normal 0.130514 -0.991446 0
    outer loop
      vertex 86.3486 0.0152206 0
      vertex 86.6946 0.0607681 4
      vertex 86.3486 0.0152206 4
    endloop
  endfacet
  facet normal 0.130514 -0.991446 0
    outer loop
      vertex 86.6946 0.0607681 4
      vertex 86.3486 0.0152206 0
      vertex 86.6946 0.0607681 0
    endloop
  endfacet
  facet normal 0.737107 0.675777 0
    outer loop
      vertex 89.0642 88.5712 4
      vertex 88.8284 88.8284 0
      vertex 88.8284 88.8284 4
    endloop
  endfacet
  facet normal 0.737107 0.675777 0
    outer loop
      vertex 88.8284 88.8284 0
      vertex 89.0642 88.5712 4
      vertex 89.0642 88.5712 0
    endloop
  endfacet
  facet normal 0.923821 0.382824 0
    outer loop
      vertex 89.7588 87.3681 4
      vertex 89.6252 87.6905 0
      vertex 89.6252 87.6905 4
    endloop
  endfacet
  facet normal 0.923821 0.382824 0
    outer loop
      vertex 89.6252 87.6905 0
      vertex 89.7588 87.3681 4
      vertex 89.7588 87.3681 0
    endloop
  endfacet
  facet normal 0.999051 0.0435616 0
    outer loop
      vertex 90 86 4
      vertex 89.9848 86.3486 0
      vertex 89.9848 86.3486 4
    endloop
  endfacet
  facet normal 0.999051 0.0435616 0
    outer loop
      vertex 89.9848 86.3486 0
      vertex 90 86 4
      vertex 90 86 0
    endloop
  endfacet
  facet normal 0.216354 0.976315 -0
    outer loop
      vertex 87.0353 89.8637 0
      vertex 86.6946 89.9392 4
      vertex 87.0353 89.8637 4
    endloop
  endfacet
  facet normal 0.216354 0.976315 0
    outer loop
      vertex 86.6946 89.9392 4
      vertex 87.0353 89.8637 0
      vertex 86.6946 89.9392 0
    endloop
  endfacet
  facet normal 0.300624 0.953743 -0
    outer loop
      vertex 87.3681 89.7588 0
      vertex 87.0353 89.8637 4
      vertex 87.3681 89.7588 4
    endloop
  endfacet
  facet normal 0.300624 0.953743 0
    outer loop
      vertex 87.0353 89.8637 4
      vertex 87.3681 89.7588 0
      vertex 87.0353 89.8637 0
    endloop
  endfacet
  facet normal -0.461678 0.887047 0
    outer loop
      vertex 2.30953 89.6252 0
      vertex 2 89.4641 4
      vertex 2.30953 89.6252 4
    endloop
  endfacet
  facet normal -0.461678 0.887047 0
    outer loop
      vertex 2 89.4641 4
      vertex 2.30953 89.6252 0
      vertex 2 89.4641 0
    endloop
  endfacet
  facet normal -0.300624 0.953743 0
    outer loop
      vertex 2.96472 89.8637 0
      vertex 2.63192 89.7588 4
      vertex 2.96472 89.8637 4
    endloop
  endfacet
  facet normal -0.300624 0.953743 0
    outer loop
      vertex 2.63192 89.7588 4
      vertex 2.96472 89.8637 0
      vertex 2.63192 89.7588 0
    endloop
  endfacet
  facet normal -0.130673 0.991425 0
    outer loop
      vertex 3.65138 89.9848 0
      vertex 3.30541 89.9392 4
      vertex 3.65138 89.9848 4
    endloop
  endfacet
  facet normal -0.130673 0.991425 0
    outer loop
      vertex 3.30541 89.9392 4
      vertex 3.65138 89.9848 0
      vertex 3.30541 89.9392 0
    endloop
  endfacet
  facet normal -0.793413 0.608684 0
    outer loop
      vertex 0.723392 88.2943 0
      vertex 0.935822 88.5712 4
      vertex 0.935822 88.5712 0
    endloop
  endfacet
  facet normal -0.793413 0.608684 0
    outer loop
      vertex 0.935822 88.5712 4
      vertex 0.723392 88.2943 0
      vertex 0.723392 88.2943 4
    endloop
  endfacet
  facet normal 0.923817 -0.382834 0
    outer loop
      vertex 89.6252 2.30953 4
      vertex 89.7588 2.63192 0
      vertex 89.7588 2.63192 4
    endloop
  endfacet
  facet normal 0.923817 -0.382834 0
    outer loop
      vertex 89.7588 2.63192 0
      vertex 89.6252 2.30953 4
      vertex 89.6252 2.30953 0
    endloop
  endfacet
  facet normal 0.953743 -0.300624 0
    outer loop
      vertex 89.7588 2.63192 4
      vertex 89.8637 2.96472 0
      vertex 89.8637 2.96472 4
    endloop
  endfacet
  facet normal 0.953743 -0.300624 0
    outer loop
      vertex 89.8637 2.96472 0
      vertex 89.7588 2.63192 4
      vertex 89.7588 2.63192 0
    endloop
  endfacet
  facet normal 0.976314 -0.21636 0
    outer loop
      vertex 89.8637 2.96472 4
      vertex 89.9392 3.30541 0
      vertex 89.9392 3.30541 4
    endloop
  endfacet
  facet normal 0.976314 -0.21636 0
    outer loop
      vertex 89.9392 3.30541 0
      vertex 89.8637 2.96472 4
      vertex 89.8637 2.96472 0
    endloop
  endfacet
  facet normal 0.991425 -0.130673 0
    outer loop
      vertex 89.9392 3.30541 4
      vertex 89.9848 3.65138 0
      vertex 89.9848 3.65138 4
    endloop
  endfacet
  facet normal 0.991425 -0.130673 0
    outer loop
      vertex 89.9848 3.65138 0
      vertex 89.9392 3.30541 4
      vertex 89.9392 3.30541 0
    endloop
  endfacet
  facet normal 0.79339 -0.608713 0
    outer loop
      vertex 89.0642 1.42885 4
      vertex 89.2766 1.70569 0
      vertex 89.2766 1.70569 4
    endloop
  endfacet
  facet normal 0.79339 -0.608713 0
    outer loop
      vertex 89.2766 1.70569 0
      vertex 89.0642 1.42885 4
      vertex 89.0642 1.42885 0
    endloop
  endfacet
  facet normal 0.843386 -0.537307 0
    outer loop
      vertex 89.2766 1.70569 4
      vertex 89.4641 2 0
      vertex 89.4641 2 4
    endloop
  endfacet
  facet normal 0.843386 -0.537307 0
    outer loop
      vertex 89.4641 2 0
      vertex 89.2766 1.70569 4
      vertex 89.2766 1.70569 0
    endloop
  endfacet
  facet normal 0.537308 -0.843386 0
    outer loop
      vertex 88 0.535898 0
      vertex 88.2943 0.723392 4
      vertex 88 0.535898 4
    endloop
  endfacet
  facet normal 0.537308 -0.843386 0
    outer loop
      vertex 88.2943 0.723392 4
      vertex 88 0.535898 0
      vertex 88.2943 0.723392 0
    endloop
  endfacet
  facet normal 0.461781 -0.886994 0
    outer loop
      vertex 87.6905 0.374768 0
      vertex 88 0.535898 4
      vertex 87.6905 0.374768 4
    endloop
  endfacet
  facet normal 0.461781 -0.886994 0
    outer loop
      vertex 88 0.535898 4
      vertex 87.6905 0.374768 0
      vertex 88 0.535898 0
    endloop
  endfacet
  facet normal 0.843378 0.53732 0
    outer loop
      vertex 89.4641 88 4
      vertex 89.2766 88.2943 0
      vertex 89.2766 88.2943 4
    endloop
  endfacet
  facet normal 0.843378 0.53732 0
    outer loop
      vertex 89.2766 88.2943 0
      vertex 89.4641 88 4
      vertex 89.4641 88 0
    endloop
  endfacet
  facet normal 0.953743 0.300624 0
    outer loop
      vertex 89.8637 87.0353 4
      vertex 89.7588 87.3681 0
      vertex 89.7588 87.3681 4
    endloop
  endfacet
  facet normal 0.953743 0.300624 0
    outer loop
      vertex 89.7588 87.3681 0
      vertex 89.8637 87.0353 4
      vertex 89.8637 87.0353 0
    endloop
  endfacet
  facet normal -0.608713 0.79339 0
    outer loop
      vertex 1.70569 89.2766 0
      vertex 1.42885 89.0642 4
      vertex 1.70569 89.2766 4
    endloop
  endfacet
  facet normal -0.608713 0.79339 0
    outer loop
      vertex 1.42885 89.0642 4
      vertex 1.70569 89.2766 0
      vertex 1.42885 89.0642 0
    endloop
  endfacet
  facet normal -0.737181 0.675696 0
    outer loop
      vertex 0.935822 88.5712 0
      vertex 1.17157 88.8284 4
      vertex 1.17157 88.8284 0
    endloop
  endfacet
  facet normal -0.737181 0.675696 0
    outer loop
      vertex 1.17157 88.8284 4
      vertex 0.935822 88.5712 0
      vertex 0.935822 88.5712 4
    endloop
  endfacet
  facet normal -0.675662 0.737211 0
    outer loop
      vertex 1.42885 89.0642 0
      vertex 1.17157 88.8284 4
      vertex 1.42885 89.0642 4
    endloop
  endfacet
  facet normal -0.675662 0.737211 0
    outer loop
      vertex 1.17157 88.8284 4
      vertex 1.42885 89.0642 0
      vertex 1.17157 88.8284 0
    endloop
  endfacet
  facet normal 0.737211 -0.675662 0
    outer loop
      vertex 88.8284 1.17157 4
      vertex 89.0642 1.42885 0
      vertex 89.0642 1.42885 4
    endloop
  endfacet
  facet normal 0.737211 -0.675662 0
    outer loop
      vertex 89.0642 1.42885 0
      vertex 88.8284 1.17157 4
      vertex 88.8284 1.17157 0
    endloop
  endfacet
  facet normal 0.675696 -0.737181 0
    outer loop
      vertex 88.5712 0.935822 0
      vertex 88.8284 1.17157 4
      vertex 88.5712 0.935822 4
    endloop
  endfacet
  facet normal 0.675696 -0.737181 0
    outer loop
      vertex 88.8284 1.17157 4
      vertex 88.5712 0.935822 0
      vertex 88.8284 1.17157 0
    endloop
  endfacet
  facet normal 0.608684 -0.793413 0
    outer loop
      vertex 88.2943 0.723392 0
      vertex 88.5712 0.935822 4
      vertex 88.2943 0.723392 4
    endloop
  endfacet
  facet normal 0.608684 -0.793413 0
    outer loop
      vertex 88.5712 0.935822 4
      vertex 88.2943 0.723392 0
      vertex 88.5712 0.935822 0
    endloop
  endfacet
  facet normal 0.21643 -0.976298 0
    outer loop
      vertex 86.6946 0.0607681 0
      vertex 87.0353 0.136296 4
      vertex 86.6946 0.0607681 4
    endloop
  endfacet
  facet normal 0.21643 -0.976298 0
    outer loop
      vertex 87.0353 0.136296 4
      vertex 86.6946 0.0607681 0
      vertex 87.0353 0.136296 0
    endloop
  endfacet
  facet normal 0.382675 -0.923883 0
    outer loop
      vertex 87.3681 0.241229 0
      vertex 87.6905 0.374768 4
      vertex 87.3681 0.241229 4
    endloop
  endfacet
  facet normal 0.382675 -0.923883 0
    outer loop
      vertex 87.6905 0.374768 4
      vertex 87.3681 0.241229 0
      vertex 87.6905 0.374768 0
    endloop
  endfacet
  facet normal 0.30071 -0.953716 0
    outer loop
      vertex 87.0353 0.136296 0
      vertex 87.3681 0.241229 4
      vertex 87.0353 0.136296 4
    endloop
  endfacet
  facet normal 0.30071 -0.953716 0
    outer loop
      vertex 87.3681 0.241229 4
      vertex 87.0353 0.136296 0
      vertex 87.3681 0.241229 0
    endloop
  endfacet
  facet normal -0.999051 -0.0435533 0
    outer loop
      vertex 79 76 0
      vertex 78.9886 76.2615 4
      vertex 78.9886 76.2615 0
    endloop
  endfacet
  facet normal -0.999051 -0.0435533 0
    outer loop
      vertex 78.9886 76.2615 4
      vertex 79 76 0
      vertex 79 76 4
    endloop
  endfacet
  facet normal 0.999051 -0.0435533 0
    outer loop
      vertex 11 76 4
      vertex 11.0114 76.2615 0
      vertex 11.0114 76.2615 4
    endloop
  endfacet
  facet normal 0.999051 -0.0435533 0
    outer loop
      vertex 11.0114 76.2615 0
      vertex 11 76 4
      vertex 11 76 0
    endloop
  endfacet
  facet normal 0.300711 0.953715 -0
    outer loop
      vertex 13.2235 11.1022 0
      vertex 12.9739 11.1809 4
      vertex 13.2235 11.1022 4
    endloop
  endfacet
  facet normal 0.300711 0.953715 0
    outer loop
      vertex 12.9739 11.1809 4
      vertex 13.2235 11.1022 0
      vertex 12.9739 11.1809 0
    endloop
  endfacet
  facet normal 0.737202 0.675673 0
    outer loop
      vertex 11.8787 11.8787 4
      vertex 11.7019 12.0716 0
      vertex 11.7019 12.0716 4
    endloop
  endfacet
  facet normal 0.737202 0.675673 0
    outer loop
      vertex 11.7019 12.0716 0
      vertex 11.8787 11.8787 4
      vertex 11.8787 11.8787 0
    endloop
  endfacet
  facet normal -0.0435533 -0.999051 0
    outer loop
      vertex 76 79 0
      vertex 76.2615 78.9886 4
      vertex 76 79 4
    endloop
  endfacet
  facet normal -0.0435533 -0.999051 -0
    outer loop
      vertex 76.2615 78.9886 4
      vertex 76 79 0
      vertex 76.2615 78.9886 0
    endloop
  endfacet
  facet normal -0.0435533 0.999051 0
    outer loop
      vertex 76.2615 11.0114 0
      vertex 76 11 4
      vertex 76.2615 11.0114 4
    endloop
  endfacet
  facet normal -0.0435533 0.999051 0
    outer loop
      vertex 76 11 4
      vertex 76.2615 11.0114 0
      vertex 76 11 0
    endloop
  endfacet
  facet normal -1 0 0
    outer loop
      vertex 79 55 0
      vertex 79 76 4
      vertex 79 76 0
    endloop
  endfacet
  facet normal -1 -0 0
    outer loop
      vertex 79 76 4
      vertex 79 55 0
      vertex 79 55 4
    endloop
  endfacet
  facet normal -1 0 0
    outer loop
      vertex 79 14 0
      vertex 79 35 4
      vertex 79 35 0
    endloop
  endfacet
  facet normal -1 -0 0
    outer loop
      vertex 79 35 4
      vertex 79 14 0
      vertex 79 14 4
    endloop
  endfacet
  facet normal 0.999051 0.0435533 0
    outer loop
      vertex 11.0114 13.7385 4
      vertex 11 14 0
      vertex 11 14 4
    endloop
  endfacet
  facet normal 0.999051 0.0435533 0
    outer loop
      vertex 11 14 0
      vertex 11.0114 13.7385 4
      vertex 11.0114 13.7385 0
    endloop
  endfacet
  facet normal 1 -0 0
    outer loop
      vertex 11 55 4
      vertex 11 76 0
      vertex 11 76 4
    endloop
  endfacet
  facet normal 1 0 0
    outer loop
      vertex 11 76 0
      vertex 11 55 4
      vertex 11 55 0
    endloop
  endfacet
  facet normal 1 -0 0
    outer loop
      vertex 11 14 4
      vertex 11 35 0
      vertex 11 35 4
    endloop
  endfacet
  facet normal 1 0 0
    outer loop
      vertex 11 35 0
      vertex 11 14 4
      vertex 11 14 0
    endloop
  endfacet
  facet normal 0.923821 -0.382824 0
    outer loop
      vertex 11.1809 77.0261 4
      vertex 11.2811 77.2679 0
      vertex 11.2811 77.2679 4
    endloop
  endfacet
  facet normal 0.923821 -0.382824 0
    outer loop
      vertex 11.2811 77.2679 0
      vertex 11.1809 77.0261 4
      vertex 11.1809 77.0261 0
    endloop
  endfacet
  facet normal 0.923821 0.382824 0
    outer loop
      vertex 11.2811 12.7321 4
      vertex 11.1809 12.9739 0
      vertex 11.1809 12.9739 4
    endloop
  endfacet
  facet normal 0.923821 0.382824 0
    outer loop
      vertex 11.1809 12.9739 0
      vertex 11.2811 12.7321 4
      vertex 11.2811 12.7321 0
    endloop
  endfacet
  facet normal 0 -1 0
    outer loop
      vertex 14 79 0
      vertex 76 79 4
      vertex 14 79 4
    endloop
  endfacet
  facet normal 0 -1 -0
    outer loop
      vertex 76 79 4
      vertex 14 79 0
      vertex 76 79 0
    endloop
  endfacet
  facet normal -0.99142 -0.130712 0
    outer loop
      vertex 78.9886 76.2615 0
      vertex 78.9544 76.5209 4
      vertex 78.9544 76.5209 0
    endloop
  endfacet
  facet normal -0.99142 -0.130712 0
    outer loop
      vertex 78.9544 76.5209 4
      vertex 78.9886 76.2615 0
      vertex 78.9886 76.2615 4
    endloop
  endfacet
  facet normal -0.382824 0.923821 0
    outer loop
      vertex 77.2679 11.2811 0
      vertex 77.0261 11.1809 4
      vertex 77.2679 11.2811 4
    endloop
  endfacet
  facet normal -0.382824 0.923821 0
    outer loop
      vertex 77.0261 11.1809 4
      vertex 77.2679 11.2811 0
      vertex 77.0261 11.1809 0
    endloop
  endfacet
  facet normal -0.793305 0.608824 0
    outer loop
      vertex 78.2981 12.0716 0
      vertex 78.4575 12.2793 4
      vertex 78.4575 12.2793 0
    endloop
  endfacet
  facet normal -0.793305 0.608824 0
    outer loop
      vertex 78.4575 12.2793 4
      vertex 78.2981 12.0716 0
      vertex 78.2981 12.0716 4
    endloop
  endfacet
  facet normal 0.843394 -0.537296 0
    outer loop
      vertex 11.4019 77.5 4
      vertex 11.5425 77.7207 0
      vertex 11.5425 77.7207 4
    endloop
  endfacet
  facet normal 0.843394 -0.537296 0
    outer loop
      vertex 11.5425 77.7207 0
      vertex 11.4019 77.5 4
      vertex 11.4019 77.5 0
    endloop
  endfacet
  facet normal 0.537296 0.843394 -0
    outer loop
      vertex 12.5 11.4019 0
      vertex 12.2793 11.5425 4
      vertex 12.5 11.4019 4
    endloop
  endfacet
  facet normal 0.537296 0.843394 0
    outer loop
      vertex 12.2793 11.5425 4
      vertex 12.5 11.4019 0
      vertex 12.2793 11.5425 0
    endloop
  endfacet
  facet normal 0.461678 0.887048 -0
    outer loop
      vertex 12.7321 11.2811 0
      vertex 12.5 11.4019 4
      vertex 12.7321 11.2811 4
    endloop
  endfacet
  facet normal 0.461678 0.887048 0
    outer loop
      vertex 12.5 11.4019 4
      vertex 12.7321 11.2811 0
      vertex 12.5 11.4019 0
    endloop
  endfacet
  facet normal 0.675673 0.737202 -0
    outer loop
      vertex 12.0716 11.7019 0
      vertex 11.8787 11.8787 4
      vertex 12.0716 11.7019 4
    endloop
  endfacet
  facet normal 0.675673 0.737202 0
    outer loop
      vertex 11.8787 11.8787 4
      vertex 12.0716 11.7019 0
      vertex 11.8787 11.8787 0
    endloop
  endfacet
  facet normal 0.793305 0.608824 0
    outer loop
      vertex 11.7019 12.0716 4
      vertex 11.5425 12.2793 0
      vertex 11.5425 12.2793 4
    endloop
  endfacet
  facet normal 0.793305 0.608824 0
    outer loop
      vertex 11.5425 12.2793 0
      vertex 11.7019 12.0716 4
      vertex 11.7019 12.0716 0
    endloop
  endfacet
  facet normal 0.99142 0.130712 0
    outer loop
      vertex 11.0456 13.4791 4
      vertex 11.0114 13.7385 0
      vertex 11.0114 13.7385 4
    endloop
  endfacet
  facet normal 0.99142 0.130712 0
    outer loop
      vertex 11.0114 13.7385 0
      vertex 11.0456 13.4791 4
      vertex 11.0456 13.4791 0
    endloop
  endfacet
  facet normal 0.953715 0.300711 0
    outer loop
      vertex 11.1809 12.9739 4
      vertex 11.1022 13.2235 0
      vertex 11.1022 13.2235 4
    endloop
  endfacet
  facet normal 0.953715 0.300711 0
    outer loop
      vertex 11.1022 13.2235 0
      vertex 11.1809 12.9739 4
      vertex 11.1809 12.9739 0
    endloop
  endfacet
  facet normal -0.843394 0.537296 0
    outer loop
      vertex 78.4575 12.2793 0
      vertex 78.5981 12.5 4
      vertex 78.5981 12.5 0
    endloop
  endfacet
  facet normal -0.843394 0.537296 0
    outer loop
      vertex 78.5981 12.5 4
      vertex 78.4575 12.2793 0
      vertex 78.4575 12.2793 4
    endloop
  endfacet
  facet normal -0.737202 0.675673 0
    outer loop
      vertex 78.1213 11.8787 0
      vertex 78.2981 12.0716 4
      vertex 78.2981 12.0716 0
    endloop
  endfacet
  facet normal -0.737202 0.675673 0
    outer loop
      vertex 78.2981 12.0716 4
      vertex 78.1213 11.8787 0
      vertex 78.1213 11.8787 4
    endloop
  endfacet
  facet normal -0.99142 0.130712 0
    outer loop
      vertex 78.9544 13.4791 0
      vertex 78.9886 13.7385 4
      vertex 78.9886 13.7385 0
    endloop
  endfacet
  facet normal -0.99142 0.130712 0
    outer loop
      vertex 78.9886 13.7385 4
      vertex 78.9544 13.4791 0
      vertex 78.9544 13.4791 4
    endloop
  endfacet
  facet normal -0.953715 0.300711 0
    outer loop
      vertex 78.8191 12.9739 0
      vertex 78.8978 13.2235 4
      vertex 78.8978 13.2235 0
    endloop
  endfacet
  facet normal -0.953715 0.300711 0
    outer loop
      vertex 78.8978 13.2235 4
      vertex 78.8191 12.9739 0
      vertex 78.8191 12.9739 4
    endloop
  endfacet
  facet normal -0.999051 0.0435533 0
    outer loop
      vertex 78.9886 13.7385 0
      vertex 79 14 4
      vertex 79 14 0
    endloop
  endfacet
  facet normal -0.999051 0.0435533 0
    outer loop
      vertex 79 14 4
      vertex 78.9886 13.7385 0
      vertex 78.9886 13.7385 4
    endloop
  endfacet
  facet normal 0.976349 -0.216202 0
    outer loop
      vertex 11.0456 76.5209 4
      vertex 11.1022 76.7765 0
      vertex 11.1022 76.7765 4
    endloop
  endfacet
  facet normal 0.976349 -0.216202 0
    outer loop
      vertex 11.1022 76.7765 0
      vertex 11.0456 76.5209 4
      vertex 11.0456 76.5209 0
    endloop
  endfacet
  facet normal 0.953715 -0.300711 0
    outer loop
      vertex 11.1022 76.7765 4
      vertex 11.1809 77.0261 0
      vertex 11.1809 77.0261 4
    endloop
  endfacet
  facet normal 0.953715 -0.300711 0
    outer loop
      vertex 11.1809 77.0261 0
      vertex 11.1022 76.7765 4
      vertex 11.1022 76.7765 0
    endloop
  endfacet
  facet normal 0.99142 -0.130712 0
    outer loop
      vertex 11.0114 76.2615 4
      vertex 11.0456 76.5209 0
      vertex 11.0456 76.5209 4
    endloop
  endfacet
  facet normal 0.99142 -0.130712 0
    outer loop
      vertex 11.0456 76.5209 0
      vertex 11.0114 76.2615 4
      vertex 11.0114 76.2615 0
    endloop
  endfacet
  facet normal 0.887048 -0.461678 0
    outer loop
      vertex 11.2811 77.2679 4
      vertex 11.4019 77.5 0
      vertex 11.4019 77.5 4
    endloop
  endfacet
  facet normal 0.887048 -0.461678 0
    outer loop
      vertex 11.4019 77.5 0
      vertex 11.2811 77.2679 4
      vertex 11.2811 77.2679 0
    endloop
  endfacet
  facet normal 0.793305 -0.608824 0
    outer loop
      vertex 11.5425 77.7207 4
      vertex 11.7019 77.9284 0
      vertex 11.7019 77.9284 4
    endloop
  endfacet
  facet normal 0.793305 -0.608824 0
    outer loop
      vertex 11.7019 77.9284 0
      vertex 11.5425 77.7207 4
      vertex 11.5425 77.7207 0
    endloop
  endfacet
  facet normal 0.216202 0.976349 -0
    outer loop
      vertex 13.4791 11.0456 0
      vertex 13.2235 11.1022 4
      vertex 13.4791 11.0456 4
    endloop
  endfacet
  facet normal 0.216202 0.976349 0
    outer loop
      vertex 13.2235 11.1022 4
      vertex 13.4791 11.0456 0
      vertex 13.2235 11.1022 0
    endloop
  endfacet
  facet normal 0.0435533 0.999051 -0
    outer loop
      vertex 14 11 0
      vertex 13.7385 11.0114 4
      vertex 14 11 4
    endloop
  endfacet
  facet normal 0.0435533 0.999051 0
    outer loop
      vertex 13.7385 11.0114 4
      vertex 14 11 0
      vertex 13.7385 11.0114 0
    endloop
  endfacet
  facet normal 0.130712 0.99142 -0
    outer loop
      vertex 13.7385 11.0114 0
      vertex 13.4791 11.0456 4
      vertex 13.7385 11.0114 4
    endloop
  endfacet
  facet normal 0.130712 0.99142 0
    outer loop
      vertex 13.4791 11.0456 4
      vertex 13.7385 11.0114 0
      vertex 13.4791 11.0456 0
    endloop
  endfacet
  facet normal 0 1 -0
    outer loop
      vertex 76 11 0
      vertex 14 11 4
      vertex 76 11 4
    endloop
  endfacet
  facet normal 0 1 0
    outer loop
      vertex 14 11 4
      vertex 76 11 0
      vertex 14 11 0
    endloop
  endfacet
  facet normal 0.382824 0.923821 -0
    outer loop
      vertex 12.9739 11.1809 0
      vertex 12.7321 11.2811 4
      vertex 12.9739 11.1809 4
    endloop
  endfacet
  facet normal 0.382824 0.923821 0
    outer loop
      vertex 12.7321 11.2811 4
      vertex 12.9739 11.1809 0
      vertex 12.7321 11.2811 0
    endloop
  endfacet
  facet normal 0.608824 0.793305 -0
    outer loop
      vertex 12.2793 11.5425 0
      vertex 12.0716 11.7019 4
      vertex 12.2793 11.5425 4
    endloop
  endfacet
  facet normal 0.608824 0.793305 0
    outer loop
      vertex 12.0716 11.7019 4
      vertex 12.2793 11.5425 0
      vertex 12.0716 11.7019 0
    endloop
  endfacet
  facet normal 0.843394 0.537296 0
    outer loop
      vertex 11.5425 12.2793 4
      vertex 11.4019 12.5 0
      vertex 11.4019 12.5 4
    endloop
  endfacet
  facet normal 0.843394 0.537296 0
    outer loop
      vertex 11.4019 12.5 0
      vertex 11.5425 12.2793 4
      vertex 11.5425 12.2793 0
    endloop
  endfacet
  facet normal 0.976349 0.216202 0
    outer loop
      vertex 11.1022 13.2235 4
      vertex 11.0456 13.4791 0
      vertex 11.0456 13.4791 4
    endloop
  endfacet
  facet normal 0.976349 0.216202 0
    outer loop
      vertex 11.0456 13.4791 0
      vertex 11.1022 13.2235 4
      vertex 11.1022 13.2235 0
    endloop
  endfacet
  facet normal 0.300711 -0.953715 0
    outer loop
      vertex 12.9739 78.8191 0
      vertex 13.2235 78.8978 4
      vertex 12.9739 78.8191 4
    endloop
  endfacet
  facet normal 0.300711 -0.953715 0
    outer loop
      vertex 13.2235 78.8978 4
      vertex 12.9739 78.8191 0
      vertex 13.2235 78.8978 0
    endloop
  endfacet
  facet normal -0.976349 -0.216202 0
    outer loop
      vertex 78.9544 76.5209 0
      vertex 78.8978 76.7765 4
      vertex 78.8978 76.7765 0
    endloop
  endfacet
  facet normal -0.976349 -0.216202 0
    outer loop
      vertex 78.8978 76.7765 4
      vertex 78.9544 76.5209 0
      vertex 78.9544 76.5209 4
    endloop
  endfacet
  facet normal -0.382824 -0.923821 0
    outer loop
      vertex 77.0261 78.8191 0
      vertex 77.2679 78.7189 4
      vertex 77.0261 78.8191 4
    endloop
  endfacet
  facet normal -0.382824 -0.923821 -0
    outer loop
      vertex 77.2679 78.7189 4
      vertex 77.0261 78.8191 0
      vertex 77.2679 78.7189 0
    endloop
  endfacet
  facet normal -0.737202 -0.675673 0
    outer loop
      vertex 78.2981 77.9284 0
      vertex 78.1213 78.1213 4
      vertex 78.1213 78.1213 0
    endloop
  endfacet
  facet normal -0.737202 -0.675673 0
    outer loop
      vertex 78.1213 78.1213 4
      vertex 78.2981 77.9284 0
      vertex 78.2981 77.9284 4
    endloop
  endfacet
  facet normal -0.216202 0.976349 0
    outer loop
      vertex 76.7765 11.1022 0
      vertex 76.5209 11.0456 4
      vertex 76.7765 11.1022 4
    endloop
  endfacet
  facet normal -0.216202 0.976349 0
    outer loop
      vertex 76.5209 11.0456 4
      vertex 76.7765 11.1022 0
      vertex 76.5209 11.0456 0
    endloop
  endfacet
  facet normal -0.300711 0.953715 0
    outer loop
      vertex 77.0261 11.1809 0
      vertex 76.7765 11.1022 4
      vertex 77.0261 11.1809 4
    endloop
  endfacet
  facet normal -0.300711 0.953715 0
    outer loop
      vertex 76.7765 11.1022 4
      vertex 77.0261 11.1809 0
      vertex 76.7765 11.1022 0
    endloop
  endfacet
  facet normal -0.887048 0.461678 0
    outer loop
      vertex 78.5981 12.5 0
      vertex 78.7189 12.7321 4
      vertex 78.7189 12.7321 0
    endloop
  endfacet
  facet normal -0.887048 0.461678 0
    outer loop
      vertex 78.7189 12.7321 4
      vertex 78.5981 12.5 0
      vertex 78.5981 12.5 4
    endloop
  endfacet
  facet normal -0.976349 0.216202 0
    outer loop
      vertex 78.8978 13.2235 0
      vertex 78.9544 13.4791 4
      vertex 78.9544 13.4791 0
    endloop
  endfacet
  facet normal -0.976349 0.216202 0
    outer loop
      vertex 78.9544 13.4791 4
      vertex 78.8978 13.2235 0
      vertex 78.8978 13.2235 4
    endloop
  endfacet
  facet normal 0.737202 -0.675673 0
    outer loop
      vertex 11.7019 77.9284 4
      vertex 11.8787 78.1213 0
      vertex 11.8787 78.1213 4
    endloop
  endfacet
  facet normal 0.737202 -0.675673 0
    outer loop
      vertex 11.8787 78.1213 0
      vertex 11.7019 77.9284 4
      vertex 11.7019 77.9284 0
    endloop
  endfacet
  facet normal 0.887048 0.461678 0
    outer loop
      vertex 11.4019 12.5 4
      vertex 11.2811 12.7321 0
      vertex 11.2811 12.7321 4
    endloop
  endfacet
  facet normal 0.887048 0.461678 0
    outer loop
      vertex 11.2811 12.7321 0
      vertex 11.4019 12.5 4
      vertex 11.4019 12.5 0
    endloop
  endfacet
  facet normal 0.216202 -0.976349 0
    outer loop
      vertex 13.2235 78.8978 0
      vertex 13.4791 78.9544 4
      vertex 13.2235 78.8978 4
    endloop
  endfacet
  facet normal 0.216202 -0.976349 0
    outer loop
      vertex 13.4791 78.9544 4
      vertex 13.2235 78.8978 0
      vertex 13.4791 78.9544 0
    endloop
  endfacet
  facet normal 0.130712 -0.99142 0
    outer loop
      vertex 13.4791 78.9544 0
      vertex 13.7385 78.9886 4
      vertex 13.4791 78.9544 4
    endloop
  endfacet
  facet normal 0.130712 -0.99142 0
    outer loop
      vertex 13.7385 78.9886 4
      vertex 13.4791 78.9544 0
      vertex 13.7385 78.9886 0
    endloop
  endfacet
  facet normal 0.0435533 -0.999051 0
    outer loop
      vertex 13.7385 78.9886 0
      vertex 14 79 4
      vertex 13.7385 78.9886 4
    endloop
  endfacet
  facet normal 0.0435533 -0.999051 0
    outer loop
      vertex 14 79 4
      vertex 13.7385 78.9886 0
      vertex 14 79 0
    endloop
  endfacet
  facet normal 0.537296 -0.843394 0
    outer loop
      vertex 12.2793 78.4575 0
      vertex 12.5 78.5981 4
      vertex 12.2793 78.4575 4
    endloop
  endfacet
  facet normal 0.537296 -0.843394 0
    outer loop
      vertex 12.5 78.5981 4
      vertex 12.2793 78.4575 0
      vertex 12.5 78.5981 0
    endloop
  endfacet
  facet normal 0.675673 -0.737202 0
    outer loop
      vertex 11.8787 78.1213 0
      vertex 12.0716 78.2981 4
      vertex 11.8787 78.1213 4
    endloop
  endfacet
  facet normal 0.675673 -0.737202 0
    outer loop
      vertex 12.0716 78.2981 4
      vertex 11.8787 78.1213 0
      vertex 12.0716 78.2981 0
    endloop
  endfacet
  facet normal 0.608824 -0.793305 0
    outer loop
      vertex 12.0716 78.2981 0
      vertex 12.2793 78.4575 4
      vertex 12.0716 78.2981 4
    endloop
  endfacet
  facet normal 0.608824 -0.793305 0
    outer loop
      vertex 12.2793 78.4575 4
      vertex 12.0716 78.2981 0
      vertex 12.2793 78.4575 0
    endloop
  endfacet
  facet normal -0.130712 -0.99142 0
    outer loop
      vertex 76.2615 78.9886 0
      vertex 76.5209 78.9544 4
      vertex 76.2615 78.9886 4
    endloop
  endfacet
  facet normal -0.130712 -0.99142 -0
    outer loop
      vertex 76.5209 78.9544 4
      vertex 76.2615 78.9886 0
      vertex 76.5209 78.9544 0
    endloop
  endfacet
  facet normal -0.216202 -0.976349 0
    outer loop
      vertex 76.5209 78.9544 0
      vertex 76.7765 78.8978 4
      vertex 76.5209 78.9544 4
    endloop
  endfacet
  facet normal -0.216202 -0.976349 -0
    outer loop
      vertex 76.7765 78.8978 4
      vertex 76.5209 78.9544 0
      vertex 76.7765 78.8978 0
    endloop
  endfacet
  facet normal -0.300711 -0.953715 0
    outer loop
      vertex 76.7765 78.8978 0
      vertex 77.0261 78.8191 4
      vertex 76.7765 78.8978 4
    endloop
  endfacet
  facet normal -0.300711 -0.953715 -0
    outer loop
      vertex 77.0261 78.8191 4
      vertex 76.7765 78.8978 0
      vertex 77.0261 78.8191 0
    endloop
  endfacet
  facet normal -0.537296 -0.843394 0
    outer loop
      vertex 77.5 78.5981 0
      vertex 77.7207 78.4575 4
      vertex 77.5 78.5981 4
    endloop
  endfacet
  facet normal -0.537296 -0.843394 -0
    outer loop
      vertex 77.7207 78.4575 4
      vertex 77.5 78.5981 0
      vertex 77.7207 78.4575 0
    endloop
  endfacet
  facet normal -0.461678 -0.887048 0
    outer loop
      vertex 77.2679 78.7189 0
      vertex 77.5 78.5981 4
      vertex 77.2679 78.7189 4
    endloop
  endfacet
  facet normal -0.461678 -0.887048 -0
    outer loop
      vertex 77.5 78.5981 4
      vertex 77.2679 78.7189 0
      vertex 77.5 78.5981 0
    endloop
  endfacet
  facet normal -0.130712 0.99142 0
    outer loop
      vertex 76.5209 11.0456 0
      vertex 76.2615 11.0114 4
      vertex 76.5209 11.0456 4
    endloop
  endfacet
  facet normal -0.130712 0.99142 0
    outer loop
      vertex 76.2615 11.0114 4
      vertex 76.5209 11.0456 0
      vertex 76.2615 11.0114 0
    endloop
  endfacet
  facet normal -0.461678 0.887048 0
    outer loop
      vertex 77.5 11.4019 0
      vertex 77.2679 11.2811 4
      vertex 77.5 11.4019 4
    endloop
  endfacet
  facet normal -0.461678 0.887048 0
    outer loop
      vertex 77.2679 11.2811 4
      vertex 77.5 11.4019 0
      vertex 77.2679 11.2811 0
    endloop
  endfacet
  facet normal -0.537296 0.843394 0
    outer loop
      vertex 77.7207 11.5425 0
      vertex 77.5 11.4019 4
      vertex 77.7207 11.5425 4
    endloop
  endfacet
  facet normal -0.537296 0.843394 0
    outer loop
      vertex 77.5 11.4019 4
      vertex 77.7207 11.5425 0
      vertex 77.5 11.4019 0
    endloop
  endfacet
  facet normal -0.923821 0.382824 0
    outer loop
      vertex 78.7189 12.7321 0
      vertex 78.8191 12.9739 4
      vertex 78.8191 12.9739 0
    endloop
  endfacet
  facet normal -0.923821 0.382824 0
    outer loop
      vertex 78.8191 12.9739 4
      vertex 78.7189 12.7321 0
      vertex 78.7189 12.7321 4
    endloop
  endfacet
  facet normal 0.461678 -0.887048 0
    outer loop
      vertex 12.5 78.5981 0
      vertex 12.7321 78.7189 4
      vertex 12.5 78.5981 4
    endloop
  endfacet
  facet normal 0.461678 -0.887048 0
    outer loop
      vertex 12.7321 78.7189 4
      vertex 12.5 78.5981 0
      vertex 12.7321 78.7189 0
    endloop
  endfacet
  facet normal 0.382824 -0.923821 0
    outer loop
      vertex 12.7321 78.7189 0
      vertex 12.9739 78.8191 4
      vertex 12.7321 78.7189 4
    endloop
  endfacet
  facet normal 0.382824 -0.923821 0
    outer loop
      vertex 12.9739 78.8191 4
      vertex 12.7321 78.7189 0
      vertex 12.9739 78.8191 0
    endloop
  endfacet
  facet normal -0.953715 -0.300711 0
    outer loop
      vertex 78.8978 76.7765 0
      vertex 78.8191 77.0261 4
      vertex 78.8191 77.0261 0
    endloop
  endfacet
  facet normal -0.953715 -0.300711 0
    outer loop
      vertex 78.8191 77.0261 4
      vertex 78.8978 76.7765 0
      vertex 78.8978 76.7765 4
    endloop
  endfacet
  facet normal -0.843394 -0.537296 0
    outer loop
      vertex 78.5981 77.5 0
      vertex 78.4575 77.7207 4
      vertex 78.4575 77.7207 0
    endloop
  endfacet
  facet normal -0.843394 -0.537296 0
    outer loop
      vertex 78.4575 77.7207 4
      vertex 78.5981 77.5 0
      vertex 78.5981 77.5 4
    endloop
  endfacet
  facet normal -0.608824 -0.793305 0
    outer loop
      vertex 77.7207 78.4575 0
      vertex 77.9284 78.2981 4
      vertex 77.7207 78.4575 4
    endloop
  endfacet
  facet normal -0.608824 -0.793305 -0
    outer loop
      vertex 77.9284 78.2981 4
      vertex 77.7207 78.4575 0
      vertex 77.9284 78.2981 0
    endloop
  endfacet
  facet normal -0.675673 -0.737202 0
    outer loop
      vertex 77.9284 78.2981 0
      vertex 78.1213 78.1213 4
      vertex 77.9284 78.2981 4
    endloop
  endfacet
  facet normal -0.675673 -0.737202 -0
    outer loop
      vertex 78.1213 78.1213 4
      vertex 77.9284 78.2981 0
      vertex 78.1213 78.1213 0
    endloop
  endfacet
  facet normal -0.675673 0.737202 0
    outer loop
      vertex 78.1213 11.8787 0
      vertex 77.9284 11.7019 4
      vertex 78.1213 11.8787 4
    endloop
  endfacet
  facet normal -0.675673 0.737202 0
    outer loop
      vertex 77.9284 11.7019 4
      vertex 78.1213 11.8787 0
      vertex 77.9284 11.7019 0
    endloop
  endfacet
  facet normal -0.608824 0.793305 0
    outer loop
      vertex 77.9284 11.7019 0
      vertex 77.7207 11.5425 4
      vertex 77.9284 11.7019 4
    endloop
  endfacet
  facet normal -0.608824 0.793305 0
    outer loop
      vertex 77.7207 11.5425 4
      vertex 77.9284 11.7019 0
      vertex 77.7207 11.5425 0
    endloop
  endfacet
  facet normal -0.887048 -0.461678 0
    outer loop
      vertex 78.7189 77.2679 0
      vertex 78.5981 77.5 4
      vertex 78.5981 77.5 0
    endloop
  endfacet
  facet normal -0.887048 -0.461678 0
    outer loop
      vertex 78.5981 77.5 4
      vertex 78.7189 77.2679 0
      vertex 78.7189 77.2679 4
    endloop
  endfacet
  facet normal -0.793305 -0.608824 0
    outer loop
      vertex 78.4575 77.7207 0
      vertex 78.2981 77.9284 4
      vertex 78.2981 77.9284 0
    endloop
  endfacet
  facet normal -0.793305 -0.608824 0
    outer loop
      vertex 78.2981 77.9284 4
      vertex 78.4575 77.7207 0
      vertex 78.4575 77.7207 4
    endloop
  endfacet
  facet normal -0.923821 -0.382824 0
    outer loop
      vertex 78.8191 77.0261 0
      vertex 78.7189 77.2679 4
      vertex 78.7189 77.2679 0
    endloop
  endfacet
  facet normal -0.923821 -0.382824 0
    outer loop
      vertex 78.7189 77.2679 4
      vertex 78.8191 77.0261 0
      vertex 78.8191 77.0261 4
    endloop
  endfacet
  facet normal 1 -0 0
    outer loop
      vertex 39 35 4
      vertex 39 38.4 0
      vertex 39 38.4 4
    endloop
  endfacet
  facet normal 1 0 0
    outer loop
      vertex 39 38.4 0
      vertex 39 35 4
      vertex 39 35 0
    endloop
  endfacet
  facet normal 1 -0 0
    outer loop
      vertex 39 51.6 4
      vertex 39 55 0
      vertex 39 55 4
    endloop
  endfacet
  facet normal 1 0 0
    outer loop
      vertex 39 55 0
      vertex 39 51.6 4
      vertex 39 51.6 0
    endloop
  endfacet
  facet normal 1 -0 0
    outer loop
      vertex 39 38.4 4
      vertex 39 51.6 0
      vertex 39 51.6 4
    endloop
  endfacet
  facet normal 1 0 0
    outer loop
      vertex 39 51.6 0
      vertex 39 38.4 4
      vertex 39 38.4 0
    endloop
  endfacet
  facet normal 0 1 -0
    outer loop
      vertex 39 55 0
      vertex 11 55 4
      vertex 39 55 4
    endloop
  endfacet
  facet normal 0 1 0
    outer loop
      vertex 11 55 4
      vertex 39 55 0
      vertex 11 55 0
    endloop
  endfacet
  facet normal 0 -1 0
    outer loop
      vertex 11 35 0
      vertex 39 35 4
      vertex 11 35 4
    endloop
  endfacet
  facet normal 0 -1 -0
    outer loop
      vertex 39 35 4
      vertex 11 35 0
      vertex 39 35 0
    endloop
  endfacet
  facet normal -1 0 0
    outer loop
      vertex 62.4 35 0
      vertex 62.4 38.4 4
      vertex 62.4 38.4 0
    endloop
  endfacet
  facet normal -1 -0 0
    outer loop
      vertex 62.4 38.4 4
      vertex 62.4 35 0
      vertex 62.4 35 4
    endloop
  endfacet
  facet normal -1 0 0
    outer loop
      vertex 62.4 51.6 0
      vertex 62.4 55 4
      vertex 62.4 55 0
    endloop
  endfacet
  facet normal -1 -0 0
    outer loop
      vertex 62.4 55 4
      vertex 62.4 51.6 0
      vertex 62.4 51.6 4
    endloop
  endfacet
  facet normal -1 0 0
    outer loop
      vertex 62.4 45.9208 0
      vertex 62.4 51.6 4
      vertex 62.4 51.6 0
    endloop
  endfacet
  facet normal -1 -0 0
    outer loop
      vertex 62.4 51.6 4
      vertex 62.4 45.9208 0
      vertex 62.4 45.9208 4
    endloop
  endfacet
  facet normal -1 0 0
    outer loop
      vertex 62.4 38.4 0
      vertex 62.4 44.0792 4
      vertex 62.4 44.0792 0
    endloop
  endfacet
  facet normal -1 -0 0
    outer loop
      vertex 62.4 44.0792 4
      vertex 62.4 38.4 0
      vertex 62.4 38.4 4
    endloop
  endfacet
  facet normal 0 1 -0
    outer loop
      vertex 79 55 0
      vertex 62.4 55 4
      vertex 79 55 4
    endloop
  endfacet
  facet normal 0 1 0
    outer loop
      vertex 62.4 55 4
      vertex 79 55 0
      vertex 62.4 55 0
    endloop
  endfacet
  facet normal 0 -1 0
    outer loop
      vertex 62.4 35 0
      vertex 79 35 4
      vertex 62.4 35 4
    endloop
  endfacet
  facet normal 0 -1 -0
    outer loop
      vertex 79 35 4
      vertex 62.4 35 0
      vertex 79 35 0
    endloop
  endfacet
  facet normal -0.887012 -0.461745 0
    outer loop
      vertex 9.54072 8.71845 0
      vertex 9.47224 8.85 4
      vertex 9.47224 8.85 0
    endloop
  endfacet
  facet normal -0.887012 -0.461745 0
    outer loop
      vertex 9.47224 8.85 4
      vertex 9.54072 8.71845 0
      vertex 9.54072 8.71845 4
    endloop
  endfacet
  facet normal -0.30067 -0.953728 0
    outer loop
      vertex 8.43999 9.64207 0
      vertex 8.58143 9.59748 4
      vertex 8.43999 9.64207 4
    endloop
  endfacet
  facet normal -0.30067 -0.953728 -0
    outer loop
      vertex 8.58143 9.59748 4
      vertex 8.43999 9.64207 0
      vertex 8.58143 9.59748 0
    endloop
  endfacet
  facet normal 0.382709 -0.923869 0
    outer loop
      vertex 7.28155 9.54072 0
      vertex 7.41857 9.59748 4
      vertex 7.28155 9.54072 4
    endloop
  endfacet
  facet normal 0.382709 -0.923869 0
    outer loop
      vertex 7.41857 9.59748 4
      vertex 7.28155 9.54072 0
      vertex 7.41857 9.59748 0
    endloop
  endfacet
  facet normal 0.953728 -0.30067 0
    outer loop
      vertex 6.35793 8.43999 4
      vertex 6.40252 8.58143 0
      vertex 6.40252 8.58143 4
    endloop
  endfacet
  facet normal 0.953728 -0.30067 0
    outer loop
      vertex 6.40252 8.58143 0
      vertex 6.35793 8.43999 4
      vertex 6.35793 8.43999 0
    endloop
  endfacet
  facet normal -0.999048 0.0436245 0
    outer loop
      vertex 9.69353 7.85183 0
      vertex 9.7 8 4
      vertex 9.7 8 0
    endloop
  endfacet
  facet normal -0.999048 0.0436245 0
    outer loop
      vertex 9.7 8 4
      vertex 9.69353 7.85183 0
      vertex 9.69353 7.85183 4
    endloop
  endfacet
  facet normal -0.382709 0.923869 0
    outer loop
      vertex 8.71845 6.45928 0
      vertex 8.58143 6.40252 4
      vertex 8.71845 6.45928 4
    endloop
  endfacet
  facet normal -0.382709 0.923869 0
    outer loop
      vertex 8.58143 6.40252 4
      vertex 8.71845 6.45928 0
      vertex 8.58143 6.40252 0
    endloop
  endfacet
  facet normal 0.999048 0.0436245 0
    outer loop
      vertex 6.30647 7.85183 4
      vertex 6.3 8 0
      vertex 6.3 8 4
    endloop
  endfacet
  facet normal 0.999048 0.0436245 0
    outer loop
      vertex 6.3 8 0
      vertex 6.30647 7.85183 4
      vertex 6.30647 7.85183 0
    endloop
  endfacet
  facet normal 0.608788 -0.793333 0
    outer loop
      vertex 6.90726 9.30227 0
      vertex 7.02492 9.39256 4
      vertex 6.90726 9.30227 4
    endloop
  endfacet
  facet normal 0.608788 -0.793333 0
    outer loop
      vertex 7.02492 9.39256 4
      vertex 6.90726 9.30227 0
      vertex 7.02492 9.39256 0
    endloop
  endfacet
  facet normal -0.991443 -0.130538 0
    outer loop
      vertex 9.69353 8.14816 0
      vertex 9.67417 8.2952 4
      vertex 9.67417 8.2952 0
    endloop
  endfacet
  facet normal -0.991443 -0.130538 0
    outer loop
      vertex 9.67417 8.2952 4
      vertex 9.69353 8.14816 0
      vertex 9.69353 8.14816 4
    endloop
  endfacet
  facet normal -0.843406 -0.537277 0
    outer loop
      vertex 9.47224 8.85 0
      vertex 9.39256 8.97508 4
      vertex 9.39256 8.97508 0
    endloop
  endfacet
  facet normal -0.843406 -0.537277 0
    outer loop
      vertex 9.39256 8.97508 4
      vertex 9.47224 8.85 0
      vertex 9.47224 8.85 4
    endloop
  endfacet
  facet normal -0.675584 -0.737283 0
    outer loop
      vertex 9.09274 9.30227 0
      vertex 9.20208 9.20208 4
      vertex 9.09274 9.30227 4
    endloop
  endfacet
  facet normal -0.675584 -0.737283 -0
    outer loop
      vertex 9.20208 9.20208 4
      vertex 9.09274 9.30227 0
      vertex 9.20208 9.20208 0
    endloop
  endfacet
  facet normal -0.737283 -0.675584 0
    outer loop
      vertex 9.30227 9.09274 0
      vertex 9.20208 9.20208 4
      vertex 9.20208 9.20208 0
    endloop
  endfacet
  facet normal -0.737283 -0.675584 0
    outer loop
      vertex 9.20208 9.20208 4
      vertex 9.30227 9.09274 0
      vertex 9.30227 9.09274 4
    endloop
  endfacet
  facet normal 0.0436245 -0.999048 0
    outer loop
      vertex 7.85183 9.69353 0
      vertex 8 9.7 4
      vertex 7.85183 9.69353 4
    endloop
  endfacet
  facet normal 0.0436245 -0.999048 0
    outer loop
      vertex 8 9.7 4
      vertex 7.85183 9.69353 0
      vertex 8 9.7 0
    endloop
  endfacet
  facet normal -0.216445 -0.976295 0
    outer loop
      vertex 8.2952 9.67417 0
      vertex 8.43999 9.64207 4
      vertex 8.2952 9.67417 4
    endloop
  endfacet
  facet normal -0.216445 -0.976295 -0
    outer loop
      vertex 8.43999 9.64207 4
      vertex 8.2952 9.67417 0
      vertex 8.43999 9.64207 0
    endloop
  endfacet
  facet normal -0.130538 -0.991443 0
    outer loop
      vertex 8.14816 9.69353 0
      vertex 8.2952 9.67417 4
      vertex 8.14816 9.69353 4
    endloop
  endfacet
  facet normal -0.130538 -0.991443 -0
    outer loop
      vertex 8.2952 9.67417 4
      vertex 8.14816 9.69353 0
      vertex 8.2952 9.67417 0
    endloop
  endfacet
  facet normal -0.608788 -0.793333 0
    outer loop
      vertex 8.97508 9.39256 0
      vertex 9.09274 9.30227 4
      vertex 8.97508 9.39256 4
    endloop
  endfacet
  facet normal -0.608788 -0.793333 -0
    outer loop
      vertex 9.09274 9.30227 4
      vertex 8.97508 9.39256 0
      vertex 9.09274 9.30227 0
    endloop
  endfacet
  facet normal 0.976295 -0.216445 0
    outer loop
      vertex 6.32583 8.2952 4
      vertex 6.35793 8.43999 0
      vertex 6.35793 8.43999 4
    endloop
  endfacet
  facet normal 0.976295 -0.216445 0
    outer loop
      vertex 6.35793 8.43999 0
      vertex 6.32583 8.2952 4
      vertex 6.32583 8.2952 0
    endloop
  endfacet
  facet normal 0.991443 -0.130538 0
    outer loop
      vertex 6.30647 8.14816 4
      vertex 6.32583 8.2952 0
      vertex 6.32583 8.2952 4
    endloop
  endfacet
  facet normal 0.991443 -0.130538 0
    outer loop
      vertex 6.32583 8.2952 0
      vertex 6.30647 8.14816 4
      vertex 6.30647 8.14816 0
    endloop
  endfacet
  facet normal 0.793365 -0.608746 0
    outer loop
      vertex 6.60744 8.97508 4
      vertex 6.69772 9.09274 0
      vertex 6.69772 9.09274 4
    endloop
  endfacet
  facet normal 0.793365 -0.608746 0
    outer loop
      vertex 6.69772 9.09274 0
      vertex 6.60744 8.97508 4
      vertex 6.60744 8.97508 0
    endloop
  endfacet
  facet normal 0.130547 -0.991442 0
    outer loop
      vertex 7.7048 9.67417 0
      vertex 7.85183 9.69353 4
      vertex 7.7048 9.67417 4
    endloop
  endfacet
  facet normal 0.130547 -0.991442 0
    outer loop
      vertex 7.85183 9.69353 4
      vertex 7.7048 9.67417 0
      vertex 7.85183 9.69353 0
    endloop
  endfacet
  facet normal 0.30067 -0.953728 0
    outer loop
      vertex 7.41857 9.59748 0
      vertex 7.56001 9.64207 4
      vertex 7.41857 9.59748 4
    endloop
  endfacet
  facet normal 0.30067 -0.953728 0
    outer loop
      vertex 7.56001 9.64207 4
      vertex 7.41857 9.59748 0
      vertex 7.56001 9.64207 0
    endloop
  endfacet
  facet normal 0.216445 -0.976295 0
    outer loop
      vertex 7.56001 9.64207 0
      vertex 7.7048 9.67417 4
      vertex 7.56001 9.64207 4
    endloop
  endfacet
  facet normal 0.216445 -0.976295 0
    outer loop
      vertex 7.7048 9.67417 4
      vertex 7.56001 9.64207 0
      vertex 7.7048 9.67417 0
    endloop
  endfacet
  facet normal 0.461745 -0.887012 0
    outer loop
      vertex 7.15 9.47224 0
      vertex 7.28155 9.54072 4
      vertex 7.15 9.47224 4
    endloop
  endfacet
  facet normal 0.461745 -0.887012 0
    outer loop
      vertex 7.28155 9.54072 4
      vertex 7.15 9.47224 0
      vertex 7.28155 9.54072 0
    endloop
  endfacet
  facet normal 0.537277 -0.843406 0
    outer loop
      vertex 7.02492 9.39256 0
      vertex 7.15 9.47224 4
      vertex 7.02492 9.39256 4
    endloop
  endfacet
  facet normal 0.537277 -0.843406 0
    outer loop
      vertex 7.15 9.47224 4
      vertex 7.02492 9.39256 0
      vertex 7.15 9.47224 0
    endloop
  endfacet
  facet normal 0.737249 -0.675621 0
    outer loop
      vertex 6.69772 9.09274 4
      vertex 6.79792 9.20208 0
      vertex 6.79792 9.20208 4
    endloop
  endfacet
  facet normal 0.737249 -0.675621 0
    outer loop
      vertex 6.79792 9.20208 0
      vertex 6.69772 9.09274 4
      vertex 6.69772 9.09274 0
    endloop
  endfacet
  facet normal -0.999048 -0.0436274 0
    outer loop
      vertex 9.7 8 0
      vertex 9.69353 8.14816 4
      vertex 9.69353 8.14816 0
    endloop
  endfacet
  facet normal -0.999048 -0.0436274 0
    outer loop
      vertex 9.69353 8.14816 4
      vertex 9.7 8 0
      vertex 9.7 8 4
    endloop
  endfacet
  facet normal 0.953728 0.30067 0
    outer loop
      vertex 6.40252 7.41857 4
      vertex 6.35793 7.56001 0
      vertex 6.35793 7.56001 4
    endloop
  endfacet
  facet normal 0.953728 0.30067 0
    outer loop
      vertex 6.35793 7.56001 0
      vertex 6.40252 7.41857 4
      vertex 6.40252 7.41857 0
    endloop
  endfacet
  facet normal -0.923869 -0.382709 0
    outer loop
      vertex 9.59748 8.58143 0
      vertex 9.54072 8.71845 4
      vertex 9.54072 8.71845 0
    endloop
  endfacet
  facet normal -0.923869 -0.382709 0
    outer loop
      vertex 9.54072 8.71845 4
      vertex 9.59748 8.58143 0
      vertex 9.59748 8.58143 4
    endloop
  endfacet
  facet normal -0.953728 -0.30067 0
    outer loop
      vertex 9.64207 8.43999 0
      vertex 9.59748 8.58143 4
      vertex 9.59748 8.58143 0
    endloop
  endfacet
  facet normal -0.953728 -0.30067 0
    outer loop
      vertex 9.59748 8.58143 4
      vertex 9.64207 8.43999 0
      vertex 9.64207 8.43999 4
    endloop
  endfacet
  facet normal -0.976295 -0.216445 0
    outer loop
      vertex 9.67417 8.2952 0
      vertex 9.64207 8.43999 4
      vertex 9.64207 8.43999 0
    endloop
  endfacet
  facet normal -0.976295 -0.216445 0
    outer loop
      vertex 9.64207 8.43999 4
      vertex 9.67417 8.2952 0
      vertex 9.67417 8.2952 4
    endloop
  endfacet
  facet normal -0.0436274 -0.999048 0
    outer loop
      vertex 8 9.7 0
      vertex 8.14816 9.69353 4
      vertex 8 9.7 4
    endloop
  endfacet
  facet normal -0.0436274 -0.999048 -0
    outer loop
      vertex 8.14816 9.69353 4
      vertex 8 9.7 0
      vertex 8.14816 9.69353 0
    endloop
  endfacet
  facet normal -0.382709 -0.923869 0
    outer loop
      vertex 8.58143 9.59748 0
      vertex 8.71845 9.54072 4
      vertex 8.58143 9.59748 4
    endloop
  endfacet
  facet normal -0.382709 -0.923869 -0
    outer loop
      vertex 8.71845 9.54072 4
      vertex 8.58143 9.59748 0
      vertex 8.71845 9.54072 0
    endloop
  endfacet
  facet normal -0.537277 -0.843406 0
    outer loop
      vertex 8.85 9.47224 0
      vertex 8.97508 9.39256 4
      vertex 8.85 9.47224 4
    endloop
  endfacet
  facet normal -0.537277 -0.843406 -0
    outer loop
      vertex 8.97508 9.39256 4
      vertex 8.85 9.47224 0
      vertex 8.97508 9.39256 0
    endloop
  endfacet
  facet normal -0.461745 -0.887012 0
    outer loop
      vertex 8.71845 9.54072 0
      vertex 8.85 9.47224 4
      vertex 8.71845 9.54072 4
    endloop
  endfacet
  facet normal -0.461745 -0.887012 -0
    outer loop
      vertex 8.85 9.47224 4
      vertex 8.71845 9.54072 0
      vertex 8.85 9.47224 0
    endloop
  endfacet
  facet normal 0.999048 -0.0436274 0
    outer loop
      vertex 6.3 8 4
      vertex 6.30647 8.14816 0
      vertex 6.30647 8.14816 4
    endloop
  endfacet
  facet normal 0.999048 -0.0436274 0
    outer loop
      vertex 6.30647 8.14816 0
      vertex 6.3 8 4
      vertex 6.3 8 0
    endloop
  endfacet
  facet normal 0.923869 -0.382709 0
    outer loop
      vertex 6.40252 8.58143 4
      vertex 6.45928 8.71845 0
      vertex 6.45928 8.71845 4
    endloop
  endfacet
  facet normal 0.923869 -0.382709 0
    outer loop
      vertex 6.45928 8.71845 0
      vertex 6.40252 8.58143 4
      vertex 6.40252 8.58143 0
    endloop
  endfacet
  facet normal 0.843406 -0.537277 0
    outer loop
      vertex 6.52776 8.85 4
      vertex 6.60744 8.97508 0
      vertex 6.60744 8.97508 4
    endloop
  endfacet
  facet normal 0.843406 -0.537277 0
    outer loop
      vertex 6.60744 8.97508 0
      vertex 6.52776 8.85 4
      vertex 6.52776 8.85 0
    endloop
  endfacet
  facet normal 0.887012 -0.461745 0
    outer loop
      vertex 6.45928 8.71845 4
      vertex 6.52776 8.85 0
      vertex 6.52776 8.85 4
    endloop
  endfacet
  facet normal 0.887012 -0.461745 0
    outer loop
      vertex 6.52776 8.85 0
      vertex 6.45928 8.71845 4
      vertex 6.45928 8.71845 0
    endloop
  endfacet
  facet normal 0.675584 -0.737283 0
    outer loop
      vertex 6.79792 9.20208 0
      vertex 6.90726 9.30227 4
      vertex 6.79792 9.20208 4
    endloop
  endfacet
  facet normal 0.675584 -0.737283 0
    outer loop
      vertex 6.90726 9.30227 4
      vertex 6.79792 9.20208 0
      vertex 6.90726 9.30227 0
    endloop
  endfacet
  facet normal -0.991442 0.130547 0
    outer loop
      vertex 9.67417 7.7048 0
      vertex 9.69353 7.85183 4
      vertex 9.69353 7.85183 0
    endloop
  endfacet
  facet normal -0.991442 0.130547 0
    outer loop
      vertex 9.69353 7.85183 4
      vertex 9.67417 7.7048 0
      vertex 9.67417 7.7048 4
    endloop
  endfacet
  facet normal -0.976295 0.216445 0
    outer loop
      vertex 9.64207 7.56001 0
      vertex 9.67417 7.7048 4
      vertex 9.67417 7.7048 0
    endloop
  endfacet
  facet normal -0.976295 0.216445 0
    outer loop
      vertex 9.67417 7.7048 4
      vertex 9.64207 7.56001 0
      vertex 9.64207 7.56001 4
    endloop
  endfacet
  facet normal -0.923869 0.382709 0
    outer loop
      vertex 9.54072 7.28155 0
      vertex 9.59748 7.41857 4
      vertex 9.59748 7.41857 0
    endloop
  endfacet
  facet normal -0.923869 0.382709 0
    outer loop
      vertex 9.59748 7.41857 4
      vertex 9.54072 7.28155 0
      vertex 9.54072 7.28155 4
    endloop
  endfacet
  facet normal 0.0436245 0.999048 -0
    outer loop
      vertex 8 6.3 0
      vertex 7.85183 6.30647 4
      vertex 8 6.3 4
    endloop
  endfacet
  facet normal 0.0436245 0.999048 0
    outer loop
      vertex 7.85183 6.30647 4
      vertex 8 6.3 0
      vertex 7.85183 6.30647 0
    endloop
  endfacet
  facet normal 0.991442 0.130547 0
    outer loop
      vertex 6.32583 7.7048 4
      vertex 6.30647 7.85183 0
      vertex 6.30647 7.85183 4
    endloop
  endfacet
  facet normal 0.991442 0.130547 0
    outer loop
      vertex 6.30647 7.85183 0
      vertex 6.32583 7.7048 4
      vertex 6.32583 7.7048 0
    endloop
  endfacet
  facet normal 0.923869 0.382709 0
    outer loop
      vertex 6.45928 7.28155 4
      vertex 6.40252 7.41857 0
      vertex 6.40252 7.41857 4
    endloop
  endfacet
  facet normal 0.923869 0.382709 0
    outer loop
      vertex 6.40252 7.41857 0
      vertex 6.45928 7.28155 4
      vertex 6.45928 7.28155 0
    endloop
  endfacet
  facet normal -0.130538 0.991443 0
    outer loop
      vertex 8.2952 6.32583 0
      vertex 8.14816 6.30647 4
      vertex 8.2952 6.32583 4
    endloop
  endfacet
  facet normal -0.130538 0.991443 0
    outer loop
      vertex 8.14816 6.30647 4
      vertex 8.2952 6.32583 0
      vertex 8.14816 6.30647 0
    endloop
  endfacet
  facet normal -0.30067 0.953728 0
    outer loop
      vertex 8.58143 6.40252 0
      vertex 8.43999 6.35793 4
      vertex 8.58143 6.40252 4
    endloop
  endfacet
  facet normal -0.30067 0.953728 0
    outer loop
      vertex 8.43999 6.35793 4
      vertex 8.58143 6.40252 0
      vertex 8.43999 6.35793 0
    endloop
  endfacet
  facet normal -0.216445 0.976295 0
    outer loop
      vertex 8.43999 6.35793 0
      vertex 8.2952 6.32583 4
      vertex 8.43999 6.35793 4
    endloop
  endfacet
  facet normal -0.216445 0.976295 0
    outer loop
      vertex 8.2952 6.32583 4
      vertex 8.43999 6.35793 0
      vertex 8.2952 6.32583 0
    endloop
  endfacet
  facet normal -0.793333 -0.608788 0
    outer loop
      vertex 9.39256 8.97508 0
      vertex 9.30227 9.09274 4
      vertex 9.30227 9.09274 0
    endloop
  endfacet
  facet normal -0.793333 -0.608788 0
    outer loop
      vertex 9.30227 9.09274 4
      vertex 9.39256 8.97508 0
      vertex 9.39256 8.97508 4
    endloop
  endfacet
  facet normal -0.461745 0.887012 0
    outer loop
      vertex 8.85 6.52776 0
      vertex 8.71845 6.45928 4
      vertex 8.85 6.52776 4
    endloop
  endfacet
  facet normal -0.461745 0.887012 0
    outer loop
      vertex 8.71845 6.45928 4
      vertex 8.85 6.52776 0
      vertex 8.71845 6.45928 0
    endloop
  endfacet
  facet normal -0.608746 0.793365 0
    outer loop
      vertex 9.09274 6.69772 0
      vertex 8.97508 6.60744 4
      vertex 9.09274 6.69772 4
    endloop
  endfacet
  facet normal -0.608746 0.793365 0
    outer loop
      vertex 8.97508 6.60744 4
      vertex 9.09274 6.69772 0
      vertex 8.97508 6.60744 0
    endloop
  endfacet
  facet normal -0.793333 0.608788 0
    outer loop
      vertex 9.30227 6.90726 0
      vertex 9.39256 7.02492 4
      vertex 9.39256 7.02492 0
    endloop
  endfacet
  facet normal -0.793333 0.608788 0
    outer loop
      vertex 9.39256 7.02492 4
      vertex 9.30227 6.90726 0
      vertex 9.30227 6.90726 4
    endloop
  endfacet
  facet normal -0.843406 0.537277 0
    outer loop
      vertex 9.39256 7.02492 0
      vertex 9.47224 7.15 4
      vertex 9.47224 7.15 0
    endloop
  endfacet
  facet normal -0.843406 0.537277 0
    outer loop
      vertex 9.47224 7.15 4
      vertex 9.39256 7.02492 0
      vertex 9.39256 7.02492 4
    endloop
  endfacet
  facet normal -0.887012 0.461745 0
    outer loop
      vertex 9.47224 7.15 0
      vertex 9.54072 7.28155 4
      vertex 9.54072 7.28155 0
    endloop
  endfacet
  facet normal -0.887012 0.461745 0
    outer loop
      vertex 9.54072 7.28155 4
      vertex 9.47224 7.15 0
      vertex 9.47224 7.15 4
    endloop
  endfacet
  facet normal -0.953728 0.30067 0
    outer loop
      vertex 9.59748 7.41857 0
      vertex 9.64207 7.56001 4
      vertex 9.64207 7.56001 0
    endloop
  endfacet
  facet normal -0.953728 0.30067 0
    outer loop
      vertex 9.64207 7.56001 4
      vertex 9.59748 7.41857 0
      vertex 9.59748 7.41857 4
    endloop
  endfacet
  facet normal -0.0436274 0.999048 0
    outer loop
      vertex 8.14816 6.30647 0
      vertex 8 6.3 4
      vertex 8.14816 6.30647 4
    endloop
  endfacet
  facet normal -0.0436274 0.999048 0
    outer loop
      vertex 8 6.3 4
      vertex 8.14816 6.30647 0
      vertex 8 6.3 0
    endloop
  endfacet
  facet normal 0.976295 0.216445 0
    outer loop
      vertex 6.35793 7.56001 4
      vertex 6.32583 7.7048 0
      vertex 6.32583 7.7048 4
    endloop
  endfacet
  facet normal 0.976295 0.216445 0
    outer loop
      vertex 6.32583 7.7048 0
      vertex 6.35793 7.56001 4
      vertex 6.35793 7.56001 0
    endloop
  endfacet
  facet normal 0.675621 0.737249 -0
    outer loop
      vertex 6.90726 6.69772 0
      vertex 6.79792 6.79792 4
      vertex 6.90726 6.69772 4
    endloop
  endfacet
  facet normal 0.675621 0.737249 0
    outer loop
      vertex 6.79792 6.79792 4
      vertex 6.90726 6.69772 0
      vertex 6.79792 6.79792 0
    endloop
  endfacet
  facet normal 0.887012 0.461745 0
    outer loop
      vertex 6.52776 7.15 4
      vertex 6.45928 7.28155 0
      vertex 6.45928 7.28155 4
    endloop
  endfacet
  facet normal 0.887012 0.461745 0
    outer loop
      vertex 6.45928 7.28155 0
      vertex 6.52776 7.15 4
      vertex 6.52776 7.15 0
    endloop
  endfacet
  facet normal -0.537277 0.843406 0
    outer loop
      vertex 8.97508 6.60744 0
      vertex 8.85 6.52776 4
      vertex 8.97508 6.60744 4
    endloop
  endfacet
  facet normal -0.537277 0.843406 0
    outer loop
      vertex 8.85 6.52776 4
      vertex 8.97508 6.60744 0
      vertex 8.85 6.52776 0
    endloop
  endfacet
  facet normal 0.216445 0.976295 -0
    outer loop
      vertex 7.7048 6.32583 0
      vertex 7.56001 6.35793 4
      vertex 7.7048 6.32583 4
    endloop
  endfacet
  facet normal 0.216445 0.976295 0
    outer loop
      vertex 7.56001 6.35793 4
      vertex 7.7048 6.32583 0
      vertex 7.56001 6.35793 0
    endloop
  endfacet
  facet normal 0.382709 0.923869 -0
    outer loop
      vertex 7.41857 6.40252 0
      vertex 7.28155 6.45928 4
      vertex 7.41857 6.40252 4
    endloop
  endfacet
  facet normal 0.382709 0.923869 0
    outer loop
      vertex 7.28155 6.45928 4
      vertex 7.41857 6.40252 0
      vertex 7.28155 6.45928 0
    endloop
  endfacet
  facet normal 0.30067 0.953728 -0
    outer loop
      vertex 7.56001 6.35793 0
      vertex 7.41857 6.40252 4
      vertex 7.56001 6.35793 4
    endloop
  endfacet
  facet normal 0.30067 0.953728 0
    outer loop
      vertex 7.41857 6.40252 4
      vertex 7.56001 6.35793 0
      vertex 7.41857 6.40252 0
    endloop
  endfacet
  facet normal 0.608746 0.793365 -0
    outer loop
      vertex 7.02492 6.60744 0
      vertex 6.90726 6.69772 4
      vertex 7.02492 6.60744 4
    endloop
  endfacet
  facet normal 0.608746 0.793365 0
    outer loop
      vertex 6.90726 6.69772 4
      vertex 7.02492 6.60744 0
      vertex 6.90726 6.69772 0
    endloop
  endfacet
  facet normal 0.461745 0.887012 -0
    outer loop
      vertex 7.28155 6.45928 0
      vertex 7.15 6.52776 4
      vertex 7.28155 6.45928 4
    endloop
  endfacet
  facet normal 0.461745 0.887012 0
    outer loop
      vertex 7.15 6.52776 4
      vertex 7.28155 6.45928 0
      vertex 7.15 6.52776 0
    endloop
  endfacet
  facet normal 0.793365 0.608746 0
    outer loop
      vertex 6.69772 6.90726 4
      vertex 6.60744 7.02492 0
      vertex 6.60744 7.02492 4
    endloop
  endfacet
  facet normal 0.793365 0.608746 0
    outer loop
      vertex 6.60744 7.02492 0
      vertex 6.69772 6.90726 4
      vertex 6.69772 6.90726 0
    endloop
  endfacet
  facet normal 0.843406 0.537277 0
    outer loop
      vertex 6.60744 7.02492 4
      vertex 6.52776 7.15 0
      vertex 6.52776 7.15 4
    endloop
  endfacet
  facet normal 0.843406 0.537277 0
    outer loop
      vertex 6.52776 7.15 0
      vertex 6.60744 7.02492 4
      vertex 6.60744 7.02492 0
    endloop
  endfacet
  facet normal -0.675621 0.737249 0
    outer loop
      vertex 9.20208 6.79792 0
      vertex 9.09274 6.69772 4
      vertex 9.20208 6.79792 4
    endloop
  endfacet
  facet normal -0.675621 0.737249 0
    outer loop
      vertex 9.09274 6.69772 4
      vertex 9.20208 6.79792 0
      vertex 9.09274 6.69772 0
    endloop
  endfacet
  facet normal -0.737283 0.675584 0
    outer loop
      vertex 9.20208 6.79792 0
      vertex 9.30227 6.90726 4
      vertex 9.30227 6.90726 0
    endloop
  endfacet
  facet normal -0.737283 0.675584 0
    outer loop
      vertex 9.30227 6.90726 4
      vertex 9.20208 6.79792 0
      vertex 9.20208 6.79792 4
    endloop
  endfacet
  facet normal 0.130547 0.991442 -0
    outer loop
      vertex 7.85183 6.30647 0
      vertex 7.7048 6.32583 4
      vertex 7.85183 6.30647 4
    endloop
  endfacet
  facet normal 0.130547 0.991442 0
    outer loop
      vertex 7.7048 6.32583 4
      vertex 7.85183 6.30647 0
      vertex 7.7048 6.32583 0
    endloop
  endfacet
  facet normal 0.537277 0.843406 -0
    outer loop
      vertex 7.15 6.52776 0
      vertex 7.02492 6.60744 4
      vertex 7.15 6.52776 4
    endloop
  endfacet
  facet normal 0.537277 0.843406 0
    outer loop
      vertex 7.02492 6.60744 4
      vertex 7.15 6.52776 0
      vertex 7.02492 6.60744 0
    endloop
  endfacet
  facet normal 0.737249 0.675621 0
    outer loop
      vertex 6.79792 6.79792 4
      vertex 6.69772 6.90726 0
      vertex 6.69772 6.90726 4
    endloop
  endfacet
  facet normal 0.737249 0.675621 0
    outer loop
      vertex 6.69772 6.90726 0
      vertex 6.79792 6.79792 4
      vertex 6.79792 6.79792 0
    endloop
  endfacet
  facet normal -0.886941 -0.461884 0
    outer loop
      vertex 9.54072 82.7185 0
      vertex 9.47224 82.85 4
      vertex 9.47224 82.85 0
    endloop
  endfacet
  facet normal -0.886941 -0.461884 0
    outer loop
      vertex 9.47224 82.85 4
      vertex 9.54072 82.7185 0
      vertex 9.54072 82.7185 4
    endloop
  endfacet
  facet normal -0.300731 -0.953709 0
    outer loop
      vertex 8.43999 83.6421 0
      vertex 8.58143 83.5975 4
      vertex 8.43999 83.6421 4
    endloop
  endfacet
  facet normal -0.300731 -0.953709 -0
    outer loop
      vertex 8.58143 83.5975 4
      vertex 8.43999 83.6421 0
      vertex 8.58143 83.5975 0
    endloop
  endfacet
  facet normal 0.382939 -0.923774 0
    outer loop
      vertex 7.28155 83.5407 0
      vertex 7.41857 83.5975 4
      vertex 7.28155 83.5407 4
    endloop
  endfacet
  facet normal 0.382939 -0.923774 0
    outer loop
      vertex 7.41857 83.5975 4
      vertex 7.28155 83.5407 0
      vertex 7.41857 83.5975 0
    endloop
  endfacet
  facet normal 0.953704 -0.300747 0
    outer loop
      vertex 6.35793 82.44 4
      vertex 6.40252 82.5814 0
      vertex 6.40252 82.5814 4
    endloop
  endfacet
  facet normal 0.953704 -0.300747 0
    outer loop
      vertex 6.40252 82.5814 0
      vertex 6.35793 82.44 4
      vertex 6.35793 82.44 0
    endloop
  endfacet
  facet normal -0.999048 0.0436157 0
    outer loop
      vertex 9.69353 81.8518 0
      vertex 9.7 82 4
      vertex 9.7 82 0
    endloop
  endfacet
  facet normal -0.999048 0.0436157 0
    outer loop
      vertex 9.7 82 4
      vertex 9.69353 81.8518 0
      vertex 9.69353 81.8518 4
    endloop
  endfacet
  facet normal -0.382939 0.923774 0
    outer loop
      vertex 8.71845 80.4593 0
      vertex 8.58143 80.4025 4
      vertex 8.71845 80.4593 4
    endloop
  endfacet
  facet normal -0.382939 0.923774 0
    outer loop
      vertex 8.58143 80.4025 4
      vertex 8.71845 80.4593 0
      vertex 8.58143 80.4025 0
    endloop
  endfacet
  facet normal 0.999048 0.0436157 0
    outer loop
      vertex 6.30647 81.8518 4
      vertex 6.3 82 0
      vertex 6.3 82 4
    endloop
  endfacet
  facet normal 0.999048 0.0436157 0
    outer loop
      vertex 6.3 82 0
      vertex 6.30647 81.8518 4
      vertex 6.30647 81.8518 0
    endloop
  endfacet
  facet normal 0.608831 -0.7933 0
    outer loop
      vertex 6.90726 83.3023 0
      vertex 7.02492 83.3926 4
      vertex 6.90726 83.3023 4
    endloop
  endfacet
  facet normal 0.608831 -0.7933 0
    outer loop
      vertex 7.02492 83.3926 4
      vertex 6.90726 83.3023 0
      vertex 7.02492 83.3926 0
    endloop
  endfacet
  facet normal -0.991439 -0.130573 0
    outer loop
      vertex 9.69353 82.1482 0
      vertex 9.67417 82.2952 4
      vertex 9.67417 82.2952 0
    endloop
  endfacet
  facet normal -0.991439 -0.130573 0
    outer loop
      vertex 9.67417 82.2952 4
      vertex 9.69353 82.1482 0
      vertex 9.69353 82.1482 4
    endloop
  endfacet
  facet normal -0.843445 -0.537216 0
    outer loop
      vertex 9.47224 82.85 0
      vertex 9.39256 82.9751 4
      vertex 9.39256 82.9751 0
    endloop
  endfacet
  facet normal -0.843445 -0.537216 0
    outer loop
      vertex 9.39256 82.9751 4
      vertex 9.47224 82.85 0
      vertex 9.47224 82.85 4
    endloop
  endfacet
  facet normal -0.675621 -0.737249 0
    outer loop
      vertex 9.09274 83.3023 0
      vertex 9.20208 83.2021 4
      vertex 9.09274 83.3023 4
    endloop
  endfacet
  facet normal -0.675621 -0.737249 -0
    outer loop
      vertex 9.20208 83.2021 4
      vertex 9.09274 83.3023 0
      vertex 9.20208 83.2021 0
    endloop
  endfacet
  facet normal -0.737467 -0.675383 0
    outer loop
      vertex 9.30227 83.0927 0
      vertex 9.20208 83.2021 4
      vertex 9.20208 83.2021 0
    endloop
  endfacet
  facet normal -0.737467 -0.675383 0
    outer loop
      vertex 9.20208 83.2021 4
      vertex 9.30227 83.0927 0
      vertex 9.30227 83.0927 4
    endloop
  endfacet
  facet normal 0.0438264 -0.999039 0
    outer loop
      vertex 7.85183 83.6935 0
      vertex 8 83.7 4
      vertex 7.85183 83.6935 4
    endloop
  endfacet
  facet normal 0.0438264 -0.999039 0
    outer loop
      vertex 8 83.7 4
      vertex 7.85183 83.6935 0
      vertex 8 83.7 0
    endloop
  endfacet
  facet normal -0.130141 -0.991496 0
    outer loop
      vertex 8.14816 83.6935 0
      vertex 8.2952 83.6742 4
      vertex 8.14816 83.6935 4
    endloop
  endfacet
  facet normal -0.130141 -0.991496 -0
    outer loop
      vertex 8.2952 83.6742 4
      vertex 8.14816 83.6935 0
      vertex 8.2952 83.6742 0
    endloop
  endfacet
  facet normal -0.608831 -0.7933 0
    outer loop
      vertex 8.97508 83.3926 0
      vertex 9.09274 83.3023 4
      vertex 8.97508 83.3926 4
    endloop
  endfacet
  facet normal -0.608831 -0.7933 -0
    outer loop
      vertex 9.09274 83.3023 4
      vertex 8.97508 83.3926 0
      vertex 9.09274 83.3023 0
    endloop
  endfacet
  facet normal -0.382939 -0.923774 0
    outer loop
      vertex 8.58143 83.5975 0
      vertex 8.71845 83.5407 4
      vertex 8.58143 83.5975 4
    endloop
  endfacet
  facet normal -0.382939 -0.923774 -0
    outer loop
      vertex 8.71845 83.5407 4
      vertex 8.58143 83.5975 0
      vertex 8.71845 83.5407 0
    endloop
  endfacet
  facet normal 0.976298 -0.216431 0
    outer loop
      vertex 6.32583 82.2952 4
      vertex 6.35793 82.44 0
      vertex 6.35793 82.44 4
    endloop
  endfacet
  facet normal 0.976298 -0.216431 0
    outer loop
      vertex 6.35793 82.44 0
      vertex 6.32583 82.2952 4
      vertex 6.32583 82.2952 0
    endloop
  endfacet
  facet normal 0.991439 -0.130573 0
    outer loop
      vertex 6.30647 82.1482 4
      vertex 6.32583 82.2952 0
      vertex 6.32583 82.2952 4
    endloop
  endfacet
  facet normal 0.991439 -0.130573 0
    outer loop
      vertex 6.32583 82.2952 0
      vertex 6.30647 82.1482 4
      vertex 6.30647 82.1482 0
    endloop
  endfacet
  facet normal 0.793215 -0.608941 0
    outer loop
      vertex 6.60744 82.9751 4
      vertex 6.69772 83.0927 0
      vertex 6.69772 83.0927 4
    endloop
  endfacet
  facet normal 0.793215 -0.608941 0
    outer loop
      vertex 6.69772 83.0927 0
      vertex 6.60744 82.9751 4
      vertex 6.60744 82.9751 0
    endloop
  endfacet
  facet normal 0.130149 -0.991494 0
    outer loop
      vertex 7.7048 83.6742 0
      vertex 7.85183 83.6935 4
      vertex 7.7048 83.6742 4
    endloop
  endfacet
  facet normal 0.130149 -0.991494 0
    outer loop
      vertex 7.85183 83.6935 4
      vertex 7.7048 83.6742 0
      vertex 7.85183 83.6935 0
    endloop
  endfacet
  facet normal 0.216445 -0.976295 0
    outer loop
      vertex 7.56001 83.6421 0
      vertex 7.7048 83.6742 4
      vertex 7.56001 83.6421 4
    endloop
  endfacet
  facet normal 0.216445 -0.976295 0
    outer loop
      vertex 7.7048 83.6742 4
      vertex 7.56001 83.6421 0
      vertex 7.7048 83.6742 0
    endloop
  endfacet
  facet normal 0.461852 -0.886957 0
    outer loop
      vertex 7.15 83.4722 0
      vertex 7.28155 83.5407 4
      vertex 7.15 83.4722 4
    endloop
  endfacet
  facet normal 0.461852 -0.886957 0
    outer loop
      vertex 7.28155 83.5407 4
      vertex 7.15 83.4722 0
      vertex 7.28155 83.5407 0
    endloop
  endfacet
  facet normal 0.536893 -0.84365 0
    outer loop
      vertex 7.02492 83.3926 0
      vertex 7.15 83.4722 4
      vertex 7.02492 83.3926 4
    endloop
  endfacet
  facet normal 0.536893 -0.84365 0
    outer loop
      vertex 7.15 83.4722 4
      vertex 7.02492 83.3926 0
      vertex 7.15 83.4722 0
    endloop
  endfacet
  facet normal 0.737434 -0.675419 0
    outer loop
      vertex 6.69772 83.0927 4
      vertex 6.79792 83.2021 0
      vertex 6.79792 83.2021 4
    endloop
  endfacet
  facet normal 0.737434 -0.675419 0
    outer loop
      vertex 6.79792 83.2021 0
      vertex 6.69772 83.0927 4
      vertex 6.69772 83.0927 0
    endloop
  endfacet
  facet normal -0.999048 -0.0436157 0
    outer loop
      vertex 9.7 82 0
      vertex 9.69353 82.1482 4
      vertex 9.69353 82.1482 0
    endloop
  endfacet
  facet normal -0.999048 -0.0436157 0
    outer loop
      vertex 9.69353 82.1482 4
      vertex 9.7 82 0
      vertex 9.7 82 4
    endloop
  endfacet
  facet normal 0.953704 0.300747 0
    outer loop
      vertex 6.40252 81.4186 4
      vertex 6.35793 81.56 0
      vertex 6.35793 81.56 4
    endloop
  endfacet
  facet normal 0.953704 0.300747 0
    outer loop
      vertex 6.35793 81.56 0
      vertex 6.40252 81.4186 4
      vertex 6.40252 81.4186 0
    endloop
  endfacet
  facet normal -0.923948 -0.382518 0
    outer loop
      vertex 9.59748 82.5814 0
      vertex 9.54072 82.7185 4
      vertex 9.54072 82.7185 0
    endloop
  endfacet
  facet normal -0.923948 -0.382518 0
    outer loop
      vertex 9.54072 82.7185 4
      vertex 9.59748 82.5814 0
      vertex 9.59748 82.5814 4
    endloop
  endfacet
  facet normal -0.953704 -0.300747 0
    outer loop
      vertex 9.64207 82.44 0
      vertex 9.59748 82.5814 4
      vertex 9.59748 82.5814 0
    endloop
  endfacet
  facet normal -0.953704 -0.300747 0
    outer loop
      vertex 9.59748 82.5814 4
      vertex 9.64207 82.44 0
      vertex 9.64207 82.44 4
    endloop
  endfacet
  facet normal -0.976298 -0.216431 0
    outer loop
      vertex 9.67417 82.2952 0
      vertex 9.64207 82.44 4
      vertex 9.64207 82.44 0
    endloop
  endfacet
  facet normal -0.976298 -0.216431 0
    outer loop
      vertex 9.64207 82.44 4
      vertex 9.67417 82.2952 0
      vertex 9.67417 82.2952 4
    endloop
  endfacet
  facet normal -0.0438293 -0.999039 0
    outer loop
      vertex 8 83.7 0
      vertex 8.14816 83.6935 4
      vertex 8 83.7 4
    endloop
  endfacet
  facet normal -0.0438293 -0.999039 -0
    outer loop
      vertex 8.14816 83.6935 4
      vertex 8 83.7 0
      vertex 8.14816 83.6935 0
    endloop
  endfacet
  facet normal -0.216445 -0.976295 0
    outer loop
      vertex 8.2952 83.6742 0
      vertex 8.43999 83.6421 4
      vertex 8.2952 83.6742 4
    endloop
  endfacet
  facet normal -0.216445 -0.976295 -0
    outer loop
      vertex 8.43999 83.6421 4
      vertex 8.2952 83.6742 0
      vertex 8.43999 83.6421 0
    endloop
  endfacet
  facet normal -0.536893 -0.84365 0
    outer loop
      vertex 8.85 83.4722 0
      vertex 8.97508 83.3926 4
      vertex 8.85 83.4722 4
    endloop
  endfacet
  facet normal -0.536893 -0.84365 -0
    outer loop
      vertex 8.97508 83.3926 4
      vertex 8.85 83.4722 0
      vertex 8.97508 83.3926 0
    endloop
  endfacet
  facet normal -0.461852 -0.886957 0
    outer loop
      vertex 8.71845 83.5407 0
      vertex 8.85 83.4722 4
      vertex 8.71845 83.5407 4
    endloop
  endfacet
  facet normal -0.461852 -0.886957 -0
    outer loop
      vertex 8.85 83.4722 4
      vertex 8.71845 83.5407 0
      vertex 8.85 83.4722 0
    endloop
  endfacet
  facet normal 0.999048 -0.0436157 0
    outer loop
      vertex 6.3 82 4
      vertex 6.30647 82.1482 0
      vertex 6.30647 82.1482 4
    endloop
  endfacet
  facet normal 0.999048 -0.0436157 0
    outer loop
      vertex 6.30647 82.1482 0
      vertex 6.3 82 4
      vertex 6.3 82 0
    endloop
  endfacet
  facet normal 0.923948 -0.382518 0
    outer loop
      vertex 6.40252 82.5814 4
      vertex 6.45928 82.7185 0
      vertex 6.45928 82.7185 4
    endloop
  endfacet
  facet normal 0.923948 -0.382518 0
    outer loop
      vertex 6.45928 82.7185 0
      vertex 6.40252 82.5814 4
      vertex 6.40252 82.5814 0
    endloop
  endfacet
  facet normal 0.843445 -0.537216 0
    outer loop
      vertex 6.52776 82.85 4
      vertex 6.60744 82.9751 0
      vertex 6.60744 82.9751 4
    endloop
  endfacet
  facet normal 0.843445 -0.537216 0
    outer loop
      vertex 6.60744 82.9751 0
      vertex 6.52776 82.85 4
      vertex 6.52776 82.85 0
    endloop
  endfacet
  facet normal 0.886941 -0.461884 0
    outer loop
      vertex 6.45928 82.7185 4
      vertex 6.52776 82.85 0
      vertex 6.52776 82.85 4
    endloop
  endfacet
  facet normal 0.886941 -0.461884 0
    outer loop
      vertex 6.52776 82.85 0
      vertex 6.45928 82.7185 4
      vertex 6.45928 82.7185 0
    endloop
  endfacet
  facet normal 0.300731 -0.953709 0
    outer loop
      vertex 7.41857 83.5975 0
      vertex 7.56001 83.6421 4
      vertex 7.41857 83.5975 4
    endloop
  endfacet
  facet normal 0.300731 -0.953709 0
    outer loop
      vertex 7.56001 83.6421 4
      vertex 7.41857 83.5975 0
      vertex 7.56001 83.6421 0
    endloop
  endfacet
  facet normal 0.675621 -0.737249 0
    outer loop
      vertex 6.79792 83.2021 0
      vertex 6.90726 83.3023 4
      vertex 6.79792 83.2021 4
    endloop
  endfacet
  facet normal 0.675621 -0.737249 0
    outer loop
      vertex 6.90726 83.3023 4
      vertex 6.79792 83.2021 0
      vertex 6.90726 83.3023 0
    endloop
  endfacet
  facet normal -0.991439 0.130573 0
    outer loop
      vertex 9.67417 81.7048 0
      vertex 9.69353 81.8518 4
      vertex 9.69353 81.8518 0
    endloop
  endfacet
  facet normal -0.991439 0.130573 0
    outer loop
      vertex 9.69353 81.8518 4
      vertex 9.67417 81.7048 0
      vertex 9.67417 81.7048 4
    endloop
  endfacet
  facet normal -0.976298 0.216431 0
    outer loop
      vertex 9.64207 81.56 0
      vertex 9.67417 81.7048 4
      vertex 9.67417 81.7048 0
    endloop
  endfacet
  facet normal -0.976298 0.216431 0
    outer loop
      vertex 9.67417 81.7048 4
      vertex 9.64207 81.56 0
      vertex 9.64207 81.56 4
    endloop
  endfacet
  facet normal -0.923948 0.382518 0
    outer loop
      vertex 9.54072 81.2815 0
      vertex 9.59748 81.4186 4
      vertex 9.59748 81.4186 0
    endloop
  endfacet
  facet normal -0.923948 0.382518 0
    outer loop
      vertex 9.59748 81.4186 4
      vertex 9.54072 81.2815 0
      vertex 9.54072 81.2815 4
    endloop
  endfacet
  facet normal 0.0438264 0.999039 -0
    outer loop
      vertex 8 80.3 0
      vertex 7.85183 80.3065 4
      vertex 8 80.3 4
    endloop
  endfacet
  facet normal 0.0438264 0.999039 0
    outer loop
      vertex 7.85183 80.3065 4
      vertex 8 80.3 0
      vertex 7.85183 80.3065 0
    endloop
  endfacet
  facet normal 0.991439 0.130573 0
    outer loop
      vertex 6.32583 81.7048 4
      vertex 6.30647 81.8518 0
      vertex 6.30647 81.8518 4
    endloop
  endfacet
  facet normal 0.991439 0.130573 0
    outer loop
      vertex 6.30647 81.8518 0
      vertex 6.32583 81.7048 4
      vertex 6.32583 81.7048 0
    endloop
  endfacet
  facet normal 0.923948 0.382518 0
    outer loop
      vertex 6.45928 81.2815 4
      vertex 6.40252 81.4186 0
      vertex 6.40252 81.4186 4
    endloop
  endfacet
  facet normal 0.923948 0.382518 0
    outer loop
      vertex 6.40252 81.4186 0
      vertex 6.45928 81.2815 4
      vertex 6.45928 81.2815 0
    endloop
  endfacet
  facet normal -0.130141 0.991496 0
    outer loop
      vertex 8.2952 80.3258 0
      vertex 8.14816 80.3065 4
      vertex 8.2952 80.3258 4
    endloop
  endfacet
  facet normal -0.130141 0.991496 0
    outer loop
      vertex 8.14816 80.3065 4
      vertex 8.2952 80.3258 0
      vertex 8.14816 80.3065 0
    endloop
  endfacet
  facet normal -0.300731 0.953709 0
    outer loop
      vertex 8.58143 80.4025 0
      vertex 8.43999 80.3579 4
      vertex 8.58143 80.4025 4
    endloop
  endfacet
  facet normal -0.300731 0.953709 0
    outer loop
      vertex 8.43999 80.3579 4
      vertex 8.58143 80.4025 0
      vertex 8.43999 80.3579 0
    endloop
  endfacet
  facet normal -0.216445 0.976295 0
    outer loop
      vertex 8.43999 80.3579 0
      vertex 8.2952 80.3258 4
      vertex 8.43999 80.3579 4
    endloop
  endfacet
  facet normal -0.216445 0.976295 0
    outer loop
      vertex 8.2952 80.3258 4
      vertex 8.43999 80.3579 0
      vertex 8.2952 80.3258 0
    endloop
  endfacet
  facet normal -0.793183 -0.608984 0
    outer loop
      vertex 9.39256 82.9751 0
      vertex 9.30227 83.0927 4
      vertex 9.30227 83.0927 0
    endloop
  endfacet
  facet normal -0.793183 -0.608984 0
    outer loop
      vertex 9.30227 83.0927 4
      vertex 9.39256 82.9751 0
      vertex 9.39256 82.9751 4
    endloop
  endfacet
  facet normal -0.461852 0.886957 0
    outer loop
      vertex 8.85 80.5278 0
      vertex 8.71845 80.4593 4
      vertex 8.85 80.5278 4
    endloop
  endfacet
  facet normal -0.461852 0.886957 0
    outer loop
      vertex 8.71845 80.4593 4
      vertex 8.85 80.5278 0
      vertex 8.71845 80.4593 0
    endloop
  endfacet
  facet normal -0.608831 0.7933 0
    outer loop
      vertex 9.09274 80.6977 0
      vertex 8.97508 80.6074 4
      vertex 9.09274 80.6977 4
    endloop
  endfacet
  facet normal -0.608831 0.7933 0
    outer loop
      vertex 8.97508 80.6074 4
      vertex 9.09274 80.6977 0
      vertex 8.97508 80.6074 0
    endloop
  endfacet
  facet normal -0.793183 0.608984 0
    outer loop
      vertex 9.30227 80.9073 0
      vertex 9.39256 81.0249 4
      vertex 9.39256 81.0249 0
    endloop
  endfacet
  facet normal -0.793183 0.608984 0
    outer loop
      vertex 9.39256 81.0249 4
      vertex 9.30227 80.9073 0
      vertex 9.30227 80.9073 4
    endloop
  endfacet
  facet normal -0.843445 0.537216 0
    outer loop
      vertex 9.39256 81.0249 0
      vertex 9.47224 81.15 4
      vertex 9.47224 81.15 0
    endloop
  endfacet
  facet normal -0.843445 0.537216 0
    outer loop
      vertex 9.47224 81.15 4
      vertex 9.39256 81.0249 0
      vertex 9.39256 81.0249 4
    endloop
  endfacet
  facet normal -0.886941 0.461884 0
    outer loop
      vertex 9.47224 81.15 0
      vertex 9.54072 81.2815 4
      vertex 9.54072 81.2815 0
    endloop
  endfacet
  facet normal -0.886941 0.461884 0
    outer loop
      vertex 9.54072 81.2815 4
      vertex 9.47224 81.15 0
      vertex 9.47224 81.15 4
    endloop
  endfacet
  facet normal -0.953704 0.300747 0
    outer loop
      vertex 9.59748 81.4186 0
      vertex 9.64207 81.56 4
      vertex 9.64207 81.56 0
    endloop
  endfacet
  facet normal -0.953704 0.300747 0
    outer loop
      vertex 9.64207 81.56 4
      vertex 9.59748 81.4186 0
      vertex 9.59748 81.4186 4
    endloop
  endfacet
  facet normal -0.0438293 0.999039 0
    outer loop
      vertex 8.14816 80.3065 0
      vertex 8 80.3 4
      vertex 8.14816 80.3065 4
    endloop
  endfacet
  facet normal -0.0438293 0.999039 0
    outer loop
      vertex 8 80.3 4
      vertex 8.14816 80.3065 0
      vertex 8 80.3 0
    endloop
  endfacet
  facet normal 0.976298 0.216431 0
    outer loop
      vertex 6.35793 81.56 4
      vertex 6.32583 81.7048 0
      vertex 6.32583 81.7048 4
    endloop
  endfacet
  facet normal 0.976298 0.216431 0
    outer loop
      vertex 6.32583 81.7048 0
      vertex 6.35793 81.56 4
      vertex 6.35793 81.56 0
    endloop
  endfacet
  facet normal 0.675621 0.737249 -0
    outer loop
      vertex 6.90726 80.6977 0
      vertex 6.79792 80.7979 4
      vertex 6.90726 80.6977 4
    endloop
  endfacet
  facet normal 0.675621 0.737249 0
    outer loop
      vertex 6.79792 80.7979 4
      vertex 6.90726 80.6977 0
      vertex 6.79792 80.7979 0
    endloop
  endfacet
  facet normal 0.886941 0.461884 0
    outer loop
      vertex 6.52776 81.15 4
      vertex 6.45928 81.2815 0
      vertex 6.45928 81.2815 4
    endloop
  endfacet
  facet normal 0.886941 0.461884 0
    outer loop
      vertex 6.45928 81.2815 0
      vertex 6.52776 81.15 4
      vertex 6.52776 81.15 0
    endloop
  endfacet
  facet normal -0.536893 0.84365 0
    outer loop
      vertex 8.97508 80.6074 0
      vertex 8.85 80.5278 4
      vertex 8.97508 80.6074 4
    endloop
  endfacet
  facet normal -0.536893 0.84365 0
    outer loop
      vertex 8.85 80.5278 4
      vertex 8.97508 80.6074 0
      vertex 8.85 80.5278 0
    endloop
  endfacet
  facet normal 0.216445 0.976295 -0
    outer loop
      vertex 7.7048 80.3258 0
      vertex 7.56001 80.3579 4
      vertex 7.7048 80.3258 4
    endloop
  endfacet
  facet normal 0.216445 0.976295 0
    outer loop
      vertex 7.56001 80.3579 4
      vertex 7.7048 80.3258 0
      vertex 7.56001 80.3579 0
    endloop
  endfacet
  facet normal 0.382939 0.923774 -0
    outer loop
      vertex 7.41857 80.4025 0
      vertex 7.28155 80.4593 4
      vertex 7.41857 80.4025 4
    endloop
  endfacet
  facet normal 0.382939 0.923774 0
    outer loop
      vertex 7.28155 80.4593 4
      vertex 7.41857 80.4025 0
      vertex 7.28155 80.4593 0
    endloop
  endfacet
  facet normal 0.300731 0.953709 -0
    outer loop
      vertex 7.56001 80.3579 0
      vertex 7.41857 80.4025 4
      vertex 7.56001 80.3579 4
    endloop
  endfacet
  facet normal 0.300731 0.953709 0
    outer loop
      vertex 7.41857 80.4025 4
      vertex 7.56001 80.3579 0
      vertex 7.41857 80.4025 0
    endloop
  endfacet
  facet normal 0.608831 0.7933 -0
    outer loop
      vertex 7.02492 80.6074 0
      vertex 6.90726 80.6977 4
      vertex 7.02492 80.6074 4
    endloop
  endfacet
  facet normal 0.608831 0.7933 0
    outer loop
      vertex 6.90726 80.6977 4
      vertex 7.02492 80.6074 0
      vertex 6.90726 80.6977 0
    endloop
  endfacet
  facet normal 0.793215 0.608941 0
    outer loop
      vertex 6.69772 80.9073 4
      vertex 6.60744 81.0249 0
      vertex 6.60744 81.0249 4
    endloop
  endfacet
  facet normal 0.793215 0.608941 0
    outer loop
      vertex 6.60744 81.0249 0
      vertex 6.69772 80.9073 4
      vertex 6.69772 80.9073 0
    endloop
  endfacet
  facet normal 0.843445 0.537216 0
    outer loop
      vertex 6.60744 81.0249 4
      vertex 6.52776 81.15 0
      vertex 6.52776 81.15 4
    endloop
  endfacet
  facet normal 0.843445 0.537216 0
    outer loop
      vertex 6.52776 81.15 0
      vertex 6.60744 81.0249 4
      vertex 6.60744 81.0249 0
    endloop
  endfacet
  facet normal -0.675621 0.737249 0
    outer loop
      vertex 9.20208 80.7979 0
      vertex 9.09274 80.6977 4
      vertex 9.20208 80.7979 4
    endloop
  endfacet
  facet normal -0.675621 0.737249 0
    outer loop
      vertex 9.09274 80.6977 4
      vertex 9.20208 80.7979 0
      vertex 9.09274 80.6977 0
    endloop
  endfacet
  facet normal -0.737467 0.675383 0
    outer loop
      vertex 9.20208 80.7979 0
      vertex 9.30227 80.9073 4
      vertex 9.30227 80.9073 0
    endloop
  endfacet
  facet normal -0.737467 0.675383 0
    outer loop
      vertex 9.30227 80.9073 4
      vertex 9.20208 80.7979 0
      vertex 9.20208 80.7979 4
    endloop
  endfacet
  facet normal 0.130149 0.991494 -0
    outer loop
      vertex 7.85183 80.3065 0
      vertex 7.7048 80.3258 4
      vertex 7.85183 80.3065 4
    endloop
  endfacet
  facet normal 0.130149 0.991494 0
    outer loop
      vertex 7.7048 80.3258 4
      vertex 7.85183 80.3065 0
      vertex 7.7048 80.3258 0
    endloop
  endfacet
  facet normal 0.461852 0.886957 -0
    outer loop
      vertex 7.28155 80.4593 0
      vertex 7.15 80.5278 4
      vertex 7.28155 80.4593 4
    endloop
  endfacet
  facet normal 0.461852 0.886957 0
    outer loop
      vertex 7.15 80.5278 4
      vertex 7.28155 80.4593 0
      vertex 7.15 80.5278 0
    endloop
  endfacet
  facet normal 0.536893 0.84365 -0
    outer loop
      vertex 7.15 80.5278 0
      vertex 7.02492 80.6074 4
      vertex 7.15 80.5278 4
    endloop
  endfacet
  facet normal 0.536893 0.84365 0
    outer loop
      vertex 7.02492 80.6074 4
      vertex 7.15 80.5278 0
      vertex 7.02492 80.6074 0
    endloop
  endfacet
  facet normal 0.737434 0.675419 0
    outer loop
      vertex 6.79792 80.7979 4
      vertex 6.69772 80.9073 0
      vertex 6.69772 80.9073 4
    endloop
  endfacet
  facet normal 0.737434 0.675419 0
    outer loop
      vertex 6.69772 80.9073 0
      vertex 6.79792 80.7979 4
      vertex 6.79792 80.7979 0
    endloop
  endfacet
  facet normal -0.999039 -0.0438293 0
    outer loop
      vertex 83.7 8 0
      vertex 83.6935 8.14816 4
      vertex 83.6935 8.14816 0
    endloop
  endfacet
  facet normal -0.999039 -0.0438293 0
    outer loop
      vertex 83.6935 8.14816 4
      vertex 83.7 8 0
      vertex 83.7 8 4
    endloop
  endfacet
  facet normal 0.0436157 -0.999048 0
    outer loop
      vertex 81.8518 9.69353 0
      vertex 82 9.7 4
      vertex 81.8518 9.69353 4
    endloop
  endfacet
  facet normal 0.0436157 -0.999048 0
    outer loop
      vertex 82 9.7 4
      vertex 81.8518 9.69353 0
      vertex 82 9.7 0
    endloop
  endfacet
  facet normal -0.675383 -0.737467 0
    outer loop
      vertex 83.0927 9.30227 0
      vertex 83.2021 9.20208 4
      vertex 83.0927 9.30227 4
    endloop
  endfacet
  facet normal -0.675383 -0.737467 -0
    outer loop
      vertex 83.2021 9.20208 4
      vertex 83.0927 9.30227 0
      vertex 83.2021 9.20208 0
    endloop
  endfacet
  facet normal 0.737249 -0.675621 0
    outer loop
      vertex 80.6977 9.09274 4
      vertex 80.7979 9.20208 0
      vertex 80.7979 9.20208 4
    endloop
  endfacet
  facet normal 0.737249 -0.675621 0
    outer loop
      vertex 80.7979 9.20208 0
      vertex 80.6977 9.09274 4
      vertex 80.6977 9.09274 0
    endloop
  endfacet
  facet normal 0.382518 -0.923948 0
    outer loop
      vertex 81.2815 9.54072 0
      vertex 81.4186 9.59748 4
      vertex 81.2815 9.54072 4
    endloop
  endfacet
  facet normal 0.382518 -0.923948 0
    outer loop
      vertex 81.4186 9.59748 4
      vertex 81.2815 9.54072 0
      vertex 81.4186 9.59748 0
    endloop
  endfacet
  facet normal -0.7933 0.608831 0
    outer loop
      vertex 83.3023 6.90726 0
      vertex 83.3926 7.02492 4
      vertex 83.3926 7.02492 0
    endloop
  endfacet
  facet normal -0.7933 0.608831 0
    outer loop
      vertex 83.3926 7.02492 4
      vertex 83.3023 6.90726 0
      vertex 83.3023 6.90726 4
    endloop
  endfacet
  facet normal -0.923774 -0.382939 0
    outer loop
      vertex 83.5975 8.58143 0
      vertex 83.5407 8.71845 4
      vertex 83.5407 8.71845 0
    endloop
  endfacet
  facet normal -0.923774 -0.382939 0
    outer loop
      vertex 83.5407 8.71845 4
      vertex 83.5975 8.58143 0
      vertex 83.5975 8.58143 4
    endloop
  endfacet
  facet normal -0.300747 -0.953704 0
    outer loop
      vertex 82.44 9.64207 0
      vertex 82.5814 9.59748 4
      vertex 82.44 9.64207 4
    endloop
  endfacet
  facet normal -0.300747 -0.953704 -0
    outer loop
      vertex 82.5814 9.59748 4
      vertex 82.44 9.64207 0
      vertex 82.5814 9.59748 0
    endloop
  endfacet
  facet normal -0.537216 -0.843445 0
    outer loop
      vertex 82.85 9.47224 0
      vertex 82.9751 9.39256 4
      vertex 82.85 9.47224 4
    endloop
  endfacet
  facet normal -0.537216 -0.843445 -0
    outer loop
      vertex 82.9751 9.39256 4
      vertex 82.85 9.47224 0
      vertex 82.9751 9.39256 0
    endloop
  endfacet
  facet normal 0.923774 -0.382939 0
    outer loop
      vertex 80.4025 8.58143 4
      vertex 80.4593 8.71845 0
      vertex 80.4593 8.71845 4
    endloop
  endfacet
  facet normal 0.923774 -0.382939 0
    outer loop
      vertex 80.4593 8.71845 0
      vertex 80.4025 8.58143 4
      vertex 80.4025 8.58143 0
    endloop
  endfacet
  facet normal 0.216431 -0.976298 0
    outer loop
      vertex 81.56 9.64207 0
      vertex 81.7048 9.67417 4
      vertex 81.56 9.64207 4
    endloop
  endfacet
  facet normal 0.216431 -0.976298 0
    outer loop
      vertex 81.7048 9.67417 4
      vertex 81.56 9.64207 0
      vertex 81.7048 9.67417 0
    endloop
  endfacet
  facet normal -0.300747 0.953704 0
    outer loop
      vertex 82.5814 6.40252 0
      vertex 82.44 6.35793 4
      vertex 82.5814 6.40252 4
    endloop
  endfacet
  facet normal -0.300747 0.953704 0
    outer loop
      vertex 82.44 6.35793 4
      vertex 82.5814 6.40252 0
      vertex 82.44 6.35793 0
    endloop
  endfacet
  facet normal -0.976295 -0.216445 0
    outer loop
      vertex 83.6742 8.2952 0
      vertex 83.6421 8.43999 4
      vertex 83.6421 8.43999 0
    endloop
  endfacet
  facet normal -0.976295 -0.216445 0
    outer loop
      vertex 83.6421 8.43999 4
      vertex 83.6742 8.2952 0
      vertex 83.6742 8.2952 4
    endloop
  endfacet
  facet normal -0.991496 -0.130141 0
    outer loop
      vertex 83.6935 8.14816 0
      vertex 83.6742 8.2952 4
      vertex 83.6742 8.2952 0
    endloop
  endfacet
  facet normal -0.991496 -0.130141 0
    outer loop
      vertex 83.6742 8.2952 4
      vertex 83.6935 8.14816 0
      vertex 83.6935 8.14816 4
    endloop
  endfacet
  facet normal -0.953709 -0.300731 0
    outer loop
      vertex 83.6421 8.43999 0
      vertex 83.5975 8.58143 4
      vertex 83.5975 8.58143 0
    endloop
  endfacet
  facet normal -0.953709 -0.300731 0
    outer loop
      vertex 83.5975 8.58143 4
      vertex 83.6421 8.43999 0
      vertex 83.6421 8.43999 4
    endloop
  endfacet
  facet normal -0.84365 -0.536893 0
    outer loop
      vertex 83.4722 8.85 0
      vertex 83.3926 8.97508 4
      vertex 83.3926 8.97508 0
    endloop
  endfacet
  facet normal -0.84365 -0.536893 0
    outer loop
      vertex 83.3926 8.97508 4
      vertex 83.4722 8.85 0
      vertex 83.4722 8.85 4
    endloop
  endfacet
  facet normal -0.130573 -0.991439 0
    outer loop
      vertex 82.1482 9.69353 0
      vertex 82.2952 9.67417 4
      vertex 82.1482 9.69353 4
    endloop
  endfacet
  facet normal -0.130573 -0.991439 -0
    outer loop
      vertex 82.2952 9.67417 4
      vertex 82.1482 9.69353 0
      vertex 82.2952 9.67417 0
    endloop
  endfacet
  facet normal -0.0436157 -0.999048 0
    outer loop
      vertex 82 9.7 0
      vertex 82.1482 9.69353 4
      vertex 82 9.7 4
    endloop
  endfacet
  facet normal -0.0436157 -0.999048 -0
    outer loop
      vertex 82.1482 9.69353 4
      vertex 82 9.7 0
      vertex 82.1482 9.69353 0
    endloop
  endfacet
  facet normal -0.608984 -0.793183 0
    outer loop
      vertex 82.9751 9.39256 0
      vertex 83.0927 9.30227 4
      vertex 82.9751 9.39256 4
    endloop
  endfacet
  facet normal -0.608984 -0.793183 -0
    outer loop
      vertex 83.0927 9.30227 4
      vertex 82.9751 9.39256 0
      vertex 83.0927 9.30227 0
    endloop
  endfacet
  facet normal 0.991496 -0.130141 0
    outer loop
      vertex 80.3065 8.14816 4
      vertex 80.3258 8.2952 0
      vertex 80.3258 8.2952 4
    endloop
  endfacet
  facet normal 0.991496 -0.130141 0
    outer loop
      vertex 80.3258 8.2952 0
      vertex 80.3065 8.14816 4
      vertex 80.3065 8.14816 0
    endloop
  endfacet
  facet normal 0.7933 -0.608831 0
    outer loop
      vertex 80.6074 8.97508 4
      vertex 80.6977 9.09274 0
      vertex 80.6977 9.09274 4
    endloop
  endfacet
  facet normal 0.7933 -0.608831 0
    outer loop
      vertex 80.6977 9.09274 0
      vertex 80.6074 8.97508 4
      vertex 80.6074 8.97508 0
    endloop
  endfacet
  facet normal 0.953709 -0.300731 0
    outer loop
      vertex 80.3579 8.43999 4
      vertex 80.4025 8.58143 0
      vertex 80.4025 8.58143 4
    endloop
  endfacet
  facet normal 0.953709 -0.300731 0
    outer loop
      vertex 80.4025 8.58143 0
      vertex 80.3579 8.43999 4
      vertex 80.3579 8.43999 0
    endloop
  endfacet
  facet normal 0.976295 -0.216445 0
    outer loop
      vertex 80.3258 8.2952 4
      vertex 80.3579 8.43999 0
      vertex 80.3579 8.43999 4
    endloop
  endfacet
  facet normal 0.976295 -0.216445 0
    outer loop
      vertex 80.3579 8.43999 0
      vertex 80.3258 8.2952 4
      vertex 80.3258 8.2952 0
    endloop
  endfacet
  facet normal 0.999039 -0.0438293 0
    outer loop
      vertex 80.3 8 4
      vertex 80.3065 8.14816 0
      vertex 80.3065 8.14816 4
    endloop
  endfacet
  facet normal 0.999039 -0.0438293 0
    outer loop
      vertex 80.3065 8.14816 0
      vertex 80.3 8 4
      vertex 80.3 8 0
    endloop
  endfacet
  facet normal 0.537216 -0.843445 0
    outer loop
      vertex 81.0249 9.39256 0
      vertex 81.15 9.47224 4
      vertex 81.0249 9.39256 4
    endloop
  endfacet
  facet normal 0.537216 -0.843445 0
    outer loop
      vertex 81.15 9.47224 4
      vertex 81.0249 9.39256 0
      vertex 81.15 9.47224 0
    endloop
  endfacet
  facet normal 0.675383 -0.737467 0
    outer loop
      vertex 80.7979 9.20208 0
      vertex 80.9073 9.30227 4
      vertex 80.7979 9.20208 4
    endloop
  endfacet
  facet normal 0.675383 -0.737467 0
    outer loop
      vertex 80.9073 9.30227 4
      vertex 80.7979 9.20208 0
      vertex 80.9073 9.30227 0
    endloop
  endfacet
  facet normal 0.300747 -0.953704 0
    outer loop
      vertex 81.4186 9.59748 0
      vertex 81.56 9.64207 4
      vertex 81.4186 9.59748 4
    endloop
  endfacet
  facet normal 0.300747 -0.953704 0
    outer loop
      vertex 81.56 9.64207 4
      vertex 81.4186 9.59748 0
      vertex 81.56 9.64207 0
    endloop
  endfacet
  facet normal 0.130573 -0.991439 0
    outer loop
      vertex 81.7048 9.67417 0
      vertex 81.8518 9.69353 4
      vertex 81.7048 9.67417 4
    endloop
  endfacet
  facet normal 0.130573 -0.991439 0
    outer loop
      vertex 81.8518 9.69353 4
      vertex 81.7048 9.67417 0
      vertex 81.8518 9.69353 0
    endloop
  endfacet
  facet normal -0.976295 0.216445 0
    outer loop
      vertex 83.6421 7.56001 0
      vertex 83.6742 7.7048 4
      vertex 83.6742 7.7048 0
    endloop
  endfacet
  facet normal -0.976295 0.216445 0
    outer loop
      vertex 83.6742 7.7048 4
      vertex 83.6421 7.56001 0
      vertex 83.6421 7.56001 4
    endloop
  endfacet
  facet normal -0.999039 0.0438264 0
    outer loop
      vertex 83.6935 7.85183 0
      vertex 83.7 8 4
      vertex 83.7 8 0
    endloop
  endfacet
  facet normal -0.999039 0.0438264 0
    outer loop
      vertex 83.7 8 4
      vertex 83.6935 7.85183 0
      vertex 83.6935 7.85183 4
    endloop
  endfacet
  facet normal -0.130573 0.991439 0
    outer loop
      vertex 82.2952 6.32583 0
      vertex 82.1482 6.30647 4
      vertex 82.2952 6.32583 4
    endloop
  endfacet
  facet normal -0.130573 0.991439 0
    outer loop
      vertex 82.1482 6.30647 4
      vertex 82.2952 6.32583 0
      vertex 82.1482 6.30647 0
    endloop
  endfacet
  facet normal -0.382518 0.923948 0
    outer loop
      vertex 82.7185 6.45928 0
      vertex 82.5814 6.40252 4
      vertex 82.7185 6.45928 4
    endloop
  endfacet
  facet normal -0.382518 0.923948 0
    outer loop
      vertex 82.5814 6.40252 4
      vertex 82.7185 6.45928 0
      vertex 82.5814 6.40252 0
    endloop
  endfacet
  facet normal -0.737249 -0.675621 0
    outer loop
      vertex 83.3023 9.09274 0
      vertex 83.2021 9.20208 4
      vertex 83.2021 9.20208 0
    endloop
  endfacet
  facet normal -0.737249 -0.675621 0
    outer loop
      vertex 83.2021 9.20208 4
      vertex 83.3023 9.09274 0
      vertex 83.3023 9.09274 4
    endloop
  endfacet
  facet normal -0.886957 -0.461852 0
    outer loop
      vertex 83.5407 8.71845 0
      vertex 83.4722 8.85 4
      vertex 83.4722 8.85 0
    endloop
  endfacet
  facet normal -0.886957 -0.461852 0
    outer loop
      vertex 83.4722 8.85 4
      vertex 83.5407 8.71845 0
      vertex 83.5407 8.71845 4
    endloop
  endfacet
  facet normal -0.216431 -0.976298 0
    outer loop
      vertex 82.2952 9.67417 0
      vertex 82.44 9.64207 4
      vertex 82.2952 9.67417 4
    endloop
  endfacet
  facet normal -0.216431 -0.976298 -0
    outer loop
      vertex 82.44 9.64207 4
      vertex 82.2952 9.67417 0
      vertex 82.44 9.64207 0
    endloop
  endfacet
  facet normal -0.382518 -0.923948 0
    outer loop
      vertex 82.5814 9.59748 0
      vertex 82.7185 9.54072 4
      vertex 82.5814 9.59748 4
    endloop
  endfacet
  facet normal -0.382518 -0.923948 -0
    outer loop
      vertex 82.7185 9.54072 4
      vertex 82.5814 9.59748 0
      vertex 82.7185 9.54072 0
    endloop
  endfacet
  facet normal -0.461884 -0.886941 0
    outer loop
      vertex 82.7185 9.54072 0
      vertex 82.85 9.47224 4
      vertex 82.7185 9.54072 4
    endloop
  endfacet
  facet normal -0.461884 -0.886941 -0
    outer loop
      vertex 82.85 9.47224 4
      vertex 82.7185 9.54072 0
      vertex 82.85 9.47224 0
    endloop
  endfacet
  facet normal 0.999039 0.0438264 0
    outer loop
      vertex 80.3065 7.85183 4
      vertex 80.3 8 0
      vertex 80.3 8 4
    endloop
  endfacet
  facet normal 0.999039 0.0438264 0
    outer loop
      vertex 80.3 8 0
      vertex 80.3065 7.85183 4
      vertex 80.3065 7.85183 0
    endloop
  endfacet
  facet normal 0.461884 -0.886941 0
    outer loop
      vertex 81.15 9.47224 0
      vertex 81.2815 9.54072 4
      vertex 81.15 9.47224 4
    endloop
  endfacet
  facet normal 0.461884 -0.886941 0
    outer loop
      vertex 81.2815 9.54072 4
      vertex 81.15 9.47224 0
      vertex 81.2815 9.54072 0
    endloop
  endfacet
  facet normal 0.608984 -0.793183 0
    outer loop
      vertex 80.9073 9.30227 0
      vertex 81.0249 9.39256 4
      vertex 80.9073 9.30227 4
    endloop
  endfacet
  facet normal 0.608984 -0.793183 0
    outer loop
      vertex 81.0249 9.39256 4
      vertex 80.9073 9.30227 0
      vertex 81.0249 9.39256 0
    endloop
  endfacet
  facet normal -0.923774 0.382939 0
    outer loop
      vertex 83.5407 7.28155 0
      vertex 83.5975 7.41857 4
      vertex 83.5975 7.41857 0
    endloop
  endfacet
  facet normal -0.923774 0.382939 0
    outer loop
      vertex 83.5975 7.41857 4
      vertex 83.5407 7.28155 0
      vertex 83.5407 7.28155 4
    endloop
  endfacet
  facet normal -0.953709 0.300731 0
    outer loop
      vertex 83.5975 7.41857 0
      vertex 83.6421 7.56001 4
      vertex 83.6421 7.56001 0
    endloop
  endfacet
  facet normal -0.953709 0.300731 0
    outer loop
      vertex 83.6421 7.56001 4
      vertex 83.5975 7.41857 0
      vertex 83.5975 7.41857 4
    endloop
  endfacet
  facet normal 0.0436157 0.999048 -0
    outer loop
      vertex 82 6.3 0
      vertex 81.8518 6.30647 4
      vertex 82 6.3 4
    endloop
  endfacet
  facet normal 0.0436157 0.999048 0
    outer loop
      vertex 81.8518 6.30647 4
      vertex 82 6.3 0
      vertex 81.8518 6.30647 0
    endloop
  endfacet
  facet normal 0.953709 0.300731 0
    outer loop
      vertex 80.4025 7.41857 4
      vertex 80.3579 7.56001 0
      vertex 80.3579 7.56001 4
    endloop
  endfacet
  facet normal 0.953709 0.300731 0
    outer loop
      vertex 80.3579 7.56001 0
      vertex 80.4025 7.41857 4
      vertex 80.4025 7.41857 0
    endloop
  endfacet
  facet normal 0.991494 0.130149 0
    outer loop
      vertex 80.3258 7.7048 4
      vertex 80.3065 7.85183 0
      vertex 80.3065 7.85183 4
    endloop
  endfacet
  facet normal 0.991494 0.130149 0
    outer loop
      vertex 80.3065 7.85183 0
      vertex 80.3258 7.7048 4
      vertex 80.3258 7.7048 0
    endloop
  endfacet
  facet normal 0.976295 0.216445 0
    outer loop
      vertex 80.3579 7.56001 4
      vertex 80.3258 7.7048 0
      vertex 80.3258 7.7048 4
    endloop
  endfacet
  facet normal 0.976295 0.216445 0
    outer loop
      vertex 80.3258 7.7048 0
      vertex 80.3579 7.56001 4
      vertex 80.3579 7.56001 0
    endloop
  endfacet
  facet normal -0.216431 0.976298 0
    outer loop
      vertex 82.44 6.35793 0
      vertex 82.2952 6.32583 4
      vertex 82.44 6.35793 4
    endloop
  endfacet
  facet normal -0.216431 0.976298 0
    outer loop
      vertex 82.2952 6.32583 4
      vertex 82.44 6.35793 0
      vertex 82.2952 6.32583 0
    endloop
  endfacet
  facet normal -0.7933 -0.608831 0
    outer loop
      vertex 83.3926 8.97508 0
      vertex 83.3023 9.09274 4
      vertex 83.3023 9.09274 0
    endloop
  endfacet
  facet normal -0.7933 -0.608831 0
    outer loop
      vertex 83.3023 9.09274 4
      vertex 83.3926 8.97508 0
      vertex 83.3926 8.97508 4
    endloop
  endfacet
  facet normal 0.886957 -0.461852 0
    outer loop
      vertex 80.4593 8.71845 4
      vertex 80.5278 8.85 0
      vertex 80.5278 8.85 4
    endloop
  endfacet
  facet normal 0.886957 -0.461852 0
    outer loop
      vertex 80.5278 8.85 0
      vertex 80.4593 8.71845 4
      vertex 80.4593 8.71845 0
    endloop
  endfacet
  facet normal 0.84365 -0.536893 0
    outer loop
      vertex 80.5278 8.85 4
      vertex 80.6074 8.97508 0
      vertex 80.6074 8.97508 4
    endloop
  endfacet
  facet normal 0.84365 -0.536893 0
    outer loop
      vertex 80.6074 8.97508 0
      vertex 80.5278 8.85 4
      vertex 80.5278 8.85 0
    endloop
  endfacet
  facet normal -0.991494 0.130149 0
    outer loop
      vertex 83.6742 7.7048 0
      vertex 83.6935 7.85183 4
      vertex 83.6935 7.85183 0
    endloop
  endfacet
  facet normal -0.991494 0.130149 0
    outer loop
      vertex 83.6935 7.85183 4
      vertex 83.6742 7.7048 0
      vertex 83.6742 7.7048 4
    endloop
  endfacet
  facet normal -0.461884 0.886941 0
    outer loop
      vertex 82.85 6.52776 0
      vertex 82.7185 6.45928 4
      vertex 82.85 6.52776 4
    endloop
  endfacet
  facet normal -0.461884 0.886941 0
    outer loop
      vertex 82.7185 6.45928 4
      vertex 82.85 6.52776 0
      vertex 82.7185 6.45928 0
    endloop
  endfacet
  facet normal -0.0436157 0.999048 0
    outer loop
      vertex 82.1482 6.30647 0
      vertex 82 6.3 4
      vertex 82.1482 6.30647 4
    endloop
  endfacet
  facet normal -0.0436157 0.999048 0
    outer loop
      vertex 82 6.3 4
      vertex 82.1482 6.30647 0
      vertex 82 6.3 0
    endloop
  endfacet
  facet normal 0.382518 0.923948 -0
    outer loop
      vertex 81.4186 6.40252 0
      vertex 81.2815 6.45928 4
      vertex 81.4186 6.40252 4
    endloop
  endfacet
  facet normal 0.382518 0.923948 0
    outer loop
      vertex 81.2815 6.45928 4
      vertex 81.4186 6.40252 0
      vertex 81.2815 6.45928 0
    endloop
  endfacet
  facet normal 0.675419 0.737434 -0
    outer loop
      vertex 80.9073 6.69772 0
      vertex 80.7979 6.79792 4
      vertex 80.9073 6.69772 4
    endloop
  endfacet
  facet normal 0.675419 0.737434 0
    outer loop
      vertex 80.7979 6.79792 4
      vertex 80.9073 6.69772 0
      vertex 80.7979 6.79792 0
    endloop
  endfacet
  facet normal 0.886957 0.461852 0
    outer loop
      vertex 80.5278 7.15 4
      vertex 80.4593 7.28155 0
      vertex 80.4593 7.28155 4
    endloop
  endfacet
  facet normal 0.886957 0.461852 0
    outer loop
      vertex 80.4593 7.28155 0
      vertex 80.5278 7.15 4
      vertex 80.5278 7.15 0
    endloop
  endfacet
  facet normal 0.923774 0.382939 0
    outer loop
      vertex 80.4593 7.28155 4
      vertex 80.4025 7.41857 0
      vertex 80.4025 7.41857 4
    endloop
  endfacet
  facet normal 0.923774 0.382939 0
    outer loop
      vertex 80.4025 7.41857 0
      vertex 80.4593 7.28155 4
      vertex 80.4593 7.28155 0
    endloop
  endfacet
  facet normal -0.886957 0.461852 0
    outer loop
      vertex 83.4722 7.15 0
      vertex 83.5407 7.28155 4
      vertex 83.5407 7.28155 0
    endloop
  endfacet
  facet normal -0.886957 0.461852 0
    outer loop
      vertex 83.5407 7.28155 4
      vertex 83.4722 7.15 0
      vertex 83.4722 7.15 4
    endloop
  endfacet
  facet normal -0.84365 0.536893 0
    outer loop
      vertex 83.3926 7.02492 0
      vertex 83.4722 7.15 4
      vertex 83.4722 7.15 0
    endloop
  endfacet
  facet normal -0.84365 0.536893 0
    outer loop
      vertex 83.4722 7.15 4
      vertex 83.3926 7.02492 0
      vertex 83.3926 7.02492 4
    endloop
  endfacet
  facet normal -0.608941 0.793215 0
    outer loop
      vertex 83.0927 6.69772 0
      vertex 82.9751 6.60744 4
      vertex 83.0927 6.69772 4
    endloop
  endfacet
  facet normal -0.608941 0.793215 0
    outer loop
      vertex 82.9751 6.60744 4
      vertex 83.0927 6.69772 0
      vertex 82.9751 6.60744 0
    endloop
  endfacet
  facet normal -0.737249 0.675621 0
    outer loop
      vertex 83.2021 6.79792 0
      vertex 83.3023 6.90726 4
      vertex 83.3023 6.90726 0
    endloop
  endfacet
  facet normal -0.737249 0.675621 0
    outer loop
      vertex 83.3023 6.90726 4
      vertex 83.2021 6.79792 0
      vertex 83.2021 6.79792 4
    endloop
  endfacet
  facet normal -0.675419 0.737434 0
    outer loop
      vertex 83.2021 6.79792 0
      vertex 83.0927 6.69772 4
      vertex 83.2021 6.79792 4
    endloop
  endfacet
  facet normal -0.675419 0.737434 0
    outer loop
      vertex 83.0927 6.69772 4
      vertex 83.2021 6.79792 0
      vertex 83.0927 6.69772 0
    endloop
  endfacet
  facet normal 0.216431 0.976298 -0
    outer loop
      vertex 81.7048 6.32583 0
      vertex 81.56 6.35793 4
      vertex 81.7048 6.32583 4
    endloop
  endfacet
  facet normal 0.216431 0.976298 0
    outer loop
      vertex 81.56 6.35793 4
      vertex 81.7048 6.32583 0
      vertex 81.56 6.35793 0
    endloop
  endfacet
  facet normal 0.608941 0.793215 -0
    outer loop
      vertex 81.0249 6.60744 0
      vertex 80.9073 6.69772 4
      vertex 81.0249 6.60744 4
    endloop
  endfacet
  facet normal 0.608941 0.793215 0
    outer loop
      vertex 80.9073 6.69772 4
      vertex 81.0249 6.60744 0
      vertex 80.9073 6.69772 0
    endloop
  endfacet
  facet normal 0.7933 0.608831 0
    outer loop
      vertex 80.6977 6.90726 4
      vertex 80.6074 7.02492 0
      vertex 80.6074 7.02492 4
    endloop
  endfacet
  facet normal 0.7933 0.608831 0
    outer loop
      vertex 80.6074 7.02492 0
      vertex 80.6977 6.90726 4
      vertex 80.6977 6.90726 0
    endloop
  endfacet
  facet normal 0.84365 0.536893 0
    outer loop
      vertex 80.6074 7.02492 4
      vertex 80.5278 7.15 0
      vertex 80.5278 7.15 4
    endloop
  endfacet
  facet normal 0.84365 0.536893 0
    outer loop
      vertex 80.5278 7.15 0
      vertex 80.6074 7.02492 4
      vertex 80.6074 7.02492 0
    endloop
  endfacet
  facet normal -0.537216 0.843445 0
    outer loop
      vertex 82.9751 6.60744 0
      vertex 82.85 6.52776 4
      vertex 82.9751 6.60744 4
    endloop
  endfacet
  facet normal -0.537216 0.843445 0
    outer loop
      vertex 82.85 6.52776 4
      vertex 82.9751 6.60744 0
      vertex 82.85 6.52776 0
    endloop
  endfacet
  facet normal 0.130573 0.991439 -0
    outer loop
      vertex 81.8518 6.30647 0
      vertex 81.7048 6.32583 4
      vertex 81.8518 6.30647 4
    endloop
  endfacet
  facet normal 0.130573 0.991439 0
    outer loop
      vertex 81.7048 6.32583 4
      vertex 81.8518 6.30647 0
      vertex 81.7048 6.32583 0
    endloop
  endfacet
  facet normal 0.461884 0.886941 -0
    outer loop
      vertex 81.2815 6.45928 0
      vertex 81.15 6.52776 4
      vertex 81.2815 6.45928 4
    endloop
  endfacet
  facet normal 0.461884 0.886941 0
    outer loop
      vertex 81.15 6.52776 4
      vertex 81.2815 6.45928 0
      vertex 81.15 6.52776 0
    endloop
  endfacet
  facet normal 0.537216 0.843445 -0
    outer loop
      vertex 81.15 6.52776 0
      vertex 81.0249 6.60744 4
      vertex 81.15 6.52776 4
    endloop
  endfacet
  facet normal 0.537216 0.843445 0
    outer loop
      vertex 81.0249 6.60744 4
      vertex 81.15 6.52776 0
      vertex 81.0249 6.60744 0
    endloop
  endfacet
  facet normal 0.300747 0.953704 -0
    outer loop
      vertex 81.56 6.35793 0
      vertex 81.4186 6.40252 4
      vertex 81.56 6.35793 4
    endloop
  endfacet
  facet normal 0.300747 0.953704 0
    outer loop
      vertex 81.4186 6.40252 4
      vertex 81.56 6.35793 0
      vertex 81.4186 6.40252 0
    endloop
  endfacet
  facet normal 0.737249 0.675621 0
    outer loop
      vertex 80.7979 6.79792 4
      vertex 80.6977 6.90726 0
      vertex 80.6977 6.90726 4
    endloop
  endfacet
  facet normal 0.737249 0.675621 0
    outer loop
      vertex 80.6977 6.90726 0
      vertex 80.7979 6.79792 4
      vertex 80.7979 6.79792 0
    endloop
  endfacet
  facet normal -0.99904 -0.0438175 0
    outer loop
      vertex 83.7 82 0
      vertex 83.6935 82.1482 4
      vertex 83.6935 82.1482 0
    endloop
  endfacet
  facet normal -0.99904 -0.0438175 0
    outer loop
      vertex 83.6935 82.1482 4
      vertex 83.7 82 0
      vertex 83.7 82 4
    endloop
  endfacet
  facet normal 0.0438175 -0.99904 0
    outer loop
      vertex 81.8518 83.6935 0
      vertex 82 83.7 4
      vertex 81.8518 83.6935 4
    endloop
  endfacet
  facet normal 0.0438175 -0.99904 0
    outer loop
      vertex 82 83.7 4
      vertex 81.8518 83.6935 0
      vertex 82 83.7 0
    endloop
  endfacet
  facet normal -0.0438175 0.99904 0
    outer loop
      vertex 82.1482 80.3065 0
      vertex 82 80.3 4
      vertex 82.1482 80.3065 4
    endloop
  endfacet
  facet normal -0.0438175 0.99904 0
    outer loop
      vertex 82 80.3 4
      vertex 82.1482 80.3065 0
      vertex 82 80.3 0
    endloop
  endfacet
  facet normal -0.675419 -0.737434 0
    outer loop
      vertex 83.0927 83.3023 0
      vertex 83.2021 83.2021 4
      vertex 83.0927 83.3023 4
    endloop
  endfacet
  facet normal -0.675419 -0.737434 -0
    outer loop
      vertex 83.2021 83.2021 4
      vertex 83.0927 83.3023 0
      vertex 83.2021 83.2021 0
    endloop
  endfacet
  facet normal 0.737434 -0.675419 0
    outer loop
      vertex 80.6977 83.0927 4
      vertex 80.7979 83.2021 0
      vertex 80.7979 83.2021 4
    endloop
  endfacet
  facet normal 0.737434 -0.675419 0
    outer loop
      vertex 80.7979 83.2021 0
      vertex 80.6977 83.0927 4
      vertex 80.6977 83.0927 0
    endloop
  endfacet
  facet normal 0.382749 -0.923853 0
    outer loop
      vertex 81.2815 83.5407 0
      vertex 81.4186 83.5975 4
      vertex 81.2815 83.5407 4
    endloop
  endfacet
  facet normal 0.382749 -0.923853 0
    outer loop
      vertex 81.4186 83.5975 4
      vertex 81.2815 83.5407 0
      vertex 81.4186 83.5975 0
    endloop
  endfacet
  facet normal -0.923853 -0.382749 0
    outer loop
      vertex 83.5975 82.5814 0
      vertex 83.5407 82.7185 4
      vertex 83.5407 82.7185 0
    endloop
  endfacet
  facet normal -0.923853 -0.382749 0
    outer loop
      vertex 83.5407 82.7185 4
      vertex 83.5975 82.5814 0
      vertex 83.5975 82.5814 4
    endloop
  endfacet
  facet normal -0.300809 -0.953685 0
    outer loop
      vertex 82.44 83.6421 0
      vertex 82.5814 83.5975 4
      vertex 82.44 83.6421 4
    endloop
  endfacet
  facet normal -0.300809 -0.953685 -0
    outer loop
      vertex 82.5814 83.5975 4
      vertex 82.44 83.6421 0
      vertex 82.5814 83.5975 0
    endloop
  endfacet
  facet normal -0.46199 -0.886885 0
    outer loop
      vertex 82.7185 83.5407 0
      vertex 82.85 83.4722 4
      vertex 82.7185 83.5407 4
    endloop
  endfacet
  facet normal -0.46199 -0.886885 -0
    outer loop
      vertex 82.85 83.4722 4
      vertex 82.7185 83.5407 0
      vertex 82.85 83.4722 0
    endloop
  endfacet
  facet normal 0.953685 -0.300809 0
    outer loop
      vertex 80.3579 82.44 4
      vertex 80.4025 82.5814 0
      vertex 80.4025 82.5814 4
    endloop
  endfacet
  facet normal 0.953685 -0.300809 0
    outer loop
      vertex 80.4025 82.5814 0
      vertex 80.3579 82.44 4
      vertex 80.3579 82.44 0
    endloop
  endfacet
  facet normal 0.216431 -0.976298 0
    outer loop
      vertex 81.56 83.6421 0
      vertex 81.7048 83.6742 4
      vertex 81.56 83.6421 4
    endloop
  endfacet
  facet normal 0.216431 -0.976298 0
    outer loop
      vertex 81.7048 83.6742 4
      vertex 81.56 83.6421 0
      vertex 81.7048 83.6742 0
    endloop
  endfacet
  facet normal -0.300809 0.953685 0
    outer loop
      vertex 82.5814 80.4025 0
      vertex 82.44 80.3579 4
      vertex 82.5814 80.4025 4
    endloop
  endfacet
  facet normal -0.300809 0.953685 0
    outer loop
      vertex 82.44 80.3579 4
      vertex 82.5814 80.4025 0
      vertex 82.44 80.3579 0
    endloop
  endfacet
  facet normal -0.976298 -0.216431 0
    outer loop
      vertex 83.6742 82.2952 0
      vertex 83.6421 82.44 4
      vertex 83.6421 82.44 0
    endloop
  endfacet
  facet normal -0.976298 -0.216431 0
    outer loop
      vertex 83.6421 82.44 4
      vertex 83.6742 82.2952 0
      vertex 83.6742 82.2952 4
    endloop
  endfacet
  facet normal -0.991491 -0.130175 0
    outer loop
      vertex 83.6935 82.1482 0
      vertex 83.6742 82.2952 4
      vertex 83.6742 82.2952 0
    endloop
  endfacet
  facet normal -0.991491 -0.130175 0
    outer loop
      vertex 83.6742 82.2952 4
      vertex 83.6935 82.1482 0
      vertex 83.6935 82.1482 4
    endloop
  endfacet
  facet normal -0.953685 -0.300809 0
    outer loop
      vertex 83.6421 82.44 0
      vertex 83.5975 82.5814 4
      vertex 83.5975 82.5814 0
    endloop
  endfacet
  facet normal -0.953685 -0.300809 0
    outer loop
      vertex 83.5975 82.5814 4
      vertex 83.6421 82.44 0
      vertex 83.6421 82.44 4
    endloop
  endfacet
  facet normal -0.843689 -0.536832 0
    outer loop
      vertex 83.4722 82.85 0
      vertex 83.3926 82.9751 4
      vertex 83.3926 82.9751 0
    endloop
  endfacet
  facet normal -0.843689 -0.536832 0
    outer loop
      vertex 83.3926 82.9751 4
      vertex 83.4722 82.85 0
      vertex 83.4722 82.85 4
    endloop
  endfacet
  facet normal -0.886885 -0.46199 0
    outer loop
      vertex 83.5407 82.7185 0
      vertex 83.4722 82.85 4
      vertex 83.4722 82.85 0
    endloop
  endfacet
  facet normal -0.886885 -0.46199 0
    outer loop
      vertex 83.4722 82.85 4
      vertex 83.5407 82.7185 0
      vertex 83.5407 82.7185 4
    endloop
  endfacet
  facet normal -0.130175 -0.991491 0
    outer loop
      vertex 82.1482 83.6935 0
      vertex 82.2952 83.6742 4
      vertex 82.1482 83.6935 4
    endloop
  endfacet
  facet normal -0.130175 -0.991491 -0
    outer loop
      vertex 82.2952 83.6742 4
      vertex 82.1482 83.6935 0
      vertex 82.2952 83.6742 0
    endloop
  endfacet
  facet normal -0.216431 -0.976298 0
    outer loop
      vertex 82.2952 83.6742 0
      vertex 82.44 83.6421 4
      vertex 82.2952 83.6742 4
    endloop
  endfacet
  facet normal -0.216431 -0.976298 -0
    outer loop
      vertex 82.44 83.6421 4
      vertex 82.2952 83.6742 0
      vertex 82.44 83.6421 0
    endloop
  endfacet
  facet normal -0.0438175 -0.99904 0
    outer loop
      vertex 82 83.7 0
      vertex 82.1482 83.6935 4
      vertex 82 83.7 4
    endloop
  endfacet
  facet normal -0.0438175 -0.99904 -0
    outer loop
      vertex 82.1482 83.6935 4
      vertex 82 83.7 0
      vertex 82.1482 83.6935 0
    endloop
  endfacet
  facet normal -0.382749 -0.923853 0
    outer loop
      vertex 82.5814 83.5975 0
      vertex 82.7185 83.5407 4
      vertex 82.5814 83.5975 4
    endloop
  endfacet
  facet normal -0.382749 -0.923853 -0
    outer loop
      vertex 82.7185 83.5407 4
      vertex 82.5814 83.5975 0
      vertex 82.7185 83.5407 0
    endloop
  endfacet
  facet normal -0.609026 -0.79315 0
    outer loop
      vertex 82.9751 83.3926 0
      vertex 83.0927 83.3023 4
      vertex 82.9751 83.3926 4
    endloop
  endfacet
  facet normal -0.609026 -0.79315 -0
    outer loop
      vertex 83.0927 83.3023 4
      vertex 82.9751 83.3926 0
      vertex 83.0927 83.3023 0
    endloop
  endfacet
  facet normal 0.991491 -0.130175 0
    outer loop
      vertex 80.3065 82.1482 4
      vertex 80.3258 82.2952 0
      vertex 80.3258 82.2952 4
    endloop
  endfacet
  facet normal 0.991491 -0.130175 0
    outer loop
      vertex 80.3258 82.2952 0
      vertex 80.3065 82.1482 4
      vertex 80.3065 82.1482 0
    endloop
  endfacet
  facet normal 0.886885 -0.46199 0
    outer loop
      vertex 80.4593 82.7185 4
      vertex 80.5278 82.85 0
      vertex 80.5278 82.85 4
    endloop
  endfacet
  facet normal 0.886885 -0.46199 0
    outer loop
      vertex 80.5278 82.85 0
      vertex 80.4593 82.7185 4
      vertex 80.4593 82.7185 0
    endloop
  endfacet
  facet normal 0.79315 -0.609026 0
    outer loop
      vertex 80.6074 82.9751 4
      vertex 80.6977 83.0927 0
      vertex 80.6977 83.0927 4
    endloop
  endfacet
  facet normal 0.79315 -0.609026 0
    outer loop
      vertex 80.6977 83.0927 0
      vertex 80.6074 82.9751 4
      vertex 80.6074 82.9751 0
    endloop
  endfacet
  facet normal 0.923853 -0.382749 0
    outer loop
      vertex 80.4025 82.5814 4
      vertex 80.4593 82.7185 0
      vertex 80.4593 82.7185 4
    endloop
  endfacet
  facet normal 0.923853 -0.382749 0
    outer loop
      vertex 80.4593 82.7185 0
      vertex 80.4025 82.5814 4
      vertex 80.4025 82.5814 0
    endloop
  endfacet
  facet normal 0.976298 -0.216431 0
    outer loop
      vertex 80.3258 82.2952 4
      vertex 80.3579 82.44 0
      vertex 80.3579 82.44 4
    endloop
  endfacet
  facet normal 0.976298 -0.216431 0
    outer loop
      vertex 80.3579 82.44 0
      vertex 80.3258 82.2952 4
      vertex 80.3258 82.2952 0
    endloop
  endfacet
  facet normal 0.99904 -0.0438175 0
    outer loop
      vertex 80.3 82 4
      vertex 80.3065 82.1482 0
      vertex 80.3065 82.1482 4
    endloop
  endfacet
  facet normal 0.99904 -0.0438175 0
    outer loop
      vertex 80.3065 82.1482 0
      vertex 80.3 82 4
      vertex 80.3 82 0
    endloop
  endfacet
  facet normal 0.536832 -0.843689 0
    outer loop
      vertex 81.0249 83.3926 0
      vertex 81.15 83.4722 4
      vertex 81.0249 83.3926 4
    endloop
  endfacet
  facet normal 0.536832 -0.843689 0
    outer loop
      vertex 81.15 83.4722 4
      vertex 81.0249 83.3926 0
      vertex 81.15 83.4722 0
    endloop
  endfacet
  facet normal 0.46199 -0.886885 0
    outer loop
      vertex 81.15 83.4722 0
      vertex 81.2815 83.5407 4
      vertex 81.15 83.4722 4
    endloop
  endfacet
  facet normal 0.46199 -0.886885 0
    outer loop
      vertex 81.2815 83.5407 4
      vertex 81.15 83.4722 0
      vertex 81.2815 83.5407 0
    endloop
  endfacet
  facet normal 0.300809 -0.953685 0
    outer loop
      vertex 81.4186 83.5975 0
      vertex 81.56 83.6421 4
      vertex 81.4186 83.5975 4
    endloop
  endfacet
  facet normal 0.300809 -0.953685 0
    outer loop
      vertex 81.56 83.6421 4
      vertex 81.4186 83.5975 0
      vertex 81.56 83.6421 0
    endloop
  endfacet
  facet normal 0.130175 -0.991491 0
    outer loop
      vertex 81.7048 83.6742 0
      vertex 81.8518 83.6935 4
      vertex 81.7048 83.6742 4
    endloop
  endfacet
  facet normal 0.130175 -0.991491 0
    outer loop
      vertex 81.8518 83.6935 4
      vertex 81.7048 83.6742 0
      vertex 81.8518 83.6935 0
    endloop
  endfacet
  facet normal -0.99904 0.0438175 0
    outer loop
      vertex 83.6935 81.8518 0
      vertex 83.7 82 4
      vertex 83.7 82 0
    endloop
  endfacet
  facet normal -0.99904 0.0438175 0
    outer loop
      vertex 83.7 82 4
      vertex 83.6935 81.8518 0
      vertex 83.6935 81.8518 4
    endloop
  endfacet
  facet normal -0.976298 0.216431 0
    outer loop
      vertex 83.6421 81.56 0
      vertex 83.6742 81.7048 4
      vertex 83.6742 81.7048 0
    endloop
  endfacet
  facet normal -0.976298 0.216431 0
    outer loop
      vertex 83.6742 81.7048 4
      vertex 83.6421 81.56 0
      vertex 83.6421 81.56 4
    endloop
  endfacet
  facet normal -0.737434 0.675419 0
    outer loop
      vertex 83.2021 80.7979 0
      vertex 83.3023 80.9073 4
      vertex 83.3023 80.9073 0
    endloop
  endfacet
  facet normal -0.737434 0.675419 0
    outer loop
      vertex 83.3023 80.9073 4
      vertex 83.2021 80.7979 0
      vertex 83.2021 80.7979 4
    endloop
  endfacet
  facet normal -0.843689 0.536832 0
    outer loop
      vertex 83.3926 81.0249 0
      vertex 83.4722 81.15 4
      vertex 83.4722 81.15 0
    endloop
  endfacet
  facet normal -0.843689 0.536832 0
    outer loop
      vertex 83.4722 81.15 4
      vertex 83.3926 81.0249 0
      vertex 83.3926 81.0249 4
    endloop
  endfacet
  facet normal -0.130175 0.991491 0
    outer loop
      vertex 82.2952 80.3258 0
      vertex 82.1482 80.3065 4
      vertex 82.2952 80.3258 4
    endloop
  endfacet
  facet normal -0.130175 0.991491 0
    outer loop
      vertex 82.1482 80.3065 4
      vertex 82.2952 80.3258 0
      vertex 82.1482 80.3065 0
    endloop
  endfacet
  facet normal -0.79315 -0.609026 0
    outer loop
      vertex 83.3926 82.9751 0
      vertex 83.3023 83.0927 4
      vertex 83.3023 83.0927 0
    endloop
  endfacet
  facet normal -0.79315 -0.609026 0
    outer loop
      vertex 83.3023 83.0927 4
      vertex 83.3926 82.9751 0
      vertex 83.3926 82.9751 4
    endloop
  endfacet
  facet normal -0.737434 -0.675419 0
    outer loop
      vertex 83.3023 83.0927 0
      vertex 83.2021 83.2021 4
      vertex 83.2021 83.2021 0
    endloop
  endfacet
  facet normal -0.737434 -0.675419 0
    outer loop
      vertex 83.2021 83.2021 4
      vertex 83.3023 83.0927 0
      vertex 83.3023 83.0927 4
    endloop
  endfacet
  facet normal -0.536832 -0.843689 0
    outer loop
      vertex 82.85 83.4722 0
      vertex 82.9751 83.3926 4
      vertex 82.85 83.4722 4
    endloop
  endfacet
  facet normal -0.536832 -0.843689 -0
    outer loop
      vertex 82.9751 83.3926 4
      vertex 82.85 83.4722 0
      vertex 82.9751 83.3926 0
    endloop
  endfacet
  facet normal 0.843689 -0.536832 0
    outer loop
      vertex 80.5278 82.85 4
      vertex 80.6074 82.9751 0
      vertex 80.6074 82.9751 4
    endloop
  endfacet
  facet normal 0.843689 -0.536832 0
    outer loop
      vertex 80.6074 82.9751 0
      vertex 80.5278 82.85 4
      vertex 80.5278 82.85 0
    endloop
  endfacet
  facet normal 0.99904 0.0438175 0
    outer loop
      vertex 80.3065 81.8518 4
      vertex 80.3 82 0
      vertex 80.3 82 4
    endloop
  endfacet
  facet normal 0.99904 0.0438175 0
    outer loop
      vertex 80.3 82 0
      vertex 80.3065 81.8518 4
      vertex 80.3065 81.8518 0
    endloop
  endfacet
  facet normal 0.609026 -0.79315 0
    outer loop
      vertex 80.9073 83.3023 0
      vertex 81.0249 83.3926 4
      vertex 80.9073 83.3023 4
    endloop
  endfacet
  facet normal 0.609026 -0.79315 0
    outer loop
      vertex 81.0249 83.3926 4
      vertex 80.9073 83.3023 0
      vertex 81.0249 83.3926 0
    endloop
  endfacet
  facet normal 0.675419 -0.737434 0
    outer loop
      vertex 80.7979 83.2021 0
      vertex 80.9073 83.3023 4
      vertex 80.7979 83.2021 4
    endloop
  endfacet
  facet normal 0.675419 -0.737434 0
    outer loop
      vertex 80.9073 83.3023 4
      vertex 80.7979 83.2021 0
      vertex 80.9073 83.3023 0
    endloop
  endfacet
  facet normal -0.923853 0.382749 0
    outer loop
      vertex 83.5407 81.2815 0
      vertex 83.5975 81.4186 4
      vertex 83.5975 81.4186 0
    endloop
  endfacet
  facet normal -0.923853 0.382749 0
    outer loop
      vertex 83.5975 81.4186 4
      vertex 83.5407 81.2815 0
      vertex 83.5407 81.2815 4
    endloop
  endfacet
  facet normal -0.79315 0.609026 0
    outer loop
      vertex 83.3023 80.9073 0
      vertex 83.3926 81.0249 4
      vertex 83.3926 81.0249 0
    endloop
  endfacet
  facet normal -0.79315 0.609026 0
    outer loop
      vertex 83.3926 81.0249 4
      vertex 83.3023 80.9073 0
      vertex 83.3023 80.9073 4
    endloop
  endfacet
  facet normal -0.953685 0.300809 0
    outer loop
      vertex 83.5975 81.4186 0
      vertex 83.6421 81.56 4
      vertex 83.6421 81.56 0
    endloop
  endfacet
  facet normal -0.953685 0.300809 0
    outer loop
      vertex 83.6421 81.56 4
      vertex 83.5975 81.4186 0
      vertex 83.5975 81.4186 4
    endloop
  endfacet
  facet normal 0.953685 0.300809 0
    outer loop
      vertex 80.4025 81.4186 4
      vertex 80.3579 81.56 0
      vertex 80.3579 81.56 4
    endloop
  endfacet
  facet normal 0.953685 0.300809 0
    outer loop
      vertex 80.3579 81.56 0
      vertex 80.4025 81.4186 4
      vertex 80.4025 81.4186 0
    endloop
  endfacet
  facet normal 0.991491 0.130175 0
    outer loop
      vertex 80.3258 81.7048 4
      vertex 80.3065 81.8518 0
      vertex 80.3065 81.8518 4
    endloop
  endfacet
  facet normal 0.991491 0.130175 0
    outer loop
      vertex 80.3065 81.8518 0
      vertex 80.3258 81.7048 4
      vertex 80.3258 81.7048 0
    endloop
  endfacet
  facet normal -0.382749 0.923853 0
    outer loop
      vertex 82.7185 80.4593 0
      vertex 82.5814 80.4025 4
      vertex 82.7185 80.4593 4
    endloop
  endfacet
  facet normal -0.382749 0.923853 0
    outer loop
      vertex 82.5814 80.4025 4
      vertex 82.7185 80.4593 0
      vertex 82.5814 80.4025 0
    endloop
  endfacet
  facet normal -0.991491 0.130175 0
    outer loop
      vertex 83.6742 81.7048 0
      vertex 83.6935 81.8518 4
      vertex 83.6935 81.8518 0
    endloop
  endfacet
  facet normal -0.991491 0.130175 0
    outer loop
      vertex 83.6935 81.8518 4
      vertex 83.6742 81.7048 0
      vertex 83.6742 81.7048 4
    endloop
  endfacet
  facet normal -0.46199 0.886885 0
    outer loop
      vertex 82.85 80.5278 0
      vertex 82.7185 80.4593 4
      vertex 82.85 80.5278 4
    endloop
  endfacet
  facet normal -0.46199 0.886885 0
    outer loop
      vertex 82.7185 80.4593 4
      vertex 82.85 80.5278 0
      vertex 82.7185 80.4593 0
    endloop
  endfacet
  facet normal 0.0438175 0.99904 -0
    outer loop
      vertex 82 80.3 0
      vertex 81.8518 80.3065 4
      vertex 82 80.3 4
    endloop
  endfacet
  facet normal 0.0438175 0.99904 0
    outer loop
      vertex 81.8518 80.3065 4
      vertex 82 80.3 0
      vertex 81.8518 80.3065 0
    endloop
  endfacet
  facet normal 0.382749 0.923853 -0
    outer loop
      vertex 81.4186 80.4025 0
      vertex 81.2815 80.4593 4
      vertex 81.4186 80.4025 4
    endloop
  endfacet
  facet normal 0.382749 0.923853 0
    outer loop
      vertex 81.2815 80.4593 4
      vertex 81.4186 80.4025 0
      vertex 81.2815 80.4593 0
    endloop
  endfacet
  facet normal 0.886885 0.46199 0
    outer loop
      vertex 80.5278 81.15 4
      vertex 80.4593 81.2815 0
      vertex 80.4593 81.2815 4
    endloop
  endfacet
  facet normal 0.886885 0.46199 0
    outer loop
      vertex 80.4593 81.2815 0
      vertex 80.5278 81.15 4
      vertex 80.5278 81.15 0
    endloop
  endfacet
  facet normal 0.675419 0.737434 -0
    outer loop
      vertex 80.9073 80.6977 0
      vertex 80.7979 80.7979 4
      vertex 80.9073 80.6977 4
    endloop
  endfacet
  facet normal 0.675419 0.737434 0
    outer loop
      vertex 80.7979 80.7979 4
      vertex 80.9073 80.6977 0
      vertex 80.7979 80.7979 0
    endloop
  endfacet
  facet normal 0.923853 0.382749 0
    outer loop
      vertex 80.4593 81.2815 4
      vertex 80.4025 81.4186 0
      vertex 80.4025 81.4186 4
    endloop
  endfacet
  facet normal 0.923853 0.382749 0
    outer loop
      vertex 80.4025 81.4186 0
      vertex 80.4593 81.2815 4
      vertex 80.4593 81.2815 0
    endloop
  endfacet
  facet normal 0.976298 0.216431 0
    outer loop
      vertex 80.3579 81.56 4
      vertex 80.3258 81.7048 0
      vertex 80.3258 81.7048 4
    endloop
  endfacet
  facet normal 0.976298 0.216431 0
    outer loop
      vertex 80.3258 81.7048 0
      vertex 80.3579 81.56 4
      vertex 80.3579 81.56 0
    endloop
  endfacet
  facet normal -0.216431 0.976298 0
    outer loop
      vertex 82.44 80.3579 0
      vertex 82.2952 80.3258 4
      vertex 82.44 80.3579 4
    endloop
  endfacet
  facet normal -0.216431 0.976298 0
    outer loop
      vertex 82.2952 80.3258 4
      vertex 82.44 80.3579 0
      vertex 82.2952 80.3258 0
    endloop
  endfacet
  facet normal -0.886885 0.46199 0
    outer loop
      vertex 83.4722 81.15 0
      vertex 83.5407 81.2815 4
      vertex 83.5407 81.2815 0
    endloop
  endfacet
  facet normal -0.886885 0.46199 0
    outer loop
      vertex 83.5407 81.2815 4
      vertex 83.4722 81.15 0
      vertex 83.4722 81.15 4
    endloop
  endfacet
  facet normal -0.675419 0.737434 0
    outer loop
      vertex 83.2021 80.7979 0
      vertex 83.0927 80.6977 4
      vertex 83.2021 80.7979 4
    endloop
  endfacet
  facet normal -0.675419 0.737434 0
    outer loop
      vertex 83.0927 80.6977 4
      vertex 83.2021 80.7979 0
      vertex 83.0927 80.6977 0
    endloop
  endfacet
  facet normal -0.609026 0.79315 0
    outer loop
      vertex 83.0927 80.6977 0
      vertex 82.9751 80.6074 4
      vertex 83.0927 80.6977 4
    endloop
  endfacet
  facet normal -0.609026 0.79315 0
    outer loop
      vertex 82.9751 80.6074 4
      vertex 83.0927 80.6977 0
      vertex 82.9751 80.6074 0
    endloop
  endfacet
  facet normal 0.216431 0.976298 -0
    outer loop
      vertex 81.7048 80.3258 0
      vertex 81.56 80.3579 4
      vertex 81.7048 80.3258 4
    endloop
  endfacet
  facet normal 0.216431 0.976298 0
    outer loop
      vertex 81.56 80.3579 4
      vertex 81.7048 80.3258 0
      vertex 81.56 80.3579 0
    endloop
  endfacet
  facet normal 0.609026 0.79315 -0
    outer loop
      vertex 81.0249 80.6074 0
      vertex 80.9073 80.6977 4
      vertex 81.0249 80.6074 4
    endloop
  endfacet
  facet normal 0.609026 0.79315 0
    outer loop
      vertex 80.9073 80.6977 4
      vertex 81.0249 80.6074 0
      vertex 80.9073 80.6977 0
    endloop
  endfacet
  facet normal 0.79315 0.609026 0
    outer loop
      vertex 80.6977 80.9073 4
      vertex 80.6074 81.0249 0
      vertex 80.6074 81.0249 4
    endloop
  endfacet
  facet normal 0.79315 0.609026 0
    outer loop
      vertex 80.6074 81.0249 0
      vertex 80.6977 80.9073 4
      vertex 80.6977 80.9073 0
    endloop
  endfacet
  facet normal 0.843689 0.536832 0
    outer loop
      vertex 80.6074 81.0249 4
      vertex 80.5278 81.15 0
      vertex 80.5278 81.15 4
    endloop
  endfacet
  facet normal 0.843689 0.536832 0
    outer loop
      vertex 80.5278 81.15 0
      vertex 80.6074 81.0249 4
      vertex 80.6074 81.0249 0
    endloop
  endfacet
  facet normal -0.536832 0.843689 0
    outer loop
      vertex 82.9751 80.6074 0
      vertex 82.85 80.5278 4
      vertex 82.9751 80.6074 4
    endloop
  endfacet
  facet normal -0.536832 0.843689 0
    outer loop
      vertex 82.85 80.5278 4
      vertex 82.9751 80.6074 0
      vertex 82.85 80.5278 0
    endloop
  endfacet
  facet normal 0.130175 0.991491 -0
    outer loop
      vertex 81.8518 80.3065 0
      vertex 81.7048 80.3258 4
      vertex 81.8518 80.3065 4
    endloop
  endfacet
  facet normal 0.130175 0.991491 0
    outer loop
      vertex 81.7048 80.3258 4
      vertex 81.8518 80.3065 0
      vertex 81.7048 80.3258 0
    endloop
  endfacet
  facet normal 0.46199 0.886885 -0
    outer loop
      vertex 81.2815 80.4593 0
      vertex 81.15 80.5278 4
      vertex 81.2815 80.4593 4
    endloop
  endfacet
  facet normal 0.46199 0.886885 0
    outer loop
      vertex 81.15 80.5278 4
      vertex 81.2815 80.4593 0
      vertex 81.15 80.5278 0
    endloop
  endfacet
  facet normal 0.536832 0.843689 -0
    outer loop
      vertex 81.15 80.5278 0
      vertex 81.0249 80.6074 4
      vertex 81.15 80.5278 4
    endloop
  endfacet
  facet normal 0.536832 0.843689 0
    outer loop
      vertex 81.0249 80.6074 4
      vertex 81.15 80.5278 0
      vertex 81.0249 80.6074 0
    endloop
  endfacet
  facet normal 0.300809 0.953685 -0
    outer loop
      vertex 81.56 80.3579 0
      vertex 81.4186 80.4025 4
      vertex 81.56 80.3579 4
    endloop
  endfacet
  facet normal 0.300809 0.953685 0
    outer loop
      vertex 81.4186 80.4025 4
      vertex 81.56 80.3579 0
      vertex 81.4186 80.4025 0
    endloop
  endfacet
  facet normal 0.737434 0.675419 0
    outer loop
      vertex 80.7979 80.7979 4
      vertex 80.6977 80.9073 0
      vertex 80.6977 80.9073 4
    endloop
  endfacet
  facet normal 0.737434 0.675419 0
    outer loop
      vertex 80.6977 80.9073 0
      vertex 80.7979 80.7979 4
      vertex 80.7979 80.7979 0
    endloop
  endfacet
  facet normal 0.923661 -0.38321 0
    outer loop
      vertex 34.2663 45.3762 4
      vertex 34.3031 45.4649 0
      vertex 34.3031 45.4649 4
    endloop
  endfacet
  facet normal 0.923661 -0.38321 0
    outer loop
      vertex 34.3031 45.4649 0
      vertex 34.2663 45.3762 4
      vertex 34.2663 45.3762 0
    endloop
  endfacet
  facet normal 0.999042 -0.0437537 0
    outer loop
      vertex 34.2 45 4
      vertex 34.2042 45.0959 0
      vertex 34.2042 45.0959 4
    endloop
  endfacet
  facet normal 0.999042 -0.0437537 0
    outer loop
      vertex 34.2042 45.0959 0
      vertex 34.2 45 4
      vertex 34.2 45 0
    endloop
  endfacet
  facet normal 0.675677 -0.737197 0
    outer loop
      vertex 34.5222 45.7778 0
      vertex 34.5929 45.8426 4
      vertex 34.5222 45.7778 4
    endloop
  endfacet
  facet normal 0.675677 -0.737197 0
    outer loop
      vertex 34.5929 45.8426 4
      vertex 34.5222 45.7778 0
      vertex 34.5929 45.8426 0
    endloop
  endfacet
  facet normal 0.991472 -0.13032 0
    outer loop
      vertex 34.2042 45.0959 4
      vertex 34.2167 45.191 0
      vertex 34.2167 45.191 4
    endloop
  endfacet
  facet normal 0.991472 -0.13032 0
    outer loop
      vertex 34.2167 45.191 0
      vertex 34.2042 45.0959 4
      vertex 34.2042 45.0959 0
    endloop
  endfacet
  facet normal 0.953866 -0.300233 0
    outer loop
      vertex 34.2375 45.2847 4
      vertex 34.2663 45.3762 0
      vertex 34.2663 45.3762 4
    endloop
  endfacet
  facet normal 0.953866 -0.300233 0
    outer loop
      vertex 34.2663 45.3762 0
      vertex 34.2375 45.2847 4
      vertex 34.2375 45.2847 0
    endloop
  endfacet
  facet normal 0.300233 0.953866 -0
    outer loop
      vertex 35.0153 43.9375 0
      vertex 34.9238 43.9663 4
      vertex 35.0153 43.9375 4
    endloop
  endfacet
  facet normal 0.300233 0.953866 0
    outer loop
      vertex 34.9238 43.9663 4
      vertex 35.0153 43.9375 0
      vertex 34.9238 43.9663 0
    endloop
  endfacet
  facet normal 0.38321 -0.923661 0
    outer loop
      vertex 34.8351 45.9969 0
      vertex 34.9238 46.0337 4
      vertex 34.8351 45.9969 4
    endloop
  endfacet
  facet normal 0.38321 -0.923661 0
    outer loop
      vertex 34.9238 46.0337 4
      vertex 34.8351 45.9969 0
      vertex 34.9238 46.0337 0
    endloop
  endfacet
  facet normal 0.737197 0.675677 0
    outer loop
      vertex 34.5222 44.2222 4
      vertex 34.4574 44.2929 0
      vertex 34.4574 44.2929 4
    endloop
  endfacet
  facet normal 0.737197 0.675677 0
    outer loop
      vertex 34.4574 44.2929 0
      vertex 34.5222 44.2222 4
      vertex 34.5222 44.2222 0
    endloop
  endfacet
  facet normal -0.953866 0.300233 0
    outer loop
      vertex 38.7337 44.6238 0
      vertex 38.7625 44.7153 4
      vertex 38.7625 44.7153 0
    endloop
  endfacet
  facet normal -0.953866 0.300233 0
    outer loop
      vertex 38.7625 44.7153 4
      vertex 38.7337 44.6238 0
      vertex 38.7337 44.6238 4
    endloop
  endfacet
  facet normal 0.976236 -0.21671 0
    outer loop
      vertex 34.2167 45.191 4
      vertex 34.2375 45.2847 0
      vertex 34.2375 45.2847 4
    endloop
  endfacet
  facet normal 0.976236 -0.21671 0
    outer loop
      vertex 34.2375 45.2847 0
      vertex 34.2167 45.191 4
      vertex 34.2167 45.191 0
    endloop
  endfacet
  facet normal 0 -1 0
    outer loop
      vertex 35.3 46.1 0
      vertex 37.7 46.1 4
      vertex 35.3 46.1 4
    endloop
  endfacet
  facet normal 0 -1 -0
    outer loop
      vertex 37.7 46.1 4
      vertex 35.3 46.1 0
      vertex 37.7 46.1 0
    endloop
  endfacet
  facet normal -0.976236 -0.21671 0
    outer loop
      vertex 38.7833 45.191 0
      vertex 38.7625 45.2847 4
      vertex 38.7625 45.2847 0
    endloop
  endfacet
  facet normal -0.976236 -0.21671 0
    outer loop
      vertex 38.7625 45.2847 4
      vertex 38.7833 45.191 0
      vertex 38.7833 45.191 4
    endloop
  endfacet
  facet normal -0.793204 0.608956 0
    outer loop
      vertex 38.5426 44.2929 0
      vertex 38.6011 44.3691 4
      vertex 38.6011 44.3691 0
    endloop
  endfacet
  facet normal -0.793204 0.608956 0
    outer loop
      vertex 38.6011 44.3691 4
      vertex 38.5426 44.2929 0
      vertex 38.5426 44.2929 4
    endloop
  endfacet
  facet normal 0.676243 0.736678 -0
    outer loop
      vertex 34.5929 44.1573 0
      vertex 34.5222 44.2222 4
      vertex 34.5929 44.1573 4
    endloop
  endfacet
  facet normal 0.676243 0.736678 0
    outer loop
      vertex 34.5222 44.2222 4
      vertex 34.5929 44.1573 0
      vertex 34.5222 44.2222 0
    endloop
  endfacet
  facet normal 0 1 -0
    outer loop
      vertex 37.7 43.9 0
      vertex 35.3 43.9 4
      vertex 37.7 43.9 4
    endloop
  endfacet
  facet normal 0 1 0
    outer loop
      vertex 35.3 43.9 4
      vertex 37.7 43.9 0
      vertex 35.3 43.9 0
    endloop
  endfacet
  facet normal 0.843576 -0.53701 0
    outer loop
      vertex 34.3474 45.55 4
      vertex 34.3989 45.6309 0
      vertex 34.3989 45.6309 4
    endloop
  endfacet
  facet normal 0.843576 -0.53701 0
    outer loop
      vertex 34.3989 45.6309 0
      vertex 34.3474 45.55 4
      vertex 34.3474 45.55 0
    endloop
  endfacet
  facet normal -0.13032 -0.991472 0
    outer loop
      vertex 37.7959 46.0958 0
      vertex 37.891 46.0833 4
      vertex 37.7959 46.0958 4
    endloop
  endfacet
  facet normal -0.13032 -0.991472 -0
    outer loop
      vertex 37.891 46.0833 4
      vertex 37.7959 46.0958 0
      vertex 37.891 46.0833 0
    endloop
  endfacet
  facet normal -0.0437537 0.999042 0
    outer loop
      vertex 37.7959 43.9042 0
      vertex 37.7 43.9 4
      vertex 37.7959 43.9042 4
    endloop
  endfacet
  facet normal -0.0437537 0.999042 0
    outer loop
      vertex 37.7 43.9 4
      vertex 37.7959 43.9042 0
      vertex 37.7 43.9 0
    endloop
  endfacet
  facet normal -0.991472 0.13032 0
    outer loop
      vertex 38.7833 44.809 0
      vertex 38.7958 44.9041 4
      vertex 38.7958 44.9041 0
    endloop
  endfacet
  facet normal -0.991472 0.13032 0
    outer loop
      vertex 38.7958 44.9041 4
      vertex 38.7833 44.809 0
      vertex 38.7833 44.809 4
    endloop
  endfacet
  facet normal 0.887012 -0.461747 0
    outer loop
      vertex 34.3031 45.4649 4
      vertex 34.3474 45.55 0
      vertex 34.3474 45.55 4
    endloop
  endfacet
  facet normal 0.887012 -0.461747 0
    outer loop
      vertex 34.3474 45.55 0
      vertex 34.3031 45.4649 4
      vertex 34.3031 45.4649 0
    endloop
  endfacet
  facet normal 0.793204 -0.608956 0
    outer loop
      vertex 34.3989 45.6309 4
      vertex 34.4574 45.7071 0
      vertex 34.4574 45.7071 4
    endloop
  endfacet
  facet normal 0.793204 -0.608956 0
    outer loop
      vertex 34.4574 45.7071 0
      vertex 34.3989 45.6309 4
      vertex 34.3989 45.6309 0
    endloop
  endfacet
  facet normal 0.737197 -0.675677 0
    outer loop
      vertex 34.4574 45.7071 4
      vertex 34.5222 45.7778 0
      vertex 34.5222 45.7778 4
    endloop
  endfacet
  facet normal 0.737197 -0.675677 0
    outer loop
      vertex 34.5222 45.7778 0
      vertex 34.4574 45.7071 4
      vertex 34.4574 45.7071 0
    endloop
  endfacet
  facet normal 0.608956 -0.793204 0
    outer loop
      vertex 34.5929 45.8426 0
      vertex 34.6691 45.9011 4
      vertex 34.5929 45.8426 4
    endloop
  endfacet
  facet normal 0.608956 -0.793204 0
    outer loop
      vertex 34.6691 45.9011 4
      vertex 34.5929 45.8426 0
      vertex 34.6691 45.9011 0
    endloop
  endfacet
  facet normal 0.300233 -0.953866 0
    outer loop
      vertex 34.9238 46.0337 0
      vertex 35.0153 46.0625 4
      vertex 34.9238 46.0337 4
    endloop
  endfacet
  facet normal 0.300233 -0.953866 0
    outer loop
      vertex 35.0153 46.0625 4
      vertex 34.9238 46.0337 0
      vertex 35.0153 46.0625 0
    endloop
  endfacet
  facet normal 0.21671 -0.976236 0
    outer loop
      vertex 35.0153 46.0625 0
      vertex 35.109 46.0833 4
      vertex 35.0153 46.0625 4
    endloop
  endfacet
  facet normal 0.21671 -0.976236 0
    outer loop
      vertex 35.109 46.0833 4
      vertex 35.0153 46.0625 0
      vertex 35.109 46.0833 0
    endloop
  endfacet
  facet normal -0.21671 -0.976236 0
    outer loop
      vertex 37.891 46.0833 0
      vertex 37.9847 46.0625 4
      vertex 37.891 46.0833 4
    endloop
  endfacet
  facet normal -0.21671 -0.976236 -0
    outer loop
      vertex 37.9847 46.0625 4
      vertex 37.891 46.0833 0
      vertex 37.9847 46.0625 0
    endloop
  endfacet
  facet normal -0.0437537 -0.999042 0
    outer loop
      vertex 37.7 46.1 0
      vertex 37.7959 46.0958 4
      vertex 37.7 46.1 4
    endloop
  endfacet
  facet normal -0.0437537 -0.999042 -0
    outer loop
      vertex 37.7959 46.0958 4
      vertex 37.7 46.1 0
      vertex 37.7959 46.0958 0
    endloop
  endfacet
  facet normal -0.991472 -0.13032 0
    outer loop
      vertex 38.7958 45.0959 0
      vertex 38.7833 45.191 4
      vertex 38.7833 45.191 0
    endloop
  endfacet
  facet normal -0.991472 -0.13032 0
    outer loop
      vertex 38.7833 45.191 4
      vertex 38.7958 45.0959 0
      vertex 38.7958 45.0959 4
    endloop
  endfacet
  facet normal -0.999042 -0.0437537 0
    outer loop
      vertex 38.8 45 0
      vertex 38.7958 45.0959 4
      vertex 38.7958 45.0959 0
    endloop
  endfacet
  facet normal -0.999042 -0.0437537 0
    outer loop
      vertex 38.7958 45.0959 4
      vertex 38.8 45 0
      vertex 38.8 45 4
    endloop
  endfacet
  facet normal -0.300233 0.953866 0
    outer loop
      vertex 38.0762 43.9663 0
      vertex 37.9847 43.9375 4
      vertex 38.0762 43.9663 4
    endloop
  endfacet
  facet normal -0.300233 0.953866 0
    outer loop
      vertex 37.9847 43.9375 4
      vertex 38.0762 43.9663 0
      vertex 37.9847 43.9375 0
    endloop
  endfacet
  facet normal -0.13032 0.991472 0
    outer loop
      vertex 37.891 43.9167 0
      vertex 37.7959 43.9042 4
      vertex 37.891 43.9167 4
    endloop
  endfacet
  facet normal -0.13032 0.991472 0
    outer loop
      vertex 37.7959 43.9042 4
      vertex 37.891 43.9167 0
      vertex 37.7959 43.9042 0
    endloop
  endfacet
  facet normal -0.676243 0.736678 0
    outer loop
      vertex 38.4778 44.2222 0
      vertex 38.4071 44.1573 4
      vertex 38.4778 44.2222 4
    endloop
  endfacet
  facet normal -0.676243 0.736678 0
    outer loop
      vertex 38.4071 44.1573 4
      vertex 38.4778 44.2222 0
      vertex 38.4071 44.1573 0
    endloop
  endfacet
  facet normal -0.461747 0.887012 0
    outer loop
      vertex 38.25 44.0474 0
      vertex 38.1649 44.0031 4
      vertex 38.25 44.0474 4
    endloop
  endfacet
  facet normal -0.461747 0.887012 0
    outer loop
      vertex 38.1649 44.0031 4
      vertex 38.25 44.0474 0
      vertex 38.1649 44.0031 0
    endloop
  endfacet
  facet normal -0.843576 0.53701 0
    outer loop
      vertex 38.6011 44.3691 0
      vertex 38.6526 44.45 4
      vertex 38.6526 44.45 0
    endloop
  endfacet
  facet normal -0.843576 0.53701 0
    outer loop
      vertex 38.6526 44.45 4
      vertex 38.6011 44.3691 0
      vertex 38.6011 44.3691 4
    endloop
  endfacet
  facet normal -0.923661 0.38321 0
    outer loop
      vertex 38.6969 44.5351 0
      vertex 38.7337 44.6238 4
      vertex 38.7337 44.6238 0
    endloop
  endfacet
  facet normal -0.923661 0.38321 0
    outer loop
      vertex 38.7337 44.6238 4
      vertex 38.6969 44.5351 0
      vertex 38.6969 44.5351 4
    endloop
  endfacet
  facet normal 0.461747 -0.887012 0
    outer loop
      vertex 34.75 45.9526 0
      vertex 34.8351 45.9969 4
      vertex 34.75 45.9526 4
    endloop
  endfacet
  facet normal 0.461747 -0.887012 0
    outer loop
      vertex 34.8351 45.9969 4
      vertex 34.75 45.9526 0
      vertex 34.8351 45.9969 0
    endloop
  endfacet
  facet normal 0.53701 -0.843576 0
    outer loop
      vertex 34.6691 45.9011 0
      vertex 34.75 45.9526 4
      vertex 34.6691 45.9011 4
    endloop
  endfacet
  facet normal 0.53701 -0.843576 0
    outer loop
      vertex 34.75 45.9526 4
      vertex 34.6691 45.9011 0
      vertex 34.75 45.9526 0
    endloop
  endfacet
  facet normal -0.608956 -0.793204 0
    outer loop
      vertex 38.3309 45.9011 0
      vertex 38.4071 45.8426 4
      vertex 38.3309 45.9011 4
    endloop
  endfacet
  facet normal -0.608956 -0.793204 -0
    outer loop
      vertex 38.4071 45.8426 4
      vertex 38.3309 45.9011 0
      vertex 38.4071 45.8426 0
    endloop
  endfacet
  facet normal -0.675677 -0.737197 0
    outer loop
      vertex 38.4071 45.8426 0
      vertex 38.4778 45.7778 4
      vertex 38.4071 45.8426 4
    endloop
  endfacet
  facet normal -0.675677 -0.737197 -0
    outer loop
      vertex 38.4778 45.7778 4
      vertex 38.4071 45.8426 0
      vertex 38.4778 45.7778 0
    endloop
  endfacet
  facet normal -0.737197 -0.675677 0
    outer loop
      vertex 38.5426 45.7071 0
      vertex 38.4778 45.7778 4
      vertex 38.4778 45.7778 0
    endloop
  endfacet
  facet normal -0.737197 -0.675677 0
    outer loop
      vertex 38.4778 45.7778 4
      vertex 38.5426 45.7071 0
      vertex 38.5426 45.7071 4
    endloop
  endfacet
  facet normal -0.793204 -0.608956 0
    outer loop
      vertex 38.6011 45.6309 0
      vertex 38.5426 45.7071 4
      vertex 38.5426 45.7071 0
    endloop
  endfacet
  facet normal -0.793204 -0.608956 0
    outer loop
      vertex 38.5426 45.7071 4
      vertex 38.6011 45.6309 0
      vertex 38.6011 45.6309 4
    endloop
  endfacet
  facet normal -0.53701 -0.843576 0
    outer loop
      vertex 38.25 45.9526 0
      vertex 38.3309 45.9011 4
      vertex 38.25 45.9526 4
    endloop
  endfacet
  facet normal -0.53701 -0.843576 -0
    outer loop
      vertex 38.3309 45.9011 4
      vertex 38.25 45.9526 0
      vertex 38.3309 45.9011 0
    endloop
  endfacet
  facet normal -0.38321 -0.923661 0
    outer loop
      vertex 38.0762 46.0337 0
      vertex 38.1649 45.9969 4
      vertex 38.0762 46.0337 4
    endloop
  endfacet
  facet normal -0.38321 -0.923661 -0
    outer loop
      vertex 38.1649 45.9969 4
      vertex 38.0762 46.0337 0
      vertex 38.1649 45.9969 0
    endloop
  endfacet
  facet normal -0.461747 -0.887012 0
    outer loop
      vertex 38.1649 45.9969 0
      vertex 38.25 45.9526 4
      vertex 38.1649 45.9969 4
    endloop
  endfacet
  facet normal -0.461747 -0.887012 -0
    outer loop
      vertex 38.25 45.9526 4
      vertex 38.1649 45.9969 0
      vertex 38.25 45.9526 0
    endloop
  endfacet
  facet normal -0.300233 -0.953866 0
    outer loop
      vertex 37.9847 46.0625 0
      vertex 38.0762 46.0337 4
      vertex 37.9847 46.0625 4
    endloop
  endfacet
  facet normal -0.300233 -0.953866 -0
    outer loop
      vertex 38.0762 46.0337 4
      vertex 37.9847 46.0625 0
      vertex 38.0762 46.0337 0
    endloop
  endfacet
  facet normal -0.843576 -0.53701 0
    outer loop
      vertex 38.6526 45.55 0
      vertex 38.6011 45.6309 4
      vertex 38.6011 45.6309 0
    endloop
  endfacet
  facet normal -0.843576 -0.53701 0
    outer loop
      vertex 38.6011 45.6309 4
      vertex 38.6526 45.55 0
      vertex 38.6526 45.55 4
    endloop
  endfacet
  facet normal -0.999042 0.0437537 0
    outer loop
      vertex 38.7958 44.9041 0
      vertex 38.8 45 4
      vertex 38.8 45 0
    endloop
  endfacet
  facet normal -0.999042 0.0437537 0
    outer loop
      vertex 38.8 45 4
      vertex 38.7958 44.9041 0
      vertex 38.7958 44.9041 4
    endloop
  endfacet
  facet normal -0.21671 0.976236 0
    outer loop
      vertex 37.9847 43.9375 0
      vertex 37.891 43.9167 4
      vertex 37.9847 43.9375 4
    endloop
  endfacet
  facet normal -0.21671 0.976236 0
    outer loop
      vertex 37.891 43.9167 4
      vertex 37.9847 43.9375 0
      vertex 37.891 43.9167 0
    endloop
  endfacet
  facet normal -0.53701 0.843576 0
    outer loop
      vertex 38.3309 44.0989 0
      vertex 38.25 44.0474 4
      vertex 38.3309 44.0989 4
    endloop
  endfacet
  facet normal -0.53701 0.843576 0
    outer loop
      vertex 38.25 44.0474 4
      vertex 38.3309 44.0989 0
      vertex 38.25 44.0474 0
    endloop
  endfacet
  facet normal -0.6083 0.793707 0
    outer loop
      vertex 38.4071 44.1573 0
      vertex 38.3309 44.0989 4
      vertex 38.4071 44.1573 4
    endloop
  endfacet
  facet normal -0.6083 0.793707 0
    outer loop
      vertex 38.3309 44.0989 4
      vertex 38.4071 44.1573 0
      vertex 38.3309 44.0989 0
    endloop
  endfacet
  facet normal -0.737197 0.675677 0
    outer loop
      vertex 38.4778 44.2222 0
      vertex 38.5426 44.2929 4
      vertex 38.5426 44.2929 0
    endloop
  endfacet
  facet normal -0.737197 0.675677 0
    outer loop
      vertex 38.5426 44.2929 4
      vertex 38.4778 44.2222 0
      vertex 38.4778 44.2222 4
    endloop
  endfacet
  facet normal 0.793204 0.608956 0
    outer loop
      vertex 34.4574 44.2929 4
      vertex 34.3989 44.3691 0
      vertex 34.3989 44.3691 4
    endloop
  endfacet
  facet normal 0.793204 0.608956 0
    outer loop
      vertex 34.3989 44.3691 0
      vertex 34.4574 44.2929 4
      vertex 34.4574 44.2929 0
    endloop
  endfacet
  facet normal 0.21671 0.976236 -0
    outer loop
      vertex 35.109 43.9167 0
      vertex 35.0153 43.9375 4
      vertex 35.109 43.9167 4
    endloop
  endfacet
  facet normal 0.21671 0.976236 0
    outer loop
      vertex 35.0153 43.9375 4
      vertex 35.109 43.9167 0
      vertex 35.0153 43.9375 0
    endloop
  endfacet
  facet normal 0.0437537 0.999042 -0
    outer loop
      vertex 35.3 43.9 0
      vertex 35.2041 43.9042 4
      vertex 35.3 43.9 4
    endloop
  endfacet
  facet normal 0.0437537 0.999042 0
    outer loop
      vertex 35.2041 43.9042 4
      vertex 35.3 43.9 0
      vertex 35.2041 43.9042 0
    endloop
  endfacet
  facet normal 0.13032 0.991472 -0
    outer loop
      vertex 35.2041 43.9042 0
      vertex 35.109 43.9167 4
      vertex 35.2041 43.9042 4
    endloop
  endfacet
  facet normal 0.13032 0.991472 0
    outer loop
      vertex 35.109 43.9167 4
      vertex 35.2041 43.9042 0
      vertex 35.109 43.9167 0
    endloop
  endfacet
  facet normal -0.976236 0.21671 0
    outer loop
      vertex 38.7625 44.7153 0
      vertex 38.7833 44.809 4
      vertex 38.7833 44.809 0
    endloop
  endfacet
  facet normal -0.976236 0.21671 0
    outer loop
      vertex 38.7833 44.809 4
      vertex 38.7625 44.7153 0
      vertex 38.7625 44.7153 4
    endloop
  endfacet
  facet normal 0.13032 -0.991472 0
    outer loop
      vertex 35.109 46.0833 0
      vertex 35.2041 46.0958 4
      vertex 35.109 46.0833 4
    endloop
  endfacet
  facet normal 0.13032 -0.991472 0
    outer loop
      vertex 35.2041 46.0958 4
      vertex 35.109 46.0833 0
      vertex 35.2041 46.0958 0
    endloop
  endfacet
  facet normal 0.0437537 -0.999042 0
    outer loop
      vertex 35.2041 46.0958 0
      vertex 35.3 46.1 4
      vertex 35.2041 46.0958 4
    endloop
  endfacet
  facet normal 0.0437537 -0.999042 0
    outer loop
      vertex 35.3 46.1 4
      vertex 35.2041 46.0958 0
      vertex 35.3 46.1 0
    endloop
  endfacet
  facet normal -0.887012 -0.461747 0
    outer loop
      vertex 38.6969 45.4649 0
      vertex 38.6526 45.55 4
      vertex 38.6526 45.55 0
    endloop
  endfacet
  facet normal -0.887012 -0.461747 0
    outer loop
      vertex 38.6526 45.55 4
      vertex 38.6969 45.4649 0
      vertex 38.6969 45.4649 4
    endloop
  endfacet
  facet normal -0.923661 -0.38321 0
    outer loop
      vertex 38.7337 45.3762 0
      vertex 38.6969 45.4649 4
      vertex 38.6969 45.4649 0
    endloop
  endfacet
  facet normal -0.923661 -0.38321 0
    outer loop
      vertex 38.6969 45.4649 4
      vertex 38.7337 45.3762 0
      vertex 38.7337 45.3762 4
    endloop
  endfacet
  facet normal -0.953866 -0.300233 0
    outer loop
      vertex 38.7625 45.2847 0
      vertex 38.7337 45.3762 4
      vertex 38.7337 45.3762 0
    endloop
  endfacet
  facet normal -0.953866 -0.300233 0
    outer loop
      vertex 38.7337 45.3762 4
      vertex 38.7625 45.2847 0
      vertex 38.7625 45.2847 4
    endloop
  endfacet
  facet normal -0.38321 0.923661 0
    outer loop
      vertex 38.1649 44.0031 0
      vertex 38.0762 43.9663 4
      vertex 38.1649 44.0031 4
    endloop
  endfacet
  facet normal -0.38321 0.923661 0
    outer loop
      vertex 38.0762 43.9663 4
      vertex 38.1649 44.0031 0
      vertex 38.0762 43.9663 0
    endloop
  endfacet
  facet normal -0.887012 0.461747 0
    outer loop
      vertex 38.6526 44.45 0
      vertex 38.6969 44.5351 4
      vertex 38.6969 44.5351 0
    endloop
  endfacet
  facet normal -0.887012 0.461747 0
    outer loop
      vertex 38.6969 44.5351 4
      vertex 38.6526 44.45 0
      vertex 38.6526 44.45 4
    endloop
  endfacet
  facet normal 0.999042 0.0437537 0
    outer loop
      vertex 34.2042 44.9041 4
      vertex 34.2 45 0
      vertex 34.2 45 4
    endloop
  endfacet
  facet normal 0.999042 0.0437537 0
    outer loop
      vertex 34.2 45 0
      vertex 34.2042 44.9041 4
      vertex 34.2042 44.9041 0
    endloop
  endfacet
  facet normal 0.6083 0.793707 -0
    outer loop
      vertex 34.6691 44.0989 0
      vertex 34.5929 44.1573 4
      vertex 34.6691 44.0989 4
    endloop
  endfacet
  facet normal 0.6083 0.793707 0
    outer loop
      vertex 34.5929 44.1573 4
      vertex 34.6691 44.0989 0
      vertex 34.5929 44.1573 0
    endloop
  endfacet
  facet normal 0.887012 0.461747 0
    outer loop
      vertex 34.3474 44.45 4
      vertex 34.3031 44.5351 0
      vertex 34.3031 44.5351 4
    endloop
  endfacet
  facet normal 0.887012 0.461747 0
    outer loop
      vertex 34.3031 44.5351 0
      vertex 34.3474 44.45 4
      vertex 34.3474 44.45 0
    endloop
  endfacet
  facet normal 0.923661 0.38321 0
    outer loop
      vertex 34.3031 44.5351 4
      vertex 34.2663 44.6238 0
      vertex 34.2663 44.6238 4
    endloop
  endfacet
  facet normal 0.923661 0.38321 0
    outer loop
      vertex 34.2663 44.6238 0
      vertex 34.3031 44.5351 4
      vertex 34.3031 44.5351 0
    endloop
  endfacet
  facet normal 0.991472 0.13032 0
    outer loop
      vertex 34.2167 44.809 4
      vertex 34.2042 44.9041 0
      vertex 34.2042 44.9041 4
    endloop
  endfacet
  facet normal 0.991472 0.13032 0
    outer loop
      vertex 34.2042 44.9041 0
      vertex 34.2167 44.809 4
      vertex 34.2167 44.809 0
    endloop
  endfacet
  facet normal 0.843576 0.53701 0
    outer loop
      vertex 34.3989 44.3691 4
      vertex 34.3474 44.45 0
      vertex 34.3474 44.45 4
    endloop
  endfacet
  facet normal 0.843576 0.53701 0
    outer loop
      vertex 34.3474 44.45 0
      vertex 34.3989 44.3691 4
      vertex 34.3989 44.3691 0
    endloop
  endfacet
  facet normal 0.38321 0.923661 -0
    outer loop
      vertex 34.9238 43.9663 0
      vertex 34.8351 44.0031 4
      vertex 34.9238 43.9663 4
    endloop
  endfacet
  facet normal 0.38321 0.923661 0
    outer loop
      vertex 34.8351 44.0031 4
      vertex 34.9238 43.9663 0
      vertex 34.8351 44.0031 0
    endloop
  endfacet
  facet normal 0.461747 0.887012 -0
    outer loop
      vertex 34.8351 44.0031 0
      vertex 34.75 44.0474 4
      vertex 34.8351 44.0031 4
    endloop
  endfacet
  facet normal 0.461747 0.887012 0
    outer loop
      vertex 34.75 44.0474 4
      vertex 34.8351 44.0031 0
      vertex 34.75 44.0474 0
    endloop
  endfacet
  facet normal 0.53701 0.843576 -0
    outer loop
      vertex 34.75 44.0474 0
      vertex 34.6691 44.0989 4
      vertex 34.75 44.0474 4
    endloop
  endfacet
  facet normal 0.53701 0.843576 0
    outer loop
      vertex 34.6691 44.0989 4
      vertex 34.75 44.0474 0
      vertex 34.6691 44.0989 0
    endloop
  endfacet
  facet normal 0.953866 0.300233 0
    outer loop
      vertex 34.2663 44.6238 4
      vertex 34.2375 44.7153 0
      vertex 34.2375 44.7153 4
    endloop
  endfacet
  facet normal 0.953866 0.300233 0
    outer loop
      vertex 34.2375 44.7153 0
      vertex 34.2663 44.6238 4
      vertex 34.2663 44.6238 0
    endloop
  endfacet
  facet normal 0.976236 0.21671 0
    outer loop
      vertex 34.2375 44.7153 4
      vertex 34.2167 44.809 0
      vertex 34.2167 44.809 4
    endloop
  endfacet
  facet normal 0.976236 0.21671 0
    outer loop
      vertex 34.2167 44.809 0
      vertex 34.2375 44.7153 4
      vertex 34.2375 44.7153 0
    endloop
  endfacet
  facet normal -0.953866 0.300233 0
    outer loop
      vertex 66.4337 44.6238 0
      vertex 66.4625 44.7153 4
      vertex 66.4625 44.7153 0
    endloop
  endfacet
  facet normal -0.953866 0.300233 0
    outer loop
      vertex 66.4625 44.7153 4
      vertex 66.4337 44.6238 0
      vertex 66.4337 44.6238 4
    endloop
  endfacet
  facet normal -0.999042 0.0437537 0
    outer loop
      vertex 66.4958 44.9041 0
      vertex 66.5 45 4
      vertex 66.5 45 0
    endloop
  endfacet
  facet normal -0.999042 0.0437537 0
    outer loop
      vertex 66.5 45 4
      vertex 66.4958 44.9041 0
      vertex 66.4958 44.9041 4
    endloop
  endfacet
  facet normal -0.0437537 0.999042 0
    outer loop
      vertex 65.4959 43.9042 0
      vertex 65.4 43.9 4
      vertex 65.4959 43.9042 4
    endloop
  endfacet
  facet normal -0.0437537 0.999042 0
    outer loop
      vertex 65.4 43.9 4
      vertex 65.4959 43.9042 0
      vertex 65.4 43.9 0
    endloop
  endfacet
  facet normal 0 -1 0
    outer loop
      vertex 63 46.1 0
      vertex 65.4 46.1 4
      vertex 63 46.1 4
    endloop
  endfacet
  facet normal 0 -1 -0
    outer loop
      vertex 65.4 46.1 4
      vertex 63 46.1 0
      vertex 65.4 46.1 0
    endloop
  endfacet
  facet normal 0.0437537 0.999042 -0
    outer loop
      vertex 63 43.9 0
      vertex 62.9041 43.9042 4
      vertex 63 43.9 4
    endloop
  endfacet
  facet normal 0.0437537 0.999042 0
    outer loop
      vertex 62.9041 43.9042 4
      vertex 63 43.9 0
      vertex 62.9041 43.9042 0
    endloop
  endfacet
  facet normal 0.13032 0.991472 -0
    outer loop
      vertex 62.9041 43.9042 0
      vertex 62.809 43.9167 4
      vertex 62.9041 43.9042 4
    endloop
  endfacet
  facet normal 0.13032 0.991472 0
    outer loop
      vertex 62.809 43.9167 4
      vertex 62.9041 43.9042 0
      vertex 62.809 43.9167 0
    endloop
  endfacet
  facet normal -0.887012 0.461747 0
    outer loop
      vertex 66.3526 44.45 0
      vertex 66.3969 44.5351 4
      vertex 66.3969 44.5351 0
    endloop
  endfacet
  facet normal -0.887012 0.461747 0
    outer loop
      vertex 66.3969 44.5351 4
      vertex 66.3526 44.45 0
      vertex 66.3526 44.45 4
    endloop
  endfacet
  facet normal 0.0437537 -0.999042 0
    outer loop
      vertex 62.9041 46.0958 0
      vertex 63 46.1 4
      vertex 62.9041 46.0958 4
    endloop
  endfacet
  facet normal 0.0437537 -0.999042 0
    outer loop
      vertex 63 46.1 4
      vertex 62.9041 46.0958 0
      vertex 63 46.1 0
    endloop
  endfacet
  facet normal -0.991472 -0.13032 0
    outer loop
      vertex 66.4958 45.0959 0
      vertex 66.4833 45.191 4
      vertex 66.4833 45.191 0
    endloop
  endfacet
  facet normal -0.991472 -0.13032 0
    outer loop
      vertex 66.4833 45.191 4
      vertex 66.4958 45.0959 0
      vertex 66.4958 45.0959 4
    endloop
  endfacet
  facet normal -0.300233 -0.953866 0
    outer loop
      vertex 65.6847 46.0625 0
      vertex 65.7762 46.0337 4
      vertex 65.6847 46.0625 4
    endloop
  endfacet
  facet normal -0.300233 -0.953866 -0
    outer loop
      vertex 65.7762 46.0337 4
      vertex 65.6847 46.0625 0
      vertex 65.7762 46.0337 0
    endloop
  endfacet
  facet normal 0.38321 0.923661 -0
    outer loop
      vertex 62.6238 43.9663 0
      vertex 62.5351 44.0031 4
      vertex 62.6238 43.9663 4
    endloop
  endfacet
  facet normal 0.38321 0.923661 0
    outer loop
      vertex 62.5351 44.0031 4
      vertex 62.6238 43.9663 0
      vertex 62.5351 44.0031 0
    endloop
  endfacet
  facet normal -0.53701 -0.843576 0
    outer loop
      vertex 65.95 45.9526 0
      vertex 66.0309 45.9011 4
      vertex 65.95 45.9526 4
    endloop
  endfacet
  facet normal -0.53701 -0.843576 -0
    outer loop
      vertex 66.0309 45.9011 4
      vertex 65.95 45.9526 0
      vertex 66.0309 45.9011 0
    endloop
  endfacet
  facet normal -0.843576 0.53701 0
    outer loop
      vertex 66.3011 44.3691 0
      vertex 66.3526 44.45 4
      vertex 66.3526 44.45 0
    endloop
  endfacet
  facet normal -0.843576 0.53701 0
    outer loop
      vertex 66.3526 44.45 4
      vertex 66.3011 44.3691 0
      vertex 66.3011 44.3691 4
    endloop
  endfacet
  facet normal 0 1 -0
    outer loop
      vertex 65.4 43.9 0
      vertex 63 43.9 4
      vertex 65.4 43.9 4
    endloop
  endfacet
  facet normal 0 1 0
    outer loop
      vertex 63 43.9 4
      vertex 65.4 43.9 0
      vertex 63 43.9 0
    endloop
  endfacet
  facet normal -0.976236 0.21671 0
    outer loop
      vertex 66.4625 44.7153 0
      vertex 66.4833 44.809 4
      vertex 66.4833 44.809 0
    endloop
  endfacet
  facet normal -0.976236 0.21671 0
    outer loop
      vertex 66.4833 44.809 4
      vertex 66.4625 44.7153 0
      vertex 66.4625 44.7153 4
    endloop
  endfacet
  facet normal 0.38321 -0.923661 0
    outer loop
      vertex 62.5351 45.9969 0
      vertex 62.6238 46.0337 4
      vertex 62.5351 45.9969 4
    endloop
  endfacet
  facet normal 0.38321 -0.923661 0
    outer loop
      vertex 62.6238 46.0337 4
      vertex 62.5351 45.9969 0
      vertex 62.6238 46.0337 0
    endloop
  endfacet
  facet normal 0.536657 -0.8438 0
    outer loop
      vertex 62.4 45.9208 0
      vertex 62.45 45.9526 4
      vertex 62.4 45.9208 4
    endloop
  endfacet
  facet normal 0.536657 -0.8438 0
    outer loop
      vertex 62.45 45.9526 4
      vertex 62.4 45.9208 0
      vertex 62.45 45.9526 0
    endloop
  endfacet
  facet normal 0.461747 -0.887012 0
    outer loop
      vertex 62.45 45.9526 0
      vertex 62.5351 45.9969 4
      vertex 62.45 45.9526 4
    endloop
  endfacet
  facet normal 0.461747 -0.887012 0
    outer loop
      vertex 62.5351 45.9969 4
      vertex 62.45 45.9526 0
      vertex 62.5351 45.9969 0
    endloop
  endfacet
  facet normal 0.13032 -0.991472 0
    outer loop
      vertex 62.809 46.0833 0
      vertex 62.9041 46.0958 4
      vertex 62.809 46.0833 4
    endloop
  endfacet
  facet normal 0.13032 -0.991472 0
    outer loop
      vertex 62.9041 46.0958 4
      vertex 62.809 46.0833 0
      vertex 62.9041 46.0958 0
    endloop
  endfacet
  facet normal -0.13032 -0.991472 0
    outer loop
      vertex 65.4959 46.0958 0
      vertex 65.591 46.0833 4
      vertex 65.4959 46.0958 4
    endloop
  endfacet
  facet normal -0.13032 -0.991472 -0
    outer loop
      vertex 65.591 46.0833 4
      vertex 65.4959 46.0958 0
      vertex 65.591 46.0833 0
    endloop
  endfacet
  facet normal -0.0437537 -0.999042 0
    outer loop
      vertex 65.4 46.1 0
      vertex 65.4959 46.0958 4
      vertex 65.4 46.1 4
    endloop
  endfacet
  facet normal -0.0437537 -0.999042 -0
    outer loop
      vertex 65.4959 46.0958 4
      vertex 65.4 46.1 0
      vertex 65.4959 46.0958 0
    endloop
  endfacet
  facet normal -0.21671 -0.976236 0
    outer loop
      vertex 65.591 46.0833 0
      vertex 65.6847 46.0625 4
      vertex 65.591 46.0833 4
    endloop
  endfacet
  facet normal -0.21671 -0.976236 -0
    outer loop
      vertex 65.6847 46.0625 4
      vertex 65.591 46.0833 0
      vertex 65.6847 46.0625 0
    endloop
  endfacet
  facet normal -0.737197 -0.675677 0
    outer loop
      vertex 66.2426 45.7071 0
      vertex 66.1778 45.7778 4
      vertex 66.1778 45.7778 0
    endloop
  endfacet
  facet normal -0.737197 -0.675677 0
    outer loop
      vertex 66.1778 45.7778 4
      vertex 66.2426 45.7071 0
      vertex 66.2426 45.7071 4
    endloop
  endfacet
  facet normal -0.923661 0.38321 0
    outer loop
      vertex 66.3969 44.5351 0
      vertex 66.4337 44.6238 4
      vertex 66.4337 44.6238 0
    endloop
  endfacet
  facet normal -0.923661 0.38321 0
    outer loop
      vertex 66.4337 44.6238 4
      vertex 66.3969 44.5351 0
      vertex 66.3969 44.5351 4
    endloop
  endfacet
  facet normal -0.21671 0.976236 0
    outer loop
      vertex 65.6847 43.9375 0
      vertex 65.591 43.9167 4
      vertex 65.6847 43.9375 4
    endloop
  endfacet
  facet normal -0.21671 0.976236 0
    outer loop
      vertex 65.591 43.9167 4
      vertex 65.6847 43.9375 0
      vertex 65.591 43.9167 0
    endloop
  endfacet
  facet normal -0.300233 0.953866 0
    outer loop
      vertex 65.7762 43.9663 0
      vertex 65.6847 43.9375 4
      vertex 65.7762 43.9663 4
    endloop
  endfacet
  facet normal -0.300233 0.953866 0
    outer loop
      vertex 65.6847 43.9375 4
      vertex 65.7762 43.9663 0
      vertex 65.6847 43.9375 0
    endloop
  endfacet
  facet normal -0.991472 0.13032 0
    outer loop
      vertex 66.4833 44.809 0
      vertex 66.4958 44.9041 4
      vertex 66.4958 44.9041 0
    endloop
  endfacet
  facet normal -0.991472 0.13032 0
    outer loop
      vertex 66.4958 44.9041 4
      vertex 66.4833 44.809 0
      vertex 66.4833 44.809 4
    endloop
  endfacet
  facet normal -0.999042 -0.0437537 0
    outer loop
      vertex 66.5 45 0
      vertex 66.4958 45.0959 4
      vertex 66.4958 45.0959 0
    endloop
  endfacet
  facet normal -0.999042 -0.0437537 0
    outer loop
      vertex 66.4958 45.0959 4
      vertex 66.5 45 0
      vertex 66.5 45 4
    endloop
  endfacet
  facet normal 0.300233 -0.953866 0
    outer loop
      vertex 62.6238 46.0337 0
      vertex 62.7153 46.0625 4
      vertex 62.6238 46.0337 4
    endloop
  endfacet
  facet normal 0.300233 -0.953866 0
    outer loop
      vertex 62.7153 46.0625 4
      vertex 62.6238 46.0337 0
      vertex 62.7153 46.0625 0
    endloop
  endfacet
  facet normal 0.21671 -0.976236 0
    outer loop
      vertex 62.7153 46.0625 0
      vertex 62.809 46.0833 4
      vertex 62.7153 46.0625 4
    endloop
  endfacet
  facet normal 0.21671 -0.976236 0
    outer loop
      vertex 62.809 46.0833 4
      vertex 62.7153 46.0625 0
      vertex 62.809 46.0833 0
    endloop
  endfacet
  facet normal -0.953866 -0.300233 0
    outer loop
      vertex 66.4625 45.2847 0
      vertex 66.4337 45.3762 4
      vertex 66.4337 45.3762 0
    endloop
  endfacet
  facet normal -0.953866 -0.300233 0
    outer loop
      vertex 66.4337 45.3762 4
      vertex 66.4625 45.2847 0
      vertex 66.4625 45.2847 4
    endloop
  endfacet
  facet normal -0.976236 -0.21671 0
    outer loop
      vertex 66.4833 45.191 0
      vertex 66.4625 45.2847 4
      vertex 66.4625 45.2847 0
    endloop
  endfacet
  facet normal -0.976236 -0.21671 0
    outer loop
      vertex 66.4625 45.2847 4
      vertex 66.4833 45.191 0
      vertex 66.4833 45.191 4
    endloop
  endfacet
  facet normal -0.887012 -0.461747 0
    outer loop
      vertex 66.3969 45.4649 0
      vertex 66.3526 45.55 4
      vertex 66.3526 45.55 0
    endloop
  endfacet
  facet normal -0.887012 -0.461747 0
    outer loop
      vertex 66.3526 45.55 4
      vertex 66.3969 45.4649 0
      vertex 66.3969 45.4649 4
    endloop
  endfacet
  facet normal -0.923661 -0.38321 0
    outer loop
      vertex 66.4337 45.3762 0
      vertex 66.3969 45.4649 4
      vertex 66.3969 45.4649 0
    endloop
  endfacet
  facet normal -0.923661 -0.38321 0
    outer loop
      vertex 66.3969 45.4649 4
      vertex 66.4337 45.3762 0
      vertex 66.4337 45.3762 4
    endloop
  endfacet
  facet normal -0.843576 -0.53701 0
    outer loop
      vertex 66.3526 45.55 0
      vertex 66.3011 45.6309 4
      vertex 66.3011 45.6309 0
    endloop
  endfacet
  facet normal -0.843576 -0.53701 0
    outer loop
      vertex 66.3011 45.6309 4
      vertex 66.3526 45.55 0
      vertex 66.3526 45.55 4
    endloop
  endfacet
  facet normal -0.793204 -0.608956 0
    outer loop
      vertex 66.3011 45.6309 0
      vertex 66.2426 45.7071 4
      vertex 66.2426 45.7071 0
    endloop
  endfacet
  facet normal -0.793204 -0.608956 0
    outer loop
      vertex 66.2426 45.7071 4
      vertex 66.3011 45.6309 0
      vertex 66.3011 45.6309 4
    endloop
  endfacet
  facet normal -0.675677 -0.737197 0
    outer loop
      vertex 66.1071 45.8426 0
      vertex 66.1778 45.7778 4
      vertex 66.1071 45.8426 4
    endloop
  endfacet
  facet normal -0.675677 -0.737197 -0
    outer loop
      vertex 66.1778 45.7778 4
      vertex 66.1071 45.8426 0
      vertex 66.1778 45.7778 0
    endloop
  endfacet
  facet normal -0.608956 -0.793204 0
    outer loop
      vertex 66.0309 45.9011 0
      vertex 66.1071 45.8426 4
      vertex 66.0309 45.9011 4
    endloop
  endfacet
  facet normal -0.608956 -0.793204 -0
    outer loop
      vertex 66.1071 45.8426 4
      vertex 66.0309 45.9011 0
      vertex 66.1071 45.8426 0
    endloop
  endfacet
  facet normal -0.737197 0.675677 0
    outer loop
      vertex 66.1778 44.2222 0
      vertex 66.2426 44.2929 4
      vertex 66.2426 44.2929 0
    endloop
  endfacet
  facet normal -0.737197 0.675677 0
    outer loop
      vertex 66.2426 44.2929 4
      vertex 66.1778 44.2222 0
      vertex 66.1778 44.2222 4
    endloop
  endfacet
  facet normal -0.13032 0.991472 0
    outer loop
      vertex 65.591 43.9167 0
      vertex 65.4959 43.9042 4
      vertex 65.591 43.9167 4
    endloop
  endfacet
  facet normal -0.13032 0.991472 0
    outer loop
      vertex 65.4959 43.9042 4
      vertex 65.591 43.9167 0
      vertex 65.4959 43.9042 0
    endloop
  endfacet
  facet normal -0.38321 0.923661 0
    outer loop
      vertex 65.8649 44.0031 0
      vertex 65.7762 43.9663 4
      vertex 65.8649 44.0031 4
    endloop
  endfacet
  facet normal -0.38321 0.923661 0
    outer loop
      vertex 65.7762 43.9663 4
      vertex 65.8649 44.0031 0
      vertex 65.7762 43.9663 0
    endloop
  endfacet
  facet normal 0.21671 0.976236 -0
    outer loop
      vertex 62.809 43.9167 0
      vertex 62.7153 43.9375 4
      vertex 62.809 43.9167 4
    endloop
  endfacet
  facet normal 0.21671 0.976236 0
    outer loop
      vertex 62.7153 43.9375 4
      vertex 62.809 43.9167 0
      vertex 62.7153 43.9375 0
    endloop
  endfacet
  facet normal 0.300233 0.953866 -0
    outer loop
      vertex 62.7153 43.9375 0
      vertex 62.6238 43.9663 4
      vertex 62.7153 43.9375 4
    endloop
  endfacet
  facet normal 0.300233 0.953866 0
    outer loop
      vertex 62.6238 43.9663 4
      vertex 62.7153 43.9375 0
      vertex 62.6238 43.9663 0
    endloop
  endfacet
  facet normal -0.461747 -0.887012 0
    outer loop
      vertex 65.8649 45.9969 0
      vertex 65.95 45.9526 4
      vertex 65.8649 45.9969 4
    endloop
  endfacet
  facet normal -0.461747 -0.887012 -0
    outer loop
      vertex 65.95 45.9526 4
      vertex 65.8649 45.9969 0
      vertex 65.95 45.9526 0
    endloop
  endfacet
  facet normal -0.38321 -0.923661 0
    outer loop
      vertex 65.7762 46.0337 0
      vertex 65.8649 45.9969 4
      vertex 65.7762 46.0337 4
    endloop
  endfacet
  facet normal -0.38321 -0.923661 -0
    outer loop
      vertex 65.8649 45.9969 4
      vertex 65.7762 46.0337 0
      vertex 65.8649 45.9969 0
    endloop
  endfacet
  facet normal -0.793204 0.608956 0
    outer loop
      vertex 66.2426 44.2929 0
      vertex 66.3011 44.3691 4
      vertex 66.3011 44.3691 0
    endloop
  endfacet
  facet normal -0.793204 0.608956 0
    outer loop
      vertex 66.3011 44.3691 4
      vertex 66.2426 44.2929 0
      vertex 66.2426 44.2929 4
    endloop
  endfacet
  facet normal -0.676243 0.736678 0
    outer loop
      vertex 66.1778 44.2222 0
      vertex 66.1071 44.1573 4
      vertex 66.1778 44.2222 4
    endloop
  endfacet
  facet normal -0.676243 0.736678 0
    outer loop
      vertex 66.1071 44.1573 4
      vertex 66.1778 44.2222 0
      vertex 66.1071 44.1573 0
    endloop
  endfacet
  facet normal -0.6083 0.793707 0
    outer loop
      vertex 66.1071 44.1573 0
      vertex 66.0309 44.0989 4
      vertex 66.1071 44.1573 4
    endloop
  endfacet
  facet normal -0.6083 0.793707 0
    outer loop
      vertex 66.0309 44.0989 4
      vertex 66.1071 44.1573 0
      vertex 66.0309 44.0989 0
    endloop
  endfacet
  facet normal -0.53701 0.843576 0
    outer loop
      vertex 66.0309 44.0989 0
      vertex 65.95 44.0474 4
      vertex 66.0309 44.0989 4
    endloop
  endfacet
  facet normal -0.53701 0.843576 0
    outer loop
      vertex 65.95 44.0474 4
      vertex 66.0309 44.0989 0
      vertex 65.95 44.0474 0
    endloop
  endfacet
  facet normal -0.461747 0.887012 0
    outer loop
      vertex 65.95 44.0474 0
      vertex 65.8649 44.0031 4
      vertex 65.95 44.0474 4
    endloop
  endfacet
  facet normal -0.461747 0.887012 0
    outer loop
      vertex 65.8649 44.0031 4
      vertex 65.95 44.0474 0
      vertex 65.8649 44.0031 0
    endloop
  endfacet
  facet normal 0.536657 0.8438 -0
    outer loop
      vertex 62.45 44.0474 0
      vertex 62.4 44.0792 4
      vertex 62.45 44.0474 4
    endloop
  endfacet
  facet normal 0.536657 0.8438 0
    outer loop
      vertex 62.4 44.0792 4
      vertex 62.45 44.0474 0
      vertex 62.4 44.0792 0
    endloop
  endfacet
  facet normal 0.461747 0.887012 -0
    outer loop
      vertex 62.5351 44.0031 0
      vertex 62.45 44.0474 4
      vertex 62.5351 44.0031 4
    endloop
  endfacet
  facet normal 0.461747 0.887012 0
    outer loop
      vertex 62.45 44.0474 4
      vertex 62.5351 44.0031 0
      vertex 62.45 44.0474 0
    endloop
  endfacet
endsolid OpenSCAD_Model
